TIMESTAMP_UTC;AOT;TCWV;B02;B03;B04;B05;B06;B07;B08;B8A;B11;B12
2015-10-04T00:00:00.000Z;;;;;;;;;;;;
2015-11-13T00:00:00.000Z;0.1108048780487805;1.0273170731707317;0.0714;0.09459268292682926;0.10327560975609756;0.13886829268292683;0.18873658536585367;0.20432682926829268;0.21125365853658537;0.22227804878048785;0.23653414634146344;0.16957560975609756
2015-11-16T00:00:00.000Z;0.07790243902439024;0.7641219512195122;0.04240731707317073;0.06627073170731708;0.07693170731707318;0.10706341463414636;0.15355121951219514;0.16659756097560977;0.17857073170731708;0.18300975609756098;0.20654634146341463;0.14493170731707317
2015-11-26T00:00:00.000Z;0.06665853658536586;0.6881219512195123;0.04178292682926829;0.06608536585365854;0.07675609756097561;0.10679512195121953;0.15326829268292685;0.16590975609756098;0.17899024390243903;0.18252926829268287;0.20399024390243906;0.14359024390243905
2015-12-03T00:00:00.000Z;0.08890243902439025;1.155780487804878;0.04692439024390244;0.07395365853658536;0.08558536585365854;0.12111951219512196;0.1698048780487805;0.18337317073170728;0.19099512195121954;0.2009829268292683;0.22568292682926833;0.16267317073170734
2015-12-06T00:00:00.000Z;;;;;;;;;;;;
2015-12-16T00:00:00.000Z;;;;;;;;;;;;
2015-12-23T00:00:00.000Z;;;;;;;;;;;;
2015-12-26T00:00:00.000Z;;;;;;;;;;;;
2016-01-02T00:00:00.000Z;;;;;;;;;;;;
2016-01-05T00:00:00.000Z;;;;;;;;;;;;
2016-01-12T00:00:00.000Z;0.07200000000000001;0.9958780487804878;0.04823170731707317;0.07408780487804878;0.08731463414634147;0.12041707317073172;0.16638048780487805;0.17894634146341465;0.1883487804878049;0.19835365853658538;0.2250170731707317;0.16407804878048782
2016-01-22T00:00:00.000Z;;;;;;;;;;;;
2016-01-25T00:00:00.000Z;0.07790243902439024;0.9346341463414635;0.1106658536585366;0.1308878048780488;0.1439170731707317;0.17885853658536585;0.21971219512195123;0.23539024390243904;0.2423609756097561;0.25555853658536587;0.28409268292682927;0.22089512195121952
2016-02-01T00:00:00.000Z;0.07790243902439024;0.7854390243902439;0.050951219512195126;0.07700487804878049;0.0917;0.12437073170731708;0.1665048780487805;0.18102439024390246;0.1918609756097561;0.2004609756097561;0.2351;0.17151707317073173
2016-02-04T00:00:00.000Z;0.07790243902439024;0.5621951219512196;0.04468536585365854;0.06998536585365854;0.08225365853658537;0.1105658536585366;0.1506146341463415;0.1638878048780488;0.17759024390243905;0.18113170731707323;0.20958048780487806;0.14805121951219513
2016-02-11T00:00:00.000Z;;;;;;;;;;;;
2016-02-14T00:00:00.000Z;;;;;;;;;;;;
2016-02-21T00:00:00.000Z;;;;;;;;;;;;
2016-03-02T00:00:00.000Z;;;;;;;;;;;;
2016-03-05T00:00:00.000Z;0.083;0.425;0.05268536585365854;0.08048536585365854;0.09866829268292683;0.12689756097560975;0.16310243902439026;0.17657317073170734;0.19319512195121952;0.19378536585365855;0.23477804878048783;0.17082926829268294
2016-03-12T00:00:00.000Z;0.105;0.44609756097560976;0.06567560975609757;0.09659268292682927;0.1173;0.14886341463414635;0.18779024390243904;0.20239024390243904;0.21857073170731706;0.2227878048780488;0.2742121951219512;0.2067439024390244
2016-03-15T00:00:00.000Z;;;;;;;;;;;;
2016-03-22T00:00:00.000Z;;;;;;;;;;;;
2016-03-25T00:00:00.000Z;0.083;0.6135853658536586;0.06570000000000001;0.09307560975609756;0.10905365853658537;0.13935853658536584;0.17531951219512196;0.18826341463414636;0.2013756097560976;0.2046731707317073;0.24530000000000002;0.17942926829268294
2016-04-01T00:00:00.000Z;0.116;0.587780487804878;0.07295365853658536;0.10853658536585366;0.12867560975609757;0.1654219512195122;0.20631219512195123;0.22184146341463412;0.23484146341463413;0.2406073170731708;0.29380243902439024;0.2227414634146341
2016-04-04T00:00:00.000Z;;;;;;;;;;;;
2016-04-11T00:00:00.000Z;;;;;;;;;;;;
2016-04-14T00:00:00.000Z;0.083;0.7630243902439025;0.06407317073170732;0.09557560975609757;0.11307804878048781;0.1453121951219512;0.18605365853658537;0.20103170731707323;0.21271219512195122;0.21889512195121952;0.2645878048780488;0.19490243902439025
2016-04-21T00:00:00.000Z;0.116;0.8834634146341463;0.07885365853658537;0.11561219512195121;0.13675121951219513;0.1757048780487805;0.2229731707317073;0.23853902439024394;0.25084146341463415;0.2612756097560976;0.31784634146341467;0.24108780487804882
2016-04-24T00:00:00.000Z;0.094;0.6067317073170732;0.06530731707317074;0.09778780487804878;0.11606829268292684;0.14917317073170733;0.19316829268292685;0.20807804878048783;0.22432195121951218;0.22840243902439025;0.2724121951219512;0.19849268292682928
2016-05-01T00:00:00.000Z;0.105;0.4855121951219512;0.0786219512195122;0.11549512195121953;0.13512926829268293;0.17221707317073173;0.22074634146341465;0.23756341463414637;0.2537756097560976;0.2570170731707317;0.30943414634146343;0.2345219512195122
2016-05-04T00:00:00.000Z;0.08890243902439025;0.5350487804878048;0.07236585365853658;0.10469512195121952;0.12214634146341465;0.1577146341463415;0.20525121951219513;0.22190000000000001;0.2380487804878049;0.24077804878048784;0.2833439024390244;0.2111439024390244
2016-05-11T00:00:00.000Z;0.105;1.080439024390244;0.09790731707317074;0.13550731707317074;0.14894146341463416;0.19677560975609762;0.25969756097560975;0.28009268292682926;0.29202926829268294;0.3033292682926829;0.3392634146341464;0.24159512195121952
2016-05-14T00:00:00.000Z;;;;;;;;;;;;
2016-05-21T00:00:00.000Z;0.138;1.2740731707317072;0.08405365853658536;0.12159512195121952;0.1402390243902439;0.1824219512195122;0.23500000000000001;0.2518853658536585;0.2591292682926829;0.27149512195121955;0.32601219512195123;0.2479170731707317
2016-05-24T00:00:00.000Z;0.3128048780487805;1.3920975609756097;0.07076829268292682;0.10966097560975609;0.12810243902439025;0.16855853658536585;0.21965121951219513;0.23511707317073172;0.2407317073170732;0.2538073170731708;0.2880658536585366;0.21229512195121952
2016-06-10T00:00:00.000Z;;;;;;;;;;;;
2016-06-13T00:00:00.000Z;0.094;1.9272682926829268;0.07575121951219513;0.11059756097560976;0.13119756097560978;0.16941463414634148;0.20907073170731708;0.2237829268292683;0.22939512195121953;0.24467804878048785;0.3009048780487805;0.22095121951219512
2016-06-20T00:00:00.000Z;0.05524390243902439;1.3168780487804879;0.09502926829268293;0.13544146341463417;0.16045609756097562;0.2021926829268293;0.24403658536585368;0.2597756097560976;0.26811463414634146;0.2823756097560976;0.3504536585365854;0.26595365853658537
2016-06-23T00:00:00.000Z;0.138;1.0855365853658536;0.07612439024390244;0.11288536585365853;0.13591707317073173;0.17400731707317074;0.21118048780487808;0.22721463414634147;0.23785365853658538;0.2475317073170732;0.3035707317073171;0.22180975609756098
2016-06-30T00:00:00.000Z;0.37234146341463414;2.441341463414634;0.0952780487804878;0.13773414634146341;0.16496829268292684;0.20952682926829272;0.2474268292682927;0.26215609756097563;0.2633390243902439;0.28729024390243907;0.3534536585365854;0.2632951219512195
2016-07-03T00:00:00.000Z;0.24197560975609755;1.9788536585365852;0.07839268292682927;0.1166658536585366;0.14015121951219514;0.17950243902439025;0.2124829268292683;0.22900243902439024;0.23234634146341465;0.24771463414634146;0.30482682926829274;0.22018780487804882
2016-07-10T00:00:00.000Z;0.149;1.7507560975609757;0.09371951219512197;0.13509024390243904;0.16367317073170734;0.20885121951219512;0.24450731707317078;0.26039268292682927;0.2659439024390244;0.2827829268292683;0.35749024390243905;0.2655634146341464
2016-07-13T00:00:00.000Z;0.15516666666666665;2.24025;0.09274583333333335;0.12331666666666669;0.14583333333333334;0.18737916666666668;0.2194458333333333;0.23792916666666666;0.24250833333333333;0.25727916666666667;0.31395416666666665;0.2109583333333333
2016-07-20T00:00:00.000Z;;;;;;;;;;;;
2016-07-23T00:00:00.000Z;0.231;2.2441219512195123;0.07578048780487805;0.1124609756097561;0.13843414634146342;0.17889268292682928;0.2103439024390244;0.2256317073170732;0.2283658536585366;0.2472048780487805;0.3070170731707317;0.21788292682926833
2016-07-30T00:00:00.000Z;0.2961463414634146;1.8698536585365853;0.0866219512195122;0.1316439024390244;0.16030975609756098;0.20610975609756096;0.24107073170731708;0.25690731707317077;0.25978292682926835;0.2787609756097561;0.3432;0.2513756097560976
2016-08-02T00:00:00.000Z;0.08890243902439025;1.3039512195121952;0.07609512195121952;0.11084146341463416;0.1362268292682927;0.17533902439024393;0.20596341463414639;0.21983658536585368;0.22927804878048783;0.24132926829268292;0.2986975609756098;0.2119878048780488
2016-08-09T00:00:00.000Z;0.05524390243902439;1.2979268292682928;0.09021463414634147;0.13061951219512197;0.1588731707317073;0.20193170731707322;0.2330731707317073;0.24869268292682928;0.25626341463414637;0.2718439024390244;0.3402756097560976;0.251219512195122
2016-08-12T00:00:00.000Z;0.1108048780487805;1.7657317073170733;0.08327073170731708;0.11901463414634147;0.1426341463414634;0.18540975609756097;0.21682682926829272;0.2321609756097561;0.23847804878048784;0.2569926829268293;0.31465853658536586;0.2214731707317073
2016-08-19T00:00:00.000Z;0.083;1.8002682926829268;0.08425365853658537;0.12364146341463415;0.15010243902439024;0.19444634146341463;0.2260073170731708;0.2395756097560976;0.24386585365853658;0.2611609756097561;0.3301292682926829;0.24555121951219513
2016-08-22T00:00:00.000Z;0.094;2.206170731707317;0.07176341463414634;0.10669268292682928;0.13026097560975608;0.1706268292682927;0.19713170731707322;0.2109731707317073;0.21529756097560976;0.23265121951219514;0.2876878048780488;0.20465365853658538
2016-08-29T00:00:00.000Z;0.165;1.4708048780487806;0.0783390243902439;0.12023902439024392;0.1477926829268293;0.1911268292682927;0.22369024390243905;0.23758536585365853;0.24394878048780488;0.2588048780487805;0.32347804878048786;0.2365439024390244
2016-09-01T00:00:00.000Z;0.1;2.2653939393939395;0.07886969696969698;0.11496363636363635;0.13953333333333334;0.1837090909090909;0.21503030303030307;0.23015454545454547;0.2349090909090909;0.25416969696969693;0.30974545454545455;0.21977272727272726
2016-09-08T00:00:00.000Z;0.06717073170731708;1.4259268292682927;0.07931707317073171;0.11886829268292684;0.14594390243902441;0.1891292682926829;0.2175926829268293;0.2327170731707317;0.23920243902439026;0.2557487804878049;0.315909756097561;0.2313170731707317
2016-09-11T00:00:00.000Z;0.149;2.118439024390244;0.06801219512195122;0.10335853658536585;0.12604146341463415;0.1666170731707317;0.1942048780487805;0.2071878048780488;0.2097853658536585;0.2273853658536585;0.2780487804878049;0.19629268292682928
2016-09-18T00:00:00.000Z;0.0998048780487805;1.397829268292683;0.0741439024390244;0.11467317073170732;0.14071707317073173;0.18104634146341464;0.21110243902439024;0.22490000000000002;0.23196829268292682;0.24604146341463412;0.3060756097560976;0.2265317073170732
2016-09-21T00:00:00.000Z;0.1108048780487805;1.4214878048780488;0.06605121951219513;0.09987317073170732;0.12259024390243904;0.16123902439024393;0.1871780487804878;0.1999780487804878;0.20835121951219512;0.22043658536585367;0.2700609756097561;0.1906219512195122
2016-09-28T00:00:00.000Z;;;;;;;;;;;;
2016-10-01T00:00:00.000Z;0.12165853658536584;1.3645121951219512;0.06150975609756098;0.0947170731707317;0.11721219512195122;0.1558487804878049;0.18211707317073167;0.19399024390243905;0.2030829268292683;0.21366829268292684;0.2625878048780488;0.18399024390243904
2016-10-08T00:00:00.000Z;;;;;;;;;;;;
2016-10-11T00:00:00.000Z;0.1108048780487805;0.791609756097561;0.05809512195121952;0.09224634146341464;0.11585365853658537;0.15056829268292685;0.1782926829268293;0.1891829268292683;0.20306341463414637;0.20947560975609758;0.25535121951219514;0.1798658536585366
2016-10-18T00:00:00.000Z;;;;;;;;;;;;
2016-10-21T00:00:00.000Z;;;;;;;;;;;;
2016-10-28T00:00:00.000Z;;;;;;;;;;;;
2016-10-31T00:00:00.000Z;0.0998048780487805;0.981829268292683;0.05205365853658536;0.07781463414634146;0.09045853658536586;0.12301463414634148;0.15879024390243904;0.17155853658536585;0.18070243902439026;0.1872609756097561;0.22149756097560977;0.1565878048780488
2016-11-07T00:00:00.000Z;0.07790243902439024;0.6548536585365854;0.06266829268292683;0.0927219512195122;0.10843170731707318;0.1446560975609756;0.1898268292682927;0.20378536585365853;0.2169219512195122;0.22257317073170732;0.2602365853658537;0.18900243902439026
2016-11-10T00:00:00.000Z;0.07790243902439024;0.681;0.04760731707317073;0.07414878048780488;0.08620243902439025;0.11621463414634148;0.1562560975609756;0.16711463414634148;0.1797560975609756;0.18353170731707322;0.21511463414634147;0.1527780487804878
2016-11-17T00:00:00.000Z;0.07200000000000001;0.9009756097560976;0.05245853658536586;0.08208048780487805;0.09629756097560976;0.13000731707317073;0.17014878048780488;0.18278536585365854;0.19294146341463414;0.2002658536585366;0.2384560975609756;0.1758121951219512
2016-11-20T00:00:00.000Z;;;;;;;;;;;;
2016-11-27T00:00:00.000Z;;;;;;;;;;;;
2016-11-30T00:00:00.000Z;;;;;;;;;;;;
2016-12-07T00:00:00.000Z;0.08890243902439025;0.9784634146341464;0.039982926829268295;0.06523414634146342;0.07489512195121951;0.10632682926829269;0.14905853658536586;0.16082439024390244;0.16935365853658538;0.17765853658536584;0.19782439024390244;0.13741219512195121
2016-12-10T00:00:00.000Z;;;;;;;;;;;;
2016-12-17T00:00:00.000Z;;;;;;;;;;;;
2016-12-20T00:00:00.000Z;0.07200000000000001;0.8408536585365854;0.03138292682926829;0.05295365853658537;0.06094146341463415;0.08961707317073171;0.13022439024390245;0.1408487804878049;0.15227317073170732;0.1574658536585366;0.16930243902439024;0.11280975609756097
2016-12-27T00:00:00.000Z;;;;;;;;;;;;
2016-12-30T00:00:00.000Z;0.07200000000000001;0.273;0.0368;0.0424;0.04188;0.056960000000000004;0.08124;0.08746000000000001;0.09476000000000001;0.09518;0.09704;0.07017999999999999
2017-01-16T00:00:00.000Z;0.06665853658536586;0.8538536585365855;0.04789512195121951;0.07442439024390245;0.08586341463414635;0.11830731707317073;0.16431707317073171;0.17744390243902441;0.1861658536585366;0.19371707317073167;0.2241292682926829;0.1643
2017-01-19T00:00:00.000Z;;;;;;;;;;;;
2017-01-26T00:00:00.000Z;;;;;;;;;;;;
2017-01-29T00:00:00.000Z;;;;;;;;;;;;
2017-02-05T00:00:00.000Z;;;;;;;;;;;;
2017-02-08T00:00:00.000Z;0.061;0.4866341463414634;0.04480487804878049;0.06868048780487805;0.08054878048780488;0.10895853658536585;0.15129024390243903;0.1647829268292683;0.1786;0.18146341463414636;0.20856341463414638;0.14849756097560976
2017-02-15T00:00:00.000Z;0.08890243902439025;0.6440487804878049;0.059687804878048784;0.07897317073170733;0.08609512195121952;0.1134439024390244;0.14930000000000002;0.16051707317073172;0.16744146341463417;0.17489512195121953;0.19200975609756096;0.1363658536585366
2017-02-18T00:00:00.000Z;;;;;;;;;;;;
2017-02-25T00:00:00.000Z;0.105;0.7362195121951219;0.05449756097560976;0.08284878048780488;0.096;0.1276487804878049;0.1734439024390244;0.1865560975609756;0.1977658536585366;0.2047292682926829;0.24040243902439026;0.17724878048780487
2017-02-28T00:00:00.000Z;0.07790243902439024;0.8449756097560976;0.04985365853658537;0.07452926829268293;0.0868170731707317;0.11520731707317074;0.15677317073170732;0.17027073170731707;0.18094146341463413;0.187419512195122;0.2187170731707317;0.15787073170731708
2017-03-07T00:00:00.000Z;;;;;;;;;;;;
2017-03-10T00:00:00.000Z;0.06665853658536586;0.5359268292682926;0.05042926829268293;0.07633414634146342;0.0898170731707317;0.11688292682926829;0.1612341463414634;0.17385609756097561;0.1880829268292683;0.1901219512195122;0.2260365853658537;0.16445365853658536
2017-03-17T00:00:00.000Z;;;;;;;;;;;;
2017-03-19T00:00:00.000Z;;;;;;;;;;;;
2017-03-20T00:00:00.000Z;0.1108048780487805;1.235951219512195;0.05720731707317074;0.08491463414634147;0.09826829268292683;0.13146829268292684;0.17947317073170732;0.1946268292682927;0.20398536585365853;0.21229024390243903;0.2466487804878049;0.17686341463414637
2017-03-25T00:00:00.000Z;0.083;0.7270243902439024;0.062180487804878046;0.08718780487804878;0.09919268292682927;0.13102439024390244;0.17716341463414637;0.19098048780487806;0.20570243902439025;0.20669024390243904;0.24161219512195123;0.18310243902439025
2017-03-27T00:00:00.000Z;;;;;;;;;;;;
2017-03-30T00:00:00.000Z;0.05;0.6091951219512196;0.06497560975609756;0.09166585365853659;0.10373658536585366;0.13597560975609757;0.18163658536585367;0.19676829268292684;0.2105121951219512;0.21522195121951218;0.24234634146341466;0.17665121951219512
2017-04-01T00:00:00.000Z;0.105;0.5525365853658536;0.07287560975609757;0.1033;0.11867073170731708;0.15338048780487806;0.20458536585365852;0.22039512195121952;0.23755853658536585;0.24027073170731705;0.2834878048780488;0.21810731707317077
2017-04-06T00:00:00.000Z;;;;;;;;;;;;
2017-04-09T00:00:00.000Z;0.06665853658536586;0.854219512195122;0.07562439024390244;0.10436097560975609;0.11731219512195121;0.1550170731707317;0.20745853658536587;0.22415121951219513;0.23988292682926832;0.245819512195122;0.2774780487804878;0.20071463414634147
2017-04-11T00:00:00.000Z;0.1325121951219512;0.8907804878048781;0.07698048780487805;0.10827073170731709;0.12407317073170733;0.16242926829268292;0.21469756097560977;0.23184878048780488;0.2443439024390244;0.2500121951219512;0.2985439024390244;0.22746341463414638
2017-04-14T00:00:00.000Z;;;;;;;;;;;;
2017-04-16T00:00:00.000Z;;;;;;;;;;;;
2017-04-19T00:00:00.000Z;;;;;;;;;;;;
2017-04-21T00:00:00.000Z;0.08890243902439025;0.4929268292682927;0.0835609756097561;0.11492195121951221;0.13183902439024392;0.1677878048780488;0.22024878048780488;0.2376170731707317;0.2568804878048781;0.25858536585365854;0.3028682926829268;0.23162195121951218
2017-04-24T00:00:00.000Z;0.25970731707317074;1.4972439024390245;0.0684439024390244;0.10082682926829269;0.11728048780487806;0.1540829268292683;0.2042439024390244;0.22195609756097562;0.23026341463414637;0.23917073170731706;0.2775878048780488;0.20816829268292683
2017-04-26T00:00:00.000Z;;;;;;;;;;;;
2017-04-29T00:00:00.000Z;;;;;;;;;;;;
2017-05-01T00:00:00.000Z;0.12165853658536584;0.936;0.07668780487804878;0.11014878048780488;0.12468292682926829;0.1625048780487805;0.21361219512195123;0.22884146341463413;0.24259024390243905;0.2482878048780488;0.29485853658536587;0.224919512195122
2017-05-04T00:00:00.000Z;0.171;1.1747560975609757;0.0742;0.10542926829268293;0.11975853658536585;0.15391707317073172;0.2037487804878049;0.22007073170731706;0.22982439024390242;0.23614634146341465;0.27501219512195124;0.2099268292682927
2017-05-06T00:00:00.000Z;0.116;0.8009756097560976;0.0782829268292683;0.1168658536585366;0.13430731707317073;0.17299756097560975;0.22430731707317078;0.24106829268292682;0.252419512195122;0.2614146341463415;0.3102731707317073;0.23580243902439024
2017-05-09T00:00:00.000Z;0.105;1.3456829268292685;0.06670975609756098;0.10036585365853659;0.1164829268292683;0.15325365853658537;0.19902439024390245;0.21474878048780488;0.2224878048780488;0.23368048780487807;0.27662682926829274;0.2057317073170732
2017-05-11T00:00:00.000Z;;;;;;;;;;;;
2017-05-14T00:00:00.000Z;0.088875;1.4259166666666667;0.06505;0.0944625;0.10772083333333334;0.142775;0.18943333333333334;0.20451666666666668;0.21105833333333332;0.222525;0.2587875;0.19220416666666668
2017-05-16T00:00:00.000Z;;;;;;;;;;;;
2017-05-19T00:00:00.000Z;0.105;1.070037037037037;0.06804074074074075;0.09956296296296296;0.11473333333333333;0.14997037037037036;0.20261851851851848;0.2165888888888889;0.22869629629629631;0.2371333333333333;0.27642962962962964;0.20082962962962964
2017-05-21T00:00:00.000Z;;;;;;;;;;;;
2017-05-24T00:00:00.000Z;0.1108048780487805;1.2157560975609756;0.07626829268292683;0.10765121951219513;0.12569024390243905;0.16101707317073172;0.2060804878048781;0.2229878048780488;0.23390731707317078;0.2413048780487805;0.29049024390243905;0.2218048780487805
2017-05-26T00:00:00.000Z;0.3070731707317073;1.4376829268292683;0.0835439024390244;0.1281658536585366;0.15042682926829268;0.19282439024390244;0.24323414634146345;0.2608731707317073;0.26836341463414637;0.28213414634146344;0.3350073170731708;0.2524682926829268
2017-05-29T00:00:00.000Z;0.094;1.4897804878048782;0.08031463414634146;0.11169512195121953;0.1301829268292683;0.16656341463414637;0.20866585365853657;0.22395121951219513;0.23122926829268292;0.24227804878048784;0.290619512195122;0.21318048780487808
2017-06-03T00:00:00.000Z;;;;;;;;;;;;
2017-06-05T00:00:00.000Z;0.05524390243902439;0.941780487804878;0.08658780487804879;0.12496829268292683;0.14624878048780487;0.1885756097560976;0.23164634146341465;0.24839512195121952;0.260319512195122;0.2701390243902439;0.3314682926829268;0.25004634146341465
2017-06-08T00:00:00.000Z;0.094;1.3721219512195122;0.07474878048780488;0.10893414634146341;0.12827317073170733;0.16506341463414637;0.20430975609756097;0.21869512195121954;0.2278634146341464;0.23873658536585368;0.292409756097561;0.2161439024390244
2017-06-10T00:00:00.000Z;0.231;1.9836341463414635;0.09674878048780489;0.13332439024390244;0.15512926829268292;0.19593414634146342;0.23826585365853659;0.2588048780487805;0.2606048780487805;0.27672439024390244;0.3360634146341464;0.25833414634146346
2017-06-13T00:00:00.000Z;0.0998048780487805;1.8591707317073167;0.08157317073170732;0.11371219512195122;0.13254634146341465;0.16752926829268294;0.20604634146341463;0.22225365853658538;0.229;0.2405390243902439;0.30082439024390245;0.23086585365853657
2017-06-15T00:00:00.000Z;0.187;1.6359512195121952;0.09419756097560976;0.13529756097560977;0.15820731707317073;0.2014439024390244;0.2397292682926829;0.2578682926829268;0.26224878048780487;0.2781365853658537;0.344919512195122;0.2634682926829268
2017-06-18T00:00:00.000Z;0.1325121951219512;1.9517317073170728;0.08109512195121953;0.11506097560975609;0.13560243902439026;0.1735829268292683;0.20845853658536587;0.22495121951219513;0.22729756097560977;0.24429756097560976;0.3020756097560976;0.22151707317073172
2017-06-20T00:00:00.000Z;0.21465853658536585;2.1496585365853655;0.09765853658536586;0.1367268292682927;0.1607878048780488;0.2040121951219512;0.24341463414634146;0.2633365853658537;0.2662536585365854;0.2834365853658537;0.3575878048780488;0.2756878048780488
2017-06-23T00:00:00.000Z;0.182;1.8957560975609762;0.08154146341463414;0.11393902439024392;0.1360048780487805;0.17265853658536584;0.2090170731707317;0.22553902439024393;0.2315073170731708;0.24486341463414638;0.3087365853658537;0.2349878048780488
2017-06-25T00:00:00.000Z;;;;;;;;;;;;
2017-06-28T00:00:00.000Z;0.08890243902439025;1.3575365853658536;0.07816341463414635;0.11323170731707317;0.13640731707317072;0.17505121951219513;0.20916829268292683;0.2245170731707317;0.2330731707317073;0.24452195121951217;0.30279512195121955;0.22281463414634145
2017-06-30T00:00:00.000Z;0.05524390243902439;0.8505121951219512;0.09910000000000001;0.13720731707317074;0.1627;0.20096341463414635;0.24202926829268293;0.2587853658536585;0.27388292682926835;0.27890000000000004;0.3515731707317073;0.2739756097560976
2017-07-03T00:00:00.000Z;0.08890243902439025;1.1916829268292684;0.08018536585365854;0.1140658536585366;0.13691951219512197;0.17315365853658538;0.20955121951219513;0.2240731707317073;0.237409756097561;0.246019512195122;0.3073365853658537;0.23275609756097562
2017-07-05T00:00:00.000Z;0.182;1.4900731707317072;0.09484634146341464;0.13552682926829268;0.16069268292682928;0.2031707317073171;0.24092195121951218;0.25653414634146343;0.26435121951219515;0.2788292682926829;0.3435682926829268;0.2568853658536585
2017-07-10T00:00:00.000Z;0.116;1.6085365853658538;0.09683170731707318;0.13484634146341465;0.1595878048780488;0.20121463414634147;0.23759024390243905;0.2552926829268293;0.2646439024390244;0.2764365853658537;0.3505317073170732;0.27090000000000003
2017-07-13T00:00:00.000Z;0.2638048780487805;1.8506829268292684;0.07985121951219512;0.11631463414634148;0.13943902439024392;0.17617317073170732;0.21198048780487808;0.22792926829268292;0.23497073170731705;0.24789756097560978;0.30534390243902443;0.22847073170731708
2017-07-15T00:00:00.000Z;0.198;1.6945609756097562;0.09181219512195123;0.13435365853658537;0.16017560975609757;0.2031170731707317;0.23913414634146343;0.25480243902439026;0.2604658536585366;0.27717804878048785;0.34190243902439027;0.25414878048780487
2017-07-18T00:00:00.000Z;0.307;1.4984000000000002;0.09038;0.1236;0.14144;0.18593333333333334;0.22349333333333335;0.24071333333333333;0.25408000000000003;0.26455333333333336;0.3153333333333333;0.22324666666666668
2017-07-20T00:00:00.000Z;0.08890243902439025;1.7489756097560976;0.09579024390243902;0.13522926829268292;0.16014634146341464;0.20091951219512202;0.23801463414634147;0.2559560975609756;0.2634756097560976;0.27696829268292683;0.3524268292682927;0.2692024390243902
2017-07-23T00:00:00.000Z;0.258;1.832032258064516;0.07099032258064517;0.09828709677419356;0.10811612903225808;0.1314451612903226;0.15196774193548387;0.1557709677419355;0.21001290322580646;0.1598677419354839;0.2088;0.12596451612903228
2017-07-25T00:00:00.000Z;0.1325121951219512;2.2905853658536586;0.09155853658536586;0.13157317073170732;0.15742682926829268;0.2026780487804878;0.2366268292682927;0.2522975609756098;0.2547048780487805;0.2777536585365854;0.3478878048780488;0.25875121951219515
2017-07-28T00:00:00.000Z;0.231;1.4100975609756097;0.07198536585365854;0.1053878048780488;0.13031463414634148;0.1694;0.20170731707317077;0.2156487804878049;0.2252878048780488;0.2382853658536585;0.2995975609756098;0.21541463414634146
2017-07-30T00:00:00.000Z;0.116;1.3840487804878048;0.09540243902439025;0.1339878048780488;0.15850975609756096;0.1988560975609756;0.2357121951219512;0.2538487804878049;0.26305609756097564;0.2736829268292683;0.3447317073170732;0.2617951219512195
2017-08-02T00:00:00.000Z;;;;;;;;;;;;
2017-08-04T00:00:00.000Z;0.198;1.5874634146341464;0.08828780487804878;0.13110243902439025;0.15918536585365853;0.20384146341463413;0.23689024390243904;0.25454146341463413;0.25986341463414636;0.27758292682926833;0.3466073170731708;0.25592195121951217
2017-08-07T00:00:00.000Z;0.24197560975609755;2.214731707317073;0.07374878048780488;0.1124439024390244;0.13613902439024392;0.17834146341463417;0.20852926829268292;0.2219048780487805;0.22559024390243904;0.24435121951219513;0.29620243902439025;0.20943902439024392
2017-08-09T00:00:00.000Z;0.198;1.9600243902439025;0.09648536585365854;0.1365;0.16277560975609756;0.2099317073170732;0.2430219512195122;0.26203414634146344;0.2671756097560976;0.2830073170731708;0.3509317073170732;0.2617414634146341
2017-08-12T00:00:00.000Z;0.182;1.7564634146341465;0.07327804878048781;0.10859512195121952;0.13418536585365853;0.17360975609756096;0.2048268292682927;0.2192829268292683;0.2283365853658537;0.23930243902439025;0.299290243902439;0.22134146341463412
2017-08-14T00:00:00.000Z;0.2738048780487805;2.174853658536585;0.0826;0.12721219512195123;0.15507317073170732;0.20247317073170729;0.2343219512195122;0.248709756097561;0.25049756097560977;0.2722536585365854;0.33069756097560976;0.24138048780487809
2017-08-17T00:00:00.000Z;0.187;2.4190487804878047;0.07161707317073171;0.10718292682926829;0.13055853658536584;0.1710487804878049;0.1988829268292683;0.21298536585365851;0.21553658536585368;0.23393902439024392;0.28813414634146345;0.20385365853658538
2017-08-19T00:00:00.000Z;0.198;2.5756585365853657;0.09171951219512196;0.12819512195121952;0.15224146341463415;0.1953756097560976;0.2265073170731708;0.2451487804878049;0.24612926829268292;0.2655292682926829;0.33111463414634146;0.24907317073170732
2017-08-22T00:00:00.000Z;0.0998048780487805;1.8579756097560975;0.0765;0.10961219512195121;0.13254634146341465;0.16941951219512197;0.19939512195121953;0.21301463414634145;0.22159512195121953;0.23281951219512198;0.2903073170731708;0.21567804878048782
2017-08-24T00:00:00.000Z;0.105;1.7175853658536584;0.08568536585365855;0.12415121951219513;0.1497780487804878;0.19144146341463414;0.2232414634146341;0.2372170731707317;0.24152439024390243;0.2589268292682927;0.3228243902439024;0.23913414634146343
2017-08-27T00:00:00.000Z;;;;;;;;;;;;
2017-08-29T00:00:00.000Z;;;;;;;;;;;;
2017-09-01T00:00:00.000Z;0.258;2.611439024390244;0.07650731707317074;0.11095365853658537;0.12853902439024392;0.17480731707317074;0.21216585365853657;0.22762439024390244;0.2324292682926829;0.24892926829268291;0.2991170731707317;0.21993902439024393
2017-09-03T00:00:00.000Z;0.258;1.5453170731707317;0.08630243902439025;0.1234609756097561;0.14121951219512197;0.18848048780487806;0.22854634146341465;0.24561219512195123;0.24624878048780488;0.2657560975609756;0.3017804878048781;0.22031219512195122
2017-09-06T00:00:00.000Z;;;;;;;;;;;;
2017-09-08T00:00:00.000Z;0.5079024390243903;1.7751219512195122;0.08505365853658536;0.12068536585365854;0.1396341463414634;0.1848292682926829;0.2283829268292683;0.24785365853658536;0.25265121951219516;0.26709756097560977;0.32444634146341467;0.2374
2017-09-11T00:00:00.000Z;0.105;1.336219512195122;0.06343658536585366;0.0935829268292683;0.11175609756097561;0.14479512195121952;0.18130975609756098;0.19339024390243903;0.20319024390243903;0.21034634146341466;0.26774634146341464;0.20243902439024392
2017-09-13T00:00:00.000Z;0.16;1.6984634146341464;0.0714780487804878;0.10869512195121953;0.12858536585365854;0.1681829268292683;0.20576341463414638;0.2195609756097561;0.2227292682926829;0.23905365853658536;0.3009951219512195;0.22418048780487806
2017-09-16T00:00:00.000Z;0.138;1.3453658536585364;0.06791219512195122;0.09812439024390245;0.11510487804878049;0.15106829268292685;0.18499512195121953;0.19691707317073168;0.20358048780487806;0.21299756097560976;0.2652073170731708;0.19095609756097562
2017-09-18T00:00:00.000Z;0.165;1.068219512195122;0.07597560975609756;0.10957560975609756;0.12935853658536586;0.1662658536585366;0.203;0.21895853658536585;0.22893414634146345;0.23614634146341465;0.3020560975609756;0.23020487804878048
2017-09-21T00:00:00.000Z;0.171;1.5139024390243903;0.06491219512195122;0.094;0.11255365853658537;0.14768048780487805;0.18151463414634147;0.19484878048780488;0.20326341463414635;0.21272682926829273;0.2675878048780488;0.2001926829268293
2017-09-23T00:00:00.000Z;;;;;;;;;;;;
2017-09-26T00:00:00.000Z;0.15414634146341466;1.4833170731707317;0.0605219512195122;0.09260975609756099;0.11160975609756098;0.14809756097560978;0.17992682926829268;0.19293658536585365;0.1993560975609756;0.21150243902439025;0.26389268292682927;0.190009756097561
2017-09-28T00:00:00.000Z;0.187;2.279731707317073;0.07688048780487805;0.10867804878048781;0.12707317073170732;0.1670707317073171;0.20727073170731705;0.2252219512195122;0.22575365853658538;0.24377073170731706;0.31142682926829274;0.23392195121951218
2017-10-01T00:00:00.000Z;;;;;;;;;;;;
2017-10-03T00:00:00.000Z;0.138;2.116121951219512;0.06617560975609757;0.10086341463414635;0.12106341463414635;0.16111463414634147;0.1952146341463415;0.20771463414634145;0.20861463414634146;0.2260878048780488;0.2884756097560976;0.21235121951219513
2017-10-06T00:00:00.000Z;0.105;0.9948536585365854;0.05749024390243902;0.08793170731707318;0.10653658536585366;0.14020000000000002;0.17122439024390246;0.1835609756097561;0.19366829268292685;0.20143658536585365;0.25120975609756097;0.18037073170731707
2017-10-08T00:00:00.000Z;0.14341463414634145;1.458268292682927;0.07225121951219513;0.10387317073170732;0.12177804878048781;0.15908536585365854;0.19449024390243905;0.20768536585365852;0.21464634146341466;0.22478292682926831;0.285690243902439;0.21365121951219512
2017-10-11T00:00:00.000Z;0.14341463414634145;1.318658536585366;0.05994146341463415;0.08871707317073171;0.1050878048780488;0.1371829268292683;0.16970000000000002;0.18098048780487805;0.19125853658536585;0.1975341463414634;0.2527780487804878;0.18681707317073168
2017-10-13T00:00:00.000Z;0.182;1.7344878048780488;0.06246829268292683;0.09771951219512195;0.11692682926829269;0.1550658536585366;0.1883829268292683;0.20011219512195122;0.2026;0.22019024390243905;0.27511463414634146;0.20282439024390245
2017-10-16T00:00:00.000Z;0.127;1.0531707317073171;0.053656097560975606;0.0840829268292683;0.1005170731707317;0.13325121951219512;0.16335121951219514;0.1751878048780488;0.18629756097560976;0.19232926829268288;0.2436634146341464;0.17281951219512195
2017-10-18T00:00:00.000Z;;;;;;;;;;;;
2017-10-21T00:00:00.000Z;0.094;1.7670487804878048;0.055751219512195124;0.08265121951219513;0.09981219512195122;0.13335365853658537;0.16418048780487804;0.17626341463414635;0.18273170731707322;0.19199024390243905;0.24739756097560978;0.1813292682926829
2017-10-23T00:00:00.000Z;0.11083333333333331;1.0226;0.05796333333333333;0.07827666666666667;0.08813333333333334;0.11090333333333334;0.13126;0.14228666666666667;0.13344666666666669;0.15709333333333333;0.17837666666666668;0.13710666666666665
2017-10-26T00:00:00.000Z;0.08890243902439025;0.7219268292682927;0.05224146341463415;0.0813;0.09839024390243903;0.13006829268292683;0.1618439024390244;0.1732439024390244;0.18560487804878048;0.19035365853658537;0.23669512195121953;0.1685439024390244
2017-10-28T00:00:00.000Z;0.08890243902439025;1.3805853658536584;0.06697560975609756;0.09491707317073171;0.11207073170731709;0.1472560975609756;0.18134634146341463;0.19243658536585365;0.20023414634146341;0.21004634146341464;0.2656292682926829;0.1992658536585366
2017-10-31T00:00:00.000Z;;;;;;;;;;;;
2017-11-02T00:00:00.000Z;;;;;;;;;;;;
2017-11-05T00:00:00.000Z;0.08890243902439025;1.1578536585365853;0.04934146341463415;0.07913658536585366;0.09441707317073171;0.12839024390243903;0.15805853658536587;0.16935365853658538;0.17870731707317072;0.18635365853658536;0.2330609756097561;0.16458292682926828
2017-11-07T00:00:00.000Z;0.083;0.6187317073170732;0.06063170731707318;0.0904439024390244;0.10632439024390244;0.13921707317073173;0.1739829268292683;0.1842731707317073;0.19854146341463413;0.20197317073170729;0.25571463414634144;0.19159024390243903
2017-11-10T00:00:00.000Z;0.07790243902439024;0.6674878048780488;0.051685365853658544;0.07786341463414634;0.09281463414634146;0.12415121951219513;0.15580731707317072;0.1668560975609756;0.1818878048780488;0.1827756097560976;0.22752439024390242;0.16820243902439025
2017-11-12T00:00:00.000Z;0.083;0.5620243902439024;0.054687804878048786;0.08670243902439025;0.10465853658536585;0.13952682926829268;0.17050975609756097;0.18166341463414637;0.19487073170731709;0.2013658536585366;0.2477;0.18267560975609762
2017-11-15T00:00:00.000Z;0.07790243902439024;0.4128292682926829;0.047726829268292685;0.07670243902439025;0.0916;0.12246341463414635;0.15330000000000002;0.16474634146341466;0.17970731707317072;0.18035365853658536;0.21987804878048783;0.15589024390243905
2017-11-17T00:00:00.000Z;0.0998048780487805;0.8489512195121952;0.058800000000000005;0.0881390243902439;0.10435365853658536;0.1384439024390244;0.17274634146341464;0.18412439024390245;0.19522682926829268;0.20170731707317077;0.25108048780487807;0.18716829268292684
2017-11-20T00:00:00.000Z;0.07790243902439024;0.6449756097560976;0.05012926829268293;0.07648048780487805;0.0914780487804878;0.12072439024390244;0.15451219512195122;0.1649780487804878;0.18038048780487806;0.1806073170731708;0.22467073170731708;0.16276341463414637
2017-11-22T00:00:00.000Z;0.0998048780487805;0.5176585365853659;0.05690731707317074;0.08831463414634147;0.10605121951219512;0.13981951219512195;0.1720146341463415;0.1844073170731708;0.19719512195121952;0.20185853658536584;0.23994634146341465;0.1771658536585366
2017-11-25T00:00:00.000Z;;;;;;;;;;;;
2017-11-27T00:00:00.000Z;;;;;;;;;;;;
2017-11-30T00:00:00.000Z;0.083;0.6667500000000001;0.050405000000000005;0.07555;0.08933;0.12541500000000003;0.1636525;0.173875;0.191645;0.1945875;0.22280500000000003;0.15852750000000002
2017-12-02T00:00:00.000Z;0.07790243902439024;0.5170243902439025;0.050380487804878055;0.08114146341463414;0.09617560975609757;0.1315707317073171;0.16680975609756096;0.17791707317073172;0.1900268292682927;0.19592439024390246;0.22975853658536585;0.16731707317073172
2017-12-05T00:00:00.000Z;0.07790243902439024;0.3577073170731707;0.04512439024390244;0.07235853658536585;0.08546341463414635;0.11782682926829269;0.15135365853658536;0.1613609756097561;0.17614146341463416;0.17659024390243905;0.2039;0.14341219512195122
2017-12-07T00:00:00.000Z;0.094;0.465780487804878;0.07223170731707318;0.09887804878048781;0.11310731707317073;0.1470609756097561;0.18600731707317078;0.1968829268292683;0.21485853658536586;0.2157878048780488;0.2526073170731708;0.1983707317073171
2017-12-10T00:00:00.000Z;;;;;;;;;;;;
2017-12-12T00:00:00.000Z;0.083;0.4654878048780488;0.04915609756097561;0.07915853658536585;0.09559756097560976;0.13049024390243905;0.16542926829268292;0.1765439024390244;0.1902756097560976;0.1951780487804878;0.2259317073170732;0.1643878048780488
2017-12-15T00:00:00.000Z;0.08890243902439025;1.2392682926829268;0.04597804878048781;0.07309024390243903;0.08612439024390245;0.12173902439024392;0.15412439024390245;0.1651780487804878;0.17290731707317072;0.18236341463414635;0.21122439024390244;0.14809268292682928
2017-12-17T00:00:00.000Z;0.07790243902439024;0.49246341463414633;0.053570731707317076;0.08020731707317073;0.09478780487804879;0.12768536585365853;0.1655439024390244;0.17704146341463417;0.1930707317073171;0.19513902439024391;0.229919512195122;0.16793414634146342
2017-12-20T00:00:00.000Z;0.083;0.8853414634146342;0.04735853658536585;0.07188536585365854;0.08513170731707317;0.1171219512195122;0.15463170731707318;0.16441951219512196;0.17722439024390244;0.18124146341463415;0.2119365853658537;0.15127073170731709
2017-12-22T00:00:00.000Z;0.07790243902439024;0.9971463414634146;0.05058292682926829;0.08081219512195123;0.09573170731707319;0.13143414634146341;0.1668926829268293;0.1754829268292683;0.18497317073170727;0.19431707317073169;0.22981219512195122;0.16806829268292683
2017-12-25T00:00:00.000Z;0.08890243902439025;0.9473414634146342;0.044851219512195124;0.07;0.08283414634146342;0.11607317073170732;0.1484341463414634;0.15830243902439026;0.16869756097560976;0.17575365853658537;0.20348048780487804;0.14086341463414637
2017-12-27T00:00:00.000Z;0.06665853658536586;0.7529268292682927;0.06396585365853659;0.09062682926829269;0.10469024390243904;0.13992439024390244;0.18077073170731708;0.19284146341463415;0.20602926829268292;0.2115853658536585;0.2499170731707317;0.18275853658536587
2017-12-30T00:00:00.000Z;0.06665853658536586;1.205048780487805;0.049290243902439024;0.0715219512195122;0.08377804878048781;0.11572926829268293;0.1491707317073171;0.16101707317073172;0.16980975609756097;0.1770487804878049;0.2124073170731708;0.15225853658536587
2018-01-01T00:00:00.000Z;0.07200000000000001;0.5231463414634147;0.05197073170731708;0.08122926829268293;0.09735121951219512;0.13137073170731708;0.1666926829268293;0.17799512195121953;0.19115853658536586;0.1955219512195122;0.23066341463414639;0.16797073170731708
2018-01-04T00:00:00.000Z;0.07200000000000001;1.1336341463414636;0.044592682926829275;0.07162926829268293;0.0844219512195122;0.11734878048780488;0.14998292682926828;0.15822682926829268;0.16858536585365855;0.17579268292682929;0.20638536585365852;0.14503414634146342
2018-01-06T00:00:00.000Z;;;;;;;;;;;;
2018-01-09T00:00:00.000Z;;;;;;;;;;;;
2018-01-11T00:00:00.000Z;0.089;0.7934242424242424;0.07350000000000001;0.10867272727272728;0.1233939393939394;0.17090606060606062;0.22076969696969692;0.23647272727272725;0.24633333333333332;0.2616787878787879;0.2827030303030303;0.20072424242424242
2018-01-14T00:00:00.000Z;;;;;;;;;;;;
2018-01-16T00:00:00.000Z;0.083;1.1326829268292684;0.052697560975609764;0.07894634146341464;0.09299024390243903;0.1292048780487805;0.16636341463414636;0.17782682926829269;0.1873609756097561;0.19538536585365854;0.2294487804878049;0.16750243902439024
2018-01-19T00:00:00.000Z;;;;;;;;;;;;
2018-01-21T00:00:00.000Z;0.07790243902439024;1.201609756097561;0.051963414634146346;0.08249268292682926;0.09686341463414634;0.13486829268292685;0.17025121951219513;0.1809170731707317;0.1877048780487805;0.19794634146341464;0.23428536585365853;0.17337804878048782
2018-01-24T00:00:00.000Z;0.083;0.693439024390244;0.0462780487804878;0.0714609756097561;0.08416341463414634;0.11639268292682928;0.1508390243902439;0.16151951219512195;0.1736878048780488;0.17878048780487804;0.20313414634146343;0.1430121951219512
2018-01-26T00:00:00.000Z;0.05524390243902439;0.7332926829268293;0.06201951219512196;0.08722439024390244;0.10173170731707318;0.13515121951219514;0.17564146341463416;0.18667560975609762;0.1990439024390244;0.20289512195121953;0.2448731707317073;0.1827658536585366
2018-01-29T00:00:00.000Z;0.1108048780487805;0.9843658536585366;0.05481219512195122;0.07450731707317074;0.0825170731707317;0.11447317073170732;0.15278536585365854;0.16592926829268292;0.17697073170731709;0.1803829268292683;0.1937609756097561;0.13122682926829268
2018-01-31T00:00:00.000Z;0.12165853658536584;0.631390243902439;0.05429512195121952;0.0843439024390244;0.09806829268292683;0.1362341463414634;0.17761219512195123;0.19086585365853662;0.20379756097560978;0.20965853658536585;0.2376292682926829;0.16633170731707317
2018-02-05T00:00:00.000Z;;;;;;;;;;;;
2018-02-08T00:00:00.000Z;0.094;0.4637073170731707;0.0490219512195122;0.07294878048780488;0.08400243902439025;0.11533170731707316;0.15331951219512197;0.16495609756097562;0.18246341463414636;0.18030000000000002;0.2101268292682927;0.15260731707317074
2018-02-10T00:00:00.000Z;;;;;;;;;;;;
2018-02-13T00:00:00.000Z;0.0998048780487805;0.6050487804878049;0.044348780487804884;0.07233170731707318;0.08581707317073171;0.11819756097560977;0.1544658536585366;0.16531951219512198;0.17810243902439024;0.17969268292682927;0.20911951219512198;0.14800000000000002
2018-02-15T00:00:00.000Z;0.094;1.3027560975609755;0.06132439024390244;0.08936341463414635;0.1034829268292683;0.13910975609756096;0.17902926829268292;0.19079512195121953;0.19866341463414636;0.20749756097560976;0.2526268292682927;0.1902560975609756
2018-02-18T00:00:00.000Z;;;;;;;;;;;;
2018-02-20T00:00:00.000Z;0.0998048780487805;1.2541463414634149;0.05723170731707318;0.0893609756097561;0.10532682926829269;0.14255853658536585;0.1822609756097561;0.19438048780487804;0.20109024390243904;0.2127365853658537;0.25302439024390244;0.18869024390243905
2018-02-23T00:00:00.000Z;0.083;0.1694878048780488;0.04920243902439025;0.07712926829268292;0.09189512195121952;0.12103658536585366;0.1584341463414634;0.1707268292682927;0.1901317073170732;0.18788536585365853;0.21641463414634146;0.1569146341463415
2018-02-25T00:00:00.000Z;0.138;0.4037317073170732;0.06633414634146342;0.09309512195121952;0.10872926829268292;0.14206097560975608;0.1853121951219512;0.19757317073170727;0.21457804878048783;0.21583414634146345;0.2586512195121951;0.1941878048780488
2018-02-28T00:00:00.000Z;0.116;1.6779756097560976;0.050824390243902444;0.0718439024390244;0.08067073170731708;0.11434634146341464;0.15385121951219513;0.16785853658536584;0.17400975609756097;0.18475853658536587;0.19650975609756097;0.12920731707317074
2018-03-02T00:00:00.000Z;;;;;;;;;;;;
2018-03-05T00:00:00.000Z;;;;;;;;;;;;
2018-03-07T00:00:00.000Z;0.0998048780487805;0.595439024390244;0.0786219512195122;0.11148536585365854;0.12721707317073172;0.16547560975609757;0.21610000000000001;0.23139024390243904;0.24974146341463413;0.25373902439024393;0.30368292682926834;0.22883902439024392
2018-03-10T00:00:00.000Z;0.0998048780487805;1.3677317073170732;0.07513414634146343;0.10052926829268292;0.11165121951219513;0.14646829268292685;0.19128536585365855;0.20833902439024393;0.2164829268292683;0.22457560975609758;0.27151463414634147;0.20131219512195123
2018-03-12T00:00:00.000Z;;;;;;;;;;;;
2018-03-15T00:00:00.000Z;;;;;;;;;;;;
2018-03-17T00:00:00.000Z;;;;;;;;;;;;
2018-03-20T00:00:00.000Z;0.0998048780487805;0.5223658536585366;0.06474878048780489;0.08890731707317075;0.10212926829268293;0.1333780487804878;0.1780219512195122;0.1913756097560976;0.2078878048780488;0.20839512195121954;0.24179512195121952;0.17646829268292685
2018-03-22T00:00:00.000Z;0.12165853658536584;0.3190487804878049;0.0670170731707317;0.10109268292682927;0.11845853658536586;0.15221951219512198;0.19555121951219512;0.20911463414634146;0.2257731707317073;0.22636829268292682;0.2730560975609756;0.20764878048780488
2018-03-25T00:00:00.000Z;;;;;;;;;;;;
2018-03-27T00:00:00.000Z;0.1108048780487805;1.2145853658536585;0.07383414634146342;0.10617073170731708;0.12233658536585365;0.15920731707317073;0.20225609756097562;0.21722439024390242;0.2257317073170732;0.23361219512195122;0.2897048780487805;0.2241292682926829
2018-03-30T00:00:00.000Z;0.07200000000000001;0.9523414634146342;0.08060731707317075;0.10673170731707317;0.12107804878048781;0.15648048780487805;0.20336341463414637;0.2185;0.23058536585365852;0.2361609756097561;0.2805219512195122;0.21230487804878048
2018-04-01T00:00:00.000Z;;;;;;;;;;;;
2018-04-04T00:00:00.000Z;0.16;0.6962926829268292;0.0650609756097561;0.09756585365853658;0.11585121951219512;0.1511829268292683;0.19478536585365855;0.2096634146341464;0.2233317073170732;0.22767317073170731;0.2712;0.20073658536585365
2018-04-06T00:00:00.000Z;;;;;;;;;;;;
2018-04-09T00:00:00.000Z;0.116;0.673;0.022883333333333332;0.03051666666666667;0.039683333333333334;0.06445000000000001;0.092;0.10010000000000001;0.06985000000000001;0.1037;0.11135;0.08545
2018-04-11T00:00:00.000Z;;;;;;;;;;;;
2018-04-14T00:00:00.000Z;0.094;0.6563170731707317;0.06553902439024391;0.09576829268292683;0.11179268292682928;0.14470243902439026;0.18644634146341466;0.19949756097560978;0.21259512195121952;0.21651463414634145;0.2577121951219512;0.18855121951219514
2018-04-16T00:00:00.000Z;0.1325121951219512;0.932219512195122;0.08210243902439024;0.1092780487804878;0.12299756097560977;0.1549658536585366;0.1947;0.20465853658536587;0.23150975609756097;0.21524634146341465;0.265209756097561;0.1925
2018-04-19T00:00:00.000Z;0.198;1.250658536585366;0.07850731707317074;0.11011463414634148;0.12593902439024393;0.16019756097560978;0.2069317073170732;0.22262439024390243;0.23205853658536585;0.23885853658536585;0.2836268292682927;0.217
2018-04-21T00:00:00.000Z;;;;;;;;;;;;
2018-04-24T00:00:00.000Z;0.28;1.3235365853658536;0.06536585365853659;0.10115365853658537;0.12036097560975609;0.15683170731707316;0.19933170731707323;0.2122878048780488;0.22039512195121952;0.23063414634146345;0.27365609756097564;0.20068048780487804
2018-04-26T00:00:00.000Z;;;;;;;;;;;;
2018-04-29T00:00:00.000Z;0.105;0.608;0.0528;0.06471;0.07485;0.09308;0.12099000000000001;0.1322;0.13642;0.14107;0.16279000000000002;0.11381
2018-05-01T00:00:00.000Z;0.105;0.7706428571428571;0.10959285714285712;0.14547142857142858;0.17032857142857144;0.21027857142857143;0.2539571428571429;0.26765;0.28240000000000004;0.2880357142857143;0.3399285714285714;0.26603571428571426
2018-05-04T00:00:00.000Z;0.083;0.9895853658536586;0.0752780487804878;0.10579512195121953;0.12504634146341465;0.15944634146341463;0.20003658536585367;0.21323902439024392;0.224419512195122;0.2332439024390244;0.2825975609756098;0.21000487804878049
2018-05-06T00:00:00.000Z;0.13247368421052633;1.2777894736842106;0.1799947368421053;0.20110526315789476;0.21611315789473684;0.2527473684210526;0.30164473684210524;0.3220157894736842;0.31901315789473683;0.3390105263157895;0.35614210526315787;0.3042736842105264
2018-05-09T00:00:00.000Z;0.22551219512195123;1.8875853658536585;0.08780487804878048;0.11743170731707317;0.13586341463414636;0.17375853658536586;0.2190365853658537;0.2372048780487805;0.24130731707317077;0.2548146341463415;0.3135292682926829;0.23528292682926832
2018-05-11T00:00:00.000Z;0.269;1.394487804878049;0.08283658536585366;0.11762926829268293;0.13625121951219513;0.1791;0.2223560975609756;0.2389756097560976;0.2440292682926829;0.25906585365853657;0.30879512195121955;0.22855365853658538
2018-05-14T00:00:00.000Z;;;;;;;;;;;;
2018-05-16T00:00:00.000Z;0.1325121951219512;1.342951219512195;0.09206585365853659;0.12783170731707316;0.15019024390243904;0.190009756097561;0.2321365853658537;0.2481487804878049;0.25692439024390246;0.2672926829268293;0.3369414634146341;0.2644390243902439
2018-05-19T00:00:00.000Z;;;;;;;;;;;;
2018-05-21T00:00:00.000Z;0.105;1.3299024390243903;0.1013439024390244;0.13975609756097562;0.16269024390243905;0.205019512195122;0.24954634146341464;0.26625853658536586;0.27454146341463415;0.2886853658536585;0.36048048780487807;0.2744731707317073
2018-05-24T00:00:00.000Z;;;;;;;;;;;;
2018-05-26T00:00:00.000Z;0.22;2.064;0.09870000000000001;0.1313;0.15653333333333333;0.20115000000000002;0.23115000000000002;0.2545;0.22756666666666667;0.2687;0.3084;0.2301
2018-05-29T00:00:00.000Z;0.37790243902439025;1.8023414634146342;0.08402439024390244;0.12157073170731708;0.14293170731707316;0.18494146341463413;0.2315487804878049;0.2509292682926829;0.25656585365853657;0.2696756097560976;0.33376585365853656;0.25035121951219513
2018-05-31T00:00:00.000Z;;;;;;;;;;;;
2018-06-03T00:00:00.000Z;;;;;;;;;;;;
2018-06-05T00:00:00.000Z;;;;;;;;;;;;
2018-06-08T00:00:00.000Z;0.171;1.7859268292682928;0.11351219512195121;0.15751219512195122;0.18021463414634148;0.22117073170731708;0.26999024390243903;0.2876219512195122;0.29419024390243903;0.3067487804878049;0.3550878048780488;0.2658292682926829
2018-06-10T00:00:00.000Z;0.2800731707317073;1.4502926829268292;0.09083170731707318;0.1379439024390244;0.16261707317073174;0.21310243902439024;0.2603682926829268;0.27715365853658536;0.2842731707317073;0.2995926829268293;0.36533414634146333;0.27461463414634146
2018-06-13T00:00:00.000Z;0.061;1.2086097560975608;0.0788609756097561;0.11481951219512196;0.1339390243902439;0.17137560975609756;0.21375121951219514;0.2288365853658537;0.23802439024390243;0.2484926829268293;0.29933414634146344;0.22209024390243903
2018-06-15T00:00:00.000Z;0.05524390243902439;1.764658536585366;0.09929268292682927;0.13691951219512197;0.15842439024390245;0.19911707317073168;0.24785609756097562;0.26549512195121955;0.2724682926829268;0.285690243902439;0.3534365853658537;0.278609756097561
2018-06-18T00:00:00.000Z;0.1325121951219512;1.6200243902439024;0.0865609756097561;0.11963658536585366;0.13871707317073173;0.17576829268292685;0.22012926829268292;0.2369756097560976;0.2443170731707317;0.2551634146341464;0.3064926829268293;0.2349853658536585
2018-06-20T00:00:00.000Z;0.083;1.5207317073170732;0.09563902439024391;0.13719512195121952;0.16035853658536586;0.20469024390243903;0.25094146341463414;0.2682317073170732;0.2745317073170732;0.2877634146341464;0.35289756097560976;0.2694756097560976
2018-06-23T00:00:00.000Z;0.1108048780487805;1.408;0.08247073170731709;0.11764634146341464;0.13775121951219513;0.1754439024390244;0.21971951219512198;0.2351853658536585;0.2426878048780488;0.25449756097560977;0.3029926829268293;0.2240878048780488
2018-06-25T00:00:00.000Z;0.30190243902439023;1.7932682926829269;0.09850731707317074;0.13786341463414636;0.15905121951219514;0.20153902439024393;0.24915121951219513;0.26949024390243903;0.2752;0.2891658536585366;0.3452487804878049;0.2662829268292683
2018-06-28T00:00:00.000Z;;;;;;;;;;;;
2018-06-30T00:00:00.000Z;0.269;2.130756097560976;0.0918439024390244;0.13471951219512196;0.15891951219512196;0.20404634146341466;0.2506707317073171;0.2668268292682927;0.26947073170731706;0.2890609756097561;0.34805853658536584;0.2597536585365854
2018-07-03T00:00:00.000Z;0.19297560975609757;1.2005609756097562;0.07627317073170732;0.11392682926829269;0.1358048780487805;0.1733439024390244;0.21472439024390244;0.23145121951219513;0.2412;0.25275853658536585;0.29745853658536586;0.21940243902439024
2018-07-05T00:00:00.000Z;0.05524390243902439;1.5480975609756098;0.09890487804878048;0.13615853658536586;0.1585560975609756;0.20132926829268288;0.2459073170731708;0.2643756097560976;0.2734780487804878;0.28285853658536586;0.35227804878048785;0.276109756097561
2018-07-08T00:00:00.000Z;0.247;1.289609756097561;0.07596829268292683;0.1131780487804878;0.13660975609756099;0.174909756097561;0.21697804878048785;0.2355219512195122;0.24514634146341466;0.25278048780487805;0.30793902439024395;0.23400975609756097
2018-07-10T00:00:00.000Z;0.08890243902439025;1.1959268292682927;0.09561951219512196;0.1365829268292683;0.16070243902439024;0.2049439024390244;0.24751463414634145;0.26475853658536586;0.2736317073170732;0.2862170731707317;0.3514219512195122;0.26689024390243904
2018-07-13T00:00:00.000Z;0.4049756097560976;2.186317073170732;0.07895121951219512;0.12308292682926829;0.14709756097560978;0.18960000000000002;0.22796585365853658;0.2444365853658537;0.2463609756097561;0.2663463414634146;0.3040024390243903;0.221009756097561
2018-07-15T00:00:00.000Z;0.28;2.077268292682927;0.0997439024390244;0.14153658536585365;0.16495121951219513;0.208519512195122;0.2512365853658537;0.2726634146341464;0.27500243902439026;0.29110243902439026;0.3468292682926829;0.2662365853658537
2018-07-18T00:00:00.000Z;0.269;1.6377073170731709;0.08013170731707318;0.11877560975609756;0.1400780487804878;0.1786487804878049;0.21852195121951218;0.23576829268292682;0.24308292682926833;0.2545707317073171;0.30730731707317077;0.23337560975609759
2018-07-20T00:00:00.000Z;0.37790243902439025;1.3932926829268293;0.08513414634146342;0.1356658536585366;0.1649121951219512;0.21167073170731707;0.255509756097561;0.27275609756097563;0.27881951219512197;0.29342439024390243;0.3483414634146341;0.2582317073170732
2018-07-23T00:00:00.000Z;0.105;1.6615853658536586;0.07857804878048781;0.11380243902439025;0.13671707317073173;0.17795853658536587;0.21281463414634147;0.22734878048780488;0.23381463414634146;0.24778048780487807;0.30324390243902444;0.2197634146341464
2018-07-25T00:00:00.000Z;0.149;1.2138780487804879;0.09724146341463415;0.13703170731707318;0.16237560975609758;0.2060219512195122;0.24385609756097562;0.26165853658536586;0.2746439024390244;0.28202926829268293;0.3536634146341464;0.2724853658536585
2018-07-28T00:00:00.000Z;0.094;0.9665121951219512;0.08063414634146342;0.11553170731707317;0.13834146341463416;0.17440731707317073;0.21045853658536587;0.2251390243902439;0.23959024390243905;0.24495121951219515;0.3077487804878049;0.23219512195121952
2018-07-30T00:00:00.000Z;0.083;1.2209512195121952;0.0949560975609756;0.13578780487804878;0.1627707317073171;0.20578048780487807;0.24131463414634147;0.2566;0.2663439024390244;0.2797;0.3484292682926829;0.263509756097561
2018-08-02T00:00:00.000Z;0.1108048780487805;1.7200487804878049;0.08190975609756099;0.1165878048780488;0.13912439024390244;0.1793121951219512;0.2102926829268293;0.2247219512195122;0.2300731707317073;0.24439756097560977;0.3019878048780488;0.2198439024390244
2018-08-04T00:00:00.000Z;0.187;1.8308780487804879;0.09680000000000001;0.13690731707317072;0.1631048780487805;0.20609268292682928;0.2418414634146341;0.260990243902439;0.2662658536585366;0.2807707317073171;0.3540170731707317;0.2695682926829268
2018-08-07T00:00:00.000Z;0.3289756097560976;2.2559756097560975;0.0820780487804878;0.1192560975609756;0.14358536585365853;0.1840780487804878;0.21721463414634146;0.2345609756097561;0.23814634146341465;0.2541560975609756;0.3077170731707317;0.2295560975609756
2018-08-09T00:00:00.000Z;0.06665853658536586;1.7837317073170733;0.08873658536585366;0.1263170731707317;0.1489658536585366;0.1933560975609756;0.2270365853658537;0.24179756097560978;0.24774878048780488;0.26545853658536583;0.32789268292682927;0.2429634146341464
2018-08-12T00:00:00.000Z;0.1108048780487805;2.183951219512195;0.0764219512195122;0.11129268292682928;0.13176341463414637;0.17197560975609757;0.2028658536585366;0.2174268292682927;0.21957073170731706;0.2371829268292683;0.2926658536585366;0.2114365853658537
2018-08-14T00:00:00.000Z;0.171;2.1019024390243906;0.0920560975609756;0.1317439024390244;0.1550878048780488;0.19928536585365852;0.2358634146341464;0.25289512195121955;0.2563560975609756;0.2727536585365854;0.34383902439024394;0.26197560975609757
2018-08-17T00:00:00.000Z;;;;;;;;;;;;
2018-08-19T00:00:00.000Z;;;;;;;;;;;;
2018-08-22T00:00:00.000Z;0.187;2.01719512195122;0.07409512195121952;0.10920243902439025;0.13101463414634149;0.1715121951219512;0.20271951219512202;0.2163390243902439;0.2192048780487805;0.23629512195121952;0.2907926829268293;0.21028292682926833
2018-08-24T00:00:00.000Z;0.22;1.7787560975609757;0.08646829268292683;0.12404634146341464;0.14888048780487806;0.19283414634146342;0.22796829268292682;0.24486585365853658;0.2508073170731708;0.2649926829268293;0.33838048780487806;0.2557268292682927
2018-08-27T00:00:00.000Z;0.198;2.065121951219512;0.07198780487804879;0.1046658536585366;0.12666341463414635;0.16716829268292685;0.2001926829268293;0.21491219512195123;0.2206487804878049;0.2336048780487805;0.29281463414634146;0.2170609756097561
2018-08-29T00:00:00.000Z;0.19297560975609757;2.106951219512195;0.08059268292682926;0.12122195121951221;0.1456;0.19119512195121952;0.224419512195122;0.23859024390243905;0.24049024390243903;0.26080975609756096;0.3249804878048781;0.24039024390243904
2018-09-01T00:00:00.000Z;0.19297560975609757;2.406170731707317;0.0707390243902439;0.10491951219512197;0.1253439024390244;0.16700731707317074;0.19664146341463415;0.2111829268292683;0.21206829268292682;0.2309048780487805;0.2844243902439024;0.20324634146341464
2018-09-03T00:00:00.000Z;0.46900000000000003;2.142;0.075;0.12100000000000001;0.1534;0.1852;0.2189;0.2454;0.2422;0.2632;0.3175;0.24230000000000002
2018-09-06T00:00:00.000Z;;;;;;;;;;;;
2018-09-08T00:00:00.000Z;;;;;;;;;;;;
2018-09-11T00:00:00.000Z;;;;;;;;;;;;
2018-09-13T00:00:00.000Z;0.19297560975609757;2.183365853658537;0.07823170731707318;0.11380000000000001;0.13025609756097561;0.1744878048780488;0.2121170731707317;0.2275365853658537;0.23018292682926833;0.2453219512195122;0.30534146341463414;0.23373414634146344
2018-09-16T00:00:00.000Z;0.16;2.227829268292683;0.06643414634146343;0.09644878048780488;0.1112829268292683;0.14774634146341464;0.18599024390243904;0.20106829268292684;0.20333170731707323;0.21699512195121953;0.2642341463414634;0.1979219512195122
2018-09-18T00:00:00.000Z;;;;;;;;;;;;
2018-09-21T00:00:00.000Z;0.14341463414634145;2.0817804878048785;0.06153170731707318;0.0922439024390244;0.10814878048780488;0.1442219512195122;0.18005365853658536;0.1936268292682927;0.19598048780487806;0.21060975609756097;0.2604292682926829;0.18918048780487806
2018-09-23T00:00:00.000Z;0.16;2.2954146341463413;0.07538536585365854;0.10744146341463416;0.1251219512195122;0.16293170731707318;0.20241219512195122;0.2200926829268293;0.21937073170731705;0.23646341463414638;0.29918292682926834;0.2289121951219512
2018-09-26T00:00:00.000Z;;;;;;;;;;;;
2018-09-28T00:00:00.000Z;0.05524390243902439;1.0103658536585367;0.07128780487804878;0.10415853658536585;0.12200487804878049;0.1591219512195122;0.19784634146341465;0.2119731707317073;0.21937804878048783;0.2308048780487805;0.2870487804878049;0.21456341463414638
2018-10-01T00:00:00.000Z;0.16558536585365854;1.5638292682926829;0.06130487804878049;0.09034146341463414;0.10652926829268293;0.14161219512195122;0.1771609756097561;0.19047560975609762;0.19478048780487806;0.20667560975609758;0.2539902439024391;0.18316341463414637
2018-10-03T00:00:00.000Z;0.1108048780487805;1.5030975609756096;0.07356097560975611;0.10492439024390245;0.12279512195121953;0.16005121951219514;0.1973219512195122;0.21145121951219514;0.21816585365853658;0.22955853658536585;0.2916146341463415;0.22279268292682927
2018-10-06T00:00:00.000Z;0.1325121951219512;1.4964146341463416;0.06417560975609757;0.0908219512195122;0.1071878048780488;0.13951951219512196;0.17562682926829268;0.1889829268292683;0.19633658536585366;0.2043073170731708;0.2580439024390244;0.1925560975609756
2018-10-08T00:00:00.000Z;0.127;1.3987073170731708;0.0685219512195122;0.10141219512195122;0.11854634146341464;0.15565853658536585;0.1930170731707317;0.2074658536585366;0.2124731707317073;0.22406585365853657;0.2779317073170732;0.2071365853658537
2018-10-11T00:00:00.000Z;;;;;;;;;;;;
2018-10-13T00:00:00.000Z;0.116;1.8674634146341464;0.06879756097560977;0.09996829268292683;0.11583658536585366;0.15247804878048782;0.1910170731707317;0.2055804878048781;0.20849024390243903;0.22154146341463413;0.2806658536585366;0.21388780487804882
2018-10-16T00:00:00.000Z;0.1108048780487805;1.7862926829268293;0.05957317073170732;0.08675853658536586;0.10161219512195123;0.13610243902439026;0.17310243902439024;0.18462195121951222;0.1916292682926829;0.20198048780487807;0.2538;0.18875365853658538
2018-10-18T00:00:00.000Z;;;;;;;;;;;;
2018-10-21T00:00:00.000Z;;;;;;;;;;;;
2018-10-23T00:00:00.000Z;;;;;;;;;;;;
2018-10-26T00:00:00.000Z;0.14341463414634145;0.9046341463414634;0.02959512195121951;0.04669268292682927;0.05548536585365854;0.07307317073170733;0.09545121951219512;0.10273658536585366;0.10777560975609757;0.111;0.12077317073170732;0.09311219512195122
2018-10-28T00:00:00.000Z;;;;;;;;;;;;
2018-10-31T00:00:00.000Z;;;;;;;;;;;;
2018-11-02T00:00:00.000Z;;;;;;;;;;;;
2018-11-05T00:00:00.000Z;;;;;;;;;;;;
2018-11-07T00:00:00.000Z;0.08890243902439025;1.5043902439024393;0.05653658536585366;0.08879512195121952;0.1021219512195122;0.1399731707317073;0.1791878048780488;0.19023170731707323;0.19390487804878048;0.2082292682926829;0.2490487804878049;0.18510487804878048
2018-11-10T00:00:00.000Z;;;;;;;;;;;;
2018-11-12T00:00:00.000Z;;;;;;;;;;;;
2018-11-15T00:00:00.000Z;;;;;;;;;;;;
2018-11-17T00:00:00.000Z;;;;;;;;;;;;
2018-11-20T00:00:00.000Z;;;;;;;;;;;;
2018-11-22T00:00:00.000Z;;;;;;;;;;;;
2018-11-25T00:00:00.000Z;0.07790243902439024;1.3062682926829268;0.044185365853658544;0.0654390243902439;0.07420243902439025;0.10550975609756097;0.14659268292682928;0.15767560975609757;0.16630731707317073;0.17334634146341465;0.197819512195122;0.13854146341463416
2018-11-27T00:00:00.000Z;0.08890243902439025;0.5987073170731708;0.0519219512195122;0.07864634146341463;0.09003414634146342;0.12411219512195121;0.16717073170731708;0.18039756097560977;0.19089024390243906;0.19711463414634148;0.2197365853658537;0.16075853658536585
2018-11-30T00:00:00.000Z;0.07200000000000001;0.7892926829268292;0.04457317073170732;0.06957073170731708;0.07869268292682927;0.11151463414634148;0.15362439024390245;0.16539512195121953;0.1764926829268293;0.18107073170731708;0.2032878048780488;0.14233170731707318
2018-12-02T00:00:00.000Z;;;;;;;;;;;;
2018-12-05T00:00:00.000Z;0.061;0.9690731707317074;0.04511463414634146;0.06767560975609756;0.07727073170731708;0.1071439024390244;0.15029756097560976;0.16294634146341463;0.17412682926829268;0.17693902439024392;0.20596829268292682;0.1478829268292683
2018-12-07T00:00:00.000Z;0.07200000000000001;0.4270975609756098;0.04839512195121951;0.0753780487804878;0.08723170731707318;0.11987317073170732;0.16555853658536585;0.17906341463414635;0.1929292682926829;0.1960048780487805;0.21991951219512199;0.16008536585365854
2018-12-10T00:00:00.000Z;;;;;;;;;;;;
2018-12-12T00:00:00.000Z;0.07790243902439024;0.9690487804878049;0.054748780487804884;0.07849268292682927;0.0880219512195122;0.12040975609756097;0.16569512195121952;0.1789926829268293;0.1906829268292683;0.19596341463414635;0.22663902439024391;0.1666170731707317
2018-12-15T00:00:00.000Z;0.05524390243902439;1.4708536585365852;0.049334146341463415;0.06802926829268292;0.07410243902439025;0.10058536585365854;0.13909268292682928;0.15191219512195123;0.15694146341463416;0.1640609756097561;0.17836829268292684;0.1263829268292683
2018-12-17T00:00:00.000Z;0.07200000000000001;0.5006585365853659;0.04633414634146341;0.07361463414634146;0.0857439024390244;0.11886341463414636;0.16520487804878048;0.17806341463414635;0.19247317073170728;0.19621951219512201;0.21765609756097562;0.15680243902439026
2018-12-20T00:00:00.000Z;0.07200000000000001;1.1587560975609756;0.04180731707317073;0.06434146341463415;0.07434146341463414;0.10657073170731708;0.1498829268292683;0.16070243902439024;0.16953170731707318;0.17771951219512197;0.19394146341463414;0.13453902439024393
2018-12-25T00:00:00.000Z;0.05524390243902439;0.5535853658536586;0.04579024390243902;0.06381219512195123;0.07031219512195122;0.09527073170731708;0.13588048780487805;0.14653414634146342;0.15969268292682928;0.1605609756097561;0.17235365853658538;0.12410975609756097
2018-12-27T00:00:00.000Z;0.083;0.6878;0.05212000000000001;0.07840666666666668;0.08966;0.12621333333333334;0.17176666666666668;0.18530666666666665;0.1970266666666667;0.20486000000000001;0.22235333333333335;0.16159333333333334
2018-12-30T00:00:00.000Z;0.07790243902439024;0.6443414634146342;0.0403390243902439;0.06564634146341464;0.0747560975609756;0.1054658536585366;0.14863902439024393;0.16227804878048782;0.1752780487804878;0.17798536585365854;0.19363658536585365;0.1341268292682927
2019-01-01T00:00:00.000Z;0.06665853658536586;0.3981707317073171;0.05306585365853658;0.07719512195121953;0.08855853658536586;0.11913658536585366;0.16731951219512198;0.18059268292682928;0.19745853658536586;0.19781463414634148;0.2254121951219512;0.1662146341463415
2019-01-04T00:00:00.000Z;0.061;0.365;0.045943902439024395;0.0674829268292683;0.07646829268292683;0.10438048780487805;0.1496341463414634;0.16247073170731707;0.1806829268292683;0.17825365853658537;0.19718536585365853;0.14145121951219514
2019-01-06T00:00:00.000Z;0.07200000000000001;0.4595609756097561;0.04966341463414634;0.07675853658536586;0.08920731707317074;0.12167560975609756;0.1678707317073171;0.18181707317073167;0.1951292682926829;0.19987804878048782;0.2219682926829268;0.16342439024390246
2019-01-09T00:00:00.000Z;0.061;0.6720731707317074;0.04078292682926829;0.06543170731707318;0.07669512195121952;0.10757560975609756;0.1508878048780488;0.1621487804878049;0.17618536585365854;0.17947560975609758;0.19720731707317077;0.13885853658536584
2019-01-11T00:00:00.000Z;0.07200000000000001;0.3059756097560976;0.05467317073170732;0.0791780487804878;0.09176829268292683;0.12297317073170733;0.16907317073170733;0.18229024390243903;0.2017317073170732;0.2001219512195122;0.22650975609756097;0.16832682926829268
2019-01-16T00:00:00.000Z;0.0998048780487805;0.898560975609756;0.05155853658536586;0.07789756097560976;0.09018536585365854;0.12492682926829268;0.1692439024390244;0.18197804878048782;0.19335853658536586;0.2018;0.2234219512195122;0.16292926829268292
2019-01-19T00:00:00.000Z;0.07790243902439024;0.6699268292682926;0.044502439024390245;0.06915121951219512;0.07986097560975611;0.11065121951219513;0.15223170731707317;0.16444634146341464;0.1780390243902439;0.1812219512195122;0.20052439024390245;0.14062682926829267
2019-01-21T00:00:00.000Z;0.07790243902439024;0.7389024390243902;0.05539512195121952;0.07917560975609757;0.09242439024390245;0.12583658536585365;0.17116341463414636;0.1848121951219512;0.19903170731707323;0.2031780487804878;0.23429268292682928;0.1725780487804878
2019-01-24T00:00:00.000Z;;;;;;;;;;;;
2019-01-26T00:00:00.000Z;0.07200000000000001;0.5353902439024391;0.05034146341463415;0.07976585365853658;0.0940829268292683;0.12695609756097562;0.1709170731707317;0.18498048780487805;0.19859756097560977;0.20304146341463414;0.2303;0.16989756097560976
2019-01-29T00:00:00.000Z;0.08890243902439025;1.0950243902439025;0.05333414634146342;0.08065365853658536;0.09404634146341465;0.12959756097560976;0.17660731707317073;0.1908268292682927;0.20105365853658538;0.2112560975609756;0.23058292682926831;0.16441463414634147
2019-01-31T00:00:00.000Z;;;;;;;;;;;;
2019-02-03T00:00:00.000Z;0.07200000000000001;0.4368536585365854;0.048531707317073174;0.07211219512195122;0.0853829268292683;0.11397804878048781;0.15699268292682927;0.1704878048780488;0.1884487804878049;0.18564634146341463;0.2122439024390244;0.15345365853658538
2019-02-05T00:00:00.000Z;0.07790243902439024;0.8890975609756098;0.05375121951219512;0.0829560975609756;0.0982439024390244;0.13116829268292685;0.17494634146341465;0.1888439024390244;0.1988731707317073;0.20752439024390243;0.24011463414634146;0.17750000000000002
2019-02-08T00:00:00.000Z;0.07200000000000001;0.5521219512195122;0.0476;0.07327317073170732;0.08654146341463415;0.11463658536585365;0.1565780487804878;0.16794146341463417;0.18286829268292684;0.18602439024390244;0.21052439024390243;0.14938536585365852
2019-02-10T00:00:00.000Z;0.105;0.673829268292683;0.06045853658536586;0.08416341463414634;0.09759512195121953;0.12727317073170732;0.16846341463414635;0.18288048780487806;0.19545365853658536;0.2000292682926829;0.2258878048780488;0.17089024390243904
2019-02-13T00:00:00.000Z;0.07200000000000001;0.49846341463414634;0.0570609756097561;0.08139756097560977;0.09544146341463415;0.12518048780487806;0.16851707317073172;0.1813658536585366;0.19991707317073168;0.20104146341463414;0.22983414634146343;0.16907317073170733
2019-02-15T00:00:00.000Z;;;;;;;;;;;;
2019-02-18T00:00:00.000Z;0.187;0.7879756097560976;0.06039024390243902;0.08255365853658536;0.09368048780487805;0.12150000000000001;0.1551121951219512;0.1679219512195122;0.17732195121951222;0.18271219512195122;0.19267560975609763;0.13909512195121954
2019-02-20T00:00:00.000Z;0.12165853658536584;0.6899268292682926;0.0643829268292683;0.09060243902439025;0.10561951219512196;0.13820000000000002;0.18295365853658538;0.1964390243902439;0.2114268292682927;0.21560975609756097;0.25609024390243906;0.19140243902439025
2019-02-23T00:00:00.000Z;0.083;0.2970731707317073;0.055080487804878044;0.07963414634146342;0.09441951219512196;0.12133170731707317;0.16313170731707316;0.17620975609756098;0.1962829268292683;0.1940048780487805;0.22786829268292683;0.16885853658536584
2019-02-25T00:00:00.000Z;0.105;0.5251463414634147;0.06147804878048781;0.09125365853658536;0.10960975609756098;0.14401951219512196;0.18635609756097563;0.2001878048780488;0.21512926829268292;0.22089756097560978;0.2590829268292683;0.19187073170731708
2019-02-28T00:00:00.000Z;0.083;0.4520487804878049;0.05380975609756098;0.07911951219512196;0.09358048780487804;0.12029024390243905;0.15707073170731709;0.1696609756097561;0.18404878048780487;0.186219512195122;0.21250000000000002;0.15433170731707319
2019-03-02T00:00:00.000Z;0.07790243902439024;0.5742682926829268;0.07436585365853658;0.10057317073170732;0.1178;0.14941219512195122;0.19234878048780488;0.20711951219512198;0.22275853658536585;0.225819512195122;0.26547073170731705;0.2012609756097561
2019-03-05T00:00:00.000Z;0.127;1.588219512195122;0.06546829268292682;0.08839024390243902;0.10266341463414635;0.13390731707317075;0.17344634146341464;0.1880219512195122;0.1946048780487805;0.20437317073170727;0.24446829268292683;0.1812609756097561
2019-03-07T00:00:00.000Z;0.05;0.5773414634146342;0.07061219512195123;0.10067560975609756;0.1188878048780488;0.15076341463414636;0.1945048780487805;0.20828048780487807;0.22151707317073172;0.2267731707317073;0.2724390243902439;0.20329756097560978
2019-03-10T00:00:00.000Z;0.07790243902439024;0.9479512195121952;0.058826829268292684;0.08577317073170733;0.10199024390243902;0.13260731707317072;0.1704268292682927;0.18510487804878048;0.19473658536585367;0.19976829268292684;0.24144634146341465;0.1731609756097561
2019-03-12T00:00:00.000Z;0.116;0.8993414634146342;0.07279756097560976;0.10143658536585366;0.12061707317073173;0.15262926829268292;0.19658048780487805;0.21146585365853657;0.2245829268292683;0.23195609756097563;0.282809756097561;0.21289756097560977
2019-03-15T00:00:00.000Z;0.07790243902439024;0.647560975609756;0.061243902439024396;0.0875219512195122;0.10618292682926829;0.13484146341463416;0.1740780487804878;0.18759024390243903;0.20269756097560976;0.2046609756097561;0.25145365853658536;0.18824390243902442
2019-03-17T00:00:00.000Z;0.12165853658536584;0.7264878048780488;0.07063414634146342;0.10327073170731708;0.12444146341463416;0.15977804878048782;0.1975048780487805;0.2136170731707317;0.22414634146341464;0.23270975609756098;0.2850390243902439;0.2123414634146341
2019-03-20T00:00:00.000Z;;;;;;;;;;;;
2019-03-22T00:00:00.000Z;0.116;1.115;0.06383333333333334;0.07603333333333334;0.0872;0.12190000000000001;0.159;0.1736;0.1328666666666667;0.189;0.1915;0.17070000000000002
2019-03-25T00:00:00.000Z;0.08890243902439025;0.6421707317073171;0.06858780487804879;0.09542439024390244;0.11452926829268292;0.1432878048780488;0.1805658536585366;0.19558048780487805;0.21045853658536587;0.21330243902439025;0.26235121951219514;0.1967146341463415
2019-03-27T00:00:00.000Z;0.14341463414634145;0.437609756097561;0.07475121951219513;0.1092658536585366;0.13331951219512198;0.1665439024390244;0.2064609756097561;0.2224414634146341;0.23902682926829272;0.24190243902439026;0.2956804878048781;0.22036341463414638
2019-03-30T00:00:00.000Z;0.198;1.0539024390243903;0.06285365853658537;0.09560487804878048;0.11646341463414636;0.1500780487804878;0.1852707317073171;0.19897073170731708;0.21036585365853658;0.21806341463414639;0.2631536585365854;0.18946341463414637
2019-04-01T00:00:00.000Z;;;;;;;;;;;;
2019-04-04T00:00:00.000Z;0.08890243902439025;0.5419756097560976;0.06465853658536586;0.09407804878048781;0.11214634146341464;0.1414219512195122;0.18050243902439025;0.1934268292682927;0.21026341463414638;0.21199512195121953;0.25873902439024393;0.19490975609756098
2019-04-06T00:00:00.000Z;;;;;;;;;;;;
2019-04-09T00:00:00.000Z;0.105;0.7904878048780488;0.0787780487804878;0.10981463414634147;0.12773658536585367;0.16484634146341465;0.20806341463414638;0.22390000000000002;0.23795121951219514;0.24496585365853657;0.2888317073170732;0.20624634146341464
2019-04-11T00:00:00.000Z;0.116;0.674219512195122;0.07628048780487805;0.10810975609756097;0.1283878048780488;0.16235121951219514;0.20586585365853657;0.22016341463414638;0.23669512195121953;0.24063902439024393;0.2933;0.2208439024390244
2019-04-14T00:00:00.000Z;0.05524390243902439;1.1893170731707317;0.06899024390243902;0.09277317073170732;0.1071878048780488;0.13375365853658536;0.1681926829268293;0.1811146341463415;0.1887707317073171;0.19539024390243903;0.23149024390243905;0.17597317073170732
2019-04-16T00:00:00.000Z;0.127;0.6241463414634146;0.08041463414634147;0.11720000000000001;0.14045365853658537;0.17749756097560976;0.21904878048780488;0.23513414634146343;0.248119512195122;0.2548975609756098;0.31156585365853656;0.2356365853658537
2019-04-19T00:00:00.000Z;;;;;;;;;;;;
2019-04-21T00:00:00.000Z;;;;;;;;;;;;
2019-04-24T00:00:00.000Z;0.116;1.1178536585365852;0.06391951219512196;0.09191951219512196;0.10821463414634148;0.1395121951219512;0.18024878048780488;0.19293414634146341;0.20464878048780488;0.2101560975609756;0.2524292682926829;0.18626341463414636
2019-04-26T00:00:00.000Z;0.12165853658536584;0.7367073170731708;0.07913902439024391;0.11499756097560976;0.13591951219512197;0.1731;0.21530975609756098;0.2303731707317073;0.24324878048780488;0.2486170731707317;0.3012634146341464;0.2302414634146341
2019-04-29T00:00:00.000Z;0.1325121951219512;1.1263170731707317;0.08039756097560977;0.1106439024390244;0.12853658536585366;0.1642146341463415;0.20701463414634147;0.22074634146341465;0.22846341463414638;0.24049024390243903;0.28023902439024395;0.20963658536585367
2019-05-01T00:00:00.000Z;;;;;;;;;;;;
2019-05-04T00:00:00.000Z;0.094;0.7514878048780488;0.07366341463414634;0.10480243902439025;0.12321463414634148;0.15353902439024392;0.19819756097560975;0.21289756097560977;0.2280292682926829;0.23009268292682927;0.2814780487804878;0.21742439024390242
2019-05-06T00:00:00.000Z;;;;;;;;;;;;
2019-05-09T00:00:00.000Z;0.12165853658536584;1.920658536585366;0.09101707317073171;0.1210219512195122;0.13929756097560977;0.17764878048780489;0.222919512195122;0.23950243902439025;0.24161951219512198;0.2586634146341464;0.30474634146341467;0.2257609756097561
2019-05-11T00:00:00.000Z;0.116;1.5907317073170733;0.09202682926829268;0.12694146341463416;0.1477829268292683;0.1847731707317073;0.23278536585365853;0.2510341463414634;0.2575829268292683;0.26979756097560975;0.33028536585365853;0.2592
2019-05-14T00:00:00.000Z;0.08890243902439025;0.822780487804878;0.0766829268292683;0.1073219512195122;0.12642439024390245;0.15861463414634147;0.20396585365853662;0.22044634146341466;0.2342439024390244;0.2375756097560976;0.2862585365853659;0.22015121951219513
2019-05-16T00:00:00.000Z;0.16;1.4911463414634147;0.08992926829268293;0.12802926829268294;0.1491439024390244;0.19049512195121954;0.23962439024390242;0.25480975609756096;0.2610926829268293;0.2763707317073171;0.33077804878048783;0.2497829268292683
2019-05-19T00:00:00.000Z;0.05524390243902439;0.8516829268292683;0.08994634146341464;0.12155121951219512;0.13834146341463416;0.17431219512195123;0.22266585365853658;0.23862439024390242;0.2522390243902439;0.2585804878048781;0.2987390243902439;0.21968536585365853
2019-05-24T00:00:00.000Z;;;;;;;;;;;;
2019-05-26T00:00:00.000Z;0.083;1.3909024390243903;0.0941439024390244;0.13401707317073172;0.15501951219512197;0.19749024390243905;0.24548048780487808;0.26219756097560976;0.27017804878048785;0.28332439024390244;0.34212195121951217;0.2612951219512195
2019-05-29T00:00:00.000Z;0.094;0.9016585365853659;0.0759439024390244;0.1111439024390244;0.13135853658536586;0.1667829268292683;0.20939512195121954;0.2246390243902439;0.23729756097560978;0.24392439024390242;0.2901682926829268;0.2164170731707317
2019-05-31T00:00:00.000Z;0.127;1.0369512195121953;0.09549268292682926;0.13413658536585366;0.1559609756097561;0.196;0.2461487804878049;0.26232926829268294;0.27492926829268294;0.28098292682926834;0.34033902439024394;0.26717804878048784
2019-06-03T00:00:00.000Z;0.127;1.2680731707317072;0.0853609756097561;0.11682682926829269;0.13629268292682928;0.1712439024390244;0.21615121951219513;0.2330487804878049;0.24333658536585367;0.2507731707317073;0.3007658536585366;0.23222439024390243
2019-06-05T00:00:00.000Z;;;;;;;;;;;;
2019-06-08T00:00:00.000Z;0.187;1.8165853658536586;0.08291951219512196;0.12043414634146342;0.1405780487804878;0.1797268292682927;0.22359756097560976;0.23912439024390242;0.24326829268292682;0.25870975609756097;0.3080341463414634;0.2271439024390244
2019-06-13T00:00:00.000Z;0.231;1.9409024390243903;0.08484146341463415;0.11921951219512196;0.14064878048780488;0.1768487804878049;0.2197048780487805;0.23851463414634147;0.24280487804878048;0.2562170731707317;0.3039048780487805;0.2310487804878049
2019-06-15T00:00:00.000Z;0.05;0.7307317073170732;0.09468780487804879;0.13502682926829268;0.1595658536585366;0.199619512195122;0.24413658536585367;0.2617731707317073;0.27478536585365854;0.28186585365853656;0.3453731707317073;0.2636170731707317
2019-06-18T00:00:00.000Z;0.1108048780487805;1.0249756097560976;0.07901463414634147;0.11547073170731709;0.13847560975609757;0.1747878048780488;0.21410975609756097;0.22849024390243905;0.2391365853658537;0.24653414634146345;0.30084634146341466;0.22212439024390243
2019-06-20T00:00:00.000Z;0.1108048780487805;1.1215853658536585;0.10012682926829268;0.13999024390243903;0.16546341463414635;0.20568536585365851;0.25002439024390244;0.26630975609756097;0.27814634146341466;0.28621463414634146;0.35279756097560977;0.27499268292682927
2019-06-23T00:00:00.000Z;0.14341463414634145;1.3708292682926828;0.08323658536585367;0.11865121951219512;0.14143902439024392;0.17637317073170733;0.21502195121951218;0.2322487804878049;0.2415804878048781;0.2506609756097561;0.3090707317073171;0.2358731707317073
2019-06-25T00:00:00.000Z;0.1325121951219512;1.6375853658536585;0.09698048780487804;0.1381658536585366;0.16390000000000002;0.20650487804878048;0.24470243902439026;0.262209756097561;0.2673731707317073;0.2834292682926829;0.349109756097561;0.26361463414634145
2019-06-28T00:00:00.000Z;0.176;1.342390243902439;0.08217073170731708;0.11823414634146341;0.14167804878048781;0.17733902439024393;0.21339024390243905;0.23;0.23727804878048783;0.2494268292682927;0.3010878048780488;0.22085365853658537
2019-06-30T00:00:00.000Z;0.176;1.0856097560975608;0.10091219512195122;0.1399926829268293;0.1669121951219512;0.20358048780487806;0.24552682926829272;0.2633414634146341;0.27622682926829273;0.2844414634146341;0.3525243902439024;0.2740365853658537
2019-07-03T00:00:00.000Z;0.16;1.3651951219512195;0.0816170731707317;0.11709268292682928;0.14158048780487806;0.17673658536585365;0.2138219512195122;0.22978536585365852;0.23969756097560976;0.24948292682926831;0.3120292682926829;0.23562439024390242
2019-07-05T00:00:00.000Z;0.28;1.9676829268292684;0.09196585365853659;0.13805853658536585;0.16547560975609757;0.2091829268292683;0.2464365853658537;0.2637853658536585;0.2665365853658537;0.28591707317073173;0.34855853658536584;0.2594804878048781
2019-07-08T00:00:00.000Z;;;;;;;;;;;;
2019-07-10T00:00:00.000Z;0.127;1.3838048780487804;0.10149268292682927;0.13977073170731708;0.1667658536585366;0.2063609756097561;0.24595853658536584;0.2612853658536585;0.2730634146341464;0.2823073170731708;0.3560731707317073;0.2738658536585366
2019-07-13T00:00:00.000Z;;;;;;;;;;;;
2019-07-15T00:00:00.000Z;0.127;1.93119512195122;0.09453170731707318;0.13872439024390246;0.1683560975609756;0.2110609756097561;0.2464317073170732;0.2633048780487805;0.26578048780487806;0.2858512195121951;0.3583609756097561;0.2676512195121951
2019-07-18T00:00:00.000Z;0.1108048780487805;1.986658536585366;0.0834609756097561;0.1180341463414634;0.14198048780487804;0.1797048780487805;0.2106878048780488;0.2255878048780488;0.22884390243902442;0.24487804878048783;0.30439756097560977;0.22120243902439024
2019-07-20T00:00:00.000Z;0.4158048780487805;2.1409024390243903;0.08835609756097561;0.12701707317073171;0.15103170731707316;0.19014146341463414;0.222419512195122;0.24138048780487809;0.24419512195121953;0.2595292682926829;0.3086024390243903;0.22502195121951218
2019-07-23T00:00:00.000Z;0.3070731707317073;1.6680731707317074;0.07946341463414634;0.11795609756097561;0.1447170731707317;0.18187560975609762;0.21530243902439025;0.23203658536585367;0.23926341463414638;0.25152682926829273;0.30866341463414637;0.2312439024390244
2019-07-25T00:00:00.000Z;0.22;1.6177560975609757;0.09393170731707318;0.13831707317073172;0.16787317073170732;0.2098878048780488;0.24404634146341464;0.2601829268292683;0.2662121951219512;0.2817512195121951;0.3503292682926829;0.26047804878048786
2019-07-28T00:00:00.000Z;;;;;;;;;;;;
2019-07-30T00:00:00.000Z;0.187;1.3741219512195122;0.09951219512195122;0.13999024390243903;0.168609756097561;0.2086;0.24369024390243904;0.2598219512195122;0.2701292682926829;0.2806634146341464;0.3483756097560976;0.2639170731707317
2019-08-02T00:00:00.000Z;0.0998048780487805;1.853268292682927;0.08358048780487805;0.11551463414634147;0.14135853658536585;0.17781951219512196;0.20691219512195122;0.22337317073170732;0.23049268292682928;0.24294390243902442;0.30492439024390244;0.22712195121951217
2019-08-04T00:00:00.000Z;0.22551219512195123;1.5260975609756098;0.09000731707317074;0.13240000000000002;0.16337317073170732;0.20678292682926833;0.2408756097560976;0.2557439024390244;0.2626439024390244;0.2788292682926829;0.3468756097560976;0.25503658536585366
2019-08-07T00:00:00.000Z;;;;;;;;;;;;
2019-08-09T00:00:00.000Z;0.061;0.6535853658536586;0.0965609756097561;0.13484878048780488;0.1644780487804878;0.2008731707317073;0.23711219512195122;0.25311951219512197;0.27005365853658536;0.2744780487804878;0.3446926829268293;0.26175853658536585
2019-08-12T00:00:00.000Z;;;;;;;;;;;;
2019-08-14T00:00:00.000Z;0.21465853658536585;1.8656097560975609;0.08858780487804878;0.13179512195121953;0.16208048780487805;0.20685365853658538;0.2382170731707317;0.25279024390243904;0.2563219512195122;0.27512439024390245;0.34167317073170733;0.2487365853658537
2019-08-17T00:00:00.000Z;0.2362439024390244;1.9055853658536586;0.07160975609756098;0.1112829268292683;0.13869756097560976;0.17873902439024392;0.20694634146341465;0.22049756097560977;0.2255268292682927;0.24229756097560978;0.2992317073170732;0.21187804878048783
2019-08-19T00:00:00.000Z;0.2362439024390244;1.7695609756097561;0.09088048780487805;0.1320439024390244;0.16208292682926828;0.20570731707317078;0.2360682926829268;0.2542487804878049;0.25939512195121955;0.2733439024390244;0.34495853658536585;0.2586439024390244
2019-08-22T00:00:00.000Z;0.231;1.7611463414634148;0.06917073170731708;0.10495365853658536;0.12897560975609756;0.16899756097560978;0.1986926829268293;0.21398048780487808;0.21995609756097562;0.2312121951219512;0.28786829268292685;0.2109926829268293
2019-08-24T00:00:00.000Z;0.22;1.2152439024390245;0.08163902439024391;0.12381463414634147;0.1508219512195122;0.19525853658536585;0.22754390243902442;0.24231463414634147;0.25047317073170733;0.2629731707317073;0.3282073170731708;0.2427926829268293
2019-08-27T00:00:00.000Z;0.4377560975609756;1.9743170731707322;0.06678048780487805;0.10729512195121953;0.13259756097560976;0.17500731707317074;0.2062439024390244;0.21932439024390243;0.22237073170731705;0.23868536585365852;0.2927317073170732;0.20817560975609758
2019-08-29T00:00:00.000Z;;;;;;;;;;;;
2019-09-01T00:00:00.000Z;0.21465853658536585;2.065292682926829;0.07135365853658536;0.10451219512195122;0.12803170731707317;0.16579024390243904;0.1959292682926829;0.21029024390243906;0.2141756097560976;0.2274219512195122;0.2911560975609756;0.21649756097560977
2019-09-03T00:00:00.000Z;0.2638048780487805;2.314219512195122;0.07918048780487805;0.11923170731707317;0.1465487804878049;0.19352439024390244;0.2218853658536585;0.2355878048780488;0.23570243902439025;0.2579292682926829;0.3234292682926829;0.23822439024390243
2019-09-06T00:00:00.000Z;;;;;;;;;;;;
2019-09-08T00:00:00.000Z;;;;;;;;;;;;
2019-09-11T00:00:00.000Z;;;;;;;;;;;;
2019-09-13T00:00:00.000Z;;;;;;;;;;;;
2019-09-16T00:00:00.000Z;;;;;;;;;;;;
2019-09-18T00:00:00.000Z;0.209;1.8358048780487806;0.0674609756097561;0.09978048780487805;0.11655853658536586;0.15658536585365854;0.1945219512195122;0.20809756097560977;0.21265121951219512;0.2255609756097561;0.2801512195121951;0.2076268292682927
2019-09-21T00:00:00.000Z;;;;;;;;;;;;
2019-09-26T00:00:00.000Z;0.116;1.9279268292682927;0.05934634146341464;0.08849756097560976;0.10441707317073172;0.13779024390243905;0.1752219512195122;0.18839268292682929;0.19175121951219512;0.20550731707317077;0.2501853658536585;0.1822048780487805
2019-09-28T00:00:00.000Z;;;;;;;;;;;;
2019-10-01T00:00:00.000Z;0.12165853658536584;1.3647317073170733;0.061690243902439025;0.08769756097560977;0.10365365853658537;0.13378048780487806;0.1728;0.188009756097561;0.19506829268292686;0.20451951219512202;0.2517463414634146;0.18744634146341466
2019-10-03T00:00:00.000Z;0.127;0.9680731707317074;0.06608780487804879;0.09976341463414634;0.11833658536585365;0.1524658536585366;0.1954829268292683;0.21165853658536585;0.21812926829268292;0.2280731707317073;0.27715365853658536;0.20576829268292682
2019-10-06T00:00:00.000Z;0.116;1.2829512195121953;0.05718536585365854;0.0859780487804878;0.10176097560975611;0.13244146341463417;0.17256829268292684;0.18679756097560976;0.19327317073170727;0.20171707317073168;0.24488536585365853;0.17449512195121952
2019-10-08T00:00:00.000Z;0.138;2.2721219512195123;0.06826097560975611;0.09620731707317075;0.1126;0.14770243902439026;0.1915560975609756;0.20892195121951218;0.20947073170731706;0.2250609756097561;0.27951219512195125;0.20929512195121952
2019-10-11T00:00:00.000Z;0.105;1.4595526315789473;0.06773684210526316;0.09105263157894737;0.10375263157894737;0.1334657894736842;0.1759315789473684;0.19127105263157893;0.19991052631578948;0.2082842105263158;0.24884473684210526;0.1840657894736842
2019-10-13T00:00:00.000Z;0.15414634146341466;1.530219512195122;0.06234634146341464;0.09379512195121952;0.11157073170731709;0.14624878048780487;0.18965365853658536;0.2032292682926829;0.20794878048780488;0.22134146341463412;0.2677878048780488;0.1964390243902439
2019-10-16T00:00:00.000Z;0.0998048780487805;1.0579512195121952;0.05257073170731708;0.08035853658536586;0.09533658536585367;0.1255560975609756;0.16690731707317075;0.18051707317073168;0.1902439024390244;0.19816341463414636;0.23456341463414637;0.16765365853658537
2019-10-18T00:00:00.000Z;;;;;;;;;;;;
2019-10-21T00:00:00.000Z;0.14341463414634145;1.0973902439024392;0.055585365853658544;0.08059268292682926;0.09500243902439025;0.12563414634146342;0.1695341463414634;0.18430975609756098;0.19538048780487804;0.2005829268292683;0.2381878048780488;0.17292926829268293
2019-10-23T00:00:00.000Z;;;;;;;;;;;;
2019-10-26T00:00:00.000Z;0.0998048780487805;0.9920975609756097;0.04484634146341463;0.0714219512195122;0.08430243902439025;0.11527317073170733;0.15749512195121954;0.1688609756097561;0.18059512195121952;0.18489268292682928;0.21371463414634145;0.14760975609756097
2019-10-28T00:00:00.000Z;;;;;;;;;;;;
2019-10-31T00:00:00.000Z;;;;;;;;;;;;
2019-11-02T00:00:00.000Z;0.138;1.6721707317073171;0.06575853658536586;0.09483170731707317;0.1078341463414634;0.14450000000000002;0.19500975609756097;0.21019024390243904;0.2122926829268293;0.2298170731707317;0.26745365853658537;0.19266341463414635
2019-11-05T00:00:00.000Z;0.0998048780487805;0.854829268292683;0.05425121951219512;0.08033658536585367;0.09285609756097561;0.1256121951219512;0.17175609756097562;0.18639268292682928;0.1996829268292683;0.2052292682926829;0.23403902439024393;0.16323658536585364
2019-11-07T00:00:00.000Z;0.1108048780487805;1.5839268292682929;0.06667560975609757;0.09207073170731708;0.1049658536585366;0.14030243902439024;0.19259512195121953;0.21054634146341464;0.21517073170731707;0.22830243902439026;0.26904390243902443;0.19895609756097563
2019-11-10T00:00:00.000Z;0.1108048780487805;0.6544878048780488;0.05046829268292683;0.07389756097560976;0.08565365853658537;0.11492439024390244;0.1617341463414634;0.17592439024390244;0.19066341463414635;0.19175853658536585;0.21791219512195123;0.15710731707317074
2019-11-12T00:00:00.000Z;0.094;0.9457317073170732;0.05156341463414634;0.08126585365853659;0.09509756097560976;0.12710975609756098;0.17577317073170734;0.18860731707317077;0.19744634146341464;0.20714878048780488;0.23834634146341466;0.17330975609756097
2019-11-15T00:00:00.000Z;;;;;;;;;;;;
2019-11-17T00:00:00.000Z;0.0998048780487805;1.2163414634146341;0.062065853658536584;0.08846585365853658;0.1011829268292683;0.13369756097560975;0.1850658536585366;0.20225853658536586;0.21120975609756099;0.2197609756097561;0.25315853658536586;0.18717073170731707
2019-11-20T00:00:00.000Z;;;;;;;;;;;;
2019-11-22T00:00:00.000Z;;;;;;;;;;;;
2019-11-25T00:00:00.000Z;0.055;1.2641666666666667;0.062725;0.07892916666666666;0.08320833333333334;0.11104166666666668;0.15380833333333332;0.16522916666666668;0.17067500000000002;0.17912083333333334;0.18512083333333335;0.12671666666666667
2019-11-27T00:00:00.000Z;;;;;;;;;;;;
2019-11-30T00:00:00.000Z;0.07790243902439024;1.4295853658536586;0.043895121951219515;0.06717560975609756;0.07611219512195122;0.10633902439024391;0.15283414634146342;0.16562926829268293;0.17385853658536585;0.18229024390243903;0.20446585365853662;0.1439926829268293
2019-12-02T00:00:00.000Z;;;;;;;;;;;;
2019-12-05T00:00:00.000Z;;;;;;;;;;;;
2019-12-07T00:00:00.000Z;0.138;1.3999268292682927;0.044848780487804885;0.0660829268292683;0.07486341463414635;0.10607073170731708;0.15564634146341463;0.16809268292682927;0.17510731707317073;0.18380975609756098;0.1989048780487805;0.13730975609756096
2019-12-10T00:00:00.000Z;0.06665853658536586;0.3689756097560976;0.04247317073170732;0.06295121951219512;0.07193902439024391;0.09853170731707318;0.14424146341463417;0.15826341463414637;0.1751707317073171;0.1739658536585366;0.18933902439024392;0.1328878048780488
2019-12-12T00:00:00.000Z;0.105;0.9383658536585366;0.04536829268292683;0.0704780487804878;0.08027073170731708;0.11225365853658537;0.15901707317073172;0.17143658536585366;0.17853170731707318;0.1875609756097561;0.2014609756097561;0.14389756097560977
2019-12-15T00:00:00.000Z;0.07200000000000001;0.9233170731707318;0.03976829268292683;0.06388048780487805;0.07319756097560977;0.10232439024390244;0.14904634146341464;0.16253902439024392;0.1710146341463415;0.17776585365853662;0.19067560975609762;0.13073902439024393
2019-12-17T00:00:00.000Z;;;;;;;;;;;;
2019-12-20T00:00:00.000Z;;;;;;;;;;;;
2019-12-22T00:00:00.000Z;0.083;1.2555121951219512;0.04487073170731708;0.07054146341463415;0.08150487804878048;0.11475609756097561;0.1623268292682927;0.17544878048780488;0.1814048780487805;0.1920707317073171;0.21241951219512198;0.15301463414634148
2019-12-25T00:00:00.000Z;0.061;0.539829268292683;0.03771707317073171;0.06121951219512196;0.07061219512195123;0.09935853658536586;0.14615121951219512;0.16037317073170732;0.17413658536585366;0.17763658536585367;0.18792682926829268;0.12877560975609756
2019-12-27T00:00:00.000Z;0.0998048780487805;1.1029268292682928;0.05058780487804878;0.0704;0.07982926829268293;0.10836829268292685;0.15361707317073173;0.16889512195121953;0.17550487804878048;0.18331707317073168;0.19570975609756097;0.14235609756097561
2019-12-30T00:00:00.000Z;;;;;;;;;;;;
2020-01-01T00:00:00.000Z;0.07200000000000001;0.422609756097561;0.04925609756097561;0.07327560975609756;0.08253170731707318;0.11277560975609757;0.1608780487804878;0.17524634146341464;0.19025121951219512;0.19251219512195122;0.2037658536585366;0.15305365853658537
2020-01-04T00:00:00.000Z;0.116;0.8476097560975611;0.04275121951219512;0.06326585365853658;0.07154634146341464;0.10082682926829269;0.14729512195121952;0.16005121951219514;0.17049756097560978;0.1754609756097561;0.1863292682926829;0.12708292682926828
2020-01-06T00:00:00.000Z;0.083;0.5704634146341464;0.05012926829268293;0.07207560975609756;0.08289512195121952;0.11188292682926829;0.16315853658536586;0.17763170731707317;0.19278048780487805;0.1946878048780488;0.21763902439024393;0.15581951219512197
2020-01-09T00:00:00.000Z;0.0998048780487805;1.0596829268292685;0.04806585365853659;0.06781219512195122;0.07528048780487805;0.10430487804878048;0.1524146341463415;0.1656560975609756;0.1768146341463415;0.18074634146341464;0.19885853658536587;0.1412609756097561
2020-01-11T00:00:00.000Z;0.08890243902439025;0.7759268292682927;0.046782926829268295;0.07334634146341464;0.0845439024390244;0.1184;0.16539024390243903;0.1794;0.18865609756097562;0.19699512195121952;0.2162731707317073;0.15609512195121952
2020-01-14T00:00:00.000Z;0.07200000000000001;0.2912682926829268;0.0395219512195122;0.06163414634146342;0.07365121951219512;0.1017219512195122;0.1478487804878049;0.16015121951219513;0.17741463414634148;0.1769609756097561;0.1897756097560976;0.1311219512195122
2020-01-16T00:00:00.000Z;0.0998048780487805;0.8800731707317074;0.052117073170731706;0.07471463414634147;0.0859;0.11754146341463416;0.1666048780487805;0.17915365853658538;0.1912560975609756;0.19619024390243905;0.2227829268292683;0.1636
2020-01-19T00:00:00.000Z;;;;;;;;;;;;
2020-01-21T00:00:00.000Z;;;;;;;;;;;;
2020-01-24T00:00:00.000Z;;;;;;;;;;;;
2020-01-26T00:00:00.000Z;;;;;;;;;;;;
2020-01-29T00:00:00.000Z;;;;;;;;;;;;
2020-01-31T00:00:00.000Z;0.094;1.628695652173913;0.009656521739130435;0.013930434782608697;0.01372608695652174;0.0212304347826087;0.031017391304347827;0.033647826086956524;0.0345;0.037508695652173914;0.041143478260869566;0.028908695652173914
2020-02-03T00:00:00.000Z;0.083;0.659219512195122;0.046817073170731714;0.06956341463414635;0.07881707317073171;0.10736341463414635;0.1495878048780488;0.16368536585365853;0.17700487804878048;0.18094390243902442;0.19640975609756098;0.13757560975609756
2020-02-05T00:00:00.000Z;;;;;;;;;;;;
2020-02-08T00:00:00.000Z;;;;;;;;;;;;
2020-02-10T00:00:00.000Z;0.0998048780487805;1.5336829268292684;0.05100731707317073;0.07729512195121951;0.08980487804878048;0.12451951219512196;0.16873170731707318;0.18350731707317078;0.18828292682926828;0.20174634146341464;0.23141463414634147;0.1690439024390244
2020-02-13T00:00:00.000Z;0.121;1.25975;0.077;0.097775;0.10505;0.137875;0.18645;0.2016;0.2129;0.217225;0.225775;0.16195
2020-02-15T00:00:00.000Z;0.116;1.0983902439024391;0.058602439024390246;0.08262682926829268;0.0942609756097561;0.12480000000000001;0.17478536585365853;0.18819756097560977;0.19877317073170728;0.2052390243902439;0.240409756097561;0.17780243902439025
2020-02-18T00:00:00.000Z;;;;;;;;;;;;
2020-02-20T00:00:00.000Z;0.1108048780487805;0.488609756097561;0.053314634146341466;0.08188536585365855;0.0959439024390244;0.12745121951219512;0.17533170731707318;0.18985121951219514;0.20333902439024393;0.2081268292682927;0.2368878048780488;0.17290731707317072
2020-02-23T00:00:00.000Z;0.08890243902439025;0.4156341463414634;0.046134146341463414;0.0714609756097561;0.08377317073170733;0.11093414634146341;0.1547658536585366;0.16823170731707318;0.18424878048780488;0.18468536585365852;0.2096073170731708;0.1490487804878049
2020-02-25T00:00:00.000Z;0.1325121951219512;0.6836585365853658;0.06483170731707318;0.09118780487804878;0.10605853658536585;0.13865365853658537;0.19175365853658538;0.20863902439024393;0.2198853658536585;0.22676585365853658;0.26173902439024394;0.19534146341463415
2020-02-28T00:00:00.000Z;0.1108048780487805;0.614829268292683;0.07089756097560976;0.0916048780487805;0.10110487804878049;0.12593170731707318;0.16992439024390243;0.18354146341463415;0.19658048780487805;0.19674146341463414;0.21604878048780488;0.1610878048780488
2020-03-01T00:00:00.000Z;;;;;;;;;;;;
2020-03-04T00:00:00.000Z;;;;;;;;;;;;
2020-03-06T00:00:00.000Z;;;;;;;;;;;;
2020-03-09T00:00:00.000Z;;;;;;;;;;;;
2020-03-11T00:00:00.000Z;0.127;1.2230731707317073;0.06197804878048781;0.09225609756097561;0.10868048780487805;0.1444560975609756;0.1893609756097561;0.20478048780487806;0.2125317073170732;0.22433902439024392;0.26437073170731706;0.1948219512195122
2020-03-14T00:00:00.000Z;0.094;1.308609756097561;0.0686780487804878;0.0921439024390244;0.10475365853658537;0.13504634146341465;0.17693414634146343;0.19104146341463413;0.19825365853658536;0.2090756097560976;0.23187560975609758;0.16675853658536585
2020-03-16T00:00:00.000Z;;;;;;;;;;;;
2020-03-19T00:00:00.000Z;;;;;;;;;;;;
2020-03-21T00:00:00.000Z;;;;;;;;;;;;
2020-03-24T00:00:00.000Z;;;;;;;;;;;;
2020-03-26T00:00:00.000Z;0.198;0.4457317073170732;0.05920975609756098;0.08826341463414634;0.10174634146341464;0.13345853658536586;0.1832;0.19932926829268288;0.21552682926829272;0.21745365853658538;0.2481487804878049;0.17998048780487805
2020-03-29T00:00:00.000Z;0.14341463414634145;0.996;0.05361707317073171;0.07843658536585367;0.08980975609756098;0.12013658536585366;0.1660341463414634;0.18006829268292684;0.19079024390243904;0.1941829268292683;0.22618048780487807;0.1623878048780488
2020-03-31T00:00:00.000Z;;;;;;;;;;;;
2020-04-03T00:00:00.000Z;;;;;;;;;;;;
2020-04-05T00:00:00.000Z;0.19297560975609757;1.2951707317073171;0.06989512195121952;0.10024878048780489;0.11340975609756097;0.15002926829268293;0.20029024390243905;0.2168439024390244;0.2253853658536585;0.23401219512195123;0.2753609756097561;0.20577804878048783
2020-04-08T00:00:00.000Z;0.176;1.3119024390243903;0.06472682926829268;0.0924219512195122;0.10510243902439025;0.13899756097560975;0.18879512195121953;0.20552926829268292;0.21479512195121953;0.22197073170731707;0.2591268292682927;0.19319512195121952
2020-04-10T00:00:00.000Z;;;;;;;;;;;;
2020-04-13T00:00:00.000Z;0.2362439024390244;1.3697317073170732;0.05517804878048781;0.08132682926829268;0.0938390243902439;0.12881463414634148;0.17403170731707318;0.1904707317073171;0.1923756097560976;0.207909756097561;0.22660243902439026;0.1546951219512195
2020-04-15T00:00:00.000Z;;;;;;;;;;;;
2020-04-18T00:00:00.000Z;;;;;;;;;;;;
2020-04-20T00:00:00.000Z;;;;;;;;;;;;
2020-04-23T00:00:00.000Z;;;;;;;;;;;;
2020-04-25T00:00:00.000Z;;;;;;;;;;;;
2020-04-28T00:00:00.000Z;;;;;;;;;;;;
2020-04-30T00:00:00.000Z;0.15414634146341466;1.2313658536585366;0.08427560975609756;0.11710000000000001;0.13097073170731707;0.17061219512195122;0.22312439024390243;0.24009268292682928;0.2467560975609756;0.2600439024390244;0.30187804878048785;0.23013902439024392
2020-05-03T00:00:00.000Z;0.127;0.7659756097560976;0.06515365853658536;0.09312926829268292;0.10541951219512197;0.13593170731707316;0.18005853658536586;0.1939121951219512;0.20463414634146343;0.21041951219512198;0.23733658536585367;0.1751439024390244
2020-05-05T00:00:00.000Z;;;;;;;;;;;;
2020-05-08T00:00:00.000Z;;;;;;;;;;;;
2020-05-10T00:00:00.000Z;;;;;;;;;;;;
2020-05-13T00:00:00.000Z;0.105;1.1269512195121951;0.08257317073170732;0.11122926829268293;0.1223780487804878;0.16019512195121952;0.21387804878048783;0.23104634146341466;0.24199512195121953;0.25055609756097563;0.2801487804878049;0.20010243902439026
2020-05-15T00:00:00.000Z;;;;;;;;;;;;
2020-05-18T00:00:00.000Z;0.16;1.0143170731707318;0.061553658536585364;0.09109756097560977;0.10259268292682928;0.13670487804878048;0.18685365853658537;0.2026219512195122;0.21470243902439026;0.2201951219512195;0.2580878048780488;0.18994634146341466
2020-05-20T00:00:00.000Z;0.1325121951219512;1.343829268292683;0.07861951219512196;0.1148219512195122;0.13002926829268294;0.17051951219512196;0.22400975609756096;0.23942439024390244;0.24649512195121953;0.2592853658536585;0.31297804878048785;0.23721463414634147
2020-05-23T00:00:00.000Z;0.2362439024390244;1.7571219512195122;0.07426829268292683;0.10668292682926829;0.11958536585365853;0.1573560975609756;0.206919512195122;0.2237731707317073;0.22695121951219513;0.2419634146341464;0.27617317073170733;0.2025707317073171
2020-05-25T00:00:00.000Z;;;;;;;;;;;;
2020-05-28T00:00:00.000Z;0.247;1.6103170731707317;0.06956585365853658;0.10087317073170732;0.11419268292682928;0.15049756097560976;0.2027219512195122;0.22012439024390243;0.22758536585365852;0.2375756097560976;0.2770170731707317;0.2109926829268293
2020-05-30T00:00:00.000Z;0.15414634146341466;0.985219512195122;0.08322439024390245;0.1208658536585366;0.1373048780487805;0.17744878048780488;0.23218048780487807;0.2500292682926829;0.2599682926829268;0.2699560975609756;0.3188658536585366;0.242909756097561
2020-06-02T00:00:00.000Z;;;;;;;;;;;;
2020-06-04T00:00:00.000Z;;;;;;;;;;;;
2020-06-07T00:00:00.000Z;;;;;;;;;;;;
2020-06-09T00:00:00.000Z;;;;;;;;;;;;
2020-06-12T00:00:00.000Z;0.116;1.0924634146341463;0.0702219512195122;0.10345121951219513;0.1187658536585366;0.15619268292682928;0.2023;0.2181317073170732;0.2290048780487805;0.23693658536585369;0.2792292682926829;0.2056170731707317
2020-06-14T00:00:00.000Z;0.16;1.3386829268292684;0.09186829268292683;0.12725121951219512;0.14391219512195122;0.18398292682926828;0.23723414634146345;0.2530804878048781;0.2627756097560976;0.27328048780487807;0.3287536585365854;0.2563414634146341
2020-06-17T00:00:00.000Z;0.149;1.8648536585365854;0.08826341463414634;0.11869268292682927;0.13241463414634147;0.17182439024390245;0.2215878048780488;0.24170243902439026;0.2474926829268293;0.2608268292682927;0.3087682926829268;0.23341219512195122
2020-06-19T00:00:00.000Z;;;;;;;;;;;;
2020-06-22T00:00:00.000Z;0.176;1.665048780487805;0.0742170731707317;0.1074219512195122;0.1254829268292683;0.16412439024390243;0.20402439024390245;0.2204268292682927;0.2258;0.2405731707317073;0.2876292682926829;0.21089512195121954
2020-06-24T00:00:00.000Z;;;;;;;;;;;;
2020-06-27T00:00:00.000Z;;;;;;;;;;;;
2020-06-29T00:00:00.000Z;0.198;1.367121951219512;0.08574146341463415;0.1259121951219512;0.14708048780487806;0.19239756097560975;0.2349292682926829;0.25211951219512196;0.26103414634146344;0.27436829268292684;0.3362707317073171;0.2512439024390244
2020-07-02T00:00:00.000Z;0.1108048780487805;0.9618780487804878;0.07460975609756099;0.10825609756097561;0.1272878048780488;0.16284146341463415;0.20224634146341464;0.2174048780487805;0.2287219512195122;0.2381292682926829;0.28550975609756096;0.2087609756097561
2020-07-04T00:00:00.000Z;0.12165853658536584;1.592219512195122;0.09417317073170732;0.1287146341463415;0.14941463414634149;0.19304146341463413;0.2355878048780488;0.2537487804878049;0.2622756097560976;0.2737341463414634;0.33796097560975613;0.25580243902439026
2020-07-07T00:00:00.000Z;0.2038048780487805;1.463219512195122;0.07600487804878049;0.10919268292682928;0.12783414634146342;0.16468048780487804;0.2024756097560976;0.22136341463414638;0.22966341463414638;0.2395609756097561;0.2945487804878049;0.2194878048780488
2020-07-09T00:00:00.000Z;0.32358536585365855;2.545073170731708;0.055365853658536586;0.09143170731707317;0.10879756097560976;0.14499024390243903;0.1761926829268293;0.18795365853658538;0.1931609756097561;0.20709024390243905;0.2452926829268293;0.16658292682926829
2020-07-12T00:00:00.000Z;0.38334146341463415;2.1330243902439023;0.06647804878048781;0.10799024390243904;0.12964634146341464;0.17180975609756097;0.21007073170731708;0.2268878048780488;0.23055121951219512;0.2498317073170732;0.29444634146341464;0.20811463414634146
2020-07-14T00:00:00.000Z;;;;;;;;;;;;
2020-07-17T00:00:00.000Z;0.209;2.215317073170732;0.07347073170731708;0.10690000000000001;0.12615121951219513;0.16504146341463416;0.2031926829268293;0.22032682926829272;0.22060000000000002;0.23879756097560978;0.29350975609756097;0.22127073170731706
2020-07-19T00:00:00.000Z;0.2638048780487805;1.9896341463414635;0.08313658536585367;0.12407804878048781;0.1460268292682927;0.19270975609756097;0.23379512195121951;0.2499048780487805;0.252509756097561;0.27233902439024393;0.3351682926829268;0.24718292682926832
2020-07-22T00:00:00.000Z;0.16;1.123625;0.061075000000000004;0.0777125;0.099625;0.1277375;0.1625;0.188225;0.10940000000000001;0.2224625;0.1891625;0.1799625
2020-07-24T00:00:00.000Z;0.19297560975609757;2.1455609756097562;0.08527804878048781;0.09285121951219512;0.10873170731707317;0.12217560975609756;0.1252658536585366;0.13434146341463415;0.13272682926829268;0.14376341463414635;0.24344390243902442;0.2567317073170732
2020-07-27T00:00:00.000Z;0.2746585365853659;1.753170731707317;0.06645121951219513;0.07954878048780488;0.09898048780487805;0.11141951219512196;0.11681463414634148;0.12587560975609757;0.12869512195121952;0.13681219512195122;0.23223902439024394;0.23735365853658538
2020-07-29T00:00:00.000Z;0.182;1.8156341463414636;0.0730780487804878;0.08844146341463414;0.10983902439024391;0.1242;0.12747317073170733;0.13575365853658536;0.13578048780487806;0.14879512195121952;0.2536878048780488;0.2556414634146341
2020-08-01T00:00:00.000Z;;;;;;;;;;;;
2020-08-03T00:00:00.000Z;0.198;2.3343658536585368;0.07718048780487805;0.08878780487804878;0.10940000000000001;0.12155609756097562;0.12461219512195121;0.13387317073170732;0.13376097560975608;0.1464268292682927;0.2653780487804878;0.2788439024390244
2020-08-06T00:00:00.000Z;0.231;1.8046341463414635;0.05736341463414634;0.07067560975609756;0.09359268292682926;0.10508048780487805;0.10783170731707317;0.11557073170731708;0.11894878048780488;0.12769756097560978;0.24099512195121953;0.24974634146341465
2020-08-08T00:00:00.000Z;0.2961463414634146;1.5013658536585366;0.06762439024390245;0.08628780487804878;0.1143219512195122;0.1273609756097561;0.13184634146341465;0.14125853658536586;0.14460731707317073;0.1575658536585366;0.2720975609756098;0.27096341463414636
2020-08-11T00:00:00.000Z;;;;;;;;;;;;
2020-08-13T00:00:00.000Z;0.2362439024390244;1.3003170731707316;0.06450487804878048;0.08079268292682927;0.10840975609756097;0.12241463414634147;0.12535121951219513;0.13508048780487805;0.14065121951219514;0.1487829268292683;0.2798414634146341;0.2913439024390244
2020-08-16T00:00:00.000Z;0.149;0.9976829268292683;0.05738048780487805;0.07295365853658536;0.09789268292682927;0.10930731707317073;0.11269756097560976;0.12203170731707318;0.12888536585365853;0.13377073170731707;0.25278292682926834;0.2609658536585366
2020-08-18T00:00:00.000Z;0.05524390243902439;1.3408780487804879;0.07309268292682927;0.09186341463414635;0.11800243902439024;0.13219512195121952;0.1380707317073171;0.14639268292682928;0.14966341463414637;0.1613829268292683;0.283690243902439;0.28557073170731706
2020-08-21T00:00:00.000Z;0.15414634146341466;1.2529024390243904;0.059312195121951225;0.07794878048780489;0.10339512195121953;0.1160829268292683;0.12119512195121952;0.12958048780487805;0.13523170731707318;0.14365853658536584;0.2505731707317073;0.24515853658536585
2020-08-23T00:00:00.000Z;0.1325121951219512;2.0523658536585367;0.09799756097560976;0.1092780487804878;0.13237560975609758;0.14914146341463416;0.15194878048780489;0.16313414634146342;0.17243170731707316;0.17497317073170732;0.3045536585365854;0.3045317073170732
2020-08-26T00:00:00.000Z;0.171;1.4155121951219511;0.05960243902439025;0.07526829268292683;0.10260000000000001;0.11422682926829268;0.1173878048780488;0.12528292682926828;0.1315560975609756;0.13875609756097562;0.25670975609756097;0.2645804878048781
2020-08-28T00:00:00.000Z;0.2961463414634146;1.780048780487805;0.06494146341463415;0.08735365853658536;0.11749512195121953;0.1323560975609756;0.13727073170731707;0.14489512195121954;0.14592926829268293;0.1597707317073171;0.2863487804878049;0.28349024390243904
2020-08-31T00:00:00.000Z;0.138;0.8991219512195122;0.058951219512195126;0.07755365853658537;0.10483658536585365;0.11724878048780489;0.12087073170731709;0.12841951219512196;0.13626341463414635;0.14166341463414636;0.2531414634146341;0.248709756097561
2020-09-02T00:00:00.000Z;0.187;1.9367916666666667;0.0859375;0.10077083333333334;0.12592916666666668;0.14223750000000002;0.14609583333333334;0.15577083333333333;0.1595166666666667;0.16921250000000002;0.29862500000000003;0.3036041666666667
2020-09-05T00:00:00.000Z;0.15414634146341466;1.4784634146341464;0.05811951219512196;0.07442926829268293;0.1022390243902439;0.1135658536585366;0.11707560975609757;0.12623170731707317;0.13148536585365853;0.13968048780487805;0.2582121951219512;0.2646951219512195
2020-09-07T00:00:00.000Z;0.209;2.0442439024390247;0.07366829268292682;0.09415609756097561;0.12319268292682928;0.14071707317073173;0.1456658536585366;0.15233414634146342;0.15249268292682927;0.1668048780487805;0.29283658536585366;0.2878731707317073
2020-09-10T00:00:00.000Z;0.19297560975609757;1.5933170731707318;0.05576829268292682;0.07640487804878049;0.10509756097560977;0.11830975609756098;0.12012439024390245;0.12840487804878048;0.1323780487804878;0.14166829268292686;0.25606585365853657;0.2512121951219512
2020-09-12T00:00:00.000Z;0.21465853658536585;1.833;0.07200975609756098;0.09060731707317074;0.12122195121951221;0.1367439024390244;0.13990731707317072;0.14940731707317073;0.1517658536585366;0.16231463414634148;0.2916243902439024;0.29746829268292685
2020-09-15T00:00:00.000Z;;;;;;;;;;;;
2020-09-17T00:00:00.000Z;;;;;;;;;;;;
2020-09-20T00:00:00.000Z;;;;;;;;;;;;
2020-09-22T00:00:00.000Z;0.247;1.6527560975609756;0.07298536585365854;0.09390975609756098;0.12394634146341464;0.1413146341463415;0.1507268292682927;0.16137073170731708;0.1642146341463415;0.17589512195121954;0.2976390243902439;0.2948926829268293
2020-09-25T00:00:00.000Z;0.165;1.1849268292682928;0.06099512195121952;0.0814560975609756;0.11206829268292684;0.12539512195121952;0.1308658536585366;0.1399658536585366;0.14773170731707316;0.15329756097560976;0.27712439024390245;0.2767512195121951
2020-09-27T00:00:00.000Z;0.149;0.8903414634146342;0.06640731707317074;0.09130243902439025;0.12597560975609756;0.14225121951219513;0.1449926829268293;0.15639024390243905;0.16414878048780487;0.17243170731707316;0.3001658536585366;0.2939487804878049
2020-09-30T00:00:00.000Z;;;;;;;;;;;;
2020-10-02T00:00:00.000Z;;;;;;;;;;;;
2020-10-05T00:00:00.000Z;;;;;;;;;;;;
2020-10-07T00:00:00.000Z;0.171;0.8801463414634146;0.06474390243902439;0.09151707317073171;0.12775853658536585;0.1437;0.14981951219512196;0.15945609756097562;0.16773170731707318;0.1766609756097561;0.30677804878048787;0.29603414634146347
2020-10-10T00:00:00.000Z;;;;;;;;;;;;
2020-10-12T00:00:00.000Z;0.127;0.7094878048780489;0.07158536585365854;0.09573902439024391;0.13055853658536584;0.1437878048780488;0.15069268292682927;0.16010975609756098;0.1719048780487805;0.17510975609756096;0.3083756097560976;0.30687073170731705
2020-10-15T00:00:00.000Z;0.105;0.7770731707317073;0.06369024390243902;0.08494878048780488;0.11797560975609757;0.1310048780487805;0.1364609756097561;0.1444609756097561;0.1564878048780488;0.15882439024390244;0.27957073170731706;0.2781585365853659
2020-10-17T00:00:00.000Z;;;;;;;;;;;;
2020-10-20T00:00:00.000Z;;;;;;;;;;;;
2020-10-25T00:00:00.000Z;0.19297560975609757;0.9909512195121952;0.06247804878048781;0.08527560975609756;0.11895365853658536;0.1326;0.13740731707317072;0.14518292682926828;0.15594634146341466;0.1593170731707317;0.27870731707317076;0.27266585365853657
2020-10-27T00:00:00.000Z;0.116;1.2432682926829268;0.06581707317073171;0.0922170731707317;0.12827560975609756;0.14594146341463415;0.15103902439024391;0.15953658536585366;0.16359756097560976;0.17386829268292683;0.3000634146341464;0.2924048780487805
2020-10-30T00:00:00.000Z;0.116;0.8616829268292683;0.05965853658536586;0.08373170731707318;0.11649756097560976;0.13107804878048782;0.1342341463414634;0.1435219512195122;0.1522926829268293;0.15670243902439024;0.27051463414634147;0.25689512195121955
2020-11-01T00:00:00.000Z;0.127;1.1804878048780487;0.07359268292682927;0.09789024390243903;0.13205365853658538;0.14712195121951221;0.1525439024390244;0.16109756097560976;0.1686560975609756;0.1759609756097561;0.30392682926829273;0.3032756097560976
2020-11-04T00:00:00.000Z;;;;;;;;;;;;
2020-11-06T00:00:00.000Z;;;;;;;;;;;;
2020-11-09T00:00:00.000Z;0.105;1.4350243902439024;0.05311219512195122;0.07856585365853659;0.11307560975609757;0.13013170731707316;0.13384390243902441;0.14279512195121952;0.15061951219512196;0.15864634146341464;0.2676121951219512;0.23567804878048784
2020-11-11T00:00:00.000Z;;;;;;;;;;;;
2020-11-14T00:00:00.000Z;;;;;;;;;;;;
2020-11-16T00:00:00.000Z;;;;;;;;;;;;
2020-11-19T00:00:00.000Z;0.127;1.4228536585365854;0.06060487804878049;0.07765365853658536;0.0985170731707317;0.1102780487804878;0.11213902439024392;0.1168878048780488;0.11903658536585365;0.1261780487804878;0.18744146341463414;0.16508048780487805
2020-11-21T00:00:00.000Z;0.0998048780487805;0.7900243902439025;0.09236585365853658;0.12160975609756097;0.1618439024390244;0.17968536585365855;0.18783414634146342;0.197019512195122;0.21015121951219512;0.21443902439024393;0.3432487804878049;0.3277048780487805
2020-11-24T00:00:00.000Z;;;;;;;;;;;;
2020-11-26T00:00:00.000Z;;;;;;;;;;;;
2020-11-29T00:00:00.000Z;0.083;1.2954146341463415;0.049600000000000005;0.07592439024390245;0.1103780487804878;0.12734146341463415;0.1328560975609756;0.1408560975609756;0.1492780487804878;0.1575878048780488;0.2569878048780488;0.2220048780487805
2020-12-01T00:00:00.000Z;0.0998048780487805;1.181439024390244;0.07137317073170732;0.09971707317073171;0.13970975609756098;0.16105853658536584;0.1670341463414634;0.17677560975609757;0.18627804878048781;0.19413902439024391;0.31735365853658537;0.2947487804878049
2020-12-04T00:00:00.000Z;;;;;;;;;;;;
2020-12-06T00:00:00.000Z;0.083;0.5537560975609757;0.07849756097560977;0.1132658536585366;0.15607073170731708;0.17613658536585367;0.1828292682926829;0.1915731707317073;0.20535609756097561;0.2089878048780488;0.3300756097560976;0.3064512195121951
2020-12-09T00:00:00.000Z;0.06665853658536586;0.620390243902439;0.054678048780487806;0.0829829268292683;0.11880243902439025;0.13512926829268293;0.1401341463414634;0.1499048780487805;0.1629121951219512;0.16502682926829268;0.26565609756097563;0.23099512195121952
2020-12-11T00:00:00.000Z;;;;;;;;;;;;
2020-12-16T00:00:00.000Z;0.083;0.831170731707317;0.08229512195121952;0.11510975609756097;0.15638048780487804;0.1772;0.18365853658536585;0.1922487804878049;0.20283902439024393;0.2109560975609756;0.3314439024390244;0.3076146341463415
2020-12-19T00:00:00.000Z;0.0998048780487805;1.342390243902439;0.07598780487804878;0.10672926829268292;0.14414146341463416;0.16335853658536587;0.1676926829268293;0.1747829268292683;0.1833121951219512;0.19152439024390244;0.30354878048780487;0.27429024390243906
2020-12-21T00:00:00.000Z;;;;;;;;;;;;
2020-12-24T00:00:00.000Z;0.08890243902439025;0.950439024390244;0.08074878048780489;0.10675609756097561;0.1396829268292683;0.15478292682926828;0.1642878048780488;0.1702829268292683;0.18153658536585365;0.18392926829268288;0.2895170731707317;0.2701707317073171
2020-12-26T00:00:00.000Z;0.07200000000000001;0.3035365853658537;0.08425853658536586;0.11808780487804879;0.1623780487804878;0.18165853658536585;0.18719024390243905;0.19759268292682927;0.21353658536585368;0.21465853658536585;0.33219024390243906;0.3090268292682927
2020-12-29T00:00:00.000Z;0.07200000000000001;0.7595853658536585;0.08149268292682926;0.11131463414634148;0.14882926829268292;0.1664658536585366;0.17056829268292684;0.1789658536585366;0.19102439024390244;0.1930731707317073;0.3055731707317073;0.2786048780487805
2020-12-31T00:00:00.000Z;0.07790243902439024;0.5883414634146342;0.08864634146341464;0.12152439024390245;0.16506829268292683;0.1839073170731708;0.1907756097560976;0.19990243902439025;0.21505853658536586;0.2171731707317073;0.3453756097560976;0.3267219512195122
2021-01-03T00:00:00.000Z;0.06665853658536586;0.4739024390243902;0.06760975609756098;0.09236829268292683;0.12431463414634147;0.13596829268292684;0.14169024390243903;0.14889756097560977;0.16549756097560978;0.15911707317073173;0.25059756097560976;0.2324731707317073
2021-01-05T00:00:00.000Z;0.083;0.422;0.08669756097560977;0.12213658536585366;0.16696829268292684;0.18565609756097562;0.19419024390243905;0.20256829268292684;0.2177926829268293;0.22065609756097562;0.3403414634146341;0.31337073170731705
2021-01-08T00:00:00.000Z;;;;;;;;;;;;
2021-01-10T00:00:00.000Z;;;;;;;;;;;;
2021-01-13T00:00:00.000Z;0.1108048780487805;0.5757317073170732;0.06267560975609757;0.09056341463414634;0.12800975609756096;0.14177073170731708;0.14717317073170733;0.15676341463414636;0.17109756097560977;0.16953658536585364;0.27699268292682927;0.24860000000000002
2021-01-15T00:00:00.000Z;0.105;0.3510243902439024;0.08149512195121952;0.11855609756097561;0.1629658536585366;0.1815658536585366;0.18813658536585365;0.1986829268292683;0.2134926829268293;0.21357804878048783;0.33035853658536585;0.3030439024390244
2021-01-18T00:00:00.000Z;0.1108048780487805;0.669219512195122;0.0716219512195122;0.1042609756097561;0.1456048780487805;0.16292439024390246;0.16791463414634147;0.17435609756097561;0.1886780487804878;0.18933902439024392;0.301619512195122;0.2710853658536585
2021-01-20T00:00:00.000Z;;;;;;;;;;;;
2021-01-23T00:00:00.000Z;;;;;;;;;;;;
2021-01-25T00:00:00.000Z;0.09892682926829267;1.5850731707317074;0.0591439024390244;0.08318048780487805;0.10959024390243904;0.12416829268292684;0.1264219512195122;0.13214878048780487;0.1362487804878049;0.14317560975609755;0.20553414634146344;0.19049024390243904
2021-01-28T00:00:00.000Z;0.08890243902439025;1.1161463414634147;0.0764780487804878;0.10625609756097561;0.14351707317073173;0.16140243902439025;0.1660439024390244;0.17319024390243903;0.18303414634146342;0.1881780487804878;0.2889756097560976;0.2612292682926829
2021-01-30T00:00:00.000Z;;;;;;;;;;;;
2021-02-02T00:00:00.000Z;0.07200000000000001;0.8231463414634146;0.08830243902439025;0.12059512195121952;0.162;0.17859024390243905;0.18596341463414637;0.19425853658536585;0.20854634146341464;0.20939756097560977;0.33132926829268294;0.31292682926829274
2021-02-04T00:00:00.000Z;0.12165853658536584;1.109658536585366;0.09211463414634147;0.12969024390243905;0.17697560975609758;0.20120487804878048;0.20707073170731707;0.21620731707317078;0.2230317073170732;0.2337170731707317;0.35724634146341466;0.33279024390243905
2021-02-07T00:00:00.000Z;;;;;;;;;;;;
2021-02-09T00:00:00.000Z;;;;;;;;;;;;
2021-02-12T00:00:00.000Z;;;;;;;;;;;;
2021-02-14T00:00:00.000Z;0.105;0.895439024390244;0.10038536585365854;0.14145365853658537;0.19105121951219514;0.21288292682926832;0.21913414634146344;0.2286439024390244;0.23742195121951218;0.24409268292682929;0.36942439024390245;0.3433560975609756
2021-02-17T00:00:00.000Z;;;;;;;;;;;;
2021-02-19T00:00:00.000Z;0.12165853658536584;0.7558536585365854;0.10705853658536585;0.14601463414634147;0.19563414634146342;0.21519756097560977;0.22472926829268292;0.23430243902439024;0.24746829268292683;0.2496682926829268;0.3806536585365854;0.3610731707317073
2021-02-22T00:00:00.000Z;;;;;;;;;;;;
2021-02-24T00:00:00.000Z;;;;;;;;;;;;
2021-02-27T00:00:00.000Z;;;;;;;;;;;;
2021-03-01T00:00:00.000Z;;;;;;;;;;;;
2021-03-04T00:00:00.000Z;;;;;;;;;;;;
2021-03-06T00:00:00.000Z;;;;;;;;;;;;
2021-03-09T00:00:00.000Z;;;;;;;;;;;;
2021-03-11T00:00:00.000Z;0.116;1.4522439024390243;0.09918780487804879;0.13703658536585364;0.1851268292682927;0.2082;0.21919268292682928;0.2290609756097561;0.23715121951219514;0.2477268292682927;0.3795317073170732;0.34820243902439024
2021-03-14T00:00:00.000Z;0.08890243902439025;0.7608780487804878;0.09684634146341464;0.13263414634146342;0.17921951219512197;0.19847073170731708;0.20832439024390242;0.21749512195121953;0.23336585365853657;0.2315634146341464;0.3567487804878049;0.3345390243902439
2021-03-16T00:00:00.000Z;0.138;0.867;0.1110439024390244;0.15417560975609756;0.20557073170731707;0.23002439024390242;0.24005609756097562;0.24959024390243906;0.2599878048780488;0.2667219512195122;0.39410731707317076;0.36013414634146346
2021-03-19T00:00:00.000Z;;;;;;;;;;;;
2021-03-21T00:00:00.000Z;0.1325121951219512;0.5318048780487804;0.11385121951219512;0.15534146341463417;0.20810243902439024;0.22924634146341466;0.24064390243902442;0.2528853658536585;0.2701317073170732;0.2688365853658537;0.40319512195121954;0.37555853658536587
2021-03-24T00:00:00.000Z;0.116;0.9003170731707317;0.10258780487804879;0.14073658536585365;0.18818536585365853;0.20848048780487807;0.21866341463414637;0.2281560975609756;0.2420487804878049;0.2429609756097561;0.36875853658536584;0.34335121951219516
2021-03-26T00:00:00.000Z;0.176;0.8421219512195122;0.11859024390243904;0.16306829268292683;0.2175853658536585;0.24085121951219512;0.25112439024390243;0.2623414634146341;0.27470243902439023;0.2809853658536585;0.40914390243902443;0.371609756097561
2021-03-29T00:00:00.000Z;;;;;;;;;;;;
2021-03-31T00:00:00.000Z;0.3615853658536585;0.8787073170731707;0.12590243902439024;0.16400975609756097;0.1961560975609756;0.22127073170731706;0.24496585365853657;0.25890243902439025;0.2692878048780488;0.2710268292682927;0.35093414634146347;0.319509756097561
2021-04-03T00:00:00.000Z;;;;;;;;;;;;
2021-04-05T00:00:00.000Z;0.171;1.2327073170731708;0.1108439024390244;0.15064634146341466;0.1972439024390244;0.22372439024390242;0.23251951219512199;0.24356585365853659;0.252909756097561;0.26050731707317076;0.3767487804878049;0.33433414634146347
2021-04-08T00:00:00.000Z;;;;;;;;;;;;
2021-04-10T00:00:00.000Z;;;;;;;;;;;;
2021-04-13T00:00:00.000Z;;;;;;;;;;;;
2021-04-15T00:00:00.000Z;;;;;;;;;;;;
2021-04-18T00:00:00.000Z;0.1325121951219512;0.5404146341463414;0.10652682926829268;0.14767317073170733;0.1975658536585366;0.21934634146341464;0.23426341463414638;0.2427;0.2598146341463415;0.26197073170731705;0.37846341463414634;0.3395219512195122
2021-04-20T00:00:00.000Z;0.193;1.5237317073170733;0.15615121951219513;0.20208048780487806;0.2581951219512195;0.2881170731707317;0.30220975609756096;0.31709756097560976;0.322990243902439;0.3319756097560976;0.47638048780487807;0.4389536585365854
2021-04-23T00:00:00.000Z;;;;;;;;;;;;
2021-04-25T00:00:00.000Z;;;;;;;;;;;;
2021-04-28T00:00:00.000Z;;;;;;;;;;;;
2021-04-30T00:00:00.000Z;0.209;1.3898048780487804;0.14625853658536586;0.19663658536585366;0.2531048780487805;0.28400975609756096;0.29994634146341465;0.3146073170731708;0.32255609756097564;0.3313731707317073;0.4716390243902439;0.4363390243902439
2021-05-03T00:00:00.000Z;;;;;;;;;;;;
2021-05-05T00:00:00.000Z;;;;;;;;;;;;
2021-05-08T00:00:00.000Z;0.138;0.8353414634146342;0.13376097560975608;0.17793170731707317;0.22675121951219512;0.2528609756097561;0.2713487804878049;0.2848829268292683;0.29685365853658535;0.3002975609756098;0.4002609756097561;0.3515121951219512
2021-05-10T00:00:00.000Z;;;;;;;;;;;;
2021-05-13T00:00:00.000Z;0.09973684210526317;1.2510000000000001;0.12241052631578948;0.1636842105263158;0.21396842105263159;0.23743157894736844;0.2560842105263158;0.26694210526315787;0.2805263157894737;0.28397894736842105;0.4018684210526316;0.37070000000000003
2021-05-15T00:00:00.000Z;0.116;1.2322439024390244;0.14746341463414636;0.1980439024390244;0.25364878048780487;0.28770243902439024;0.3070829268292683;0.3190170731707317;0.32719024390243906;0.339319512195122;0.4617487804878049;0.4182390243902439
2021-05-18T00:00:00.000Z;0.12165853658536584;1.2196829268292684;0.1239219512195122;0.1714829268292683;0.22441463414634147;0.2519804878048781;0.2653878048780488;0.2772317073170732;0.2869756097560976;0.29495853658536586;0.41178536585365855;0.36771463414634153
2021-05-20T00:00:00.000Z;0.16;1.6607317073170733;0.15023170731707317;0.20049024390243905;0.25611951219512197;0.28825609756097564;0.3026951219512195;0.318819512195122;0.3229829268292683;0.3334487804878049;0.46649268292682927;0.4329731707317074
2021-05-23T00:00:00.000Z;;;;;;;;;;;;
2021-05-25T00:00:00.000Z;;;;;;;;;;;;
2021-05-28T00:00:00.000Z;;;;;;;;;;;;
2021-05-30T00:00:00.000Z;;;;;;;;;;;;
2021-06-02T00:00:00.000Z;0.127;1.397439024390244;0.13486829268292685;0.18266341463414637;0.2375804878048781;0.2669414634146341;0.287919512195122;0.3024;0.31299512195121953;0.31830975609756096;0.4446219512195122;0.4062487804878049
2021-06-04T00:00:00.000Z;;;;;;;;;;;;
2021-06-07T00:00:00.000Z;0.138;1.677560975609756;0.11958536585365853;0.16747317073170734;0.2220292682926829;0.25388292682926833;0.27129024390243905;0.2835317073170732;0.29046829268292684;0.3030951219512195;0.4179756097560976;0.36542682926829273
2021-06-09T00:00:00.000Z;0.187;1.6420243902439025;0.15081463414634147;0.20269756097560976;0.26138292682926834;0.29508048780487806;0.3159317073170732;0.3310048780487805;0.3386609756097561;0.3480731707317073;0.4822756097560976;0.4434707317073171
2021-06-12T00:00:00.000Z;;;;;;;;;;;;
2021-06-14T00:00:00.000Z;0.318;1.903;0.1490390243902439;0.20314390243902442;0.25542195121951217;0.2898414634146341;0.31187073170731705;0.3248365853658537;0.3252073170731708;0.3410756097560976;0.44205121951219517;0.3887219512195122
2021-06-17T00:00:00.000Z;;;;;;;;;;;;
2021-06-19T00:00:00.000Z;;;;;;;;;;;;
2021-06-22T00:00:00.000Z;0.0998048780487805;1.4846341463414636;0.1074658536585366;0.13250731707317073;0.16109756097560976;0.1811146341463415;0.19267560975609763;0.20225853658536586;0.22361463414634147;0.20697073170731706;0.28519512195121954;0.21754878048780488
2021-06-24T00:00:00.000Z;0.171;1.7042439024390243;0.1523390243902439;0.2091878048780488;0.27051463414634147;0.3071878048780488;0.32692926829268293;0.3403365853658537;0.34498292682926834;0.3597365853658537;0.4828634146341464;0.4269536585365854
2021-06-27T00:00:00.000Z;0.15414634146341466;1.7538292682926828;0.12922439024390245;0.1799219512195122;0.23639512195121953;0.268;0.28815365853658537;0.3012243902439024;0.30510243902439027;0.3179048780487805;0.4269414634146341;0.37347804878048785
2021-06-29T00:00:00.000Z;0.105;1.2314878048780489;0.1565560975609756;0.21037073170731707;0.27057317073170734;0.30587073170731705;0.32659024390243907;0.3431048780487805;0.3547609756097561;0.3597365853658537;0.4853170731707317;0.4431634146341464
2021-07-02T00:00:00.000Z;0.1325121951219512;1.2649512195121952;0.13345853658536586;0.1825560975609756;0.23949756097560976;0.2688951219512195;0.29134634146341465;0.3024926829268293;0.31473170731707323;0.31941219512195124;0.4349219512195122;0.3964317073170732
2021-07-04T00:00:00.000Z;0.061;1.5575121951219513;0.15422439024390244;0.21198048780487808;0.27223902439024394;0.30809756097560975;0.3280609756097561;0.34035853658536586;0.3474292682926829;0.3585073170731708;0.4838121951219512;0.4309804878048781
2021-07-07T00:00:00.000Z;;;;;;;;;;;;
2021-07-09T00:00:00.000Z;0.2746585365853659;2.201853658536585;0.18289756097560977;0.23939268292682928;0.2979439024390244;0.3386219512195122;0.36239024390243907;0.3841439024390244;0.38194390243902443;0.4008560975609756;0.513758536585366;0.45906585365853664
2021-07-12T00:00:00.000Z;0.35824390243902443;1.1759268292682927;0.13215121951219513;0.18765853658536585;0.2442;0.2750804878048781;0.29774390243902443;0.30991463414634146;0.3229804878048781;0.327419512195122;0.42770243902439026;0.38270731707317074
2021-07-14T00:00:00.000Z;0.1108048780487805;1.708219512195122;0.15359024390243903;0.21198536585365851;0.2720487804878049;0.3079829268292683;0.32853414634146344;0.34179024390243906;0.3437536585365854;0.3585243902439024;0.48151219512195126;0.4260878048780488
2021-07-17T00:00:00.000Z;0.1325121951219512;1.765487804878049;0.12946341463414635;0.17954146341463417;0.23165853658536587;0.263419512195122;0.28484634146341464;0.29557073170731707;0.30051707317073173;0.31399756097560977;0.41542682926829266;0.36245853658536586
2021-07-19T00:00:00.000Z;0.2909756097560976;2.0900731707317077;0.16016829268292684;0.2169317073170732;0.2813;0.31892195121951217;0.3361585365853659;0.3533829268292683;0.35595121951219516;0.36951463414634156;0.49323170731707316;0.4431414634146341
2021-07-22T00:00:00.000Z;0.21465853658536585;1.16;0.13594146341463417;0.18782439024390246;0.24807804878048784;0.2784219512195122;0.2969365853658537;0.3093;0.3227658536585366;0.32540243902439026;0.4391585365853659;0.39588292682926834
2021-07-24T00:00:00.000Z;0.4104146341463415;1.5934146341463415;0.15615121951219513;0.22058048780487807;0.2802292682926829;0.31605853658536587;0.33522439024390244;0.3476585365853659;0.3485853658536585;0.3619878048780488;0.4629682926829269;0.3997414634146342
2021-07-27T00:00:00.000Z;0.2362439024390244;1.9487560975609761;0.12541951219512196;0.1784780487804878;0.23719024390243904;0.27136341463414637;0.2855804878048781;0.2973731707317073;0.3001804878048781;0.31439512195121955;0.4253048780487805;0.364209756097561
2021-07-29T00:00:00.000Z;0.247;1.975756097560976;0.15041951219512195;0.20541219512195122;0.2629292682926829;0.2978731707317073;0.3157756097560976;0.3318243902439024;0.3338048780487805;0.3454780487804878;0.464309756097561;0.4187439024390245
2021-08-01T00:00:00.000Z;0.209;1.521439024390244;0.12894146341463417;0.18067804878048782;0.23847804878048784;0.2692487804878049;0.28572439024390245;0.3004292682926829;0.30739512195121954;0.3138634146341464;0.43226585365853665;0.39021463414634155
2021-08-03T00:00:00.000Z;;;;;;;;;;;;
2021-08-06T00:00:00.000Z;0.187;1.9243170731707322;0.12839512195121952;0.18160975609756097;0.24038048780487808;0.271;0.2862853658536585;0.2961658536585366;0.2998390243902439;0.3155073170731708;0.4236682926829269;0.3689317073170732
2021-08-08T00:00:00.000Z;0.116;2.353560975609756;0.15399512195121953;0.2087756097560976;0.26890243902439026;0.30730731707317077;0.3203853658536585;0.3372829268292683;0.3349780487804878;0.3525658536585366;0.477909756097561;0.4338926829268293
2021-08-11T00:00:00.000Z;;;;;;;;;;;;
2021-08-13T00:00:00.000Z;0.3289756097560976;1.5679024390243903;0.14216829268292686;0.1996560975609756;0.2571365853658537;0.2916682926829268;0.3075365853658537;0.32188292682926833;0.3238121951219512;0.33590243902439026;0.4408463414634146;0.3856926829268293
2021-08-16T00:00:00.000Z;0.378219512195122;1.4806341463414636;0.12418536585365854;0.17933658536585365;0.2339853658536585;0.2659;0.2812756097560976;0.2949634146341464;0.2985756097560976;0.31081219512195124;0.403;0.34528780487804883
2021-08-18T00:00:00.000Z;0.2638048780487805;2.705780487804878;0.17934146341463417;0.23901463414634147;0.3071219512195122;0.35283658536585366;0.37277073170731706;0.39287073170731707;0.38850731707317077;0.41117804878048786;0.5537073170731708;0.4948219512195122
2021-08-21T00:00:00.000Z;;;;;;;;;;;;
2021-08-23T00:00:00.000Z;;;;;;;;;;;;
2021-08-26T00:00:00.000Z;0.247;2.3617073170731704;0.11995609756097561;0.17065853658536587;0.22679512195121954;0.2606707317073171;0.2742756097560976;0.28299024390243904;0.2839756097560976;0.3;0.40620731707317076;0.3471
2021-08-28T00:00:00.000Z;0.2853414634146341;2.0519756097560977;0.14379268292682928;0.19983170731707323;0.2608780487804878;0.29636585365853657;0.30926097560975613;0.3251048780487805;0.3247658536585366;0.33760243902439024;0.4572292682926829;0.4103926829268293
2021-08-31T00:00:00.000Z;0.3344146341463415;2.8011951219512197;0.10811463414634148;0.14722926829268293;0.1893560975609756;0.21563658536585367;0.22587804878048784;0.23747317073170732;0.23463414634146343;0.24834146341463412;0.3161731707317073;0.2686292682926829
2021-09-02T00:00:00.000Z;0.12165853658536584;2.6539756097560976;0.10413170731707316;0.14742926829268294;0.1969219512195122;0.2339853658536585;0.250009756097561;0.2645560975609756;0.2616829268292683;0.2836268292682927;0.3787756097560976;0.3044756097560976
2021-09-05T00:00:00.000Z;0.14341463414634145;2.152;0.12815609756097562;0.1802780487804878;0.23989268292682928;0.2798;0.2948682926829268;0.3104707317073171;0.31087804878048786;0.3283390243902439;0.4378975609756098;0.3795609756097561
2021-09-07T00:00:00.000Z;0.258;1.9451219512195121;0.12251707317073172;0.1711658536585366;0.21905365853658537;0.25081219512195124;0.2711439024390244;0.28587804878048784;0.2850487804878049;0.29882439024390245;0.39594390243902444;0.3532487804878049
2021-09-10T00:00:00.000Z;0.171;2.131365853658537;0.12369756097560976;0.16888292682926828;0.22375609756097561;0.25505609756097564;0.275090243902439;0.2901634146341464;0.2940975609756098;0.3048365853658537;0.41408292682926834;0.3635536585365854
2021-09-12T00:00:00.000Z;0.22;1.7271707317073173;0.1286439024390244;0.18242682926829268;0.2430487804878049;0.2803439024390244;0.2982829268292683;0.3095048780487805;0.3113487804878049;0.32675853658536586;0.44137804878048786;0.3867365853658537
2021-09-15T00:00:00.000Z;;;;;;;;;;;;
2021-09-17T00:00:00.000Z;0.21465853658536585;2.375121951219512;0.11227073170731708;0.16146829268292684;0.21743658536585367;0.25304634146341465;0.2701219512195122;0.2885414634146341;0.2844268292682927;0.3033;0.4119634146341464;0.3536658536585366
2021-09-20T00:00:00.000Z;0.165;1.795;0.052700000000000004;0.0756;0.1005;0.1193;0.1394;0.1477;0.1096;0.1632;0.22740000000000002;0.1862
2021-09-22T00:00:00.000Z;;;;;;;;;;;;
2021-09-25T00:00:00.000Z;;;;;;;;;;;;
2021-09-27T00:00:00.000Z;;;;;;;;;;;;
2021-09-30T00:00:00.000Z;0.28;2.2877073170731705;0.12245365853658537;0.1631268292682927;0.2127560975609756;0.24627804878048784;0.26935121951219515;0.2846585365853659;0.2870439024390244;0.3002317073170732;0.40883414634146337;0.35723414634146344
2021-10-02T00:00:00.000Z;;;;;;;;;;;;
2021-10-05T00:00:00.000Z;0.0998048780487805;1.9098536585365853;0.10274146341463417;0.14969756097560977;0.1991268292682927;0.2317731707317073;0.25278048780487805;0.26307317073170733;0.2666439024390244;0.27896341463414637;0.3717048780487805;0.3159170731707317
2021-10-07T00:00:00.000Z;0.127;1.4485609756097562;0.1515878048780488;0.19525609756097562;0.2436487804878049;0.2813414634146341;0.3123268292682927;0.3307024390243903;0.3370219512195122;0.3464170731707317;0.4454463414634146;0.38117804878048783
2021-10-10T00:00:00.000Z;;;;;;;;;;;;
2021-10-12T00:00:00.000Z;;;;;;;;;;;;
2021-10-15T00:00:00.000Z;0.127;1.403878048780488;0.1028;0.1487170731707317;0.19799512195121952;0.2286;0.25161951219512196;0.26359756097560977;0.2707121951219512;0.27752926829268293;0.36499024390243906;0.3070341463414634
2021-10-17T00:00:00.000Z;0.08890243902439025;2.144219512195122;0.12865853658536586;0.17900975609756098;0.23381463414634146;0.2760317073170732;0.2995292682926829;0.31889024390243903;0.31619024390243905;0.334419512195122;0.45030000000000003;0.3982878048780488
2021-10-20T00:00:00.000Z;0.094;1.0682682926829268;0.10308780487804879;0.14754634146341464;0.19613658536585366;0.22269512195121952;0.24882926829268293;0.2601707317073171;0.2731707317073171;0.27528048780487807;0.36837317073170733;0.3229853658536585
2021-10-22T00:00:00.000Z;;;;;;;;;;;;
2021-10-25T00:00:00.000Z;;;;;;;;;;;;
2021-10-27T00:00:00.000Z;;;;;;;;;;;;
2021-10-30T00:00:00.000Z;;;;;;;;;;;;
2021-11-01T00:00:00.000Z;0.06665853658536586;2.4452682926829272;0.03318780487804878;0.041414634146341466;0.047656097560975615;0.05469756097560976;0.0624390243902439;0.06732439024390244;0.07287073170731707;0.07325121951219513;0.0784439024390244;0.058614634146341466
2021-11-04T00:00:00.000Z;0.094;0.958609756097561;0.09515609756097561;0.1343219512195122;0.17705365853658536;0.20594878048780488;0.2332731707317073;0.24565365853658538;0.251219512195122;0.2614;0.32030243902439026;0.26613658536585366
2021-11-06T00:00:00.000Z;0.05524390243902439;0.5634146341463414;0.11391219512195122;0.15557560975609758;0.20207317073170727;0.23064146341463412;0.25925853658536585;0.2728;0.2904;0.2883487804878049;0.3648317073170732;0.3177536585365854
2021-11-09T00:00:00.000Z;0.094;1.0295121951219512;0.0989560975609756;0.14187804878048782;0.1885219512195122;0.21553658536585368;0.24044146341463413;0.25253414634146343;0.26545853658536583;0.2652707317073171;0.35394878048780487;0.31008536585365853
2021-11-11T00:00:00.000Z;0.0998048780487805;1.1162682926829268;0.10590000000000001;0.15350731707317072;0.20520243902439025;0.2381073170731708;0.26352682926829274;0.2757121951219512;0.28246829268292684;0.2899048780487805;0.3800536585365854;0.3287073170731708
2021-11-14T00:00:00.000Z;0.094;1.269609756097561;0.09208780487804878;0.13619512195121952;0.1822731707317073;0.21274146341463412;0.234719512195122;0.24474878048780488;0.2540731707317073;0.26178292682926835;0.3421658536585366;0.2869024390243903
2021-11-16T00:00:00.000Z;0.094;1.0316341463414636;0.10853658536585366;0.15681219512195121;0.20755853658536585;0.2388268292682927;0.2637609756097561;0.2764121951219512;0.2876292682926829;0.2892829268292683;0.38453658536585367;0.3387
2021-11-19T00:00:00.000Z;;;;;;;;;;;;
2021-11-21T00:00:00.000Z;;;;;;;;;;;;
2021-11-24T00:00:00.000Z;0.12192307692307693;0.6356923076923078;0.049861538461538464;0.055823076923076934;0.061500000000000006;0.06958461538461538;0.08158461538461538;0.08775384615384615;0.08577692307692307;0.09557692307692309;0.10433846153846157;0.09202307692307692
2021-11-26T00:00:00.000Z;;;;;;;;;;;;
2021-11-29T00:00:00.000Z;0.07200000000000001;1.3341707317073173;0.09537073170731708;0.13531707317073172;0.18059024390243905;0.20978292682926833;0.23399756097560978;0.24494878048780488;0.2550292682926829;0.25830000000000003;0.3455756097560976;0.30110975609756097
2021-12-01T00:00:00.000Z;0.08890243902439025;1.0687560975609756;0.10184146341463415;0.15006341463414635;0.20036829268292686;0.23400243902439025;0.25847073170731705;0.2690658536585366;0.2749780487804878;0.2843073170731708;0.36695853658536587;0.31530975609756096
2021-12-04T00:00:00.000Z;0.07200000000000001;0.7800487804878049;0.09041951219512195;0.1333560975609756;0.17936097560975608;0.20839756097560977;0.23106829268292683;0.24143902439024392;0.2556048780487805;0.2550439024390244;0.3304609756097561;0.2765219512195122
2021-12-06T00:00:00.000Z;0.07790243902439024;1.0865121951219512;0.10740731707317074;0.15430487804878049;0.20282682926829268;0.2359292682926829;0.2604731707317073;0.27195853658536584;0.2823317073170732;0.28683658536585366;0.3763804878048781;0.33168780487804883
2021-12-09T00:00:00.000Z;0.07790243902439024;1.2486097560975609;0.09694878048780488;0.13781463414634149;0.1845268292682927;0.2136634146341464;0.23900487804878048;0.2521560975609756;0.2600292682926829;0.26307073170731704;0.3493268292682927;0.3037609756097561
2021-12-11T00:00:00.000Z;0.07790243902439024;1.3099756097560975;0.1034780487804878;0.15077560975609758;0.20163414634146343;0.23814146341463413;0.26257804878048785;0.27176829268292685;0.2756829268292683;0.28713414634146345;0.3721317073170732;0.3190121951219512
2021-12-14T00:00:00.000Z;0.06665853658536586;0.8269512195121952;0.08974878048780488;0.13215121951219513;0.17709268292682928;0.20659512195121954;0.23103902439024393;0.2396170731707317;0.2541560975609756;0.2556170731707317;0.3262658536585366;0.2718073170731708
2021-12-16T00:00:00.000Z;;;;;;;;;;;;
2021-12-19T00:00:00.000Z;;;;;;;;;;;;
2021-12-21T00:00:00.000Z;;;;;;;;;;;;
2021-12-24T00:00:00.000Z;;;;;;;;;;;;
2021-12-26T00:00:00.000Z;;;;;;;;;;;;
2021-12-29T00:00:00.000Z;;;;;;;;;;;;
2021-12-31T00:00:00.000Z;0.07200000000000001;0.7659512195121951;0.10285121951219513;0.15130243902439025;0.20053170731707323;0.2309121951219512;0.2556170731707317;0.2669439024390244;0.2776829268292683;0.2821804878048781;0.36313414634146335;0.31299756097560977
2022-01-03T00:00:00.000Z;0.061;0.8328048780487805;0.08932926829268292;0.1331658536585366;0.1776439024390244;0.20594634146341464;0.22993414634146345;0.23807073170731707;0.2516926829268293;0.2521609756097561;0.32702195121951216;0.2731731707317073
2022-01-05T00:00:00.000Z;0.07790243902439024;0.6771463414634147;0.12033170731707317;0.1692390243902439;0.2223609756097561;0.2544756097560976;0.2818536585365854;0.29359024390243904;0.3130487804878049;0.3097658536585366;0.40393414634146335;0.3510463414634147
2022-01-08T00:00:00.000Z;;;;;;;;;;;;
2022-01-10T00:00:00.000Z;0.08890243902439025;1.4820975609756097;0.08910731707317074;0.1256878048780488;0.16342439024390246;0.19266341463414635;0.2099;0.21819756097560977;0.2149219512195122;0.22952439024390242;0.28223414634146343;0.24563414634146344
2022-01-13T00:00:00.000Z;;;;;;;;;;;;
2022-01-15T00:00:00.000Z;0.094;0.6725121951219513;0.1115;0.15663414634146341;0.20764878048780488;0.2371658536585366;0.2628317073170732;0.2749975609756098;0.2929292682926829;0.29070731707317077;0.3780804878048781;0.3298536585365854
2022-01-18T00:00:00.000Z;0.07200000000000001;0.3400243902439024;0.09403170731707318;0.1346829268292683;0.18119024390243904;0.205919512195122;0.23175365853658536;0.24015853658536584;0.26454634146341466;0.25482926829268293;0.33557317073170734;0.2890073170731708
2022-01-20T00:00:00.000Z;0.0998048780487805;0.686170731707317;0.1065609756097561;0.15452926829268293;0.2082292682926829;0.24211219512195123;0.26605365853658536;0.27628536585365854;0.2894317073170732;0.2917902439024391;0.37405609756097563;0.32144146341463414
2022-01-23T00:00:00.000Z;;;;;;;;;;;;
2022-01-25T00:00:00.000Z;;;;;;;;;;;;
2022-01-28T00:00:00.000Z;0.116;0.6779024390243902;0.09343170731707318;0.1352878048780488;0.1826341463414634;0.2093487804878049;0.23311219512195122;0.24132682926829271;0.2581219512195122;0.25415121951219516;0.33574634146341464;0.2926073170731708
2022-01-30T00:00:00.000Z;0.094;0.2818536585365854;0.10813902439024392;0.1573;0.21209268292682928;0.23921463414634145;0.263919512195122;0.2763365853658537;0.29724146341463414;0.29153414634146346;0.3735463414634146;0.32160243902439023
2022-02-02T00:00:00.000Z;0.06665853658536586;0.5322926829268292;0.0942170731707317;0.14000975609756097;0.18780000000000002;0.21421219512195122;0.23679024390243905;0.2465878048780488;0.26302439024390245;0.2587073170731708;0.3375219512195122;0.28325609756097564
2022-02-04T00:00:00.000Z;;;;;;;;;;;;
2022-02-07T00:00:00.000Z;0.07200000000000001;0.751219512195122;0.09917073170731708;0.14390243902439026;0.19174634146341465;0.21797073170731707;0.24074634146341464;0.2511878048780488;0.2679560975609756;0.26395365853658537;0.3504731707317073;0.30710000000000004
2022-02-09T00:00:00.000Z;;;;;;;;;;;;
2022-02-12T00:00:00.000Z;;;;;;;;;;;;
2022-02-14T00:00:00.000Z;;;;;;;;;;;;
2022-02-17T00:00:00.000Z;0.07200000000000001;0.7072682926829268;0.1029219512195122;0.14724878048780488;0.1990439024390244;0.22560975609756098;0.2467829268292683;0.2587975609756098;0.274609756097561;0.2689439024390244;0.35965853658536584;0.3148268292682927
2022-02-19T00:00:00.000Z;;;;;;;;;;;;
2022-02-22T00:00:00.000Z;0.07790243902439024;0.4116585365853659;0.10264634146341464;0.15154146341463415;0.202819512195122;0.22963658536585368;0.2493609756097561;0.26039024390243903;0.28073658536585366;0.2743780487804878;0.35680243902439024;0.300619512195122
2022-02-24T00:00:00.000Z;0.171;1.0464634146341465;0.1268780487804878;0.1782;0.23502682926829271;0.269090243902439;0.29637804878048785;0.3080219512195122;0.3101951219512195;0.3253243902439024;0.40838048780487807;0.35772195121951217
2022-02-27T00:00:00.000Z;0.3612439024390244;0.8923414634146342;0.13065853658536586;0.1536829268292683;0.1754439024390244;0.19420243902439024;0.21523902439024392;0.2270878048780488;0.23657073170731707;0.23745853658536586;0.2727073170731708;0.22695365853658536
2022-03-01T00:00:00.000Z;0.1108048780487805;0.7379512195121952;0.11971219512195122;0.17265365853658537;0.2311365853658537;0.2632414634146341;0.2828707317073171;0.29485365853658535;0.30779024390243903;0.3087536585365854;0.4036707317073171;0.34827804878048785
2022-03-04T00:00:00.000Z;;;;;;;;;;;;
2022-03-06T00:00:00.000Z;;;;;;;;;;;;
2022-03-09T00:00:00.000Z;0.105;0.996609756097561;0.08819024390243903;0.13083414634146343;0.1788829268292683;0.20565365853658538;0.2276926829268293;0.2390756097560976;0.2519512195121951;0.2521926829268293;0.3274756097560976;0.2711317073170732
2022-03-11T00:00:00.000Z;;;;;;;;;;;;
2022-03-14T00:00:00.000Z;;;;;;;;;;;;
2022-03-16T00:00:00.000Z;;;;;;;;;;;;
2022-03-19T00:00:00.000Z;;;;;;;;;;;;
2022-03-21T00:00:00.000Z;;;;;;;;;;;;
2022-03-24T00:00:00.000Z;;;;;;;;;;;;
2022-03-26T00:00:00.000Z;;;;;;;;;;;;
2022-03-29T00:00:00.000Z;;;;;;;;;;;;
2022-03-31T00:00:00.000Z;;;;;;;;;;;;
2022-04-03T00:00:00.000Z;0.0998048780487805;0.373609756097561;0.11320975609756097;0.16523902439024393;0.21959512195121952;0.25059756097560976;0.27784634146341464;0.28875609756097564;0.31087804878048786;0.30390731707317076;0.38303902439024395;0.3260926829268293
2022-04-05T00:00:00.000Z;;;;;;;;;;;;
2022-04-08T00:00:00.000Z;;;;;;;;;;;;
2022-04-10T00:00:00.000Z;;;;;;;;;;;;
2022-04-13T00:00:00.000Z;;;;;;;;;;;;
2022-04-15T00:00:00.000Z;;;;;;;;;;;;
2022-04-18T00:00:00.000Z;0.154;1.393;0.1374;0.1804;0.228;0.258;0.29710000000000003;0.3035;0.31220000000000003;0.3185;0.3991;0.3266
2022-04-20T00:00:00.000Z;;;;;;;;;;;;
2022-04-23T00:00:00.000Z;0.116;0.8057317073170732;0.13035121951219514;0.1870731707317073;0.23962439024390242;0.27512439024390245;0.30927073170731706;0.31926829268292684;0.3467804878048781;0.32894146341463415;0.40132439024390243;0.31499024390243907
2022-04-25T00:00:00.000Z;0.116;1.043121951219512;0.1419780487804878;0.19990731707317078;0.2554292682926829;0.29610000000000003;0.3322634146341464;0.3476682926829268;0.3598634146341464;0.3608195121951219;0.45196585365853664;0.3975073170731707
2022-04-28T00:00:00.000Z;;;;;;;;;;;;
2022-04-30T00:00:00.000Z;;;;;;;;;;;;
2022-05-03T00:00:00.000Z;0.1325121951219512;1.532829268292683;0.11399512195121952;0.1608;0.20511219512195122;0.2506658536585366;0.29354634146341463;0.30958048780487807;0.315619512195122;0.3240634146341464;0.37235121951219513;0.2856731707317073
2022-05-05T00:00:00.000Z;;;;;;;;;;;;
2022-05-08T00:00:00.000Z;0.1108048780487805;1.0798292682926829;0.11993414634146342;0.17118048780487805;0.21924390243902442;0.2583682926829268;0.30142682926829273;0.31659756097560976;0.3303170731707317;0.32976829268292684;0.4006585365853659;0.344519512195122
2022-05-10T00:00:00.000Z;0.149;1.1122439024390245;0.13907560975609756;0.19923658536585365;0.2525951219512195;0.29915853658536584;0.3432;0.35948048780487807;0.3676609756097561;0.3736243902439024;0.44632926829268293;0.3774341463414634
2022-05-13T00:00:00.000Z;0.171;1.867829268292683;0.11879024390243904;0.17219512195121953;0.217819512195122;0.26150243902439024;0.3074;0.3189878048780488;0.32219024390243906;0.33442926829268294;0.3920487804878049;0.32447560975609757
2022-05-15T00:00:00.000Z;0.209;1.636878048780488;0.1486439024390244;0.2049;0.2525707317073171;0.2984365853658537;0.3474609756097561;0.3678512195121951;0.37391951219512193;0.3822560975609756;0.44696829268292687;0.38584146341463416
2022-05-18T00:00:00.000Z;0.165;1.5610243902439025;0.12281463414634147;0.17526341463414635;0.22024878048780488;0.2612731707317073;0.30792682926829273;0.3264365853658537;0.3328243902439024;0.3397292682926829;0.40101219512195124;0.3440731707317073
2022-05-20T00:00:00.000Z;0.28500000000000003;1.456;0.13688;0.1918;0.23324000000000003;0.28171999999999997;0.34308000000000005;0.35866000000000003;0.35608;0.37342;0.40468000000000004;0.33134
2022-05-23T00:00:00.000Z;0.16;1.5707317073170732;0.11997560975609757;0.17433658536585367;0.22342926829268292;0.2682024390243903;0.31507804878048784;0.3315975609756098;0.3356731707317073;0.3448707317073171;0.402219512195122;0.329919512195122
2022-05-25T00:00:00.000Z;0.127;1.1336315789473683;0.12664473684210528;0.18013684210526318;0.23089473684210526;0.2756394736842105;0.32189210526315787;0.3406236842105264;0.32471578947368424;0.3541684210526316;0.37534736842105265;0.33536578947368423
2022-05-28T00:00:00.000Z;0.1108048780487805;1.4599268292682928;0.12677560975609756;0.1791707317073171;0.22868292682926833;0.2706048780487805;0.31641219512195123;0.3328146341463415;0.3424243902439024;0.3473024390243903;0.41201951219512195;0.3537756097560976
2022-05-30T00:00:00.000Z;0.138;1.106609756097561;0.14975121951219514;0.21321463414634145;0.26962682926829273;0.3167853658536585;0.36495609756097563;0.3807609756097561;0.39088292682926834;0.39701951219512194;0.46297804878048787;0.3865317073170732
2022-06-02T00:00:00.000Z;;;;;;;;;;;;
2022-06-04T00:00:00.000Z;0.187;1.6228048780487805;0.15427804878048781;0.2153219512195122;0.27248292682926833;0.32028048780487806;0.36389024390243907;0.3817926829268293;0.3886756097560976;0.3964170731707317;0.46782439024390243;0.40260731707317077
2022-06-07T00:00:00.000Z;0.1108048780487805;1.6851707317073172;0.13010731707317072;0.18267804878048782;0.23583414634146344;0.27836829268292684;0.31809024390243906;0.3374121951219512;0.34319512195121954;0.35149024390243905;0.42363170731707317;0.36214146341463416
2022-06-09T00:00:00.000Z;0.176;2.22119512195122;0.15379756097560976;0.21771951219512198;0.27839024390243905;0.3279365853658537;0.36832439024390246;0.38330243902439026;0.3811731707317073;0.40068536585365855;0.4759414634146341;0.3965756097560976
2022-06-12T00:00:00.000Z;0.127;1.4160487804878048;0.12470243902439025;0.17690731707317073;0.22803414634146343;0.26964634146341465;0.30859024390243905;0.3265292682926829;0.33207804878048786;0.342219512195122;0.4002439024390244;0.3275707317073171
2022-06-14T00:00:00.000Z;0.247;1.367560975609756;0.15310731707317074;0.21275365853658537;0.26576829268292684;0.3107048780487805;0.35100243902439027;0.3687219512195122;0.3780487804878049;0.38391951219512194;0.45248536585365856;0.3877658536585366
2022-06-17T00:00:00.000Z;0.12165853658536584;1.6312439024390244;0.12879024390243904;0.1785219512195122;0.22775609756097562;0.2669658536585366;0.3034292682926829;0.32159512195121953;0.32943414634146345;0.3380390243902439;0.4077121951219512;0.3469073170731708
2022-06-19T00:00:00.000Z;0.2853414634146341;1.5014146341463415;0.150709756097561;0.21687804878048783;0.27371463414634145;0.3208756097560976;0.3580365853658537;0.37225121951219514;0.3759682926829268;0.38934634146341457;0.4516951219512195;0.37132195121951217
2022-06-22T00:00:00.000Z;0.1108048780487805;0.840829268292683;0.12314146341463417;0.1788341463414634;0.23736585365853657;0.2789048780487805;0.3138634146341464;0.32904146341463414;0.3445658536585366;0.3464317073170732;0.4146365853658536;0.3393292682926829
2022-06-24T00:00:00.000Z;0.171;1.600219512195122;0.1551780487804878;0.21830975609756098;0.2818170731707317;0.3288170731707317;0.36374146341463415;0.37821463414634154;0.38825853658536585;0.3950414634146342;0.48437073170731715;0.41683414634146343
2022-06-27T00:00:00.000Z;0.127;1.3527073170731707;0.1291268292682927;0.18310731707317077;0.2415219512195122;0.2810317073170732;0.31657804878048784;0.3297121951219512;0.3418;0.34802926829268294;0.4287512195121952;0.36654146341463417
2022-06-29T00:00:00.000Z;0.22;1.9990487804878048;0.15310487804878048;0.2171219512195122;0.2829243902439024;0.3331048780487805;0.36494634146341454;0.3802609756097561;0.37976829268292683;0.3970170731707317;0.4790780487804879;0.3963951219512195
2022-07-02T00:00:00.000Z;0.367;2.0610975609756097;0.12381463414634147;0.18277073170731709;0.23603902439024393;0.28085121951219516;0.3119;0.3281292682926829;0.32701463414634147;0.34388048780487807;0.3993609756097561;0.3186634146341464
2022-07-04T00:00:00.000Z;0.23521951219512197;2.219634146341464;0.1555560975609756;0.21519024390243904;0.2733926829268293;0.31985121951219514;0.35194878048780487;0.3720048780487805;0.3720219512195122;0.3876170731707317;0.46314878048780483;0.39215853658536587
2022-07-07T00:00:00.000Z;;;;;;;;;;;;
2022-07-09T00:00:00.000Z;0.209;1.7322926829268293;0.1482170731707317;0.2125487804878049;0.27848292682926834;0.32612439024390244;0.35715853658536584;0.37271951219512195;0.3774317073170732;0.39220731707317075;0.4806;0.402809756097561
2022-07-12T00:00:00.000Z;0.198;1.532439024390244;0.12571219512195123;0.18386341463414635;0.24366829268292683;0.28605121951219514;0.3143073170731708;0.3293878048780488;0.33610243902439024;0.34473658536585366;0.4244658536585366;0.3488
2022-07-14T00:00:00.000Z;0.2909756097560976;1.5315365853658536;0.14755121951219513;0.2092439024390244;0.2756926829268293;0.32115853658536586;0.35163414634146345;0.3703756097560976;0.37970975609756097;0.387709756097561;0.4807975609756098;0.41281463414634156
2022-07-17T00:00:00.000Z;0.165;1.1610243902439024;0.12782926829268293;0.18381951219512202;0.24419024390243904;0.28531463414634145;0.3113878048780488;0.32866585365853657;0.34302926829268293;0.3457;0.431009756097561;0.3689731707317073
2022-07-19T00:00:00.000Z;0.15414634146341466;1.7606097560975609;0.14310243902439024;0.20175121951219513;0.2633804878048781;0.3105268292682927;0.3393878048780488;0.352709756097561;0.3564;0.3724048780487805;0.4595609756097562;0.38644146341463415
2022-07-22T00:00:00.000Z;0.182;2.107;0.12374146341463416;0.17811219512195123;0.23638048780487808;0.2809439024390244;0.30582439024390246;0.32126341463414637;0.32215609756097563;0.33914634146341466;0.4169024390243903;0.34158292682926833
2022-07-24T00:00:00.000Z;0.28;1.1648292682926829;0.1570439024390244;0.22053902439024392;0.2854658536585366;0.3282317073170732;0.3579658536585366;0.37481219512195124;0.38830243902439027;0.3909048780487805;0.47692439024390243;0.40767317073170733
2022-07-27T00:00:00.000Z;0.25290243902439025;2.4861219512195123;0.1286487804878049;0.18474146341463413;0.24599024390243904;0.29045853658536586;0.3137439024390244;0.3310756097560976;0.3308243902439024;0.3463829268292683;0.4322707317073171;0.3655634146341463
2022-07-29T00:00:00.000Z;0.2038048780487805;2.3342439024390242;0.14515121951219512;0.20729756097560978;0.27203414634146345;0.3215317073170732;0.34524634146341465;0.3599170731707317;0.35733414634146343;0.38039512195121955;0.46973170731707314;0.38970731707317074
2022-08-01T00:00:00.000Z;0.182;2.591390243902439;0.12226829268292684;0.17738048780487806;0.23473658536585368;0.2804121951219512;0.30206829268292684;0.31803414634146343;0.3155804878048781;0.3363219512195122;0.4155317073170732;0.3378414634146341
2022-08-03T00:00:00.000Z;0.2638048780487805;1.752268292682927;0.14999268292682927;0.2104658536585366;0.27396829268292683;0.32040243902439025;0.3459487804878049;0.36341463414634156;0.3676780487804878;0.37897317073170733;0.4651048780487805;0.3976439024390244
2022-08-06T00:00:00.000Z;0.19297560975609757;1.502439024390244;0.12645365853658536;0.1802878048780488;0.24038048780487808;0.27943902439024393;0.30613414634146346;0.3216219512195122;0.3293121951219512;0.33695853658536584;0.41972195121951217;0.35611219512195125
2022-08-08T00:00:00.000Z;0.258;1.3770243902439026;0.1483780487804878;0.21540975609756097;0.28263414634146344;0.33202195121951217;0.35688780487804883;0.3700829268292683;0.3763073170731707;0.3859317073170732;0.47166829268292687;0.3904585365853659
2022-08-11T00:00:00.000Z;0.116;1.7704146341463416;0.1197439024390244;0.1723609756097561;0.22932195121951218;0.2708731707317073;0.29335853658536587;0.3081268292682927;0.3127121951219512;0.3247024390243903;0.4023560975609756;0.3281731707317073
2022-08-13T00:00:00.000Z;;;;;;;;;;;;
2022-08-16T00:00:00.000Z;0.187;1.5981951219512196;0.11912439024390245;0.17450731707317074;0.2355317073170732;0.2755243902439024;0.2986975609756098;0.3130048780487805;0.3235609756097561;0.3295390243902439;0.41902682926829266;0.35669512195121955
2022-08-18T00:00:00.000Z;0.22;1.3664634146341463;0.14153170731707318;0.20816829268292683;0.27683902439024394;0.32203658536585367;0.3473170731707317;0.35882439024390245;0.36630731707317077;0.3758682926829268;0.46254878048780484;0.3834390243902439
2022-08-21T00:00:00.000Z;0.2038048780487805;1.6363658536585366;0.12182926829268292;0.18410243902439025;0.25243414634146344;0.298919512195122;0.32362439024390244;0.3395878048780488;0.3445560975609756;0.3588731707317073;0.43059024390243905;0.3537804878048781
2022-08-23T00:00:00.000Z;0.25290243902439025;2.785853658536585;0.14260975609756096;0.2053048780487805;0.2702170731707317;0.31978292682926834;0.3404536585365854;0.35815853658536584;0.35288536585365854;0.37311951219512196;0.46676097560975616;0.39659512195121954
2022-08-26T00:00:00.000Z;0.20400000000000001;2.709809523809524;0.08177619047619049;0.11247142857142858;0.14417619047619049;0.1683857142857143;0.1793952380952381;0.18559523809523812;0.19154285714285715;0.1898142857142857;0.2283809523809524;0.16813333333333333
2022-08-28T00:00:00.000Z;0.2746585365853659;2.377975609756098;0.1265268292682927;0.19029268292682927;0.2520219512195122;0.30223414634146345;0.32624634146341464;0.3409390243902439;0.3364756097560976;0.35669024390243903;0.43948536585365855;0.36211463414634154
2022-08-31T00:00:00.000Z;0.31834146341463415;2.5671463414634146;0.1253878048780488;0.1709560975609756;0.21753658536585369;0.26630243902439027;0.29585609756097564;0.3133975609756098;0.30320975609756096;0.334609756097561;0.38737073170731706;0.3111926829268293
2022-09-02T00:00:00.000Z;0.209;2.0732926829268292;0.13447317073170734;0.1940219512195122;0.2544512195121951;0.2998048780487805;0.3261317073170732;0.3450804878048781;0.3450634146341464;0.3582853658536585;0.44878292682926835;0.38397073170731705
2022-09-05T00:00:00.000Z;0.14341463414634145;1.446658536585366;0.1136658536585366;0.1650341463414634;0.22182439024390244;0.259009756097561;0.2873487804878049;0.30157804878048783;0.31002439024390244;0.31513902439024394;0.40052439024390246;0.3415926829268293
2022-09-07T00:00:00.000Z;0.187;1.125439024390244;0.1311731707317073;0.19324634146341466;0.2574365853658537;0.29839756097560977;0.3259804878048781;0.3407;0.35015365853658537;0.3565560975609756;0.44089512195121955;0.3673829268292683
2022-09-10T00:00:00.000Z;0.176;1.6606341463414636;0.11084634146341464;0.16454146341463416;0.22259512195121953;0.2639268292682927;0.2870390243902439;0.3001073170731708;0.30432682926829274;0.31684390243902444;0.39281951219512196;0.3199878048780488
2022-09-12T00:00:00.000Z;;;;;;;;;;;;
2022-09-15T00:00:00.000Z;0.15414634146341466;2.2608536585365853;0.11005365853658537;0.16191707317073173;0.2154292682926829;0.2554365853658537;0.2789073170731708;0.2926878048780488;0.2938487804878049;0.30653902439024394;0.39370731707317075;0.3319268292682927
2022-09-17T00:00:00.000Z;0.22;2.2695853658536587;0.12575365853658538;0.18481707317073168;0.24644878048780489;0.2934;0.31694146341463414;0.32955609756097565;0.3267365853658537;0.3479926829268293;0.4329926829268293;0.3581439024390244
2022-09-20T00:00:00.000Z;0.187;2.112390243902439;0.10517317073170733;0.1565609756097561;0.21066829268292683;0.2529365853658537;0.2750365853658537;0.2880268292682927;0.29006341463414637;0.30608048780487807;0.3781024390243903;0.3066365853658537
2022-09-22T00:00:00.000Z;0.21465853658536585;2.498951219512195;0.1279;0.1861292682926829;0.24398048780487808;0.2900658536585366;0.31318292682926835;0.33074634146341464;0.3270804878048781;0.3454219512195122;0.43421463414634154;0.3685487804878049
2022-09-25T00:00:00.000Z;;;;;;;;;;;;
2022-09-27T00:00:00.000Z;0.14341463414634145;1.0665853658536584;0.11810975609756097;0.17610975609756097;0.23549024390243906;0.27865365853658536;0.3053365853658537;0.3182780487804878;0.3259048780487805;0.3338975609756098;0.4167829268292683;0.3455170731707317
2022-09-30T00:00:00.000Z;0.1108048780487805;0.9076585365853659;0.10026097560975611;0.1517658536585366;0.2057121951219512;0.24395121951219514;0.26852439024390246;0.2812487804878049;0.294619512195122;0.2955439024390244;0.3654951219512195;0.2955219512195122
2022-10-02T00:00:00.000Z;0.176;1.0888292682926828;0.12112926829268293;0.1777;0.23522926829268292;0.274719512195122;0.3014317073170732;0.3171951219512195;0.32755609756097565;0.3310487804878049;0.4117;0.3505658536585366
2022-10-05T00:00:00.000Z;0.176;1.6869166666666668;0.11475;0.1263;0.14305;0.16358333333333333;0.18041666666666667;0.193275;0.18580000000000002;0.2036166666666667;0.22690833333333332;0.1938166666666667
2022-10-07T00:00:00.000Z;0.24197560975609755;2.293634146341464;0.10200000000000001;0.15616829268292684;0.2084292682926829;0.2561048780487805;0.28235121951219516;0.2964317073170732;0.29047804878048783;0.309809756097561;0.3695536585365854;0.2899853658536585
2022-10-10T00:00:00.000Z;;;;;;;;;;;;
2022-10-12T00:00:00.000Z;0.165;2.319536585365854;0.09905853658536586;0.14155121951219513;0.18141219512195123;0.2219487804878049;0.2491439024390244;0.26597073170731705;0.2631;0.278519512195122;0.3342341463414634;0.2688243902439024
2022-10-15T00:00:00.000Z;0.171;1.589219512195122;0.09644146341463415;0.1423707317073171;0.1864439024390244;0.22333658536585368;0.2535121951219512;0.2661731707317073;0.2727707317073171;0.2800609756097561;0.34748048780487806;0.2928121951219512
2022-10-17T00:00:00.000Z;0.187;1.903780487804878;0.10481707317073172;0.15754878048780488;0.20598048780487807;0.248619512195122;0.27895121951219515;0.2902853658536585;0.2885439024390244;0.30627804878048787;0.37575121951219514;0.3124219512195122
2022-10-20T00:00:00.000Z;;;;;;;;;;;;
2022-10-22T00:00:00.000Z;;;;;;;;;;;;
2022-10-25T00:00:00.000Z;;;;;;;;;;;;
2022-10-27T00:00:00.000Z;;;;;;;;;;;;
2022-10-30T00:00:00.000Z;;;;;;;;;;;;
2022-11-01T00:00:00.000Z;0.138;1.8401707317073168;0.10718292682926829;0.15582439024390246;0.20416829268292686;0.24218048780487808;0.273619512195122;0.28848292682926835;0.289019512195122;0.3021804878048781;0.3836731707317073;0.3263390243902439
2022-11-04T00:00:00.000Z;0.05524390243902439;1.0874878048780487;0.10487560975609757;0.1462780487804878;0.1905756097560976;0.2229439024390244;0.2551121951219512;0.2693487804878049;0.2799463414634146;0.28297073170731707;0.35418292682926833;0.2970658536585366
2022-11-06T00:00:00.000Z;0.0998048780487805;0.5743414634146342;0.10152439024390245;0.1530658536585366;0.2050317073170732;0.23641463414634145;0.2704536585365854;0.2847634146341464;0.2982853658536585;0.2985560975609756;0.37061951219512196;0.3080170731707317
2022-11-09T00:00:00.000Z;;;;;;;;;;;;
2022-11-11T00:00:00.000Z;;;;;;;;;;;;
2022-11-14T00:00:00.000Z;0.127;1.84819512195122;0.08987560975609757;0.13149756097560977;0.17230731707317073;0.20767804878048785;0.2409048780487805;0.25440243902439025;0.25805853658536587;0.26722439024390243;0.3319756097560976;0.2764780487804878
2022-11-16T00:00:00.000Z;;;;;;;;;;;;
2022-11-19T00:00:00.000Z;;;;;;;;;;;;
2022-11-21T00:00:00.000Z;;;;;;;;;;;;
2022-11-24T00:00:00.000Z;0.08890243902439025;1.584560975609756;0.08315609756097561;0.12207317073170733;0.16301463414634149;0.1957707317073171;0.22673902439024393;0.2397317073170732;0.24569756097560977;0.2515512195121951;0.31494146341463414;0.2635682926829268
2022-11-26T00:00:00.000Z;;;;;;;;;;;;
2022-11-29T00:00:00.000Z;0.07200000000000001;0.8562682926829268;0.08299024390243903;0.12722439024390245;0.1704926829268293;0.20405853658536585;0.2378268292682927;0.24807317073170732;0.2607951219512195;0.26152195121951216;0.31987804878048787;0.2570512195121951
2022-12-01T00:00:00.000Z;;;;;;;;;;;;
2022-12-04T00:00:00.000Z;;;;;;;;;;;;
2022-12-06T00:00:00.000Z;;;;;;;;;;;;
2022-12-09T00:00:00.000Z;;;;;;;;;;;;
2022-12-11T00:00:00.000Z;;;;;;;;;;;;
2022-12-14T00:00:00.000Z;;;;;;;;;;;;
2022-12-16T00:00:00.000Z;;;;;;;;;;;;
2022-12-19T00:00:00.000Z;;;;;;;;;;;;
2022-12-21T00:00:00.000Z;;;;;;;;;;;;
2022-12-24T00:00:00.000Z;0.06665853658536586;1.0358048780487805;0.08022682926829268;0.12090487804878049;0.15829756097560976;0.19198536585365852;0.22759024390243904;0.2397658536585366;0.2507073170731708;0.2514170731707317;0.3113317073170732;0.256909756097561
2022-12-26T00:00:00.000Z;;;;;;;;;;;;
2022-12-29T00:00:00.000Z;;;;;;;;;;;;
2022-12-31T00:00:00.000Z;0.083;0.7318780487804878;0.09798048780487804;0.1433609756097561;0.18823658536585366;0.22395853658536585;0.26189268292682927;0.2743853658536585;0.2900048780487805;0.2892609756097561;0.354019512195122;0.2967560975609756
2023-01-03T00:00:00.000Z;0.083;1.317341463414634;0.08566341463414634;0.12487317073170733;0.1628829268292683;0.19773902439024393;0.2310609756097561;0.2433487804878049;0.25234146341463415;0.2571341463414634;0.3186219512195122;0.26471707317073173
2023-01-05T00:00:00.000Z;0.094;0.8311219512195123;0.0962439024390244;0.1419658536585366;0.18417560975609762;0.22073902439024393;0.2562658536585366;0.26857317073170733;0.2790170731707317;0.2840536585365854;0.337509756097561;0.27560243902439024
2023-01-08T00:00:00.000Z;;;;;;;;;;;;
2023-01-10T00:00:00.000Z;0.07790243902439024;1.3298292682926829;0.09802439024390244;0.14297073170731708;0.18844146341463414;0.2258878048780488;0.2597439024390244;0.27383902439024393;0.2804780487804878;0.2872;0.3583829268292683;0.3030414634146341
2023-01-13T00:00:00.000Z;0.083;0.4983170731707317;0.08461951219512195;0.12616829268292684;0.16853170731707318;0.19747560975609763;0.2344317073170732;0.24588536585365853;0.26786341463414637;0.26107804878048785;0.32140243902439025;0.26804390243902443
2023-01-15T00:00:00.000Z;0.07200000000000001;0.9819024390243902;0.09876585365853659;0.14732682926829269;0.19569024390243905;0.23497073170731705;0.26830243902439027;0.28150243902439026;0.28986829268292685;0.296909756097561;0.36212926829268294;0.2994219512195122
2023-01-18T00:00:00.000Z;;;;;;;;;;;;
2023-01-20T00:00:00.000Z;0.078;0.879;0.09040000000000001;0.11043333333333333;0.1363;0.1537;0.17980000000000002;0.1845;0.1978666666666667;0.18960000000000002;0.20450000000000002;0.14400000000000002
2023-01-23T00:00:00.000Z;0.07790243902439024;0.45146341463414635;0.08466829268292683;0.1248341463414634;0.1684780487804878;0.19849756097560978;0.23255365853658538;0.2437926829268293;0.2651121951219512;0.2588365853658537;0.3207146341463415;0.2684146341463415
2023-01-25T00:00:00.000Z;;;;;;;;;;;;
2023-01-28T00:00:00.000Z;0.083;0.5615121951219513;0.0816439024390244;0.1253170731707317;0.16970243902439025;0.2027268292682927;0.2348292682926829;0.2468731707317073;0.26257073170731704;0.2601048780487805;0.317219512195122;0.2561341463414634
2023-01-30T00:00:00.000Z;0.0998048780487805;0.7139268292682927;0.1036658536585366;0.15161707317073173;0.20079024390243905;0.23647073170731706;0.2707487804878049;0.2824048780487805;0.2996146341463415;0.2991170731707317;0.3700536585365854;0.31176829268292683
2023-02-02T00:00:00.000Z;0.083;0.7404878048780488;0.08915121951219512;0.1306439024390244;0.1760829268292683;0.20865121951219512;0.24067804878048785;0.25203658536585366;0.2698243902439024;0.2672;0.3327560975609756;0.27851219512195124
2023-02-04T00:00:00.000Z;0.08890243902439025;0.3104390243902439;0.10117317073170733;0.15294634146341465;0.2046609756097561;0.23692195121951218;0.2721292682926829;0.2856658536585366;0.306319512195122;0.3004439024390244;0.36663414634146335;0.3037926829268293
2023-02-07T00:00:00.000Z;;;;;;;;;;;;
2023-02-09T00:00:00.000Z;;;;;;;;;;;;
2023-02-12T00:00:00.000Z;;;;;;;;;;;;
2023-02-14T00:00:00.000Z;;;;;;;;;;;;
2023-02-17T00:00:00.000Z;;;;;;;;;;;;
2023-02-19T00:00:00.000Z;0.318;1.1429268292682928;0.10444146341463416;0.15373170731707317;0.19983902439024392;0.23378292682926832;0.2648219512195122;0.27785121951219516;0.28586829268292685;0.2904634146341464;0.35897804878048784;0.30564634146341463
2023-02-22T00:00:00.000Z;0.3452439024390244;1.0526829268292683;0.09623658536585367;0.14419024390243904;0.18706829268292685;0.21821463414634146;0.2477268292682927;0.25949512195121954;0.2673951219512195;0.2692073170731708;0.33174634146341464;0.27667804878048785
2023-02-24T00:00:00.000Z;;;;;;;;;;;;
2023-02-27T00:00:00.000Z;0.07790243902439024;0.2730243902439024;0.09318536585365854;0.1381219512195122;0.18760487804878048;0.21675121951219514;0.2464048780487805;0.25880975609756096;0.2805463414634147;0.27226829268292685;0.3395609756097561;0.2763048780487805
2023-03-01T00:00:00.000Z;0.12165853658536584;0.5211951219512195;0.11631951219512196;0.16730975609756096;0.2228853658536585;0.2558560975609756;0.28748292682926835;0.3000365853658537;0.3196292682926829;0.31441463414634147;0.3968853658536586;0.3382756097560976
2023-03-04T00:00:00.000Z;0.105;0.6208536585365854;0.10006341463414635;0.14469268292682927;0.19360000000000002;0.2239804878048781;0.2552317073170732;0.2658951219512195;0.2843219512195122;0.2790243902439024;0.356209756097561;0.3011780487804878
2023-03-06T00:00:00.000Z;;;;;;;;;;;;
2023-03-09T00:00:00.000Z;;;;;;;;;;;;
2023-03-11T00:00:00.000Z;;;;;;;;;;;;
2023-03-14T00:00:00.000Z;;;;;;;;;;;;
2023-03-16T00:00:00.000Z;0.0998048780487805;0.8233414634146342;0.11967317073170733;0.17466341463414636;0.23273902439024394;0.26907317073170733;0.2989268292682927;0.31133414634146345;0.3246073170731708;0.3264731707317073;0.40870243902439024;0.34328780487804883
2023-03-19T00:00:00.000Z;0.105;1.0561463414634147;0.10676829268292684;0.1567219512195122;0.20897073170731706;0.2432;0.2693121951219512;0.28149024390243904;0.29187804878048784;0.2944219512195122;0.3701317073170732;0.3014219512195122
2023-03-21T00:00:00.000Z;;;;;;;;;;;;
2023-03-24T00:00:00.000Z;0.0998048780487805;0.8715853658536586;0.11251951219512196;0.16173170731707318;0.21536585365853658;0.24735853658536586;0.27548292682926834;0.2883829268292683;0.3037804878048781;0.30159756097560975;0.38374146341463417;0.3253463414634147
2023-03-26T00:00:00.000Z;;;;;;;;;;;;
2023-03-29T00:00:00.000Z;0.105;0.757609756097561;0.10885365853658537;0.16002439024390244;0.21515609756097562;0.24825853658536587;0.274590243902439;0.2869707317073171;0.3019804878048781;0.30224146341463415;0.37795609756097565;0.30948536585365855
2023-03-31T00:00:00.000Z;;;;;;;;;;;;
2023-04-03T00:00:00.000Z;0.08890243902439025;0.425390243902439;0.11610243902439024;0.16719024390243903;0.22463414634146345;0.2555682926829268;0.28259268292682926;0.29565853658536584;0.31741463414634147;0.30927073170731706;0.3956536585365854;0.3363780487804878
2023-04-05T00:00:00.000Z;0.149;0.4724634146341463;0.13259756097560976;0.1939317073170732;0.25739268292682926;0.2932048780487805;0.32213902439024394;0.33415609756097564;0.35299024390243905;0.34949024390243905;0.43563658536585365;0.3631243902439024
2023-04-08T00:00:00.000Z;0.116;0.5020975609756098;0.11583902439024392;0.16907804878048782;0.22756585365853657;0.2603975609756098;0.2870048780487805;0.2985878048780488;0.3177414634146341;0.31301463414634145;0.3928780487804878;0.32169024390243905
2023-04-10T00:00:00.000Z;0.3289756097560976;1.4586341463414636;0.09123902439024391;0.11891707317073172;0.1439268292682927;0.16602926829268294;0.18210243902439024;0.19099024390243904;0.19211707317073168;0.1957707317073171;0.21521463414634145;0.16943170731707316
2023-04-13T00:00:00.000Z;;;;;;;;;;;;
2023-04-15T00:00:00.000Z;0.16;1.0070243902439024;0.14179268292682928;0.20438048780487805;0.26961463414634146;0.3088853658536585;0.3331707317073171;0.3468536585365854;0.35495853658536586;0.3614268292682927;0.44966097560975615;0.37626341463414636
2023-04-18T00:00:00.000Z;0.08890243902439025;0.8529268292682927;0.11967804878048781;0.1740487804878049;0.23312195121951218;0.26935121951219515;0.2927829268292683;0.3049634146341464;0.3191073170731708;0.32103658536585367;0.4027048780487805;0.3305560975609756
2023-04-20T00:00:00.000Z;0.165;0.8856341463414634;0.14766341463414637;0.20866829268292683;0.2767707317073171;0.3148560975609756;0.34073902439024395;0.35515853658536584;0.36949512195121953;0.3685926829268293;0.4664341463414634;0.39936829268292684
2023-04-23T00:00:00.000Z;0.12165853658536584;0.9133414634146342;0.1273658536585366;0.18237560975609762;0.24439024390243905;0.27855853658536583;0.3031951219512195;0.3143219512195122;0.3314926829268293;0.3288268292682927;0.4233341463414634;0.36050731707317074
2023-04-25T00:00:00.000Z;0.094;1.3308048780487804;0.14526829268292685;0.2069439024390244;0.27471463414634145;0.3167268292682927;0.3394756097560976;0.3516365853658537;0.3579487804878049;0.36710731707317074;0.46731463414634156;0.39246341463414636
2023-04-28T00:00:00.000Z;;;;;;;;;;;;
2023-04-30T00:00:00.000Z;;;;;;;;;;;;
2023-05-03T00:00:00.000Z;;;;;;;;;;;;
2023-05-05T00:00:00.000Z;0.0998048780487805;1.0942439024390245;0.1468780487804878;0.20991219512195122;0.27878780487804883;0.31820975609756097;0.3412317073170732;0.3533707317073171;0.36374390243902444;0.36971951219512195;0.4706390243902439;0.395429268292683
2023-05-08T00:00:00.000Z;;;;;;;;;;;;
2023-05-10T00:00:00.000Z;0.0998048780487805;1.6911707317073172;0.15493170731707318;0.21477560975609758;0.2829975609756098;0.32562439024390244;0.34686829268292685;0.36248048780487807;0.367729268292683;0.37735365853658537;0.4847634146341464;0.4186878048780488
2023-05-13T00:00:00.000Z;;;;;;;;;;;;
2023-05-15T00:00:00.000Z;;;;;;;;;;;;
2023-05-18T00:00:00.000Z;;;;;;;;;;;;
2023-05-20T00:00:00.000Z;0.19505882352941178;1.3342352941176472;0.14118235294117648;0.18356470588235294;0.23288235294117648;0.26651176470588234;0.28701764705882354;0.30074411764705883;0.29756764705882355;0.3114470588235294;0.3778970588235294;0.2811382352941177
2023-05-23T00:00:00.000Z;;;;;;;;;;;;
2023-05-25T00:00:00.000Z;;;;;;;;;;;;
2023-05-28T00:00:00.000Z;;;;;;;;;;;;
2023-05-30T00:00:00.000Z;0.12165853658536584;1.7119268292682928;0.10836097560975609;0.13742439024390243;0.1664390243902439;0.19499024390243905;0.21974146341463413;0.2331878048780488;0.23058048780487808;0.2425390243902439;0.26845121951219514;0.21068048780487808
2023-06-02T00:00:00.000Z;0.4211463414634146;1.9155121951219511;0.11141707317073173;0.1641560975609756;0.21860487804878048;0.2593609756097561;0.28961219512195124;0.30549024390243906;0.3087365853658537;0.3185487804878049;0.3801853658536586;0.2888536585365854
2023-06-04T00:00:00.000Z;0.07790243902439024;1.976121951219512;0.1372487804878049;0.1955048780487805;0.2537536585365854;0.2991756097560976;0.3307951219512195;0.34510243902439025;0.3461560975609756;0.36219268292682927;0.4573682926829269;0.37950731707317076
2023-06-07T00:00:00.000Z;;;;;;;;;;;;
2023-06-09T00:00:00.000Z;;;;;;;;;;;;
2023-06-12T00:00:00.000Z;;;;;;;;;;;;
2023-06-14T00:00:00.000Z;0.14341463414634145;1.8504634146341463;0.14580975609756097;0.20884634146341466;0.26826585365853656;0.3131878048780488;0.34993414634146347;0.3651487804878049;0.3665317073170732;0.3808975609756098;0.46988292682926835;0.39353414634146333
2023-06-17T00:00:00.000Z;0.14341463414634145;1.9265365853658536;0.12321463414634148;0.17689756097560977;0.23125365853658536;0.27339024390243905;0.30921219512195125;0.32460243902439023;0.3255609756097561;0.33945121951219515;0.42021951219512194;0.3469975609756098
2023-06-19T00:00:00.000Z;;;;;;;;;;;;
2023-06-22T00:00:00.000Z;0.21465853658536585;1.796;0.10665365853658537;0.15539024390243905;0.2041560975609756;0.2427878048780488;0.2820878048780488;0.3005731707317073;0.30490243902439024;0.3143073170731708;0.3855731707317073;0.3146073170731708
2023-06-24T00:00:00.000Z;0.16;1.6639268292682927;0.1445487804878049;0.2046731707317073;0.2640487804878049;0.3108585365853659;0.3515170731707317;0.3699536585365854;0.37232439024390246;0.38450243902439024;0.47188292682926836;0.39623414634146337
2023-06-27T00:00:00.000Z;0.356;2.079390243902439;0.11747317073170732;0.16507804878048782;0.2099170731707317;0.25264634146341464;0.2970853658536585;0.3173268292682927;0.31605853658536587;0.3348414634146341;0.4091146341463416;0.3333292682926829
2023-06-29T00:00:00.000Z;0.5729756097560976;2.1649756097560977;0.14268292682926828;0.19891951219512202;0.2561219512195122;0.3053585365853659;0.3499707317073171;0.3752390243902439;0.37784146341463415;0.3927219512195122;0.4908341463414634;0.41659024390243904
2023-07-02T00:00:00.000Z;0.149;2.4923658536585367;0.12777560975609756;0.18034146341463414;0.23238048780487808;0.27190000000000003;0.31080243902439025;0.32730243902439027;0.3260292682926829;0.3406707317073171;0.4248463414634146;0.3642
2023-07-04T00:00:00.000Z;0.187;1.7264146341463416;0.14942682926829268;0.21193902439024392;0.27253414634146345;0.31723414634146346;0.35492439024390243;0.3719682926829268;0.3750926829268293;0.3885756097560976;0.47379024390243907;0.3968170731707317
2023-07-07T00:00:00.000Z;;;;;;;;;;;;
2023-07-09T00:00:00.000Z;0.2362439024390244;2.4571463414634147;0.1482926829268293;0.20565365853658538;0.259719512195122;0.30424634146341467;0.33769512195121953;0.3582390243902439;0.35469024390243903;0.37198780487804883;0.4545146341463416;0.3893219512195122
2023-07-12T00:00:00.000Z;0.2486296296296296;1.3875185185185186;0.13246666666666668;0.1863703703703704;0.24054814814814815;0.2767296296296296;0.311562962962963;0.33182222222222224;0.3380222222222222;0.34669629629629634;0.42100370370370377;0.3501555555555556
2023-07-14T00:00:00.000Z;0.21465853658536585;1.8630243902439025;0.14902439024390246;0.2128804878048781;0.27424634146341464;0.32114634146341464;0.35298536585365853;0.3681536585365854;0.3700317073170732;0.3856853658536586;0.47300975609756096;0.3922
2023-07-17T00:00:00.000Z;0.24197560975609755;1.5352439024390245;0.12145853658536584;0.17674146341463418;0.2303170731707317;0.2714146341463415;0.3019634146341464;0.3160487804878049;0.32059512195121953;0.33101219512195124;0.40564634146341455;0.3316536585365854
2023-07-19T00:00:00.000Z;;;;;;;;;;;;
2023-07-22T00:00:00.000Z;;;;;;;;;;;;
2023-07-24T00:00:00.000Z;0.3288048780487805;1.718219512195122;0.15495121951219512;0.20990731707317078;0.25823902439024393;0.30432439024390245;0.3367439024390244;0.35405121951219515;0.3484975609756098;0.37092682926829273;0.42727804878048786;0.35139756097560976
2023-07-27T00:00:00.000Z;0.1108048780487805;2.7335365853658535;0.12142926829268293;0.17160975609756096;0.2238292682926829;0.2665390243902439;0.29279756097560977;0.3073926829268293;0.30196585365853656;0.32435121951219514;0.4070560975609756;0.3339268292682927
2023-07-29T00:00:00.000Z;0.2638048780487805;1.6185365853658538;0.15325853658536584;0.21482682926829272;0.2778317073170732;0.3222634146341464;0.34988536585365854;0.3669;0.3736268292682927;0.38215853658536586;0.4731609756097562;0.4043
2023-08-01T00:00:00.000Z;0.165;1.3431463414634148;0.12605365853658537;0.17922926829268293;0.2380439024390244;0.2762756097560976;0.3023512195121951;0.3188365853658537;0.32827804878048783;0.3323073170731708;0.4242268292682927;0.3604439024390244
2023-08-03T00:00:00.000Z;0.19297560975609757;1.8211707317073167;0.1477780487804878;0.2119170731707317;0.2794439024390244;0.3266073170731708;0.3497219512195122;0.36395853658536587;0.36560731707317073;0.37962926829268295;0.47411219512195124;0.3940609756097561
2023-08-06T00:00:00.000Z;0.15414634146341466;1.5127073170731709;0.12337073170731708;0.18042926829268288;0.24007804878048783;0.2805878048780488;0.3065926829268293;0.3183658536585366;0.32367804878048784;0.33449268292682927;0.4157731707317074;0.3394487804878049
2023-08-08T00:00:00.000Z;0.22551219512195123;2.3456585365853657;0.14533170731707318;0.19984878048780488;0.25155853658536587;0.29269024390243903;0.3191219512195122;0.33786829268292684;0.3358439024390244;0.3513609756097561;0.43270000000000003;0.3652170731707317
2023-08-11T00:00:00.000Z;0.198;1.7587073170731709;0.1262146341463415;0.18142439024390244;0.2401268292682927;0.2805463414634147;0.30370975609756096;0.3192536585365854;0.3240585365853659;0.33215853658536587;0.4207634146341464;0.355519512195122
2023-08-13T00:00:00.000Z;0.247;2.272731707317073;0.1446609756097561;0.20915853658536585;0.2733609756097561;0.3222048780487805;0.34536829268292685;0.3591219512195122;0.3537609756097561;0.3739804878048781;0.46522439024390244;0.3847756097560976
2023-08-16T00:00:00.000Z;0.116;2.100609756097561;0.11765365853658537;0.1686439024390244;0.22041951219512199;0.26125853658536585;0.2842731707317073;0.29630731707317076;0.297619512195122;0.3130048780487805;0.39396341463414636;0.3203390243902439
2023-08-18T00:00:00.000Z;0.19297560975609757;1.2855365853658536;0.14944878048780488;0.2118878048780488;0.27722439024390244;0.32020000000000004;0.345209756097561;0.35971463414634147;0.3693878048780488;0.3744926829268293;0.4710048780487805;0.40190000000000003
2023-08-21T00:00:00.000Z;0.16;2.059439024390244;0.12398536585365853;0.17841951219512198;0.2365121951219512;0.2755292682926829;0.2989829268292683;0.311919512195122;0.3161365853658537;0.3268560975609756;0.4197512195121952;0.3548951219512195
2023-08-23T00:00:00.000Z;0.22551219512195123;1.6033414634146341;0.14081707317073172;0.20407317073170728;0.2703853658536585;0.31775121951219515;0.3400170731707317;0.3531560975609756;0.35572195121951217;0.3682731707317073;0.46187317073170736;0.38158536585365854
2023-08-26T00:00:00.000Z;0.318;1.8145365853658537;0.12870243902439024;0.1830439024390244;0.2348878048780488;0.27531463414634144;0.2981853658536585;0.3118609756097561;0.31063414634146347;0.3258560975609756;0.3900439024390244;0.3116951219512195
2023-08-28T00:00:00.000Z;0.165;1.2330975609756096;0.14171951219512197;0.20340731707317078;0.2680658536585366;0.30858536585365853;0.335009756097561;0.3470634146341464;0.3578219512195122;0.36076341463414635;0.4587878048780488;0.39098536585365856
2023-08-31T00:00:00.000Z;0.171;1.8252439024390243;0.11871707317073173;0.17163902439024392;0.2315268292682927;0.2708048780487805;0.2934731707317073;0.3074512195121951;0.3109756097560976;0.32018048780487807;0.41176585365853663;0.3467121951219512
2023-09-02T00:00:00.000Z;;;;;;;;;;;;
2023-09-05T00:00:00.000Z;0.3344146341463415;2.3039756097560975;0.1221658536585366;0.1789707317073171;0.2304439024390244;0.2754365853658537;0.2991365853658537;0.3124170731707317;0.309390243902439;0.32863658536585366;0.39101951219512193;0.3086292682926829
2023-09-07T00:00:00.000Z;0.2038048780487805;2.632414634146341;0.1298829268292683;0.1846317073170732;0.2403487804878049;0.28393414634146347;0.3104756097560976;0.3290317073170732;0.3230756097560976;0.34267073170731704;0.42565365853658543;0.3559
2023-09-10T00:00:00.000Z;0.182;2.271439024390244;0.11949512195121952;0.16713170731707316;0.21218536585365852;0.25255853658536587;0.28155121951219514;0.2963731707317073;0.29754634146341463;0.3146878048780488;0.3843048780487805;0.3306317073170732
2023-09-12T00:00:00.000Z;;;;;;;;;;;;
2023-09-15T00:00:00.000Z;0.105;2.581390243902439;0.09669024390243902;0.13632439024390244;0.1769219512195122;0.21231463414634147;0.2349756097560976;0.2457317073170732;0.2427853658536585;0.2600804878048781;0.3176;0.24629024390243903
2023-09-17T00:00:00.000Z;0.2038048780487805;2.8140243902439024;0.11593170731707317;0.1684487804878049;0.2189268292682927;0.26257804878048785;0.2902829268292683;0.3100439024390244;0.3040878048780488;0.3236439024390244;0.40093414634146335;0.32541219512195124
2023-09-20T00:00:00.000Z;0.138;2.1166341463414637;0.11309512195121953;0.1608878048780488;0.21125365853658537;0.24922195121951218;0.2783951219512195;0.2945975609756098;0.2951804878048781;0.30679268292682926;0.3929878048780488;0.3296536585365854
2023-09-22T00:00:00.000Z;0.05524390243902439;1.1292439024390244;0.11732682926829269;0.17365365853658538;0.23039512195121953;0.2745048780487805;0.30451707317073173;0.32065853658536586;0.33255121951219513;0.33819024390243907;0.4310219512195122;0.3649341463414634
2023-09-25T00:00:00.000Z;0.094;1.1626829268292684;0.10469756097560977;0.15459024390243903;0.2060439024390244;0.24306829268292682;0.267709756097561;0.277919512195122;0.2880439024390244;0.29309024390243904;0.37335121951219513;0.3046975609756098
2023-09-27T00:00:00.000Z;0.12165853658536584;1.648487804878049;0.1243658536585366;0.1785268292682927;0.233119512195122;0.27364146341463413;0.29782439024390245;0.3134317073170732;0.31749756097560977;0.3273463414634147;0.42096097560975615;0.35965121951219514
2023-09-30T00:00:00.000Z;0.08890243902439025;1.477048780487805;0.10687317073170732;0.15381951219512197;0.2058;0.2410609756097561;0.2649146341463415;0.27897073170731707;0.28617073170731705;0.29227317073170733;0.3811048780487805;0.3238243902439024
2023-10-02T00:00:00.000Z;0.105;1.0382439024390244;0.1198878048780488;0.17475365853658537;0.23293658536585368;0.2728024390243903;0.29719512195121955;0.3095268292682927;0.31891219512195124;0.32523902439024394;0.41241951219512196;0.34432439024390243
2023-10-05T00:00:00.000Z;0.127;1.3045853658536586;0.10340975609756096;0.15325853658536584;0.2034926829268293;0.24108536585365853;0.2632560975609756;0.2762341463414634;0.28223902439024395;0.28975609756097565;0.3680268292682927;0.2988390243902439
2023-10-07T00:00:00.000Z;0.14341463414634145;1.3935365853658537;0.12290975609756097;0.17614146341463416;0.23144634146341464;0.271419512195122;0.2959219512195122;0.31023414634146346;0.3163487804878049;0.3225390243902439;0.41480731707317076;0.3540804878048781
2023-10-10T00:00:00.000Z;0.11;1.29575;0.10436250000000001;0.1427;0.18000000000000002;0.209625;0.23405;0.24407500000000001;0.252875;0.2546125;0.3298875;0.280675
2023-10-12T00:00:00.000Z;0.127;1.1883170731707318;0.11483902439024392;0.16961951219512197;0.22510975609756098;0.2674634146341464;0.2892585365853659;0.3001878048780488;0.3065048780487805;0.3153170731707317;0.4040926829268293;0.3349439024390244
2023-10-15T00:00:00.000Z;0.14341463414634145;1.8453658536585364;0.10041219512195122;0.14922926829268293;0.1982878048780488;0.23709756097560977;0.2591341463414634;0.26913902439024395;0.2702634146341464;0.2819951219512195;0.3610634146341464;0.2911634146341464
2023-10-17T00:00:00.000Z;;;;;;;;;;;;
2023-10-20T00:00:00.000Z;0.1108048780487805;1.6845853658536585;0.023414634146341467;0.02801707317073171;0.034546341463414634;0.041170731707317075;0.0458609756097561;0.04937560975609756;0.05134878048780488;0.051490243902439024;0.06634146341463415;0.04978536585365854
2023-10-22T00:00:00.000Z;;;;;;;;;;;;
2023-10-25T00:00:00.000Z;0.06665853658536586;1.5814146341463415;0.037373170731707324;0.0596;0.08014878048780488;0.09633414634146342;0.10730975609756097;0.11231707317073172;0.11264634146341464;0.11940975609756098;0.13570000000000002;0.10430975609756098
2023-10-27T00:00:00.000Z;;;;;;;;;;;;
2023-10-30T00:00:00.000Z;0.094;1.637560975609756;0.11562682926829268;0.16547317073170734;0.21867804878048783;0.2583439024390244;0.2845853658536585;0.29599756097560975;0.30487804878048785;0.30979024390243903;0.4058439024390244;0.32929024390243905
2023-11-01T00:00:00.000Z;;;;;;;;;;;;
2023-11-04T00:00:00.000Z;;;;;;;;;;;;
2023-11-06T00:00:00.000Z;;;;;;;;;;;;
2023-11-09T00:00:00.000Z;;;;;;;;;;;;
2023-11-11T00:00:00.000Z;0.05524390243902439;1.6246829268292684;0.10227317073170733;0.1477609756097561;0.1955170731707317;0.23229756097560977;0.2565439024390244;0.2667707317073171;0.26202195121951216;0.2823731707317073;0.3484756097560976;0.2899853658536585
2023-11-14T00:00:00.000Z;0.07790243902439024;1.1203170731707317;0.0906609756097561;0.1373658536585366;0.18785365853658537;0.2244317073170732;0.24589024390243905;0.257509756097561;0.26668780487804883;0.2721439024390244;0.34467073170731705;0.2758756097560976
2023-11-16T00:00:00.000Z;;;;;;;;;;;;
2023-11-19T00:00:00.000Z;0.07790243902439024;1.129219512195122;0.09356341463414634;0.1395658536585366;0.18861951219512202;0.222319512195122;0.24683658536585368;0.25886341463414636;0.26970243902439023;0.2720804878048781;0.34915121951219513;0.2906146341463415
2023-11-21T00:00:00.000Z;0.08890243902439025;0.747390243902439;0.10257560975609757;0.1545170731707317;0.2091317073170732;0.24684634146341464;0.2702121951219512;0.28262439024390246;0.2943487804878049;0.29719512195121955;0.3727219512195122;0.3070414634146341
2023-11-24T00:00:00.000Z;0.07200000000000001;0.7658292682926829;0.08806829268292683;0.13609756097560977;0.1847658536585366;0.21990975609756097;0.2422048780487805;0.25249512195121954;0.26660487804878047;0.267919512195122;0.33697073170731706;0.27
2023-11-26T00:00:00.000Z;0.1325121951219512;1.0541219512195121;0.10446341463414635;0.1521878048780488;0.20291463414634148;0.2410731707317073;0.2664658536585366;0.2793658536585366;0.2868829268292683;0.2916317073170732;0.3589414634146341;0.29695609756097563
2023-11-29T00:00:00.000Z;;;;;;;;;;;;
2023-12-01T00:00:00.000Z;;;;;;;;;;;;
2023-12-04T00:00:00.000Z;;;;;;;;;;;;
2023-12-06T00:00:00.000Z;0.05;1.7735405405405407;0.10693243243243244;0.14429459459459462;0.18732972972972975;0.22328918918918922;0.2472;0.2589243243243244;0.2586918918918919;0.2744135135135135;0.3259945945945946;0.26980270270270273
2023-12-09T00:00:00.000Z;;;;;;;;;;;;
2023-12-11T00:00:00.000Z;0.083;1.1102439024390245;0.09452926829268293;0.14426341463414635;0.19245853658536585;0.22921463414634147;0.2520121951219512;0.26055365853658535;0.26835853658536585;0.2752048780487805;0.34126829268292685;0.2780243902439024
2023-12-14T00:00:00.000Z;0.06665853658536586;0.6784878048780488;0.08376829268292683;0.1296;0.17653170731707318;0.21206585365853658;0.23393658536585368;0.24540243902439024;0.2593317073170732;0.2593048780487805;0.32244390243902443;0.2546609756097561
2023-12-16T00:00:00.000Z;0.07200000000000001;0.6464146341463415;0.10310975609756097;0.15260243902439025;0.2045487804878049;0.23888048780487808;0.2661634146341464;0.27539024390243905;0.2936414634146341;0.2930292682926829;0.36894634146341454;0.30779512195121955
2023-12-19T00:00:00.000Z;0.06665853658536586;0.475390243902439;0.08805853658536586;0.13123902439024393;0.17802926829268292;0.2091;0.23592195121951218;0.24629756097560976;0.2651219512195122;0.25936341463414636;0.330319512195122;0.2732829268292683
2023-12-21T00:00:00.000Z;0.07200000000000001;0.8450731707317074;0.09743414634146343;0.14870243902439026;0.2007390243902439;0.24005853658536586;0.2622219512195122;0.27329024390243906;0.28375365853658535;0.2891634146341464;0.3607365853658537;0.2950024390243903
2023-12-24T00:00:00.000Z;0.06665853658536586;0.6259268292682927;0.08570243902439025;0.13175609756097562;0.1786146341463415;0.21305853658536586;0.23580243902439024;0.24506829268292682;0.26137073170731706;0.26062439024390244;0.3242317073170732;0.25650731707317076
2023-12-26T00:00:00.000Z;0.07200000000000001;0.400219512195122;0.10325121951219512;0.15281463414634147;0.20670000000000002;0.23967804878048785;0.2683658536585366;0.2779365853658537;0.3017878048780488;0.29545121951219516;0.3702268292682927;0.3090829268292683
2023-12-29T00:00:00.000Z;;;;;;;;;;;;
2023-12-31T00:00:00.000Z;;;;;;;;;;;;
2024-01-03T00:00:00.000Z;;;;;;;;;;;;
2024-01-05T00:00:00.000Z;;;;;;;;;;;;
2024-01-08T00:00:00.000Z;0.06665853658536586;0.477390243902439;0.08751707317073171;0.1311658536585366;0.17969268292682927;0.20997560975609758;0.2369;0.2451609756097561;0.2652926829268293;0.26007804878048785;0.3308926829268293;0.2737170731707317
2024-01-10T00:00:00.000Z;;;;;;;;;;;;
2024-01-13T00:00:00.000Z;;;;;;;;;;;;
2024-01-18T00:00:00.000Z;;;;;;;;;;;;
2024-01-20T00:00:00.000Z;;;;;;;;;;;;
2024-01-23T00:00:00.000Z;0.08890243902439025;1.3709512195121951;0.08350975609756098;0.12657560975609758;0.17075121951219513;0.20691463414634145;0.2294390243902439;0.23821219512195121;0.24361951219512198;0.2521634146341464;0.3133170731707317;0.24999512195121953
2024-01-25T00:00:00.000Z;;;;;;;;;;;;
2024-01-28T00:00:00.000Z;;;;;;;;;;;;
2024-01-30T00:00:00.000Z;;;;;;;;;;;;
2024-02-02T00:00:00.000Z;0.083;1.1192926829268293;0.08999756097560976;0.1340878048780488;0.18059024390243905;0.21540243902439024;0.2361731707317073;0.2458731707317073;0.25347317073170733;0.2596609756097561;0.33033414634146346;0.2657048780487805
2024-02-04T00:00:00.000Z;0.083;0.5714146341463414;0.11009512195121952;0.1632439024390244;0.2187;0.2543975609756098;0.27989024390243905;0.2903073170731708;0.30921219512195125;0.30690731707317076;0.39540000000000003;0.3373048780487805
2024-02-07T00:00:00.000Z;0.0998048780487805;1.0430975609756097;0.09403658536585366;0.13794634146341464;0.1854341463414634;0.21707804878048784;0.2398731707317073;0.24927560975609758;0.26145365853658536;0.2627731707317073;0.34093170731707323;0.2864243902439024
2024-02-09T00:00:00.000Z;;;;;;;;;;;;
2024-02-12T00:00:00.000Z;0.083;1.196;0.0730439024390244;0.11673170731707316;0.16051707317073172;0.19315853658536586;0.21482682926829272;0.2239439024390244;0.23266829268292682;0.23994878048780488;0.2912560975609756;0.22000243902439026
2024-02-14T00:00:00.000Z;;;;;;;;;;;;
2024-02-17T00:00:00.000Z;0.07790243902439024;1.1334634146341465;0.09555121951219513;0.14139024390243904;0.18933170731707322;0.22265365853658536;0.24852439024390244;0.2581487804878049;0.2688439024390244;0.27084634146341463;0.3474219512195122;0.2931365853658537
2024-02-19T00:00:00.000Z;;;;;;;;;;;;
2024-02-22T00:00:00.000Z;;;;;;;;;;;;
2024-02-24T00:00:00.000Z;0.05524390243902439;0.7008536585365854;0.1416878048780488;0.1857707317073171;0.23524146341463412;0.27355121951219513;0.30177804878048786;0.31620243902439027;0.3305853658536585;0.33514146341463413;0.4033878048780488;0.34465365853658536
2024-02-27T00:00:00.000Z;;;;;;;;;;;;
2024-02-29T00:00:00.000Z;0.105;0.709780487804878;0.1149;0.17143902439024392;0.2291170731707317;0.26586341463414637;0.2894658536585366;0.30097804878048784;0.3134804878048781;0.31563902439024394;0.40139024390243905;0.3349463414634147
2024-03-03T00:00:00.000Z;0.083;0.5751951219512196;0.09798780487804878;0.14753170731707319;0.19954146341463413;0.23091463414634147;0.25449512195121954;0.2645292682926829;0.2818731707317073;0.2792756097560976;0.35189024390243906;0.28443902439024393
2024-03-05T00:00:00.000Z;0.1108048780487805;0.751;0.1233878048780488;0.17539268292682927;0.23449024390243906;0.2703878048780488;0.2967487804878049;0.3086560975609756;0.32408536585365855;0.3238414634146341;0.41500243902439027;0.3543829268292683
2024-03-08T00:00:00.000Z;0.055270270270270275;0.9862702702702705;0.06162162162162163;0.08424864864864864;0.11552972972972973;0.14341891891891892;0.16373513513513513;0.1749972972972973;0.1445756756756757;0.18984324324324325;0.2085864864864865;0.1743162162162162
2024-03-10T00:00:00.000Z;;;;;;;;;;;;
2024-03-13T00:00:00.000Z;0.083;0.6984878048780488;0.10442682926829269;0.1533268292682927;0.20718536585365852;0.2424609756097561;0.26445853658536583;0.2760292682926829;0.29062926829268293;0.2898512195121951;0.3637829268292683;0.2966414634146341
2024-03-15T00:00:00.000Z;0.116;0.983609756097561;0.12799268292682928;0.1831707317073171;0.24315365853658538;0.2828365853658537;0.30660000000000004;0.3188146341463415;0.331419512195122;0.33422439024390244;0.426209756097561;0.3648829268292683
2024-03-18T00:00:00.000Z;;;;;;;;;;;;
2024-03-20T00:00:00.000Z;;;;;;;;;;;;
2024-03-23T00:00:00.000Z;;;;;;;;;;;;
2024-03-25T00:00:00.000Z;;;;;;;;;;;;
2024-03-28T00:00:00.000Z;;;;;;;;;;;;
2024-03-30T00:00:00.000Z;;;;;;;;;;;;
2024-04-02T00:00:00.000Z;;;;;;;;;;;;
2024-04-04T00:00:00.000Z;;;;;;;;;;;;
2024-04-07T00:00:00.000Z;;;;;;;;;;;;
2024-04-09T00:00:00.000Z;0.138;0.4664634146341463;0.13752439024390245;0.19909756097560977;0.2669756097560976;0.3013926829268293;0.3262560975609756;0.3393878048780488;0.35635853658536587;0.3532853658536585;0.44533170731707317;0.37492439024390245
2024-04-12T00:00:00.000Z;0.094;0.8436341463414634;0.11737073170731709;0.16849268292682928;0.22295121951219513;0.2568804878048781;0.28072439024390244;0.29210975609756096;0.3056487804878049;0.3084731707317073;0.39048292682926833;0.32494634146341467
2024-04-14T00:00:00.000Z;0.15414634146341466;0.763609756097561;0.14469024390243904;0.20505609756097562;0.2723439024390244;0.309109756097561;0.333419512195122;0.34496829268292684;0.3619609756097561;0.3583;0.46072682926829267;0.39757073170731705
2024-04-17T00:00:00.000Z;0.138;1.3525365853658537;0.12433170731707317;0.17815121951219512;0.23959024390243905;0.27505853658536583;0.2964170731707317;0.3101634146341464;0.3177804878048781;0.3208170731707317;0.42266097560975613;0.3621243902439024
2024-04-19T00:00:00.000Z;;;;;;;;;;;;
2024-04-22T00:00:00.000Z;0.094;1.134969696969697;0.16515151515151516;0.2063333333333333;0.25665454545454547;0.29266363636363635;0.31672727272727275;0.3296151515151515;0.3388969696969697;0.3474181818181818;0.420730303030303;0.3375333333333333
2024-04-24T00:00:00.000Z;0.12165853658536584;0.3796829268292683;0.15074878048780488;0.21279024390243903;0.28183902439024394;0.31520243902439027;0.33949512195121956;0.3525414634146341;0.3768390243902439;0.3663390243902439;0.47200000000000003;0.4066146341463416
2024-04-27T00:00:00.000Z;;;;;;;;;;;;
2024-04-29T00:00:00.000Z;;;;;;;;;;;;
2024-05-02T00:00:00.000Z;0.08890243902439025;0.6046341463414634;0.12803902439024392;0.1861707317073171;0.2498878048780488;0.28417317073170734;0.3043585365853659;0.31606585365853657;0.3337756097560976;0.3304146341463415;0.42188780487804883;0.3492048780487805
2024-05-04T00:00:00.000Z;0.1325121951219512;1.195560975609756;0.1563219512195122;0.2185853658536585;0.28956341463414637;0.32857317073170733;0.3491975609756098;0.36365853658536584;0.3738926829268293;0.3779804878048781;0.4864585365853659;0.42121951219512194
2024-05-07T00:00:00.000Z;0.1108048780487805;1.1299512195121952;0.15002926829268293;0.2084048780487805;0.27802926829268293;0.3162268292682927;0.34045853658536585;0.35467804878048786;0.36896585365853657;0.37105121951219516;0.47867317073170734;0.4071878048780488
2024-05-09T00:00:00.000Z;;;;;;;;;;;;
2024-05-12T00:00:00.000Z;0.08890243902439025;1.2181707317073172;0.13197073170731707;0.18849268292682927;0.2543268292682927;0.29070243902439025;0.31042682926829274;0.3202243902439024;0.33121951219512197;0.3368365853658537;0.43266585365853666;0.35858292682926834
2024-05-14T00:00:00.000Z;0.05524390243902439;0.9460975609756098;0.15820731707317073;0.21928048780487808;0.2904658536585366;0.3289243902439024;0.3514658536585366;0.363829268292683;0.37980243902439026;0.3781463414634146;0.4931341463414634;0.42708292682926835
2024-05-17T00:00:00.000Z;0.05530303030303031;1.212090909090909;0.18164848484848486;0.2454969696969697;0.32513939393939395;0.37170000000000003;0.398769696969697;0.4178606060606061;0.4325575757575758;0.43622727272727274;0.5635606060606061;0.4647090909090909
2024-05-19T00:00:00.000Z;0.12165853658536584;1.2670731707317073;0.16433658536585366;0.2313634146341464;0.30605121951219516;0.3490365853658537;0.36884390243902443;0.379829268292683;0.38771707317073173;0.3960756097560976;0.5057439024390245;0.4231975609756098
2024-05-22T00:00:00.000Z;0.08890243902439025;1.0778292682926829;0.13563414634146342;0.19383414634146343;0.2623756097560976;0.2996073170731708;0.3183073170731708;0.33089024390243904;0.34090243902439027;0.34609024390243903;0.44359756097560976;0.36677804878048786
2024-05-24T00:00:00.000Z;0.13078048780487805;1.3194146341463415;0.16462926829268293;0.22935853658536587;0.3006268292682927;0.3414780487804878;0.3612682926829268;0.3754219512195122;0.3836414634146342;0.38780975609756096;0.49651951219512197;0.4253512195121952
2024-05-27T00:00:00.000Z;0.176;1.9602439024390244;0.13786829268292683;0.19127804878048782;0.25194634146341466;0.2884853658536585;0.30819024390243904;0.3221536585365854;0.3231219512195122;0.33471463414634145;0.43762439024390243;0.3743390243902439
2024-05-29T00:00:00.000Z;0.12165853658536584;1.520658536585366;0.15982439024390244;0.22329268292682927;0.29644634146341464;0.3383536585365854;0.35718292682926833;0.37059024390243905;0.3745609756097561;0.38674146341463417;0.49820975609756096;0.4194048780487805
2024-06-01T00:00:00.000Z;;;;;;;;;;;;
2024-06-03T00:00:00.000Z;;;;;;;;;;;;
2024-06-06T00:00:00.000Z;;;;;;;;;;;;
2024-06-08T00:00:00.000Z;0.4159024390243902;2.3339268292682926;0.16379512195121954;0.23051219512195123;0.2977682926829268;0.3383609756097561;0.35725365853658536;0.36825853658536584;0.36249756097560976;0.3814365853658537;0.47600243902439027;0.39012439024390244
2024-06-11T00:00:00.000Z;;;;;;;;;;;;
2024-06-13T00:00:00.000Z;0.083;1.687780487804878;0.14710731707317073;0.19158048780487805;0.24019512195121953;0.282919512195122;0.3065634146341464;0.3237487804878049;0.32845853658536583;0.3429487804878049;0.42174146341463414;0.3283609756097561
2024-06-16T00:00:00.000Z;0.06665853658536586;1.540048780487805;0.13470243902439025;0.18938536585365853;0.25093658536585367;0.2890073170731708;0.3136317073170732;0.3268780487804878;0.33540000000000003;0.3415073170731708;0.4495;0.3896756097560976
2024-06-18T00:00:00.000Z;0.12165853658536584;1.733560975609756;0.15802926829268293;0.2221219512195122;0.2905878048780488;0.3334463414634147;0.3591731707317073;0.3737536585365854;0.3749682926829268;0.38986097560975613;0.49601951219512197;0.4182829268292683
2024-06-21T00:00:00.000Z;0.08890243902439025;1.3765121951219512;0.13495609756097562;0.1929121951219512;0.2564682926829268;0.2942926829268293;0.31947317073170733;0.3317560975609756;0.3400146341463415;0.3486878048780488;0.4434634146341464;0.3704
2024-06-23T00:00:00.000Z;0.127;2.780341463414634;0.16609024390243904;0.22961463414634145;0.29630731707317076;0.3390658536585366;0.3643756097560976;0.38517804878048784;0.3781707317073171;0.39680731707317074;0.5131731707317073;0.44920000000000004
2024-06-26T00:00:00.000Z;0.3452439024390244;2.231560975609756;0.14959512195121952;0.20175121951219513;0.254609756097561;0.29208048780487805;0.3219658536585366;0.33949268292682927;0.33529756097560975;0.35386829268292685;0.43100731707317075;0.3638390243902439
2024-06-28T00:00:00.000Z;;;;;;;;;;;;
2024-07-01T00:00:00.000Z;0.105;2.298268292682927;0.13814146341463415;0.19255121951219514;0.25261463414634144;0.2955853658536585;0.3241292682926829;0.3401512195121951;0.33818536585365855;0.357809756097561;0.4541853658536586;0.37545609756097564
2024-07-03T00:00:00.000Z;0.061;1.8970243902439023;0.16027560975609756;0.22064634146341464;0.2864268292682927;0.32830243902439027;0.35458292682926834;0.37235121951219513;0.3777658536585366;0.38851219512195123;0.5003853658536586;0.43621219512195125
2024-07-06T00:00:00.000Z;0.088;1.8840731707317078;0.13493170731707316;0.18606341463414636;0.2454829268292683;0.28031951219512197;0.30849756097560976;0.3249;0.32821463414634144;0.3400878048780488;0.44135609756097566;0.38027073170731707
2024-07-08T00:00:00.000Z;0.094;2.182219512195122;0.15157073170731708;0.2121170731707317;0.2762731707317073;0.3209902439024391;0.3465439024390244;0.36149756097560976;0.360790243902439;0.3796609756097561;0.49011219512195126;0.40973170731707315
2024-07-11T00:00:00.000Z;0.09958536585365851;1.7379024390243905;0.13179512195121953;0.1862926829268293;0.24599024390243904;0.2840365853658537;0.3082658536585366;0.3226048780487805;0.3258439024390244;0.339419512195122;0.4330341463414634;0.3575560975609756
2024-07-23T00:00:00.000Z;0.061;1.871439024390244;0.16003658536585366;0.22036829268292682;0.28709024390243904;0.3286804878048781;0.3506170731707317;0.3678317073170732;0.3723585365853659;0.3832658536585366;0.4988536585365854;0.43217317073170736
2024-07-26T00:00:00.000Z;0.083;1.7798048780487805;0.13362439024390244;0.1872878048780488;0.24945853658536585;0.28615365853658536;0.30643414634146343;0.3227487804878049;0.3281121951219512;0.3374365853658537;0.4423170731707317;0.37863902439024394
2024-07-28T00:00:00.000Z;0.17597560975609755;1.9999512195121951;0.1501658536585366;0.20941463414634146;0.2725731707317073;0.3147658536585366;0.33870243902439023;0.3525804878048781;0.3507048780487805;0.3697926829268293;0.47037804878048783;0.3927731707317073
2024-07-31T00:00:00.000Z;0.149;1.7720975609756098;0.12995121951219513;0.1851317073170732;0.24634634146341464;0.2849926829268293;0.3063756097560976;0.3190121951219512;0.3225219512195122;0.3348756097560976;0.42763658536585364;0.3506390243902439
2024-08-02T00:00:00.000Z;0.06665853658536586;1.5675365853658536;0.15154146341463415;0.20789756097560977;0.2747268292682927;0.3158219512195122;0.3377048780487805;0.3562658536585366;0.36323414634146334;0.3723926829268293;0.49025609756097566;0.42423170731707316
2024-08-05T00:00:00.000Z;0.105;2.2016829268292684;0.13317073170731708;0.18391219512195123;0.24563902439024393;0.2835414634146341;0.30362926829268294;0.32020975609756097;0.3218780487804878;0.3368975609756098;0.44570000000000004;0.38133414634146334
2024-08-07T00:00:00.000Z;0.1108048780487805;1.666121951219512;0.15145121951219512;0.21135121951219513;0.2819170731707317;0.3244560975609756;0.3454731707317073;0.3602902439024391;0.36181951219512193;0.377909756097561;0.4870780487804878;0.40677804878048784
2024-08-10T00:00:00.000Z;0.07790243902439024;1.4696829268292684;0.12853658536585366;0.18122926829268288;0.24321463414634145;0.28050975609756096;0.29969024390243904;0.3134292682926829;0.31965853658536586;0.3292292682926829;0.42560000000000003;0.3500487804878049
2024-08-12T00:00:00.000Z;0.06665853658536586;2.019121951219512;0.15366097560975608;0.21198536585365851;0.2776170731707317;0.3205292682926829;0.3400146341463415;0.35693902439024394;0.3590170731707317;0.3711170731707317;0.48415365853658543;0.4169975609756098
2024-08-15T00:00:00.000Z;0.08890243902439025;1.6366829268292684;0.12431707317073172;0.17581951219512196;0.2370682926829268;0.27175853658536586;0.2914414634146341;0.3060878048780488;0.31394146341463414;0.32153414634146343;0.4262926829268293;0.3643609756097561
2024-08-17T00:00:00.000Z;0.116;1.8891707317073168;0.14388048780487805;0.2055219512195122;0.2741682926829268;0.3190756097560976;0.33662439024390245;0.34929024390243907;0.3502170731707317;0.3665;0.4773658536585366;0.4003878048780488
2024-08-20T00:00:00.000Z;0.1108048780487805;2.771073170731708;0.12253658536585366;0.1754780487804878;0.23614634146341465;0.27735121951219516;0.2920658536585366;0.3058512195121951;0.3014878048780488;0.3217731707317073;0.4232365853658536;0.3455658536585366
2024-08-22T00:00:00.000Z;0.15414634146341466;3.1765365853658536;0.13494146341463417;0.18025853658536586;0.2346;0.2734487804878049;0.29253414634146346;0.31141463414634146;0.3017219512195122;0.3249317073170732;0.42227317073170734;0.36096341463414633
2024-08-25T00:00:00.000Z;0.3996585365853659;2.705804878048781;0.12351219512195122;0.1781658536585366;0.23523414634146345;0.27225609756097563;0.2894560975609756;0.3066243902439024;0.3022682926829268;0.32112439024390244;0.40825609756097564;0.34073902439024395
2024-08-27T00:00:00.000Z;;;;;;;;;;;;
2024-08-30T00:00:00.000Z;;;;;;;;;;;;
2024-09-01T00:00:00.000Z;0.187;2.7867073170731707;0.14714146341463416;0.19991463414634147;0.25854634146341465;0.2992878048780488;0.31579024390243904;0.3343219512195122;0.3255926829268293;0.34714146341463414;0.44183902439024386;0.37479512195121956
2024-09-04T00:00:00.000Z;0.105;2.021658536585366;0.09972926829268293;0.14519024390243904;0.1984390243902439;0.2333560975609756;0.2547975609756098;0.2679487804878049;0.2727268292682927;0.2838170731707317;0.3700365853658537;0.2979439024390244
2024-09-06T00:00:00.000Z;;;;;;;;;;;;
2024-09-09T00:00:00.000Z;0.127;1.1491951219512195;0.1129219512195122;0.16607804878048782;0.22517073170731708;0.26357073170731704;0.2840658536585366;0.29699024390243906;0.3069121951219512;0.3137317073170732;0.40122682926829273;0.3279658536585366
2024-09-11T00:00:00.000Z;0.06665853658536586;2.180707317073171;0.1321439024390244;0.18390975609756097;0.2420609756097561;0.28228536585365854;0.30487804878048785;0.3225219512195122;0.324;0.3388951219512195;0.44324634146341463;0.3800926829268293
2024-09-14T00:00:00.000Z;0.0998048780487805;1.8861463414634148;0.13950731707317074;0.1666780487804878;0.20077073170731707;0.23192439024390243;0.25532926829268293;0.26869024390243906;0.2712536585365854;0.2821658536585366;0.3302926829268293;0.2685512195121951
2024-09-16T00:00:00.000Z;0.1325121951219512;1.179658536585366;0.1300926829268293;0.18814634146341463;0.25289268292682926;0.29339756097560976;0.3147487804878049;0.3286707317073171;0.3365073170731708;0.34759512195121955;0.4424390243902439;0.3684170731707317
2024-09-19T00:00:00.000Z;;;;;;;;;;;;
2024-09-21T00:00:00.000Z;0.137;2.4003571428571426;0.08850000000000001;0.12481428571428571;0.16328571428571428;0.19487142857142856;0.2147928571428572;0.22343571428571427;0.22492857142857142;0.23202857142857145;0.27805;0.21609285714285723
2024-09-24T00:00:00.000Z;;;;;;;;;;;;
2024-09-26T00:00:00.000Z;0.1108048780487805;1.757560975609756;0.12221951219512196;0.17820975609756098;0.23811951219512198;0.2786804878048781;0.30201707317073173;0.3160439024390244;0.3146707317073171;0.32957804878048785;0.4270853658536586;0.3564292682926829
2024-09-29T00:00:00.000Z;0.08890243902439025;1.4436341463414635;0.10717073170731709;0.15558048780487804;0.2092487804878049;0.24429024390243906;0.267919512195122;0.2799926829268293;0.2851560975609756;0.2944560975609756;0.3779439024390244;0.30629268292682926
2024-10-01T00:00:00.000Z;0.12165853658536584;1.6915121951219512;0.12586829268292685;0.17940731707317073;0.2373414634146341;0.27507560975609757;0.30030243902439024;0.3152756097560976;0.3171268292682927;0.3275682926829268;0.4274536585365854;0.36578292682926833
2024-10-04T00:00:00.000Z;0.105;1.6440243902439025;0.11089268292682929;0.1591268292682927;0.2151121951219512;0.2478756097560976;0.26962682926829273;0.282919512195122;0.288409756097561;0.2957926829268293;0.3919804878048781;0.33315365853658535
2024-10-06T00:00:00.000Z;0.16;2.0832195121951216;0.12079024390243905;0.17666341463414637;0.234119512195122;0.27403414634146345;0.29547804878048783;0.3084292682926829;0.30309024390243905;0.3226878048780488;0.41806585365853666;0.3480439024390244
2024-10-09T00:00:00.000Z;;;;;;;;;;;;
2024-10-11T00:00:00.000Z;;;;;;;;;;;;
2024-10-14T00:00:00.000Z;;;;;;;;;;;;
2024-10-16T00:00:00.000Z;;;;;;;;;;;;
2024-10-19T00:00:00.000Z;;;;;;;;;;;;
2024-10-21T00:00:00.000Z;0.1108048780487805;2.297219512195122;0.11691219512195121;0.16885121951219512;0.223509756097561;0.2643731707317073;0.2842317073170732;0.3002073170731708;0.29556829268292684;0.3112146341463415;0.4121512195121952;0.3514878048780488
2024-10-24T00:00:00.000Z;;;;;;;;;;;;
2024-10-26T00:00:00.000Z;;;;;;;;;;;;
2024-10-29T00:00:00.000Z;;;;;;;;;;;;
2024-10-31T00:00:00.000Z;0.105;1.354423076923077;0.16934615384615387;0.19272307692307694;0.21485384615384612;0.2507346153846154;0.2889846153846154;0.30491923076923083;0.2976076923076923;0.31467307692307694;0.32703846153846156;0.26664230769230773
2024-11-03T00:00:00.000Z;;;;;;;;;;;;
2024-11-05T00:00:00.000Z;0.149;1.5443414634146342;0.09586341463414634;0.1438121951219512;0.19133414634146342;0.23175365853658536;0.2611414634146341;0.27315365853658535;0.2753536585365854;0.28877804878048785;0.3565975609756098;0.28635853658536586
2024-11-08T00:00:00.000Z;;;;;;;;;;;;
2024-11-10T00:00:00.000Z;;;;;;;;;;;;
2024-11-13T00:00:00.000Z;;;;;;;;;;;;
2024-11-15T00:00:00.000Z;;;;;;;;;;;;
2024-11-18T00:00:00.000Z;0.083;1.4343170731707318;0.07767560975609757;0.11784878048780488;0.157;0.19109512195121953;0.2196756097560976;0.23164878048780488;0.23643902439024392;0.2458731707317073;0.30277804878048786;0.2389292682926829
2024-11-20T00:00:00.000Z;0.07790243902439024;1.4497317073170732;0.09990975609756099;0.1471048780487805;0.1919292682926829;0.22789512195121953;0.2608048780487805;0.2768536585365854;0.2813365853658537;0.2899439024390244;0.36553902439024394;0.30709024390243905
2024-11-23T00:00:00.000Z;0.083;1.710219512195122;0.10509512195121952;0.15239512195121951;0.2013756097560976;0.2414658536585366;0.2804317073170732;0.2984048780487805;0.3047073170731708;0.3130731707317073;0.38623902439024393;0.3167365853658537
2024-11-25T00:00:00.000Z;;;;;;;;;;;;
2024-11-28T00:00:00.000Z;;;;;;;;;;;;
2024-11-30T00:00:00.000Z;0.105;1.4515853658536584;0.09800975609756098;0.1414219512195122;0.1856268292682927;0.22145121951219512;0.253719512195122;0.2687560975609756;0.2731219512195122;0.2831609756097561;0.3546609756097561;0.2978219512195122
2024-12-03T00:00:00.000Z;0.083;1.254;0.0863170731707317;0.12210731707317073;0.1604341463414634;0.19066829268292684;0.22209024390243903;0.23528536585365853;0.2426048780487805;0.24765609756097562;0.31249756097560977;0.2564585365853659
2024-12-05T00:00:00.000Z;0.05524390243902439;1.2126829268292685;0.09551707317073171;0.1390341463414634;0.18275121951219514;0.22008048780487807;0.25378292682926834;0.2667121951219512;0.2679414634146341;0.28137804878048783;0.3305658536585366;0.2734975609756098
2024-12-08T00:00:00.000Z;0.061;0.5456341463414635;0.08333658536585366;0.1254341463414634;0.1684390243902439;0.1991609756097561;0.23165365853658537;0.24538536585365853;0.2608731707317073;0.2578853658536585;0.3166560975609756;0.2520512195121951
2024-12-10T00:00:00.000Z;0.06665853658536586;0.8256585365853658;0.1028560975609756;0.1469878048780488;0.19279024390243904;0.22740975609756098;0.2630682926829268;0.2770756097560976;0.2893219512195122;0.2904536585365854;0.3645121951219512;0.30465121951219515
2024-12-13T00:00:00.000Z;0.06665853658536586;1.0112926829268292;0.08552682926829269;0.12459024390243904;0.1652878048780488;0.19765121951219514;0.23078292682926832;0.24305853658536586;0.2547658536585366;0.25550487804878047;0.32125853658536585;0.26551219512195123
2024-12-15T00:00:00.000Z;0.06665853658536586;0.5985609756097561;0.09512439024390244;0.14289756097560977;0.18969512195121951;0.22348536585365852;0.2603560975609756;0.2741609756097561;0.28709024390243904;0.2877658536585366;0.3496073170731708;0.2870439024390244
2024-12-18T00:00:00.000Z;;;;;;;;;;;;
2024-12-20T00:00:00.000Z;0.06665853658536586;0.4236585365853659;0.099;0.1442658536585366;0.19261707317073168;0.2230609756097561;0.25979024390243904;0.2736512195121951;0.2949878048780488;0.28799756097560975;0.3570804878048781;0.29621219512195124
2024-12-23T00:00:00.000Z;0.061;0.6577073170731708;0.08499268292682927;0.1236048780487805;0.16717073170731708;0.19645365853658536;0.230609756097561;0.2430878048780488;0.25962439024390244;0.25652682926829273;0.3211219512195122;0.2655878048780488
2024-12-25T00:00:00.000Z;0.06665853658536586;1.0070975609756099;0.0926560975609756;0.13883658536585367;0.18672682926829268;0.2248658536585366;0.258;0.2703439024390244;0.27703414634146345;0.28379756097560976;0.3506585365853659;0.2883341463414634
2024-12-28T00:00:00.000Z;0.07200000000000001;0.5912222222222222;0.05755185185185185;0.07381851851851852;0.09035925925925926;0.1086;0.1271888888888889;0.13364444444444445;0.13559259259259263;0.1436111111111111;0.16177037037037037;0.1401037037037037
2024-12-30T00:00:00.000Z;0.07790243902439024;1.0630487804878048;0.08135121951219512;0.11079756097560976;0.1423341463414634;0.16988536585365854;0.19536829268292685;0.20388048780487805;0.20746829268292682;0.21483414634146344;0.25329268292682927;0.20730243902439024
2025-01-02T00:00:00.000Z;0.07200000000000001;0.7707317073170732;0.07405609756097561;0.1127780487804878;0.1517658536585366;0.18207560975609763;0.21462926829268292;0.22604390243902442;0.2406;0.23969024390243904;0.2933731707317073;0.23241463414634145
2025-01-04T00:00:00.000Z;0.07790243902439024;0.6931951219512196;0.0768780487804878;0.11647560975609757;0.1548219512195122;0.18440243902439024;0.2141634146341464;0.22463658536585368;0.22893170731707319;0.2363048780487805;0.2689439024390244;0.2139073170731708
2025-01-09T00:00:00.000Z;0.05;1.464219512195122;0.09410731707317074;0.13286341463414636;0.17367317073170732;0.20644146341463412;0.23738048780487808;0.25109024390243906;0.2526926829268293;0.26215609756097563;0.3320585365853659;0.2790219512195122
2025-01-12T00:00:00.000Z;;;;;;;;;;;;
2025-01-14T00:00:00.000Z;0.07200000000000001;0.3440487804878049;0.09767560975609757;0.14624634146341464;0.1962707317073171;0.2275560975609756;0.2615682926829268;0.2759390243902439;0.2946756097560976;0.2911073170731708;0.35433658536585366;0.29033902439024395
2025-01-17T00:00:00.000Z;;;;;;;;;;;;
2025-01-19T00:00:00.000Z;0.07790243902439024;0.5720487804878048;0.09989512195121952;0.1458780487804878;0.19483414634146343;0.2270048780487805;0.2608243902439024;0.2732341463414634;0.29079756097560977;0.2881365853658537;0.3619439024390244;0.30274146341463415
2025-01-22T00:00:00.000Z;;;;;;;;;;;;
2025-01-24T00:00:00.000Z;0.07790243902439024;1.1697560975609755;0.09627560975609757;0.1452048780487805;0.19546829268292684;0.23190243902439026;0.2616756097560976;0.27216585365853657;0.2795170731707317;0.2875439024390244;0.35697804878048783;0.287190243902439
2025-01-27T00:00:00.000Z;;;;;;;;;;;;
2025-01-29T00:00:00.000Z;;;;;;;;;;;;
2025-02-01T00:00:00.000Z;0.06665853658536586;0.8009756097560976;0.08934634146341464;0.13059512195121953;0.1772048780487805;0.20685853658536585;0.2363731707317073;0.24784634146341464;0.26335121951219514;0.26100731707317076;0.3370634146341464;0.281219512195122
2025-02-03T00:00:00.000Z;0.083;0.794;0.1098341463414634;0.15751219512195122;0.2064658536585366;0.2418219512195122;0.2712292682926829;0.2818341463414634;0.2955878048780488;0.29784634146341465;0.37163902439024393;0.30190243902439023
2025-02-06T00:00:00.000Z;0.07790243902439024;0.727170731707317;0.09166829268292682;0.1368341463414634;0.1818878048780488;0.21459512195121952;0.24253414634146345;0.2513439024390244;0.26852682926829274;0.2657073170731708;0.3383219512195122;0.27000243902439025
2025-02-08T00:00:00.000Z;0.083;0.7485121951219512;0.1118219512195122;0.16288048780487804;0.2152878048780488;0.24986829268292682;0.2795634146341464;0.2918292682926829;0.3082365853658537;0.3080731707317073;0.3909365853658537;0.3276536585365854
2025-02-11T00:00:00.000Z;0.07790243902439024;0.9218048780487804;0.09527317073170732;0.13810731707317073;0.18616097560975609;0.21583170731707318;0.24544390243902442;0.25955609756097564;0.27123902439024394;0.272619512195122;0.3483121951219512;0.2921048780487805
2025-02-13T00:00:00.000Z;0.083;0.8293414634146342;0.10861951219512196;0.16219756097560978;0.21454634146341464;0.2506609756097561;0.27779756097560976;0.2897048780487805;0.3017682926829268;0.3055560975609756;0.3830195121951219;0.31239512195121955
2025-02-16T00:00:00.000Z;0.083;0.8951707317073171;0.09935121951219512;0.14902926829268293;0.19739512195121953;0.23010243902439026;0.2603756097560976;0.2698975609756098;0.2859268292682927;0.2854317073170732;0.36544634146341454;0.2926268292682927
2025-02-18T00:00:00.000Z;;;;;;;;;;;;
2025-02-21T00:00:00.000Z;;;;;;;;;;;;
2025-02-23T00:00:00.000Z;0.1108048780487805;1.0167073170731709;0.11346829268292684;0.17009756097560977;0.2253658536585366;0.2616878048780488;0.28755121951219514;0.2970268292682927;0.30765853658536585;0.313219512195122;0.39612682926829273;0.3217048780487805
2025-02-26T00:00:00.000Z;0.07790243902439024;0.38658536585365855;0.10175121951219512;0.14894146341463416;0.19720487804878048;0.22595121951219513;0.2536317073170732;0.26336341463414636;0.28571219512195123;0.2784219512195122;0.35059024390243904;0.2816365853658537
2025-02-28T00:00:00.000Z;0.25290243902439025;1.2955853658536585;0.1354487804878049;0.18195121951219512;0.23409268292682928;0.27554390243902444;0.3045073170731708;0.3217780487804878;0.3223414634146341;0.3389780487804878;0.4071902439024391;0.3434780487804878
2025-03-03T00:00:00.000Z;;;;;;;;;;;;
2025-03-05T00:00:00.000Z;;;;;;;;;;;;
2025-03-08T00:00:00.000Z;;;;;;;;;;;;
2025-03-10T00:00:00.000Z;0.06665853658536586;1.2739756097560977;0.09764878048780488;0.13782926829268294;0.17680487804878048;0.21304634146341464;0.2439609756097561;0.25625121951219515;0.26750731707317077;0.2695;0.32083414634146346;0.2463487804878049
2025-03-13T00:00:00.000Z;;;;;;;;;;;;
2025-03-15T00:00:00.000Z;;;;;;;;;;;;
2025-03-17T00:00:00.000Z;;;;;;;;;;;;
2025-03-18T00:00:00.000Z;;;;;;;;;;;;
2025-03-20T00:00:00.000Z;;;;;;;;;;;;
2025-03-23T00:00:00.000Z;;;;;;;;;;;;
2025-03-25T00:00:00.000Z;0.07790243902439024;1.1935365853658537;0.1456;0.19111707317073168;0.23446829268292682;0.2804975609756098;0.3145048780487805;0.3267731707317073;0.33302439024390246;0.3455536585365854;0.39460731707317076;0.2974536585365854
2025-03-27T00:00:00.000Z;0.149;1.268;0.08310000000000001;0.1107;0.1345;0.2011;0.2404;0.2566;0.16870000000000002;0.27640000000000003;0.2776;0.2426
2025-03-28T00:00:00.000Z;;;;;;;;;;;;
2025-03-30T00:00:00.000Z;0.07790243902439024;0.4878780487804878;0.10686829268292684;0.15840975609756097;0.20585365853658538;0.2405731707317073;0.27284878048780487;0.2853731707317073;0.3031609756097561;0.2990048780487805;0.3705731707317073;0.3015707317073171
2025-04-02T00:00:00.000Z;0.094;1.334560975609756;0.11138536585365853;0.1572341463414634;0.20184878048780489;0.23734634146341466;0.27133902439024393;0.2855804878048781;0.2936439024390244;0.2982609756097561;0.37578292682926834;0.3179048780487805
2025-04-04T00:00:00.000Z;0.149;1.512560975609756;0.1299121951219512;0.1886317073170732;0.2392658536585366;0.28432439024390244;0.31885121951219514;0.3315585365853659;0.3356048780487805;0.3460731707317073;0.42616585365853665;0.3460878048780488
2025-04-06T00:00:00.000Z;;;;;;;;;;;;
2025-04-07T00:00:00.000Z;0.08890243902439025;1.0531707317073171;0.11062682926829269;0.1629658536585366;0.2085756097560976;0.24764634146341466;0.2837219512195122;0.2933292682926829;0.3076878048780488;0.3098975609756098;0.3816609756097561;0.30994634146341465
2025-04-09T00:00:00.000Z;0.08890243902439025;0.855219512195122;0.11027560975609757;0.15894634146341466;0.20574634146341464;0.24204146341463412;0.2785731707317073;0.29165853658536584;0.305409756097561;0.3056878048780488;0.3684048780487805;0.2972268292682927
2025-04-12T00:00:00.000Z;;;;;;;;;;;;
2025-04-14T00:00:00.000Z;0.138;1.6431951219512195;0.14658536585365853;0.2076731707317073;0.2599268292682927;0.3115609756097561;0.3539634146341464;0.3687487804878049;0.3725365853658537;0.3868487804878049;0.459809756097561;0.3681926829268293
2025-04-16T00:00:00.000Z;;;;;;;;;;;;
2025-04-17T00:00:00.000Z;;;;;;;;;;;;
2025-04-19T00:00:00.000Z;0.0545;0.860625;0.0864375;0.1135;0.132825;0.1575125;0.1854875;0.193025;0.21277500000000002;0.1977875;0.2187;0.15536250000000001
2025-04-22T00:00:00.000Z;;;;;;;;;;;;
2025-04-24T00:00:00.000Z;0.127;1.1336097560975609;0.13173658536585364;0.1933;0.2449317073170732;0.29229756097560977;0.3355804878048781;0.3498170731707317;0.3580414634146341;0.36346341463414633;0.4327243902439024;0.3529878048780488
2025-04-26T00:00:00.000Z;;;;;;;;;;;;
2025-04-27T00:00:00.000Z;0.105;0.8187560975609757;0.1147609756097561;0.17011707317073171;0.2175560975609756;0.2599804878048781;0.30459024390243905;0.31841463414634147;0.33499024390243903;0.333209756097561;0.39486829268292684;0.31600243902439024
2025-04-29T00:00:00.000Z;;;;;;;;;;;;
2025-05-02T00:00:00.000Z;0.4211463414634146;2.2300975609756097;0.12125365853658537;0.1701560975609756;0.20828292682926833;0.2488731707317073;0.28880243902439023;0.3041170731707317;0.31464878048780487;0.3113658536585366;0.3473878048780488;0.2661829268292683
2025-05-04T00:00:00.000Z;;;;;;;;;;;;
2025-05-06T00:00:00.000Z;;;;;;;;;;;;
2025-05-07T00:00:00.000Z;;;;;;;;;;;;
2025-05-09T00:00:00.000Z;;;;;;;;;;;;
2025-05-12T00:00:00.000Z;0.0998048780487805;0.9999268292682927;0.09660975609756098;0.13853170731707318;0.17581951219512196;0.21610975609756097;0.2592317073170732;0.2779390243902439;0.2916487804878049;0.2934951219512195;0.3291170731707317;0.2511853658536585
2025-05-14T00:00:00.000Z;0.24197560975609755;1.4052926829268293;0.15385853658536586;0.21442439024390242;0.2639853658536585;0.3226512195121951;0.37123414634146334;0.3886121951219512;0.393209756097561;0.41544390243902446;0.4448975609756098;0.3344146341463415
2025-05-16T00:00:00.000Z;0.16;1.420780487804878;0.11283902439024392;0.1681658536585366;0.21846585365853657;0.2686756097560976;0.3148317073170732;0.3337926829268293;0.34173414634146343;0.3538512195121951;0.40900243902439026;0.31312439024390243
2025-05-17T00:00:00.000Z;0.116;1.2575853658536584;0.12085609756097561;0.17621951219512197;0.22197073170731707;0.27145853658536584;0.3172170731707317;0.3321804878048781;0.34772682926829274;0.35421219512195123;0.40748292682926834;0.31952682926829273
2025-05-19T00:00:00.000Z;0.116;1.150219512195122;0.1181219512195122;0.1717219512195122;0.22215121951219513;0.26810487804878047;0.31029268292682927;0.3279073170731708;0.3406634146341464;0.34746829268292684;0.4079731707317073;0.327619512195122
2025-05-22T00:00:00.000Z;;;;;;;;;;;;
2025-05-24T00:00:00.000Z;0.149;0.920170731707317;0.12236341463414636;0.182419512195122;0.2336048780487805;0.28359512195121955;0.32759024390243907;0.34298292682926834;0.36110975609756096;0.3647756097560976;0.4217975609756098;0.3256048780487805
2025-05-26T00:00:00.000Z;0.1325121951219512;1.534439024390244;0.14057073170731707;0.20013170731707322;0.256319512195122;0.3053292682926829;0.3492;0.36566341463414637;0.37392439024390245;0.3879878048780488;0.46436585365853666;0.3799390243902439
2025-05-27T00:00:00.000Z;0.138;1.3841219512195122;0.12091707317073172;0.17758048780487806;0.2276048780487805;0.2743609756097561;0.3172487804878049;0.33189024390243904;0.3439219512195122;0.35198048780487806;0.4222707317073171;0.3373317073170732
2025-05-29T00:00:00.000Z;0.15414634146341466;1.455439024390244;0.12071707317073171;0.17538536585365855;0.22714146341463412;0.27196097560975613;0.31206585365853656;0.3297878048780488;0.3387414634146341;0.349190243902439;0.4151682926829269;0.3293804878048781
2025-06-01T00:00:00.000Z;;;;;;;;;;;;
2025-06-03T00:00:00.000Z;;;;;;;;;;;;
2025-06-05T00:00:00.000Z;;;;;;;;;;;;
2025-06-06T00:00:00.000Z;0.176;1.6277560975609757;0.1214780487804878;0.1775658536585366;0.22970731707317077;0.2745829268292683;0.31708780487804883;0.33255121951219513;0.3430048780487805;0.35400975609756097;0.4273804878048781;0.33979024390243906
2025-06-08T00:00:00.000Z;0.247;1.6102682926829268;0.12190243902439024;0.1756926829268293;0.224809756097561;0.26879024390243905;0.31039512195121954;0.3283121951219512;0.33375609756097563;0.3486292682926829;0.4066609756097561;0.32207804878048785
2025-06-11T00:00:00.000Z;0.4539024390243902;2.3545365853658535;0.1318;0.1955756097560976;0.2511073170731708;0.29498048780487807;0.3365292682926829;0.35898048780487807;0.36117073170731706;0.37917804878048783;0.4349268292682927;0.3490731707317073
2025-06-13T00:00:00.000Z;;;;;;;;;;;;
2025-06-15T00:00:00.000Z;0.4430731707317073;2.256439024390244;0.1494439024390244;0.21815365853658536;0.2792731707317073;0.33197073170731706;0.3716975609756098;0.3904317073170732;0.3876536585365854;0.40917073170731705;0.47546097560975614;0.37673170731707323
2025-06-16T00:00:00.000Z;0.3509024390243902;2.366170731707317;0.13386341463414636;0.19797073170731708;0.2527756097560976;0.30251707317073173;0.3465219512195122;0.36374390243902444;0.36666341463414637;0.38719024390243906;0.45701951219512194;0.35875121951219513
2025-06-18T00:00:00.000Z;0.19297560975609757;2.471292682926829;0.12678048780487805;0.18087317073170728;0.23269756097560976;0.2783365853658537;0.3144292682926829;0.3345292682926829;0.3343609756097561;0.35736585365853657;0.4252512195121952;0.3347219512195122
2025-06-21T00:00:00.000Z;0.19297560975609757;2.133317073170732;0.12739024390243903;0.17835609756097562;0.23295609756097563;0.2752829268292683;0.31108048780487807;0.33152195121951217;0.3346487804878049;0.35132682926829273;0.43010243902439027;0.35712926829268293
2025-06-23T00:00:00.000Z;0.2038048780487805;1.4726097560975608;0.1442048780487805;0.20497073170731706;0.2623219512195122;0.3102463414634147;0.3454243902439024;0.3620536585365854;0.3703317073170732;0.3837975609756098;0.46169756097560977;0.37295609756097564
2025-06-25T00:00:00.000Z;0.165;1.800780487804878;0.1423707317073171;0.2014829268292683;0.2594975609756098;0.30766341463414637;0.3422609756097561;0.3605926829268293;0.36510975609756097;0.38203658536585366;0.4646048780487805;0.37711951219512196
2025-06-26T00:00:00.000Z;0.127;1.116560975609756;0.1256780487804878;0.1857560975609756;0.2426048780487805;0.2867707317073171;0.3216756097560976;0.3361926829268293;0.35155121951219515;0.357019512195122;0.4387975609756098;0.34807073170731706
2025-06-28T00:00:00.000Z;0.231;1.5180731707317072;0.1257219512195122;0.18345365853658538;0.24311219512195123;0.2879439024390244;0.3216170731707317;0.3393609756097561;0.3470731707317073;0.3577317073170732;0.4313829268292683;0.3400073170731708
2025-07-01T00:00:00.000Z;0.24197560975609755;2.0365609756097562;0.13059512195121953;0.1857609756097561;0.2447853658536585;0.28930243902439023;0.32206585365853657;0.3419048780487805;0.34402926829268293;0.3590292682926829;0.44209756097560976;0.36308292682926835
2025-07-03T00:00:00.000Z;0.1325121951219512;2.513536585365854;0.1440829268292683;0.20338536585365855;0.2645609756097561;0.316019512195122;0.3476658536585366;0.36544634146341454;0.363829268292683;0.3893780487804878;0.4822512195121952;0.3874975609756098
2025-07-05T00:00:00.000Z;0.127;1.9372195121951221;0.1471658536585366;0.20839756097560977;0.27129024390243905;0.3216414634146341;0.3538756097560976;0.3704;0.3740048780487805;0.3898975609756098;0.48249024390243905;0.3906756097560976
2025-07-06T00:00:00.000Z;0.2746585365853659;2.450853658536585;0.12025365853658537;0.17891707317073172;0.23725365853658537;0.28700000000000003;0.3194926829268293;0.334419512195122;0.3363609756097561;0.3579024390243903;0.43717317073170736;0.3428658536585366
2025-07-08T00:00:00.000Z;0.138;3.0247804878048785;0.13076097560975608;0.17532195121951222;0.2265170731707317;0.2729560975609756;0.30351707317073173;0.3230926829268293;0.3201268292682927;0.3479121951219512;0.43237804878048786;0.341919512195122
2025-07-11T00:00:00.000Z;0.0998048780487805;1.6465609756097561;0.12581463414634148;0.1784829268292683;0.23603414634146344;0.27860731707317077;0.3091487804878049;0.32823902439024394;0.3376390243902439;0.34864634146341467;0.43282439024390246;0.35863414634146346
2025-07-13T00:00:00.000Z;0.07790243902439024;1.636487804878049;0.14702926829268292;0.20984634146341466;0.27404634146341467;0.323409756097561;0.35400975609756097;0.3696951219512195;0.37681951219512194;0.3919756097560976;0.47900000000000004;0.38646341463414635
2025-07-15T00:00:00.000Z;0.1;1.524;0.14624878048780487;0.2083;0.2726585365853659;0.31947073170731705;0.3517878048780488;0.369909756097561;0.37587804878048786;0.39080731707317073;0.47963170731707316;0.38823414634146336
2025-07-16T00:00:00.000Z;0.231;1.9446097560975608;0.12749756097560977;0.1907560975609756;0.2500731707317073;0.2979829268292683;0.32779756097560975;0.34205365853658537;0.34711219512195124;0.3620707317073171;0.4444390243902439;0.34796829268292684
2025-07-18T00:00:00.000Z;0.24197560975609755;2.1143902439024393;0.12440975609756097;0.18324878048780488;0.2430048780487805;0.2897804878048781;0.31712439024390243;0.3348121951219512;0.3348780487804878;0.3533634146341464;0.4310853658536586;0.33945121951219515
2025-07-21T00:00:00.000Z;0.171;1.8075121951219513;0.12908292682926828;0.18499512195121953;0.2462878048780488;0.2890121951219512;0.31795365853658536;0.33619024390243907;0.3417609756097561;0.35400000000000004;0.4410390243902439;0.3617756097560976
2025-07-23T00:00:00.000Z;;;;;;;;;;;;
2025-07-25T00:00:00.000Z;;;;;;;;;;;;
2025-07-26T00:00:00.000Z;0.182;1.738268292682927;0.1200609756097561;0.18040975609756096;0.2372878048780488;0.28750000000000003;0.31939024390243903;0.3333658536585366;0.34235121951219516;0.3554414634146341;0.4307512195121952;0.3387536585365854
2025-07-28T00:00:00.000Z;0.21465853658536585;1.935707317073171;0.12009756097560977;0.17623902439024391;0.23328292682926832;0.2815219512195122;0.31261463414634144;0.3287048780487805;0.3320634146341464;0.3502878048780488;0.42854390243902446;0.33938292682926835
2025-07-31T00:00:00.000Z;0.209;2.104609756097561;0.12332439024390245;0.17826829268292685;0.2358;0.28114146341463414;0.3132756097560976;0.3316292682926829;0.33576585365853656;0.3498414634146341;0.4330024390243903;0.3575560975609756
2025-08-02T00:00:00.000Z;0.22551219512195123;1.8143414634146342;0.1275219512195122;0.19139512195121952;0.2505926829268293;0.3031146341463415;0.33321951219512197;0.3488073170731708;0.35407073170731707;0.37085121951219513;0.4461658536585366;0.34862439024390246
2025-08-04T00:00:00.000Z;0.2746585365853659;2.3575121951219513;0.13753170731707318;0.20090975609756098;0.26104146341463413;0.31159024390243906;0.3433268292682927;0.36143902439024395;0.35789024390243906;0.3813268292682927;0.4668634146341464;0.3725219512195122
2025-08-05T00:00:00.000Z;0.30190243902439023;1.96719512195122;0.1192878048780488;0.17871219512195122;0.23278536585365853;0.2791902439024391;0.3118048780487805;0.32441219512195124;0.3296439024390244;0.3445804878048781;0.419309756097561;0.3295829268292683
2025-08-07T00:00:00.000Z;0.25290243902439025;1.2119268292682928;0.11894634146341464;0.17570731707317072;0.23123902439024394;0.2753219512195122;0.30484146341463414;0.32080975609756096;0.33078048780487807;0.33984634146341464;0.408629268292683;0.3226414634146341
2025-08-10T00:00:00.000Z;0.198;1.9569756097560975;0.12264878048780488;0.1755951219512195;0.232609756097561;0.2741487804878049;0.30397804878048784;0.3222878048780488;0.32748292682926833;0.34049024390243904;0.4263926829268293;0.3503707317073171
2025-08-12T00:00:00.000Z;0.25290243902439025;2.371878048780488;0.13864634146341465;0.20170243902439025;0.2620170731707317;0.3120439024390244;0.3422121951219512;0.3550731707317073;0.3532365853658537;0.3781975609756098;0.4642731707317074;0.37111951219512196
2025-08-14T00:00:00.000Z;0.15414634146341466;1.8141219512195121;0.13522439024390245;0.19195121951219513;0.2514756097560976;0.2972317073170732;0.3267658536585366;0.3445439024390244;0.3472439024390244;0.3647048780487805;0.45585609756097567;0.3684048780487805
2025-08-15T00:00:00.000Z;0.269;1.5769024390243904;0.12046097560975609;0.18207317073170728;0.2419317073170732;0.2880146341463415;0.3176414634146341;0.3311926829268293;0.33955121951219513;0.35070243902439024;0.43353658536585366;0.33964146341463414
2025-08-17T00:00:00.000Z;0.3070731707317073;1.6002926829268294;0.11305609756097561;0.16398536585365853;0.21746829268292683;0.2609804878048781;0.289690243902439;0.3060439024390244;0.31241463414634146;0.32795365853658537;0.40481707317073173;0.3174902439024391
2025-08-20T00:00:00.000Z;0.3452439024390244;1.7289024390243903;0.11596097560975609;0.1613268292682927;0.2166487804878049;0.2596512195121951;0.28885853658536587;0.30769024390243904;0.31579024390243904;0.32897804878048786;0.42221219512195124;0.3462
2025-08-22T00:00:00.000Z;;;;;;;;;;;;
2025-08-24T00:00:00.000Z;0.2853414634146341;1.976;0.12893658536585365;0.19090975609756097;0.2511878048780488;0.2991975609756098;0.327;0.3424756097560976;0.3429219512195122;0.3635439024390244;0.4452780487804878;0.356809756097561
2025-08-25T00:00:00.000Z;;;;;;;;;;;;
2025-08-27T00:00:00.000Z;0.37790243902439025;2.497634146341464;0.11251951219512196;0.16639024390243903;0.21596585365853657;0.2582292682926829;0.28258292682926833;0.29753902439024393;0.29636585365853657;0.3187121951219512;0.37689512195121955;0.29185609756097564
2025-08-30T00:00:00.000Z;0.165;1.8889512195121951;0.11663414634146341;0.1701268292682927;0.22796585365853658;0.26959512195121954;0.29539512195121953;0.31223414634146346;0.3167658536585366;0.3287121951219512;0.41625853658536593;0.3421439024390244
2025-09-01T00:00:00.000Z;0.182;0.862219512195122;0.13265121951219513;0.19799756097560978;0.26001219512195123;0.30420975609756096;0.3327756097560976;0.346309756097561;0.3619439024390244;0.3669317073170732;0.44896585365853664;0.3577487804878049
2025-09-03T00:00:00.000Z;0.176;1.2549756097560976;0.13320243902439025;0.19490243902439025;0.25941219512195124;0.3044;0.33218780487804883;0.34621463414634146;0.3550487804878049;0.366009756097561;0.44975365853658544;0.3633146341463416
2025-09-04T00:00:00.000Z;0.19297560975609757;1.3466829268292684;0.11890243902439025;0.17862439024390245;0.2364292682926829;0.28139024390243905;0.3088;0.32119024390243905;0.3341317073170732;0.3421585365853659;0.42167317073170735;0.32930243902439027
2025-09-06T00:00:00.000Z;;;;;;;;;;;;
2025-09-09T00:00:00.000Z;0.22;2.287560975609756;0.12838048780487804;0.18048292682926828;0.23078536585365853;0.2776682926829268;0.30870975609756096;0.3303756097560976;0.32780975609756097;0.3522853658536585;0.40900243902439026;0.32907317073170733
2025-09-11T00:00:00.000Z;0.15414634146341466;2.1300975609756096;0.12743170731707318;0.19005365853658537;0.24910243902439025;0.2999829268292683;0.32328292682926835;0.3352;0.3337707317073171;0.3542609756097561;0.4475829268292683;0.3532390243902439
2025-09-13T00:00:00.000Z;;;;;;;;;;;;
2025-09-14T00:00:00.000Z;0.15414634146341466;1.7483170731707316;0.11163414634146342;0.16958536585365855;0.224419512195122;0.2688073170731708;0.29454634146341463;0.3062878048780488;0.3128292682926829;0.3242707317073171;0.4095243902439024;0.3213560975609756
2025-09-16T00:00:00.000Z;0.165;1.9540731707317078;0.10974634146341464;0.16322926829268294;0.21860487804878048;0.2645;0.2857219512195122;0.30024146341463415;0.3022048780487805;0.31939512195121955;0.39415853658536587;0.3070121951219512
2025-09-19T00:00:00.000Z;0.171;2.1678536585365853;0.1110878048780488;0.16299024390243905;0.2166878048780488;0.2586609756097561;0.281709756097561;0.29877560975609757;0.2999317073170732;0.3145487804878049;0.3964682926829268;0.3211926829268293
2025-09-21T00:00:00.000Z;;;;;;;;;;;;
2025-09-23T00:00:00.000Z;;;;;;;;;;;;
2025-09-24T00:00:00.000Z;;;;;;;;;;;;
2025-09-26T00:00:00.000Z;0.187;1.4149024390243903;0.10818536585365854;0.1633560975609756;0.21889268292682929;0.2629365853658537;0.28463414634146345;0.2983829268292683;0.3059609756097561;0.3155487804878049;0.3856414634146342;0.2993
2025-09-29T00:00:00.000Z;;;;;;;;;;;;
