TIMESTAMP_UTC;AOT;TCWV;B02;B03;B04;B05;B06;B07;B08;B8A;B11;B12
2015-10-04T00:00:00.000Z;;;;;;;;;;;;
2015-11-13T00:00:00.000Z;0.11093333333333334;0.998;0.04596666666666667;0.06490666666666668;0.06492666666666667;0.09692333333333333;0.15655;0.17379000000000003;0.1845733333333333;0.18942;0.18464666666666668;0.12342333333333332
2015-11-16T00:00:00.000Z;0.078;0.7249;0.026480000000000004;0.04660333333333334;0.046406666666666666;0.07781666666666667;0.13815333333333335;0.15456666666666669;0.16858;0.17134333333333335;0.15808666666666665;0.09983333333333334
2015-11-26T00:00:00.000Z;0.0669;0.6460666666666667;0.025150000000000002;0.045706666666666666;0.04627333333333334;0.07707000000000001;0.13904000000000002;0.15392333333333333;0.16885333333333333;0.1701;0.15519333333333335;0.09872333333333333
2015-12-03T00:00:00.000Z;0.089;1.0813333333333333;0.028113333333333334;0.05038;0.05068;0.08430333333333334;0.14590999999999998;0.16124333333333335;0.17019333333333334;0.17737;0.16791;0.11022000000000001
2015-12-06T00:00:00.000Z;;;;;;;;;;;;
2015-12-16T00:00:00.000Z;;;;;;;;;;;;
2015-12-23T00:00:00.000Z;;;;;;;;;;;;
2015-12-26T00:00:00.000Z;;;;;;;;;;;;
2016-01-02T00:00:00.000Z;;;;;;;;;;;;
2016-01-05T00:00:00.000Z;;;;;;;;;;;;
2016-01-12T00:00:00.000Z;0.07200000000000001;0.9272666666666668;0.02916666666666667;0.049383333333333335;0.05310666666666668;0.08306333333333334;0.14019;0.15452000000000002;0.16666333333333336;0.17337000000000002;0.17018;0.11317333333333332
2016-01-22T00:00:00.000Z;;;;;;;;;;;;
2016-01-25T00:00:00.000Z;0.078;1.0828333333333333;0.17121333333333336;0.18793333333333334;0.202;0.23581666666666667;0.27883;0.29074333333333335;0.3019466666666667;0.31075;0.33751000000000003;0.28546333333333335
2016-02-01T00:00:00.000Z;0.078;0.7185333333333334;0.03377;0.05364666666666667;0.05874;0.08816;0.14110666666666666;0.15576;0.16984000000000002;0.1742733333333333;0.18127333333333331;0.12222666666666669
2016-02-04T00:00:00.000Z;0.078;0.5222000000000001;0.028710000000000003;0.04846;0.05222333333333334;0.08063333333333333;0.13290666666666667;0.14624666666666666;0.1630666666666667;0.16324333333333335;0.16096;0.10472000000000001
2016-02-11T00:00:00.000Z;0.055740740740740743;1.052074074074074;0.0502037037037037;0.053248148148148156;0.05404814814814816;0.0642888888888889;0.07866296296296298;0.08478518518518519;0.08498518518518519;0.09238888888888888;0.10081111111111113;0.09081851851851852
2016-02-14T00:00:00.000Z;;;;;;;;;;;;
2016-02-21T00:00:00.000Z;;;;;;;;;;;;
2016-03-02T00:00:00.000Z;;;;;;;;;;;;
2016-03-05T00:00:00.000Z;0.083;0.36869999999999997;0.03243666666666667;0.05560333333333333;0.06199666666666667;0.09044333333333332;0.13883333333333334;0.15253333333333333;0.16974000000000003;0.16967000000000002;0.18132;0.12265999999999999
2016-03-12T00:00:00.000Z;0.105;0.38989999999999997;0.042660000000000003;0.06671666666666666;0.07524333333333333;0.10563333333333333;0.15436333333333335;0.16871;0.18499333333333332;0.18758;0.21240666666666666;0.15025333333333335
2016-03-15T00:00:00.000Z;;;;;;;;;;;;
2016-03-22T00:00:00.000Z;;;;;;;;;;;;
2016-03-25T00:00:00.000Z;0.083;0.5711666666666666;0.04723;0.06972666666666667;0.07589666666666667;0.10575999999999999;0.15322000000000002;0.16740333333333335;0.18066;0.18400333333333335;0.19966;0.1379766666666667
2016-04-01T00:00:00.000Z;0.116;0.5122666666666666;0.046463333333333336;0.07217666666666667;0.08098;0.11563333333333334;0.16843333333333332;0.18242333333333333;0.1981166666666667;0.20210333333333333;0.22920333333333334;0.1613733333333333
2016-04-04T00:00:00.000Z;;;;;;;;;;;;
2016-04-11T00:00:00.000Z;;;;;;;;;;;;
2016-04-14T00:00:00.000Z;0.083;0.7007333333333333;0.04086666666666667;0.06510666666666667;0.07081000000000001;0.10338333333333333;0.15610000000000002;0.17268333333333333;0.18585333333333334;0.18935000000000002;0.2051766666666667;0.1401
2016-04-21T00:00:00.000Z;0.116;0.8104333333333333;0.05025666666666667;0.07811000000000001;0.08572666666666667;0.12306666666666669;0.18351333333333333;0.20122;0.21364000000000002;0.22191333333333332;0.2496266666666667;0.17681666666666668
2016-04-24T00:00:00.000Z;0.094;0.5337999999999999;0.040100000000000004;0.06478666666666667;0.06981333333333334;0.10388;0.16312333333333331;0.17962666666666668;0.1940933333333333;0.19795333333333334;0.2111;0.1428766666666667
2016-05-01T00:00:00.000Z;0.105;0.4249333333333333;0.04940333333333334;0.07780333333333334;0.08425666666666667;0.12035000000000001;0.18151;0.19768;0.21394666666666667;0.2184766666666667;0.24234333333333336;0.17252
2016-05-04T00:00:00.000Z;0.089;0.4669333333333333;0.047183333333333334;0.07238333333333334;0.07622666666666666;0.11242666666666669;0.17465;0.19284666666666667;0.20976666666666666;0.21081666666666665;0.22138000000000002;0.15148
2016-05-11T00:00:00.000Z;0.105;1.0231333333333332;0.07003;0.09841666666666667;0.09919666666666668;0.14511666666666667;0.22355666666666668;0.2439833333333333;0.25660333333333335;0.2670133333333333;0.27686333333333335;0.18757333333333331
2016-05-14T00:00:00.000Z;;;;;;;;;;;;
2016-05-21T00:00:00.000Z;0.138;1.2070333333333334;0.054413333333333334;0.08246;0.08745333333333334;0.12780333333333332;0.1913466666666667;0.2101333333333333;0.21853000000000003;0.22846666666666665;0.25511666666666666;0.18234666666666668
2016-05-24T00:00:00.000Z;0.31293333333333334;1.3096666666666668;0.04549666666666666;0.07869666666666668;0.08244;0.12345;0.18692333333333333;0.20551;0.21446;0.22228000000000003;0.23114333333333334;0.15894333333333335
2016-06-10T00:00:00.000Z;;;;;;;;;;;;
2016-06-13T00:00:00.000Z;0.094;1.7973666666666666;0.04952;0.07765666666666668;0.08460666666666668;0.12376666666666668;0.17539000000000002;0.19299000000000002;0.19814666666666667;0.21236333333333332;0.23704000000000003;0.16243333333333335
2016-06-20T00:00:00.000Z;0.055666666666666656;1.2134;0.06389333333333333;0.09540333333333333;0.10705666666666666;0.14865666666666666;0.19865333333333335;0.21624666666666667;0.22526;0.23795000000000002;0.2792;0.19873333333333335
2016-06-23T00:00:00.000Z;0.138;0.9878333333333333;0.04899666666666666;0.07893666666666667;0.08978;0.12994666666666668;0.1769;0.19450666666666666;0.20599333333333336;0.21405000000000002;0.24160666666666666;0.16456333333333334
2016-06-30T00:00:00.000Z;0.3726666666666667;2.3280666666666665;0.06327;0.09728333333333335;0.11260333333333333;0.15640666666666667;0.20290666666666665;0.2195266666666667;0.2224366666666667;0.24362;0.2874466666666667;0.20070666666666664
2016-07-03T00:00:00.000Z;0.242;1.9172;0.05423333333333334;0.08568;0.09926;0.13914333333333334;0.18329;0.20009666666666667;0.20517333333333332;0.22060000000000002;0.24889333333333336;0.16824333333333336
2016-07-10T00:00:00.000Z;0.149;1.6805666666666665;0.06191000000000001;0.09516666666666666;0.11094000000000001;0.15427333333333332;0.19946666666666668;0.21609000000000003;0.22255666666666668;0.24095333333333335;0.28534000000000004;0.19813666666666666
2016-07-13T00:00:00.000Z;0.158;2.153;0.07385;0.101175;0.10785;0.15030000000000002;0.2013;0.2205;0.23585;0.25270000000000004;0.2591;0.1603
2016-07-20T00:00:00.000Z;;;;;;;;;;;;
2016-07-23T00:00:00.000Z;0.231;2.1404666666666667;0.05109666666666666;0.08146666666666667;0.09292666666666669;0.13829000000000002;0.17966333333333334;0.19614333333333334;0.20041333333333333;0.21816;0.24531999999999998;0.1605266666666667
2016-07-30T00:00:00.000Z;0.29653333333333337;1.7986333333333335;0.057100000000000005;0.09587333333333332;0.11334333333333335;0.15878333333333333;0.20199000000000003;0.2177966666666667;0.2238;0.24144000000000002;0.2795333333333333;0.19306333333333334
2016-08-02T00:00:00.000Z;0.089;1.2336666666666667;0.05442000000000001;0.08421666666666666;0.09706666666666666;0.13924666666666669;0.17851;0.19356;0.20434666666666668;0.21561333333333332;0.23951;0.15742333333333333
2016-08-09T00:00:00.000Z;0.055666666666666656;1.2264666666666668;0.06503666666666667;0.09734;0.11222000000000001;0.15626333333333337;0.19721333333333332;0.21215;0.22229333333333334;0.23545333333333335;0.27275333333333335;0.18675333333333333
2016-08-12T00:00:00.000Z;0.11093333333333334;1.6934333333333333;0.06018333333333334;0.09034;0.10047;0.14835333333333334;0.19039333333333333;0.20590666666666668;0.2154333333333333;0.23151;0.2529366666666667;0.1659466666666667
2016-08-19T00:00:00.000Z;0.083;1.7036;0.05771333333333334;0.0908;0.10314000000000001;0.14784666666666668;0.18830666666666665;0.20318;0.20975333333333335;0.22511666666666666;0.26043000000000005;0.17971
2016-08-22T00:00:00.000Z;0.094;2.081233333333333;0.050526666666666664;0.08042333333333333;0.09040666666666669;0.13522;0.17214666666666667;0.18569000000000002;0.19311333333333333;0.20700000000000002;0.22784333333333334;0.14865333333333333
2016-08-29T00:00:00.000Z;0.16553333333333334;1.3955333333333333;0.051963333333333334;0.08678;0.10077000000000001;0.14591333333333334;0.18808333333333332;0.20230666666666663;0.21064666666666668;0.22459;0.25581;0.17341333333333336
2016-09-01T00:00:00.000Z;;;;;;;;;;;;
2016-09-08T00:00:00.000Z;0.06903333333333334;1.3434333333333335;0.05417000000000001;0.08795666666666668;0.10109333333333333;0.1462166666666667;0.18519333333333332;0.20013666666666663;0.20879000000000003;0.2212833333333333;0.24776;0.16823666666666667
2016-09-11T00:00:00.000Z;0.149;2.0171666666666668;0.04872666666666667;0.07882666666666667;0.08889666666666668;0.13445666666666667;0.17123;0.1855266666666667;0.1901266666666667;0.20477;0.21839333333333336;0.14152
2016-09-18T00:00:00.000Z;0.1;1.3066;0.05000666666666667;0.08395000000000001;0.09605000000000001;0.1412466666666667;0.18017333333333332;0.19348666666666664;0.20198333333333335;0.21433000000000002;0.23857;0.16293333333333335
2016-09-21T00:00:00.000Z;0.11093333333333334;1.322;0.0468;0.07670666666666667;0.08553666666666668;0.12749666666666667;0.16579000000000002;0.17803666666666668;0.1877666666666667;0.19746666666666668;0.21050666666666668;0.13729666666666668
2016-09-28T00:00:00.000Z;;;;;;;;;;;;
2016-10-01T00:00:00.000Z;0.12190000000000001;1.2792000000000001;0.042730000000000004;0.07266333333333333;0.08268666666666667;0.1242;0.16134333333333334;0.17500000000000002;0.1860733333333333;0.19425;0.20582333333333333;0.13199333333333335
2016-10-08T00:00:00.000Z;;;;;;;;;;;;
2016-10-11T00:00:00.000Z;0.11093333333333334;0.7201666666666666;0.039503333333333335;0.07020666666666668;0.07984333333333334;0.11975333333333334;0.15808;0.17079000000000003;0.18681333333333333;0.18995333333333334;0.19952;0.1282
2016-10-18T00:00:00.000Z;;;;;;;;;;;;
2016-10-21T00:00:00.000Z;;;;;;;;;;;;
2016-10-28T00:00:00.000Z;;;;;;;;;;;;
2016-10-31T00:00:00.000Z;0.1;0.9420666666666668;0.03735666666666667;0.05823666666666667;0.059396666666666674;0.09419666666666669;0.1421;0.15433333333333332;0.16644;0.16968666666666665;0.16804666666666668;0.10910666666666667
2016-11-07T00:00:00.000Z;0.078;0.5869333333333333;0.041530000000000004;0.06544;0.06785666666666668;0.10247666666666669;0.15845;0.17316;0.18832000000000002;0.19128;0.19237;0.12779000000000001
2016-11-10T00:00:00.000Z;0.078;0.6292000000000001;0.030353333333333336;0.05328666666666667;0.05533333333333334;0.08822666666666668;0.13799000000000003;0.15407;0.16720000000000002;0.1686;0.16460333333333335;0.10529333333333335
2016-11-17T00:00:00.000Z;0.07200000000000001;0.8343333333333334;0.03204333333333333;0.05717666666666667;0.06067666666666667;0.09240333333333332;0.14492000000000002;0.15874333333333335;0.16988333333333333;0.1761;0.17816;0.11963
2016-11-20T00:00:00.000Z;;;;;;;;;;;;
2016-11-27T00:00:00.000Z;;;;;;;;;;;;
2016-11-30T00:00:00.000Z;;;;;;;;;;;;
2016-12-07T00:00:00.000Z;0.089;0.9252666666666668;0.02517333333333333;0.04585;0.046196666666666664;0.07588666666666667;0.12964;0.1436266666666667;0.15224666666666667;0.1585766666666667;0.15009666666666668;0.09727333333333332
2016-12-10T00:00:00.000Z;;;;;;;;;;;;
2016-12-17T00:00:00.000Z;;;;;;;;;;;;
2016-12-20T00:00:00.000Z;0.07200000000000001;0.8167333333333333;0.019683333333333334;0.03886666666666667;0.03926333333333334;0.06821;0.12154333333333335;0.13432000000000002;0.14624666666666666;0.14893333333333333;0.13335666666666668;0.08320666666666668
2016-12-27T00:00:00.000Z;;;;;;;;;;;;
2016-12-30T00:00:00.000Z;0.07200000000000001;0.3084;0.03684666666666666;0.04244;0.03894;0.05413333333333334;0.08660000000000001;0.09395333333333332;0.10428666666666667;0.10188;0.09103333333333334;0.06488
2017-01-16T00:00:00.000Z;0.0669;0.7844333333333333;0.028060000000000005;0.04830333333333334;0.05139;0.08105;0.13587333333333332;0.1492966666666667;0.15986;0.16514666666666666;0.16560333333333332;0.11167333333333332
2017-01-19T00:00:00.000Z;;;;;;;;;;;;
2017-01-26T00:00:00.000Z;;;;;;;;;;;;
2017-01-29T00:00:00.000Z;;;;;;;;;;;;
2017-02-05T00:00:00.000Z;;;;;;;;;;;;
2017-02-08T00:00:00.000Z;0.061;0.4423666666666667;0.03515666666666667;0.05407666666666667;0.05736000000000001;0.08494333333333333;0.13603333333333334;0.15205000000000002;0.1661266666666667;0.16640000000000002;0.16687333333333332;0.11791666666666668
2017-02-15T00:00:00.000Z;0.089;0.629;0.04741000000000001;0.06382;0.06571666666666666;0.09453666666666669;0.1451;0.15824333333333335;0.16874000000000003;0.1726666666666667;0.17242333333333332;0.11941333333333334
2017-02-18T00:00:00.000Z;;;;;;;;;;;;
2017-02-25T00:00:00.000Z;0.105;0.6787666666666666;0.03542333333333333;0.05732000000000001;0.06004666666666667;0.09039666666666668;0.14469666666666667;0.1604266666666667;0.17324;0.1777;0.18458333333333332;0.12754000000000001
2017-02-28T00:00:00.000Z;0.078;0.7957000000000001;0.03180666666666667;0.05187333333333334;0.054200000000000005;0.0828;0.13701333333333335;0.15380666666666667;0.16408666666666666;0.16886333333333337;0.16809000000000002;0.11225
2017-03-07T00:00:00.000Z;;;;;;;;;;;;
2017-03-10T00:00:00.000Z;0.0669;0.498;0.032753333333333336;0.05312666666666667;0.05602000000000001;0.08388666666666666;0.13886333333333334;0.15664000000000003;0.17076666666666668;0.17130333333333334;0.17543666666666666;0.11663333333333332
2017-03-17T00:00:00.000Z;;;;;;;;;;;;
2017-03-19T00:00:00.000Z;;;;;;;;;;;;
2017-03-20T00:00:00.000Z;0.11093333333333334;1.1908333333333332;0.03778;0.05965;0.06151;0.09377333333333333;0.15740333333333334;0.17553333333333335;0.18510000000000001;0.1936266666666667;0.19319333333333333;0.12704333333333334
2017-03-25T00:00:00.000Z;0.083;0.6464333333333333;0.041383333333333334;0.05957666666666667;0.05993666666666667;0.09071333333333333;0.14960333333333334;0.16505;0.18036;0.18120666666666665;0.18237333333333333;0.12505
2017-03-27T00:00:00.000Z;;;;;;;;;;;;
2017-03-30T00:00:00.000Z;0.05;0.5357333333333334;0.04655;0.06747666666666667;0.07068333333333333;0.10133;0.15940666666666667;0.1747233333333333;0.1895666666666667;0.19132333333333332;0.19060666666666665;0.1283
2017-04-01T00:00:00.000Z;0.105;0.5160666666666668;0.04677333333333334;0.06875;0.07239;0.10483333333333333;0.16880666666666666;0.18696333333333334;0.20343333333333333;0.2064333333333333;0.21833333333333332;0.15488666666666667
2017-04-06T00:00:00.000Z;;;;;;;;;;;;
2017-04-09T00:00:00.000Z;0.0669;0.8141333333333334;0.04715333333333334;0.07072333333333333;0.07335666666666668;0.11013666666666666;0.17844000000000002;0.19854333333333332;0.21331333333333333;0.21834;0.2166833333333333;0.14423
2017-04-11T00:00:00.000Z;0.13276666666666667;0.8156666666666667;0.05012333333333334;0.07263666666666667;0.07738;0.11275;0.17680666666666667;0.1953433333333333;0.20909666666666668;0.21311333333333332;0.22948333333333332;0.16230666666666665
2017-04-14T00:00:00.000Z;;;;;;;;;;;;
2017-04-16T00:00:00.000Z;;;;;;;;;;;;
2017-04-19T00:00:00.000Z;;;;;;;;;;;;
2017-04-21T00:00:00.000Z;0.089;0.4338;0.056796666666666676;0.07942;0.08439333333333333;0.11886666666666668;0.18265666666666663;0.20254333333333333;0.22124333333333335;0.22126333333333334;0.23612333333333332;0.1692233333333333
2017-04-24T00:00:00.000Z;0.2587;1.4090666666666667;0.04319333333333333;0.06821666666666666;0.07381666666666667;0.11061666666666668;0.17370000000000002;0.19451;0.20294;0.21006;0.21931666666666666;0.15131333333333336
2017-04-26T00:00:00.000Z;;;;;;;;;;;;
2017-04-29T00:00:00.000Z;;;;;;;;;;;;
2017-05-01T00:00:00.000Z;0.12190000000000001;0.8554333333333333;0.05045;0.07543333333333334;0.07812666666666666;0.11495000000000001;0.17738333333333334;0.19629000000000002;0.20815;0.21281999999999998;0.23302;0.16825333333333334
2017-05-04T00:00:00.000Z;0.171;1.1063333333333334;0.05195;0.07653333333333334;0.07971333333333333;0.11431;0.17593666666666666;0.19418333333333335;0.20467333333333332;0.2114366666666667;0.22000333333333333;0.15606
2017-05-06T00:00:00.000Z;0.116;0.7142999999999999;0.049613333333333336;0.07877333333333333;0.08424333333333334;0.12240666666666666;0.18517666666666668;0.20352;0.2149;0.22181;0.24335333333333334;0.17222
2017-05-09T00:00:00.000Z;0.105;1.2407000000000001;0.042273333333333336;0.06876;0.07272333333333333;0.11009666666666668;0.17043;0.18973;0.19668666666666665;0.20690333333333333;0.21786;0.14951333333333336
2017-05-11T00:00:00.000Z;;;;;;;;;;;;
2017-05-14T00:00:00.000Z;0.089;1.2479;0.05167666666666667;0.07635333333333333;0.08005000000000001;0.11591;0.18050666666666665;0.20010666666666665;0.21178000000000002;0.21761;0.23257333333333333;0.16283666666666666
2017-05-16T00:00:00.000Z;;;;;;;;;;;;
2017-05-19T00:00:00.000Z;0.105;1.0515999999999999;0.0488;0.07433666666666668;0.07866666666666666;0.11721333333333335;0.17734666666666668;0.19591;0.20579333333333336;0.21425333333333335;0.22441999999999998;0.15313000000000002
2017-05-21T00:00:00.000Z;;;;;;;;;;;;
2017-05-24T00:00:00.000Z;0.11093333333333334;1.1288333333333334;0.050530000000000005;0.07446666666666667;0.08021333333333333;0.11564000000000002;0.17204666666666668;0.19104000000000002;0.20255333333333334;0.2097;0.22763000000000003;0.16050333333333333
2017-05-26T00:00:00.000Z;0.3075333333333334;1.365233333333333;0.049683333333333336;0.08593666666666668;0.09763333333333334;0.1399266666666667;0.20143666666666665;0.21879;0.22716666666666666;0.23971333333333333;0.26988;0.19254666666666667
2017-05-29T00:00:00.000Z;0.094;1.3973333333333333;0.05632000000000001;0.08170000000000001;0.08787;0.12590666666666667;0.17839666666666668;0.1946766666666667;0.20234000000000002;0.21483000000000002;0.23034666666666667;0.15795
2017-06-03T00:00:00.000Z;;;;;;;;;;;;
2017-06-05T00:00:00.000Z;0.055666666666666656;0.8993666666666666;0.06029;0.09095333333333332;0.10148;0.14017333333333332;0.19473000000000001;0.21261333333333332;0.2245366666666667;0.23417;0.26781333333333335;0.18901
2017-06-08T00:00:00.000Z;0.094;1.2920666666666667;0.05219666666666667;0.07828333333333334;0.08627333333333334;0.12356333333333334;0.17374;0.19142333333333333;0.19971333333333333;0.2103366666666667;0.23350333333333334;0.16021666666666667
2017-06-10T00:00:00.000Z;0.231;1.9133666666666664;0.06810000000000001;0.09513333333333335;0.10524333333333334;0.1446666666666667;0.19833;0.2190966666666667;0.2238266666666667;0.23873333333333333;0.274;0.19993
2017-06-13T00:00:00.000Z;0.1;1.7255666666666667;0.05809333333333333;0.08313666666666668;0.09135;0.12714333333333336;0.17637000000000003;0.1933666666666667;0.20006666666666667;0.21161666666666668;0.24057333333333333;0.17243
2017-06-15T00:00:00.000Z;0.1872333333333333;1.5465666666666666;0.06345;0.09641666666666666;0.11048666666666666;0.15124;0.19811;0.2156;0.22265333333333334;0.23879666666666668;0.27959333333333336;0.20018
2017-06-18T00:00:00.000Z;0.13276666666666667;1.8595333333333333;0.05800333333333333;0.08477000000000001;0.09362666666666668;0.13071;0.17889333333333335;0.19412000000000001;0.19925333333333334;0.2134766666666667;0.24095333333333335;0.16385666666666668
2017-06-20T00:00:00.000Z;0.2149;2.0468;0.06669333333333333;0.09681666666666666;0.10914333333333334;0.15148;0.20095666666666664;0.22160333333333335;0.22635333333333335;0.24274333333333334;0.28576666666666667;0.20653000000000002
2017-06-23T00:00:00.000Z;0.182;1.7928666666666666;0.0572;0.08264666666666667;0.09224666666666669;0.12973666666666667;0.17776666666666668;0.19410000000000002;0.20134666666666667;0.2136833333333333;0.24527;0.17233333333333334
2017-06-25T00:00:00.000Z;;;;;;;;;;;;
2017-06-28T00:00:00.000Z;0.089;1.2703;0.05245666666666667;0.08162000000000001;0.09233666666666668;0.13318666666666668;0.17795666666666668;0.19375;0.20378666666666664;0.21458000000000002;0.2432;0.16427
2017-06-30T00:00:00.000Z;0.055666666666666656;0.7766333333333333;0.06985000000000001;0.09944666666666668;0.11295333333333334;0.15202333333333332;0.20008;0.2185;0.23385666666666668;0.23901333333333333;0.27883;0.20334666666666668
2017-07-03T00:00:00.000Z;0.089;1.0855333333333332;0.05421666666666666;0.08056666666666666;0.09216333333333332;0.12949666666666668;0.1765266666666667;0.19338333333333332;0.20573333333333332;0.21311666666666665;0.24266666666666667;0.16877333333333333
2017-07-05T00:00:00.000Z;0.182;1.4321666666666668;0.06761;0.10210000000000001;0.11772333333333332;0.16087;0.20516333333333334;0.22290666666666667;0.23137333333333332;0.24489333333333335;0.28278333333333333;0.19936333333333334
2017-07-10T00:00:00.000Z;0.116;1.5488666666666666;0.06899666666666668;0.09911666666666667;0.1116;0.15374333333333334;0.19938333333333333;0.2177366666666667;0.22709000000000001;0.2396;0.28248;0.20298666666666665
2017-07-13T00:00:00.000Z;0.26393333333333335;1.7941666666666667;0.05803666666666667;0.08845666666666667;0.10184666666666668;0.14208333333333334;0.1855966666666667;0.20389333333333332;0.2108266666666667;0.2232366666666667;0.25305666666666665;0.1752466666666667
2017-07-15T00:00:00.000Z;0.1981;1.6536333333333335;0.06576333333333334;0.10108333333333334;0.11748;0.16025;0.20536666666666667;0.22149000000000002;0.22841;0.24521333333333334;0.28173000000000004;0.19689333333333334
2017-07-18T00:00:00.000Z;0.30748148148148147;1.318;0.07187407407407408;0.1114888888888889;0.1178851851851852;0.15913703703703705;0.20699629629629632;0.2307111111111112;0.2437333333333333;0.25905925925925927;0.2770222222222222;0.1988111111111111
2017-07-20T00:00:00.000Z;0.089;1.6625333333333334;0.06850333333333333;0.099;0.11302666666666669;0.15488666666666667;0.19919333333333333;0.21838000000000002;0.22724666666666668;0.24000000000000002;0.2811766666666667;0.20094333333333333
2017-07-23T00:00:00.000Z;;;;;;;;;;;;
2017-07-25T00:00:00.000Z;0.13276666666666667;2.1801;0.06559666666666668;0.09743333333333334;0.11186333333333334;0.15854333333333334;0.20076666666666668;0.2162333333333333;0.22013333333333332;0.23931666666666665;0.27831333333333336;0.19247666666666668
2017-07-28T00:00:00.000Z;0.231;1.340266666666667;0.05007;0.07942333333333333;0.09148333333333335;0.13266666666666668;0.17418666666666666;0.19014000000000003;0.1988266666666667;0.21034000000000003;0.23906666666666665;0.15803666666666666
2017-07-30T00:00:00.000Z;0.116;1.3132000000000001;0.06865666666666667;0.10038666666666668;0.11344000000000001;0.15646333333333334;0.19914666666666667;0.21697333333333332;0.22915333333333335;0.2396833333333333;0.2773766666666667;0.19651
2017-08-02T00:00:00.000Z;;;;;;;;;;;;
2017-08-04T00:00:00.000Z;0.1981;1.4898;0.05878666666666667;0.09473333333333334;0.10890666666666667;0.15583666666666665;0.19975;0.21566666666666667;0.22340333333333334;0.23869666666666667;0.27616666666666667;0.18996333333333332
2017-08-07T00:00:00.000Z;0.242;2.1885333333333334;0.052853333333333335;0.08625333333333333;0.09974333333333332;0.14507;0.18375666666666665;0.20020333333333334;0.20477333333333333;0.22191666666666665;0.24147;0.15870333333333334
2017-08-09T00:00:00.000Z;0.1982333333333333;1.8901;0.06579;0.09913333333333334;0.11192666666666669;0.15929000000000001;0.20515333333333333;0.22431333333333334;0.23166333333333333;0.24680000000000002;0.2792466666666667;0.1935766666666667
2017-08-12T00:00:00.000Z;0.182;1.6569666666666667;0.04824;0.07885666666666667;0.09041;0.13245;0.17686666666666667;0.19223;0.20190666666666665;0.2128233333333333;0.23632;0.16019000000000003
2017-08-14T00:00:00.000Z;0.274;2.1366666666666667;0.05581333333333333;0.09458666666666668;0.11144666666666668;0.15946333333333335;0.20126666666666668;0.21641;0.2225;0.24256;0.2706733333333333;0.18544000000000002
2017-08-17T00:00:00.000Z;0.1872333333333333;2.3896666666666664;0.05086;0.0828;0.09455333333333332;0.13894333333333334;0.1770766666666667;0.19247333333333333;0.19605333333333333;0.21364666666666668;0.23357333333333333;0.15344000000000002
2017-08-19T00:00:00.000Z;0.1981;2.530466666666667;0.06852333333333334;0.09889666666666669;0.11108333333333333;0.15564666666666668;0.1958666666666667;0.21309333333333336;0.21733000000000002;0.23448333333333332;0.2669533333333333;0.18716
2017-08-22T00:00:00.000Z;0.1;1.7775999999999998;0.055573333333333336;0.08310666666666668;0.09364;0.1356166666666667;0.17461;0.19031333333333333;0.19846666666666668;0.2095466666666667;0.2315;0.15738
2017-08-24T00:00:00.000Z;0.105;1.6411;0.06348666666666668;0.09611;0.11020333333333333;0.15466666666666667;0.19391;0.20847;0.21483000000000002;0.2301266666666667;0.25977;0.17899
2017-08-27T00:00:00.000Z;;;;;;;;;;;;
2017-08-29T00:00:00.000Z;;;;;;;;;;;;
2017-09-01T00:00:00.000Z;0.258;2.69775;0.060000000000000005;0.08571250000000001;0.09758750000000001;0.13390000000000002;0.1629625;0.178425;0.182125;0.1927875;0.22613750000000002;0.1538875
2017-09-03T00:00:00.000Z;0.25839999999999996;1.5493666666666666;0.06455666666666668;0.09568;0.10040333333333333;0.14973666666666666;0.20104000000000002;0.2161866666666667;0.2225333333333333;0.23904666666666669;0.24890333333333334;0.17165666666666668
2017-09-06T00:00:00.000Z;;;;;;;;;;;;
2017-09-08T00:00:00.000Z;0.5084;1.7372333333333332;0.05555;0.08380666666666668;0.08838;0.13470000000000001;0.19074333333333332;0.2096833333333333;0.21740666666666666;0.23061666666666666;0.25195333333333336;0.17153333333333334
2017-09-11T00:00:00.000Z;0.105;1.2494;0.04125;0.0665;0.07026;0.10598666666666666;0.15536;0.16859333333333335;0.1795266666666667;0.18613333333333335;0.20657;0.14282333333333333
2017-09-13T00:00:00.000Z;0.16;1.6043333333333334;0.04448333333333333;0.07514;0.08212666666666667;0.12408;0.17285333333333333;0.18704666666666667;0.1928166666666667;0.20620333333333335;0.23370666666666667;0.16199333333333335
2017-09-16T00:00:00.000Z;0.138;1.2768666666666666;0.04805;0.07326;0.07646333333333334;0.11436;0.16057000000000002;0.17528333333333335;0.18304;0.19091666666666668;0.20725666666666667;0.13702333333333333
2017-09-18T00:00:00.000Z;0.16553333333333334;0.9982333333333333;0.05062333333333334;0.07773;0.08431000000000001;0.1218;0.17010333333333333;0.18669333333333332;0.19879000000000002;0.20508000000000004;0.23359333333333335;0.16518333333333332
2017-09-21T00:00:00.000Z;0.171;1.4105333333333334;0.0441;0.06826333333333334;0.07266666666666667;0.11064666666666667;0.15615666666666667;0.1724733333333333;0.1812;0.18798;0.2062866666666667;0.13993333333333333
2017-09-23T00:00:00.000Z;;;;;;;;;;;;
2017-09-26T00:00:00.000Z;0.15453333333333333;1.3999333333333335;0.04022666666666667;0.0684;0.07324333333333333;0.1135;0.15866333333333335;0.17355333333333334;0.1810466666666667;0.19069000000000003;0.20545333333333335;0.1369233333333333
2017-09-28T00:00:00.000Z;0.1872333333333333;2.2063;0.05945;0.08886000000000001;0.09488333333333335;0.14118666666666665;0.19533666666666663;0.2156;0.22041333333333332;0.23716666666666666;0.26669000000000004;0.18608
2017-10-01T00:00:00.000Z;;;;;;;;;;;;
2017-10-03T00:00:00.000Z;0.138;2.019966666666667;0.04226666666666667;0.07098;0.07918;0.11879000000000002;0.16530666666666666;0.17786666666666667;0.1817766666666667;0.19590333333333335;0.2227766666666667;0.15264000000000003
2017-10-06T00:00:00.000Z;0.105;0.9337000000000001;0.03747333333333334;0.06475333333333333;0.07010333333333334;0.1068266666666667;0.1500166666666667;0.16385333333333335;0.17522000000000001;0.18186333333333332;0.19644666666666669;0.12906333333333336
2017-10-08T00:00:00.000Z;0.14376666666666668;1.3749333333333333;0.049980000000000004;0.07503;0.08106666666666666;0.11710999999999999;0.16370333333333334;0.17911333333333335;0.18840333333333334;0.19632333333333332;0.21974666666666667;0.15145
2017-10-11T00:00:00.000Z;0.14376666666666668;1.2533666666666665;0.042260000000000006;0.06545000000000001;0.06924333333333334;0.10413666666666666;0.1482766666666667;0.16155;0.1741266666666667;0.17919333333333334;0.1944766666666667;0.1305266666666667
2017-10-13T00:00:00.000Z;0.182;1.6385666666666667;0.04069333333333333;0.07048333333333334;0.078;0.11644000000000002;0.1611266666666667;0.17418666666666666;0.17930333333333334;0.19347333333333333;0.21411666666666665;0.14623666666666665
2017-10-16T00:00:00.000Z;0.127;1.0032333333333332;0.03537;0.06160666666666668;0.06633333333333334;0.10141000000000001;0.14489333333333335;0.15707333333333331;0.17045333333333335;0.17484666666666668;0.18879666666666667;0.12221666666666668
2017-10-18T00:00:00.000Z;;;;;;;;;;;;
2017-10-21T00:00:00.000Z;0.094;1.7021;0.03744;0.06029333333333333;0.06373;0.09960000000000001;0.14291333333333336;0.15704333333333334;0.16608666666666666;0.17345666666666668;0.18948333333333334;0.12640666666666667
2017-10-23T00:00:00.000Z;0.11091304347826088;1.0175217391304348;0.031400000000000004;0.044673913043478265;0.04423043478260869;0.06292608695652174;0.08819565217391304;0.09587391304347827;0.10063478260869564;0.10390869565217394;0.10620434782608695;0.07283913043478261
2017-10-26T00:00:00.000Z;0.089;0.6570333333333334;0.03396333333333333;0.0599;0.06414;0.10042666666666668;0.14360333333333333;0.1566266666666667;0.17153333333333334;0.17349333333333336;0.1829;0.11973333333333333
2017-10-28T00:00:00.000Z;0.089;1.3308333333333333;0.046303333333333335;0.06807333333333333;0.07408666666666668;0.10979000000000001;0.15345333333333333;0.1675;0.17493;0.18403333333333333;0.20479666666666668;0.1432
2017-10-31T00:00:00.000Z;;;;;;;;;;;;
2017-11-02T00:00:00.000Z;;;;;;;;;;;;
2017-11-05T00:00:00.000Z;0.089;1.091766666666667;0.032183333333333335;0.05849;0.061610000000000005;0.09879666666666669;0.14032333333333333;0.15525666666666668;0.16476666666666667;0.17036333333333334;0.17906;0.11637000000000002
2017-11-07T00:00:00.000Z;0.083;0.5514666666666667;0.040376666666666665;0.06383;0.06833333333333334;0.10129666666666669;0.14634666666666668;0.15912;0.17486;0.1772766666666667;0.19125333333333333;0.1314266666666667
2017-11-10T00:00:00.000Z;0.078;0.6085666666666667;0.033683333333333336;0.05597333333333334;0.05870666666666668;0.09263666666666669;0.13674333333333336;0.1492266666666667;0.16532000000000002;0.1631733333333333;0.17073;0.11469666666666667
2017-11-12T00:00:00.000Z;0.083;0.4972;0.035276666666666665;0.06207666666666667;0.06826;0.10282333333333332;0.14754;0.1595266666666667;0.1749266666666667;0.17674;0.18999666666666667;0.12748
2017-11-15T00:00:00.000Z;0.078;0.38189999999999996;0.029976666666666665;0.056156666666666674;0.059410000000000004;0.09289333333333333;0.13731666666666667;0.1489266666666667;0.16726;0.16545;0.16677;0.10847000000000001
2017-11-17T00:00:00.000Z;0.1;0.7629;0.03876;0.06241000000000001;0.06602666666666666;0.10036666666666667;0.14646333333333336;0.15858666666666665;0.17313;0.17636333333333334;0.18638000000000002;0.12687
2017-11-20T00:00:00.000Z;0.078;0.6006333333333334;0.03329666666666667;0.05595;0.05833333333333334;0.09102333333333333;0.13726;0.1492766666666667;0.16578;0.16427333333333333;0.16915666666666668;0.11037000000000001
2017-11-22T00:00:00.000Z;0.1;0.4754;0.03964333333333333;0.06626333333333334;0.07329333333333334;0.10702;0.15114000000000002;0.16343;0.17883666666666667;0.1810766666666667;0.1863466666666667;0.12713
2017-11-25T00:00:00.000Z;;;;;;;;;;;;
2017-11-27T00:00:00.000Z;;;;;;;;;;;;
2017-11-30T00:00:00.000Z;0.083;0.5865;0.03192142857142857;0.05085;0.05162857142857143;0.0874607142857143;0.1367142857142857;0.14768928571428572;0.1625857142857143;0.1647321428571429;0.1500142857142857;0.09618928571428573
2017-12-02T00:00:00.000Z;0.078;0.4704333333333333;0.03164666666666666;0.057166666666666664;0.06239333333333333;0.09791333333333332;0.14336;0.15503333333333333;0.17115666666666668;0.1726166666666667;0.17044333333333334;0.11446333333333335
2017-12-05T00:00:00.000Z;0.078;0.3386;0.02945333333333334;0.052713333333333334;0.05493;0.09060666666666668;0.13660333333333333;0.14850333333333335;0.16583333333333333;0.16557000000000002;0.1538233333333333;0.09948
2017-12-07T00:00:00.000Z;0.094;0.4197666666666667;0.05997666666666667;0.08179666666666667;0.08767666666666667;0.12254666666666668;0.16884000000000002;0.18185;0.20185;0.20037333333333332;0.20754333333333336;0.16135000000000002
2017-12-10T00:00:00.000Z;;;;;;;;;;;;
2017-12-12T00:00:00.000Z;0.083;0.41393333333333326;0.030413333333333334;0.05694666666666667;0.06097000000000001;0.09837333333333333;0.14483000000000001;0.15769333333333335;0.17373333333333332;0.17439333333333334;0.16861333333333337;0.11175666666666667
2017-12-15T00:00:00.000Z;0.089;1.2286666666666668;0.02781666666666667;0.052976666666666665;0.05557000000000001;0.09367333333333333;0.14238333333333333;0.15429666666666667;0.1641466666666667;0.17131;0.16133;0.10385333333333334
2017-12-17T00:00:00.000Z;0.078;0.45310000000000006;0.036333333333333336;0.05808;0.06147333333333334;0.09607333333333333;0.14525000000000002;0.15770666666666666;0.17545;0.17457666666666669;0.16864666666666667;0.11443333333333333
2017-12-20T00:00:00.000Z;0.083;0.8749333333333333;0.03246333333333334;0.05344333333333333;0.05582000000000001;0.09023666666666669;0.14100000000000001;0.15311666666666668;0.1690266666666667;0.17148;0.15986666666666668;0.10497333333333332
2017-12-22T00:00:00.000Z;0.078;0.9408666666666669;0.03258666666666667;0.05877000000000001;0.061646666666666676;0.09961666666666667;0.14558666666666667;0.15653666666666666;0.16739666666666667;0.17364000000000002;0.17301666666666668;0.11496333333333335
2017-12-25T00:00:00.000Z;0.089;0.8998333333333334;0.029693333333333335;0.05342666666666667;0.05514;0.09025333333333332;0.13662333333333332;0.14835333333333334;0.16149333333333335;0.16382333333333332;0.15496333333333334;0.0983066666666667
2017-12-27T00:00:00.000Z;0.0669;0.6854666666666667;0.0459;0.06842333333333334;0.07051666666666667;0.10651333333333335;0.15840666666666667;0.17223333333333332;0.18821666666666667;0.19044000000000003;0.18666666666666668;0.12673333333333334
2017-12-30T00:00:00.000Z;0.0669;1.1865;0.034300000000000004;0.05266333333333333;0.05479;0.08885;0.13645000000000002;0.14924;0.16097333333333333;0.16604333333333335;0.16197333333333333;0.10485666666666667
2018-01-01T00:00:00.000Z;0.07200000000000001;0.4709666666666666;0.033010000000000005;0.05863;0.06305333333333334;0.09694333333333333;0.14526666666666668;0.15638333333333335;0.17308333333333334;0.17413333333333333;0.17396666666666669;0.11540666666666667
2018-01-04T00:00:00.000Z;0.07200000000000001;1.0892666666666668;0.028196666666666665;0.051383333333333336;0.05347000000000001;0.08883333333333335;0.13634333333333334;0.14687666666666668;0.15896666666666667;0.16421666666666668;0.15782000000000002;0.10053
2018-01-06T00:00:00.000Z;;;;;;;;;;;;
2018-01-09T00:00:00.000Z;;;;;;;;;;;;
2018-01-11T00:00:00.000Z;0.089;0.707;0.0516;0.08472857142857143;0.08874285714285715;0.13301428571428572;0.18822857142857147;0.20131428571428572;0.22962857142857143;0.21907142857142858;0.2119;0.1431571428571429
2018-01-14T00:00:00.000Z;;;;;;;;;;;;
2018-01-16T00:00:00.000Z;0.083;1.0504333333333333;0.03526000000000001;0.056563333333333334;0.06000666666666667;0.09383333333333334;0.14520333333333335;0.15734;0.16850666666666667;0.17369;0.17078666666666667;0.11506
2018-01-19T00:00:00.000Z;;;;;;;;;;;;
2018-01-21T00:00:00.000Z;0.078;1.1229;0.03287333333333333;0.05747666666666667;0.0616;0.09798;0.14647333333333332;0.15975666666666666;0.16734333333333334;0.1739166666666667;0.17789333333333335;0.11923666666666666
2018-01-24T00:00:00.000Z;0.083;0.6511666666666667;0.030683333333333333;0.053200000000000004;0.055029999999999996;0.08785;0.13654333333333335;0.14850000000000002;0.16309333333333334;0.16369000000000003;0.15682333333333331;0.10111666666666667
2018-01-26T00:00:00.000Z;0.055666666666666656;0.6984333333333332;0.043923333333333335;0.0639;0.06721666666666666;0.10042333333333332;0.15239666666666668;0.16487000000000002;0.18106;0.18124;0.18399333333333331;0.12746666666666667
2018-01-29T00:00:00.000Z;0.11093333333333334;0.9756;0.04711666666666667;0.06601666666666667;0.06659;0.09985333333333332;0.15044666666666667;0.16437000000000002;0.1774;0.1805266666666667;0.16364;0.10415666666666666
2018-01-31T00:00:00.000Z;0.12190000000000001;0.6270666666666668;0.03952;0.06467333333333333;0.06933;0.10509333333333334;0.15674333333333335;0.16959000000000002;0.18464666666666668;0.18902333333333332;0.18705000000000002;0.12338666666666666
2018-02-05T00:00:00.000Z;;;;;;;;;;;;
2018-02-08T00:00:00.000Z;0.094;0.43483333333333335;0.03276666666666667;0.05266333333333333;0.05444333333333333;0.08738;0.139;0.15191;0.16880666666666666;0.16654000000000002;0.16365000000000002;0.1081
2018-02-10T00:00:00.000Z;;;;;;;;;;;;
2018-02-13T00:00:00.000Z;0.1;0.5799666666666667;0.028410000000000005;0.05172666666666667;0.05515666666666667;0.08992333333333334;0.13898;0.15223666666666666;0.16646;0.16824000000000003;0.1630766666666667;0.10758666666666666
2018-02-15T00:00:00.000Z;0.094;1.2345333333333333;0.040510000000000004;0.06297333333333334;0.06614;0.09979333333333332;0.15121;0.16700666666666666;0.17633666666666667;0.18123;0.19191;0.13311
2018-02-18T00:00:00.000Z;;;;;;;;;;;;
2018-02-20T00:00:00.000Z;0.1;1.1727333333333332;0.03619333333333333;0.06174666666666667;0.06558666666666667;0.10267333333333331;0.1558766666666667;0.16841;0.17725000000000002;0.18627000000000002;0.19282333333333332;0.13152666666666668
2018-02-23T00:00:00.000Z;0.083;0.1456;0.030413333333333334;0.053520000000000005;0.057203333333333335;0.08847000000000001;0.13915;0.15194000000000002;0.17208666666666667;0.16799000000000003;0.16548000000000002;0.11011
2018-02-25T00:00:00.000Z;0.138;0.3456;0.04563333333333333;0.06618;0.07022;0.10296333333333335;0.15694666666666668;0.17038333333333333;0.18953;0.18807333333333331;0.19664;0.1364766666666667
2018-02-28T00:00:00.000Z;0.116;1.6345666666666667;0.03944333333333333;0.05571;0.05453666666666667;0.08795333333333333;0.13934333333333335;0.15522000000000002;0.16551333333333335;0.17105666666666666;0.15173333333333333;0.09161666666666667
2018-03-02T00:00:00.000Z;;;;;;;;;;;;
2018-03-05T00:00:00.000Z;;;;;;;;;;;;
2018-03-07T00:00:00.000Z;0.1;0.6301428571428571;0.07284285714285715;0.1052571428571429;0.12264285714285712;0.1527;0.20412857142857146;0.2220714285714286;0.2416;0.23998571428571427;0.3048428571428572;0.22901428571428575
2018-03-10T00:00:00.000Z;0.1;1.3101666666666667;0.06331;0.07444666666666667;0.06971333333333334;0.10513;0.16419666666666669;0.18123333333333333;0.20067333333333331;0.1967266666666667;0.20931333333333332;0.14184666666666668
2018-03-12T00:00:00.000Z;;;;;;;;;;;;
2018-03-15T00:00:00.000Z;;;;;;;;;;;;
2018-03-17T00:00:00.000Z;;;;;;;;;;;;
2018-03-20T00:00:00.000Z;0.1;0.4664;0.04406;0.062079999999999996;0.06287000000000001;0.0952;0.15294000000000002;0.16990666666666668;0.18674666666666667;0.18570666666666666;0.18649000000000002;0.1255
2018-03-22T00:00:00.000Z;0.12190000000000001;0.27343333333333336;0.041760000000000005;0.06838666666666667;0.07285;0.10586;0.16190333333333334;0.17644;0.19316666666666668;0.19398666666666664;0.20903333333333332;0.14680666666666667
2018-03-25T00:00:00.000Z;;;;;;;;;;;;
2018-03-27T00:00:00.000Z;0.11093333333333334;1.1268333333333334;0.046983333333333335;0.07031000000000001;0.07382000000000001;0.1087266666666667;0.16515666666666667;0.1815766666666667;0.19220666666666664;0.19795666666666664;0.2191266666666667;0.15727000000000002
2018-03-30T00:00:00.000Z;0.07200000000000001;0.898;0.05639666666666667;0.07664666666666667;0.07705000000000001;0.1141266666666667;0.1782733333333333;0.19646666666666668;0.21079333333333336;0.21469000000000002;0.22123000000000004;0.15134666666666668
2018-04-01T00:00:00.000Z;;;;;;;;;;;;
2018-04-04T00:00:00.000Z;0.16;0.6269;0.04219666666666666;0.06726333333333334;0.07166666666666667;0.10721666666666668;0.16453333333333334;0.18152000000000001;0.1961733333333333;0.19910333333333333;0.2086766666666667;0.14221
2018-04-06T00:00:00.000Z;;;;;;;;;;;;
2018-04-09T00:00:00.000Z;;;;;;;;;;;;
2018-04-11T00:00:00.000Z;;;;;;;;;;;;
2018-04-14T00:00:00.000Z;0.094;0.6073333333333334;0.044226666666666664;0.06792000000000001;0.07172;0.10668666666666667;0.16148333333333334;0.17626;0.19018666666666664;0.19300666666666666;0.20206;0.1368766666666667
2018-04-16T00:00:00.000Z;0.13276666666666667;0.8537;0.06330000000000001;0.08887;0.09216;0.13190666666666667;0.19772333333333333;0.21706999999999999;0.23284333333333335;0.23772;0.2600366666666667;0.18592666666666668
2018-04-19T00:00:00.000Z;0.1981;1.1930333333333334;0.05645;0.0816;0.08608666666666667;0.12194333333333335;0.1821;0.20041;0.21122;0.21769666666666668;0.22974666666666668;0.16086666666666669
2018-04-21T00:00:00.000Z;;;;;;;;;;;;
2018-04-24T00:00:00.000Z;0.28;1.2482666666666669;0.03904;0.06894;0.07585333333333333;0.11300333333333333;0.16933;0.18603333333333333;0.19519333333333333;0.2039266666666667;0.2174833333333333;0.14845
2018-04-26T00:00:00.000Z;0.399;1.824;0.1165;0.1603;0.19360000000000002;0.22610000000000002;0.2817;0.315;0.314;0.3405;0.3931;0.2889
2018-04-29T00:00:00.000Z;0.105;0.7191666666666666;0.04929666666666666;0.07183;0.07779333333333333;0.11498;0.17755333333333334;0.19696666666666668;0.19249333333333332;0.2179366666666667;0.22133000000000003;0.15609333333333333
2018-05-01T00:00:00.000Z;;;;;;;;;;;;
2018-05-04T00:00:00.000Z;0.083;0.9204;0.05182666666666667;0.07667666666666667;0.08197333333333334;0.11782666666666669;0.17309333333333335;0.18852000000000002;0.20120000000000002;0.20776;0.2247866666666667;0.15341666666666667
2018-05-06T00:00:00.000Z;0.13294117647058823;1.3544705882352939;0.09668823529411764;0.1204470588235294;0.12753529411764705;0.17097058823529412;0.2359235294117647;0.26107647058823535;0.25685882352941175;0.28449411764705884;0.29701176470588236;0.23911764705882352
2018-05-09T00:00:00.000Z;0.22576666666666667;1.8064000000000002;0.060500000000000005;0.08290333333333333;0.08644;0.12610000000000002;0.18696333333333334;0.20609333333333335;0.21214666666666668;0.2240266666666667;0.24745;0.16901
2018-05-11T00:00:00.000Z;0.2692333333333333;1.3196333333333334;0.05593666666666667;0.08697;0.09442666666666669;0.13555;0.19108;0.20812;0.21521666666666667;0.22799666666666668;0.25053333333333333;0.1752266666666667
2018-05-14T00:00:00.000Z;;;;;;;;;;;;
2018-05-16T00:00:00.000Z;0.13276666666666667;1.2514;0.06161666666666667;0.08897333333333333;0.09568666666666668;0.13472;0.18843666666666664;0.20636;0.21691333333333332;0.2253;0.2637566666666667;0.19418333333333335
2018-05-19T00:00:00.000Z;;;;;;;;;;;;
2018-05-21T00:00:00.000Z;0.105;1.227;0.06944666666666667;0.0994566666666667;0.1074266666666667;0.14906;0.20537;0.22271;0.23205333333333333;0.24476333333333333;0.28456;0.2026966666666667
2018-05-24T00:00:00.000Z;;;;;;;;;;;;
2018-05-26T00:00:00.000Z;0.22;1.8145384615384612;0.2743923076923077;0.2788846153846154;0.28321538461538465;0.3184769230769231;0.3482;0.3626384615384615;0.37512307692307695;0.3791307692307693;0.42823846153846157;0.32842307692307693
2018-05-29T00:00:00.000Z;0.37810000000000005;1.6981666666666668;0.0506;0.07805000000000001;0.08353666666666668;0.12996333333333335;0.19173666666666664;0.21504;0.2224866666666667;0.23246333333333333;0.26361;0.17998333333333333
2018-05-31T00:00:00.000Z;;;;;;;;;;;;
2018-06-03T00:00:00.000Z;;;;;;;;;;;;
2018-06-05T00:00:00.000Z;;;;;;;;;;;;
2018-06-08T00:00:00.000Z;0.171;1.8508333333333333;0.07369;0.09917333333333332;0.1024;0.14873666666666666;0.21652333333333332;0.23933000000000004;0.2495466666666667;0.26172;0.28615333333333337;0.20185
2018-06-10T00:00:00.000Z;0.281;1.3804666666666667;0.04949;0.08775666666666668;0.09634333333333332;0.14396333333333336;0.20743000000000003;0.22738000000000003;0.23586000000000001;0.24858333333333332;0.28865;0.20427
2018-06-13T00:00:00.000Z;0.061;1.1090333333333333;0.05416000000000001;0.08168666666666667;0.08713333333333334;0.12603;0.18066666666666667;0.19559;0.20553333333333332;0.21415666666666666;0.2343833333333333;0.1621766666666667
2018-06-15T00:00:00.000Z;0.055666666666666656;1.6622333333333332;0.06889333333333333;0.09701666666666667;0.10351333333333335;0.14351333333333335;0.20330333333333334;0.22232;0.22852;0.24111333333333335;0.27960333333333337;0.20525666666666667
2018-06-18T00:00:00.000Z;0.13276666666666667;1.5137;0.06148;0.08631000000000001;0.09279333333333332;0.13128333333333334;0.18617666666666668;0.20520000000000002;0.21316666666666667;0.2217;0.24513000000000004;0.17525000000000002
2018-06-20T00:00:00.000Z;0.083;1.442766666666667;0.06316000000000001;0.09501333333333332;0.10311333333333335;0.14661;0.20392333333333332;0.22197333333333333;0.22926666666666667;0.24231333333333333;0.2778833333333333;0.19752333333333333
2018-06-23T00:00:00.000Z;0.11093333333333334;1.318733333333333;0.05747000000000001;0.085;0.09166666666666667;0.13118666666666667;0.18531;0.20275;0.20998666666666668;0.22124333333333335;0.23907;0.16495
2018-06-25T00:00:00.000Z;0.302;1.7197;0.06959666666666667;0.10105666666666668;0.11055333333333334;0.15194000000000002;0.21033333333333332;0.23067;0.23809666666666668;0.25018;0.2823733333333333;0.20515
2018-06-28T00:00:00.000Z;;;;;;;;;;;;
2018-06-30T00:00:00.000Z;0.2692333333333333;2.0474666666666668;0.06171000000000001;0.09606;0.10675000000000001;0.15111;0.20841;0.22625666666666666;0.23025333333333334;0.24758666666666668;0.28162;0.19767
2018-07-03T00:00:00.000Z;0.193;1.129733333333333;0.052306666666666675;0.08377666666666667;0.09389666666666668;0.13315666666666667;0.18586666666666668;0.20370000000000002;0.21335333333333334;0.22334;0.24164000000000002;0.16739
2018-07-05T00:00:00.000Z;0.055666666666666656;1.4378333333333333;0.06907333333333333;0.09662333333333332;0.10464666666666668;0.14511666666666667;0.2010766666666667;0.22097;0.2286466666666667;0.23829666666666668;0.27792;0.20413333333333333
2018-07-08T00:00:00.000Z;0.24753333333333333;1.2020333333333333;0.04562666666666667;0.07640333333333334;0.08393333333333335;0.12421666666666668;0.18166;0.19990333333333335;0.21014000000000002;0.2178233333333333;0.2439266666666667;0.17187333333333332
2018-07-10T00:00:00.000Z;0.089;1.1008333333333333;0.06420000000000001;0.09657666666666669;0.10604333333333335;0.14851666666666669;0.20319;0.21889333333333336;0.22839;0.24020666666666668;0.2764366666666667;0.19643333333333335
2018-07-13T00:00:00.000Z;0.4053;2.1073000000000004;0.055953333333333334;0.09388;0.10782333333333331;0.14945333333333333;0.19858666666666663;0.21752;0.2187266666666667;0.23759333333333335;0.2548666666666667;0.17406
2018-07-15T00:00:00.000Z;0.2801;2.017733333333333;0.07188666666666667;0.10599666666666667;0.11934666666666667;0.16234666666666667;0.21373000000000003;0.23571;0.23850000000000002;0.25390333333333337;0.2882633333333333;0.20984666666666668
2018-07-18T00:00:00.000Z;0.2692333333333333;1.5513;0.05498333333333334;0.08566;0.09642;0.13636333333333336;0.18648666666666663;0.20455333333333334;0.2131333333333333;0.22274666666666668;0.24936666666666665;0.17664000000000002
2018-07-20T00:00:00.000Z;0.37810000000000005;1.3392666666666668;0.051006666666666665;0.09433333333333334;0.11237000000000001;0.15782333333333332;0.2106766666666667;0.22860666666666668;0.2361766666666667;0.25120000000000003;0.28514666666666666;0.20054666666666668
2018-07-23T00:00:00.000Z;0.105;1.5366333333333335;0.053823333333333334;0.08217333333333333;0.09118;0.13293666666666668;0.17836666666666667;0.19431;0.20210666666666666;0.2154866666666667;0.23915666666666668;0.15975
2018-07-25T00:00:00.000Z;0.149;1.1274000000000002;0.06601666666666667;0.09656;0.10806666666666669;0.15139666666666668;0.1988266666666667;0.2186833333333333;0.23057;0.24009666666666668;0.2815033333333333;0.20259333333333332
2018-07-28T00:00:00.000Z;0.094;0.8873333333333334;0.05675;0.08305666666666668;0.09250333333333333;0.13057000000000002;0.17640666666666666;0.1941266666666667;0.20867333333333332;0.2136366666666667;0.24228666666666668;0.16844333333333333
2018-07-30T00:00:00.000Z;0.083;1.1277000000000001;0.06460333333333333;0.09742666666666668;0.11021;0.15319000000000002;0.19773333333333334;0.21388000000000004;0.22399000000000002;0.23536333333333334;0.2750633333333333;0.19316666666666668
2018-08-02T00:00:00.000Z;0.11093333333333334;1.6289333333333333;0.05839;0.08675666666666668;0.09540333333333333;0.13681333333333334;0.17953;0.19484666666666667;0.20070666666666664;0.21467;0.23989333333333335;0.16189333333333333
2018-08-04T00:00:00.000Z;0.1872333333333333;1.7418666666666667;0.06626333333333334;0.09690333333333333;0.10786333333333335;0.15245999999999998;0.19716;0.21746666666666667;0.22390000000000002;0.23858333333333331;0.2782833333333333;0.19828
2018-08-07T00:00:00.000Z;0.3291;2.1761999999999997;0.059076666666666666;0.09029333333333332;0.10264000000000001;0.14526666666666668;0.1883466666666667;0.20618666666666668;0.2117266666666667;0.22677333333333333;0.2523;0.17417000000000002
2018-08-09T00:00:00.000Z;0.0669;1.7075666666666667;0.0664;0.09743;0.10772666666666669;0.15199000000000001;0.19531333333333334;0.21043000000000003;0.21627;0.2321333333333333;0.26527;0.18388666666666664
2018-08-12T00:00:00.000Z;0.11093333333333334;2.1007333333333333;0.055256666666666676;0.08448666666666667;0.09262000000000001;0.13475666666666666;0.17611333333333334;0.19177000000000002;0.19603333333333334;0.21219666666666667;0.23449333333333336;0.15675666666666666
2018-08-14T00:00:00.000Z;0.171;1.9931333333333332;0.06185666666666668;0.09259;0.10321666666666668;0.14737666666666668;0.19320666666666664;0.2112966666666667;0.21670333333333333;0.23181333333333334;0.27266;0.19306333333333334
2018-08-17T00:00:00.000Z;;;;;;;;;;;;
2018-08-19T00:00:00.000Z;;;;;;;;;;;;
2018-08-22T00:00:00.000Z;0.1872333333333333;1.9436666666666669;0.05168666666666667;0.08127666666666666;0.08907000000000001;0.1328166666666667;0.17248666666666668;0.18824000000000002;0.19297333333333333;0.2078266666666667;0.2292766666666667;0.15200333333333335
2018-08-24T00:00:00.000Z;0.22;1.6694333333333333;0.05792333333333334;0.08829000000000001;0.09740333333333333;0.14258333333333334;0.18810333333333334;0.2057766666666667;0.2122766666666667;0.22588666666666668;0.2639366666666667;0.18569000000000002
2018-08-27T00:00:00.000Z;0.1981;1.9644000000000001;0.05037666666666667;0.07649333333333333;0.08390333333333333;0.12717;0.17083;0.18803666666666663;0.19418666666666665;0.20693000000000003;0.2296266666666667;0.15506666666666669
2018-08-29T00:00:00.000Z;0.193;1.9956;0.055650000000000005;0.08790666666666667;0.09858;0.14398333333333332;0.18744333333333332;0.20341;0.20711333333333334;0.22378000000000003;0.25849333333333335;0.17776666666666668
2018-09-01T00:00:00.000Z;0.193;2.3131;0.05033000000000001;0.07965333333333334;0.08722;0.13119333333333336;0.17282666666666668;0.18675666666666665;0.19060000000000002;0.20694666666666667;0.22713000000000003;0.14864666666666668
2018-09-03T00:00:00.000Z;0.47000000000000003;2.070428571428572;0.035214285714285726;0.07000714285714287;0.08789285714285715;0.1280071428571429;0.16857857142857144;0.19115000000000001;0.19202857142857147;0.21298571428571428;0.24575714285714287;0.1790071428571429
2018-09-06T00:00:00.000Z;;;;;;;;;;;;
2018-09-08T00:00:00.000Z;;;;;;;;;;;;
2018-09-11T00:00:00.000Z;;;;;;;;;;;;
2018-09-13T00:00:00.000Z;0.193;2.047433333333333;0.05208666666666667;0.07966000000000001;0.08271666666666666;0.12498333333333334;0.17494333333333334;0.19179666666666667;0.19544666666666669;0.2093;0.23645000000000002;0.16786333333333336
2018-09-16T00:00:00.000Z;0.16;2.1325714285714286;0.048452380952380955;0.07347142857142858;0.07620952380952381;0.1152904761904762;0.16465238095238097;0.1796857142857143;0.18435238095238096;0.19637619047619048;0.2125904761904762;0.1482809523809524
2018-09-18T00:00:00.000Z;;;;;;;;;;;;
2018-09-21T00:00:00.000Z;0.14376666666666668;1.9716666666666667;0.04048666666666667;0.06596666666666666;0.06850333333333333;0.10646666666666668;0.1538766666666667;0.16796666666666668;0.17352;0.1866233333333333;0.20095000000000002;0.13459000000000002
2018-09-23T00:00:00.000Z;0.16;2.1593000000000004;0.04941333333333334;0.07354000000000001;0.07700666666666668;0.11382333333333332;0.16496333333333335;0.18256666666666668;0.18488333333333334;0.19827666666666668;0.22781;0.16090000000000002
2018-09-26T00:00:00.000Z;;;;;;;;;;;;
2018-09-28T00:00:00.000Z;0.055666666666666656;0.9217333333333333;0.04849;0.07489666666666667;0.07924;0.11534000000000001;0.16497;0.17949;0.18943000000000002;0.19704666666666668;0.22130000000000002;0.15358333333333332
2018-10-01T00:00:00.000Z;0.16590000000000002;1.4805333333333333;0.04174;0.06564333333333333;0.06922;0.10521333333333335;0.15303333333333333;0.16675333333333334;0.17448;0.18339333333333332;0.19705;0.1300266666666667
2018-10-03T00:00:00.000Z;0.11093333333333334;1.3771666666666669;0.04815666666666667;0.07219333333333333;0.07598333333333335;0.11190666666666667;0.1612766666666667;0.17719666666666667;0.18562333333333333;0.1947;0.22176333333333334;0.15619333333333335
2018-10-06T00:00:00.000Z;0.13276666666666667;1.3970333333333333;0.04373666666666667;0.06489333333333333;0.06733333333333334;0.10158;0.14899;0.1640766666666667;0.17268;0.18142000000000003;0.19604333333333332;0.13396333333333335
2018-10-08T00:00:00.000Z;0.127;1.2646333333333335;0.0429;0.06886666666666666;0.07267000000000001;0.10895;0.15700666666666666;0.17131333333333335;0.17842000000000002;0.19058;0.21259666666666668;0.1449666666666667
2018-10-11T00:00:00.000Z;;;;;;;;;;;;
2018-10-13T00:00:00.000Z;0.116;1.7321333333333335;0.04363666666666667;0.06761666666666667;0.07015333333333333;0.10728;0.15402333333333332;0.17118666666666665;0.17568666666666666;0.18639666666666668;0.20848333333333333;0.14589333333333335
2018-10-16T00:00:00.000Z;0.11093333333333334;1.6798;0.03875;0.060770000000000005;0.061513333333333337;0.09954;0.14887333333333333;0.16406;0.17146666666666668;0.17995;0.19246;0.13045
2018-10-18T00:00:00.000Z;;;;;;;;;;;;
2018-10-21T00:00:00.000Z;;;;;;;;;;;;
2018-10-23T00:00:00.000Z;;;;;;;;;;;;
2018-10-26T00:00:00.000Z;0.14376666666666668;0.8630666666666668;0.019180000000000003;0.03547333333333333;0.03732333333333333;0.05684666666666667;0.08833333333333335;0.09631333333333332;0.10372333333333332;0.10667000000000001;0.09956000000000001;0.07091666666666667
2018-10-28T00:00:00.000Z;;;;;;;;;;;;
2018-10-31T00:00:00.000Z;;;;;;;;;;;;
2018-11-02T00:00:00.000Z;;;;;;;;;;;;
2018-11-05T00:00:00.000Z;;;;;;;;;;;;
2018-11-07T00:00:00.000Z;0.089;1.4218;0.03484333333333334;0.0613;0.06267;0.10023333333333334;0.1512266666666667;0.16326666666666667;0.16973666666666667;0.17985;0.18696666666666667;0.12669666666666668
2018-11-10T00:00:00.000Z;;;;;;;;;;;;
2018-11-12T00:00:00.000Z;;;;;;;;;;;;
2018-11-15T00:00:00.000Z;;;;;;;;;;;;
2018-11-17T00:00:00.000Z;;;;;;;;;;;;
2018-11-20T00:00:00.000Z;;;;;;;;;;;;
2018-11-22T00:00:00.000Z;;;;;;;;;;;;
2018-11-25T00:00:00.000Z;0.078;1.2443666666666666;0.029946666666666667;0.04858333333333333;0.04559666666666666;0.07855666666666668;0.13402;0.14813333333333334;0.15718000000000001;0.1618666666666667;0.15121;0.09667
2018-11-27T00:00:00.000Z;0.089;0.5502;0.03607;0.05823333333333334;0.059446666666666675;0.09213;0.14514333333333335;0.1596733333333333;0.17192000000000002;0.17365;0.16884666666666667;0.11494666666666667
2018-11-30T00:00:00.000Z;0.07200000000000001;0.7464;0.028983333333333333;0.04999333333333333;0.04851666666666667;0.08126666666666667;0.1396766666666667;0.15314000000000003;0.16645333333333334;0.1689;0.15378666666666665;0.09802666666666668
2018-12-02T00:00:00.000Z;;;;;;;;;;;;
2018-12-05T00:00:00.000Z;0.061;0.9144;0.02886666666666667;0.046560000000000004;0.045860000000000005;0.07550333333333334;0.13256333333333334;0.14869666666666667;0.15981333333333336;0.16141333333333335;0.15117333333333333;0.09681666666666666
2018-12-07T00:00:00.000Z;0.07200000000000001;0.36773333333333336;0.028593333333333335;0.05061;0.052173333333333335;0.08248333333333334;0.14031;0.15365333333333334;0.16971333333333335;0.16963;0.162;0.10629333333333335
2018-12-10T00:00:00.000Z;;;;;;;;;;;;
2018-12-12T00:00:00.000Z;0.078;0.8699333333333333;0.03607666666666667;0.05432666666666667;0.05357333333333334;0.08335000000000001;0.14060999999999998;0.15732000000000002;0.16818;0.16963;0.16397;0.10939000000000002
2018-12-15T00:00:00.000Z;0.055666666666666656;1.4157666666666668;0.03766333333333333;0.05229666666666667;0.05089666666666666;0.07724;0.12820333333333334;0.14081;0.14967333333333332;0.15248666666666666;0.13851;0.09041333333333333
2018-12-17T00:00:00.000Z;0.07200000000000001;0.44756666666666667;0.028053333333333336;0.04906666666666667;0.05083;0.08334;0.14043666666666665;0.15560000000000002;0.1694733333333333;0.17053666666666667;0.16079333333333334;0.1049266666666667
2018-12-20T00:00:00.000Z;0.07200000000000001;1.1194333333333335;0.026250000000000002;0.045276666666666666;0.04555;0.07779666666666667;0.1351766666666667;0.1504666666666667;0.15954666666666667;0.16564333333333334;0.14731333333333335;0.09201000000000001
2018-12-25T00:00:00.000Z;0.055666666666666656;0.5290666666666667;0.033600000000000005;0.04913;0.04772333333333334;0.07462;0.12834;0.14293333333333333;0.15754666666666667;0.15774333333333335;0.13645000000000002;0.08945
2018-12-27T00:00:00.000Z;0.083;0.6469285714285714;0.03969285714285714;0.0646357142857143;0.07125000000000001;0.10145;0.1575642857142857;0.1741357142857143;0.1868357142857143;0.19084285714285718;0.19147142857142857;0.13437857142857143
2018-12-30T00:00:00.000Z;0.078;0.6129666666666667;0.02383333333333333;0.04367666666666667;0.04370666666666667;0.07565666666666668;0.13141333333333335;0.14773666666666666;0.16163333333333332;0.16557000000000002;0.14357666666666669;0.09035666666666668
2019-01-01T00:00:00.000Z;0.0669;0.34950000000000003;0.03468333333333333;0.05244333333333333;0.05417333333333334;0.08265;0.14130333333333334;0.15755333333333335;0.17679666666666669;0.17464666666666667;0.16572333333333333;0.11153333333333333
2019-01-04T00:00:00.000Z;0.061;0.3282333333333333;0.02927;0.046560000000000004;0.046196666666666664;0.07378;0.13269666666666668;0.14629333333333336;0.1668;0.16363333333333333;0.14584666666666668;0.09411666666666667
2019-01-06T00:00:00.000Z;0.07200000000000001;0.3949;0.03017;0.051223333333333336;0.05389333333333333;0.08502333333333334;0.14109333333333335;0.15584333333333333;0.17220333333333335;0.17276;0.16467;0.10839333333333334
2019-01-09T00:00:00.000Z;0.061;0.6336666666666666;0.023463333333333333;0.044643333333333333;0.04575;0.07621;0.13406333333333334;0.14774;0.16268666666666667;0.16416;0.14814000000000002;0.09428
2019-01-11T00:00:00.000Z;0.07200000000000001;0.26230000000000003;0.034763333333333334;0.053520000000000005;0.05563;0.08443;0.14288333333333333;0.15733333333333333;0.17731666666666668;0.17303000000000002;0.16553;0.11229000000000001
2019-01-16T00:00:00.000Z;0.1;0.8201666666666666;0.0329;0.05249333333333333;0.05629;0.08639000000000001;0.14104666666666668;0.15526;0.16714;0.17289000000000002;0.16409;0.10854000000000001
2019-01-19T00:00:00.000Z;0.078;0.6237333333333334;0.028833333333333332;0.04806333333333333;0.049563333333333334;0.07951000000000001;0.1341166666666667;0.14987;0.16373333333333334;0.16505333333333333;0.15002333333333331;0.09789666666666669
2019-01-21T00:00:00.000Z;0.078;0.6738999999999999;0.034986666666666666;0.05371666666666666;0.05750666666666668;0.08688;0.14411333333333334;0.15975;0.17454666666666668;0.17638666666666666;0.17264000000000002;0.11733333333333333
2019-01-24T00:00:00.000Z;;;;;;;;;;;;
2019-01-26T00:00:00.000Z;0.07200000000000001;0.4696;0.03056666666666667;0.052790000000000004;0.05726666666666667;0.08809666666666667;0.14309333333333335;0.15835333333333335;0.17270000000000002;0.17345000000000002;0.17196333333333336;0.11555
2019-01-29T00:00:00.000Z;0.089;1.0391666666666668;0.03380333333333334;0.05573666666666667;0.05814666666666667;0.09370666666666669;0.1574;0.17408333333333334;0.18600666666666665;0.1930266666666667;0.1751666666666667;0.11395666666666666
2019-01-31T00:00:00.000Z;;;;;;;;;;;;
2019-02-03T00:00:00.000Z;0.07200000000000001;0.4007;0.03012;0.04747;0.05112333333333334;0.07869666666666668;0.13456666666666667;0.1499666666666667;0.16357333333333332;0.16668;0.15511666666666668;0.10329000000000002
2019-02-05T00:00:00.000Z;0.078;0.8055666666666668;0.03203666666666667;0.05509333333333333;0.05922000000000001;0.09062666666666667;0.14571333333333336;0.15955;0.17224333333333336;0.17693;0.17844666666666667;0.12110666666666667
2019-02-08T00:00:00.000Z;0.07200000000000001;0.4990333333333334;0.03020333333333334;0.05030333333333334;0.05333333333333334;0.08184;0.13704333333333335;0.15131666666666668;0.1660666666666667;0.16747;0.15939333333333336;0.10340666666666666
2019-02-10T00:00:00.000Z;0.105;0.6369;0.045180000000000005;0.06256666666666666;0.06555333333333334;0.09237000000000001;0.14258;0.15818000000000002;0.17485333333333333;0.17442333333333332;0.1733;0.1195266666666667
2019-02-13T00:00:00.000Z;0.07200000000000001;0.45163333333333333;0.03681;0.05512333333333334;0.059446666666666675;0.08797;0.14491333333333334;0.16156;0.18086;0.17850666666666667;0.17413;0.11591333333333335
2019-02-15T00:00:00.000Z;;;;;;;;;;;;
2019-02-18T00:00:00.000Z;0.1872333333333333;0.7755666666666667;0.04976333333333333;0.07075666666666668;0.07645666666666667;0.10706;0.15740666666666667;0.17197;0.18593333333333334;0.1893266666666667;0.18215333333333333;0.12466666666666668
2019-02-20T00:00:00.000Z;0.12190000000000001;0.6213666666666667;0.04399;0.06364333333333333;0.06794333333333333;0.09840333333333333;0.15325333333333332;0.16840000000000002;0.18502000000000002;0.1880166666666667;0.19365000000000002;0.13425
2019-02-23T00:00:00.000Z;0.083;0.245;0.03564666666666667;0.054213333333333336;0.05848;0.08389333333333333;0.13833;0.1545266666666667;0.17414000000000002;0.17074666666666669;0.1724966666666667;0.11666
2019-02-25T00:00:00.000Z;0.105;0.4704;0.03766666666666667;0.06063666666666667;0.06671;0.09760333333333332;0.15139000000000002;0.16643;0.1814266666666667;0.1854;0.19308666666666663;0.13128
2019-02-28T00:00:00.000Z;0.083;0.4025;0.03665666666666667;0.05755666666666667;0.06268333333333334;0.08990666666666668;0.1369233333333333;0.15097000000000002;0.16632000000000002;0.16698000000000002;0.16675;0.11227333333333332
2019-03-02T00:00:00.000Z;0.078;0.5097;0.05208666666666667;0.07093333333333333;0.07675;0.1061766666666667;0.16110333333333335;0.17787;0.19284666666666667;0.1953433333333333;0.20433333333333334;0.14599
2019-03-05T00:00:00.000Z;0.127;1.4869333333333334;0.04371333333333333;0.06078;0.06327666666666666;0.0946566666666667;0.14673666666666665;0.16368;0.1727733333333333;0.18135666666666664;0.18542;0.12610000000000002
2019-03-07T00:00:00.000Z;0.05;0.5017333333333334;0.04802666666666667;0.07058;0.07680000000000001;0.10733333333333334;0.15959333333333334;0.1755766666666667;0.19074000000000002;0.19437333333333331;0.20789000000000002;0.14278
2019-03-10T00:00:00.000Z;0.078;0.8771333333333333;0.038623333333333336;0.05914333333333333;0.06419333333333332;0.09430333333333332;0.1442766666666667;0.15961;0.1709;0.17600333333333334;0.1821;0.12092333333333331
2019-03-12T00:00:00.000Z;0.116;0.8189333333333333;0.048626666666666665;0.06874333333333334;0.07548666666666667;0.10663666666666666;0.15972333333333333;0.1773;0.19066;0.19573666666666664;0.21421333333333334;0.15120666666666666
2019-03-15T00:00:00.000Z;0.078;0.5656333333333333;0.03997;0.059896666666666674;0.06613666666666668;0.09398333333333334;0.14631;0.16175;0.17793333333333333;0.17938666666666667;0.19116666666666668;0.13122
2019-03-17T00:00:00.000Z;0.12190000000000001;0.6471;0.04575666666666667;0.07054666666666667;0.07915666666666668;0.11111666666666668;0.16213666666666665;0.17715333333333333;0.19046333333333332;0.19628;0.2194833333333333;0.15148666666666666
2019-03-20T00:00:00.000Z;;;;;;;;;;;;
2019-03-22T00:00:00.000Z;0.116;1.115;0.12218461538461539;0.13810769230769232;0.1557769230769231;0.18198461538461536;0.21181538461538463;0.2237076923076923;0.20235384615384613;0.23206153846153849;0.24973846153846155;0.2083615384615385
2019-03-25T00:00:00.000Z;0.089;0.5652999999999999;0.04641000000000001;0.06711;0.07399;0.10193333333333335;0.15177333333333332;0.16739666666666667;0.1836;0.18519666666666668;0.20159666666666667;0.1384466666666667
2019-03-27T00:00:00.000Z;0.14376666666666668;0.369;0.04645333333333334;0.07248333333333334;0.08363666666666666;0.11592000000000001;0.16661;0.18284666666666669;0.19978666666666664;0.20235;0.22625;0.15620333333333333
2019-03-30T00:00:00.000Z;0.1981;0.9725666666666668;0.03672333333333334;0.06323666666666668;0.07074333333333332;0.10498333333333333;0.15340333333333334;0.16887000000000002;0.1818266666666667;0.18705000000000002;0.20056666666666667;0.13495666666666667
2019-04-01T00:00:00.000Z;;;;;;;;;;;;
2019-04-04T00:00:00.000Z;0.089;0.4749;0.04204;0.06456;0.06969;0.10053666666666668;0.15199000000000001;0.16763;0.18450666666666665;0.18505000000000002;0.20011;0.13771666666666668
2019-04-06T00:00:00.000Z;;;;;;;;;;;;
2019-04-09T00:00:00.000Z;0.105;0.7293666666666667;0.05293;0.07686333333333334;0.08111666666666667;0.12114666666666668;0.18025000000000002;0.19874000000000003;0.21386;0.21967;0.22710666666666668;0.14856333333333335
2019-04-11T00:00:00.000Z;0.116;0.608;0.05100333333333334;0.07438333333333334;0.08211666666666667;0.11506;0.17010666666666666;0.18654;0.20296;0.20676999999999998;0.22738000000000003;0.16135333333333335
2019-04-14T00:00:00.000Z;0.055666666666666656;1.1086333333333334;0.05060666666666667;0.06896000000000001;0.07332333333333334;0.10047333333333333;0.14754333333333336;0.16168333333333335;0.17081333333333334;0.1763766666666667;0.18603;0.13190333333333334
2019-04-16T00:00:00.000Z;0.127;0.5359;0.04902666666666667;0.07781666666666667;0.08619;0.12203666666666667;0.17841;0.19452333333333333;0.20971666666666666;0.21385;0.2396866666666667;0.16826666666666668
2019-04-19T00:00:00.000Z;;;;;;;;;;;;
2019-04-21T00:00:00.000Z;;;;;;;;;;;;
2019-04-24T00:00:00.000Z;0.116;1.0458333333333332;0.043680000000000004;0.06496;0.06953666666666668;0.10175333333333332;0.15567;0.17201666666666668;0.18311333333333332;0.18783333333333332;0.20293333333333333;0.14034333333333335
2019-04-26T00:00:00.000Z;0.12190000000000001;0.6554333333333333;0.04990666666666667;0.07744;0.08481000000000001;0.12099333333333334;0.17575666666666667;0.19304000000000002;0.20479333333333333;0.21121;0.2357866666666667;0.16713
2019-04-29T00:00:00.000Z;0.13276666666666667;1.0528666666666666;0.05006666666666667;0.07587333333333333;0.08058;0.11703;0.17430666666666667;0.18932000000000002;0.19920000000000002;0.20701;0.21827333333333332;0.15178333333333333
2019-05-01T00:00:00.000Z;;;;;;;;;;;;
2019-05-04T00:00:00.000Z;0.094;0.6594666666666668;0.04716000000000001;0.0695;0.07347666666666666;0.10771666666666668;0.16545;0.18231;0.19728666666666664;0.19834000000000002;0.21487;0.15211666666666668
2019-05-06T00:00:00.000Z;;;;;;;;;;;;
2019-05-09T00:00:00.000Z;0.12190000000000001;1.835766666666667;0.062200000000000005;0.08603333333333334;0.08855333333333333;0.12840000000000001;0.19094666666666668;0.21104333333333336;0.2144866666666667;0.22901;0.23714333333333334;0.16254333333333335
2019-05-11T00:00:00.000Z;0.116;1.4952333333333332;0.05953333333333334;0.08624;0.09266666666666666;0.12951333333333334;0.18893666666666664;0.2092466666666667;0.21760666666666667;0.22684666666666667;0.2561466666666667;0.18796666666666667
2019-05-14T00:00:00.000Z;0.089;0.7606333333333334;0.05101666666666667;0.07456;0.0789;0.11325666666666667;0.17444666666666667;0.19245666666666664;0.2069;0.21035666666666666;0.22266333333333332;0.15706333333333336
2019-05-16T00:00:00.000Z;0.16;1.3822333333333332;0.060750000000000005;0.08943;0.09591333333333332;0.13635333333333333;0.1979466666666667;0.21569000000000002;0.22291999999999998;0.2346766666666667;0.2562066666666667;0.18135333333333334
2019-05-19T00:00:00.000Z;0.055666666666666656;0.7625666666666667;0.06272000000000001;0.08680333333333333;0.08879333333333334;0.12705;0.18816;0.2077766666666667;0.22108666666666668;0.22626;0.2290333333333333;0.15641666666666668
2019-05-24T00:00:00.000Z;;;;;;;;;;;;
2019-05-26T00:00:00.000Z;0.083;1.2801333333333336;0.06159333333333333;0.09214;0.09902666666666668;0.14054666666666668;0.20321333333333333;0.22181333333333333;0.22946999999999998;0.24129000000000003;0.2673233333333333;0.19060000000000002
2019-05-29T00:00:00.000Z;0.094;0.8108333333333334;0.047420000000000004;0.07456;0.07948333333333334;0.11713666666666667;0.17605333333333334;0.19274333333333332;0.20470666666666665;0.21126333333333333;0.2215;0.15335666666666667
2019-05-31T00:00:00.000Z;0.127;0.9502;0.06266333333333333;0.09077;0.09868;0.13849;0.1991966666666667;0.21944333333333335;0.23164;0.23825000000000002;0.2666;0.19573000000000002
2019-06-03T00:00:00.000Z;0.127;1.1849666666666667;0.057929999999999995;0.08228;0.08695333333333334;0.12292333333333332;0.18112333333333333;0.20108333333333334;0.2096866666666667;0.2170766666666667;0.2324466666666667;0.16528
2019-06-05T00:00:00.000Z;;;;;;;;;;;;
2019-06-08T00:00:00.000Z;0.1872333333333333;1.5956666666666668;0.0625;0.09442666666666669;0.10615666666666666;0.14984666666666668;0.20639666666666667;0.22664333333333336;0.21795333333333333;0.24949666666666667;0.24790666666666666;0.17750000000000002
2019-06-13T00:00:00.000Z;0.231;1.8591;0.05830666666666667;0.08603333333333334;0.09465;0.13439;0.18803;0.20731666666666665;0.2138266666666667;0.2253766666666667;0.24263000000000004;0.17317333333333332
2019-06-15T00:00:00.000Z;0.05;0.6674666666666668;0.06459;0.09557333333333333;0.10744666666666668;0.14639333333333335;0.20073333333333335;0.21885666666666667;0.23235666666666668;0.23976666666666666;0.27159333333333335;0.19344666666666668
2019-06-18T00:00:00.000Z;0.11093333333333334;0.9152666666666668;0.05033666666666667;0.07908666666666667;0.08887666666666667;0.12576333333333334;0.17649;0.19354333333333332;0.20416;0.21334666666666668;0.2329466666666667;0.15849333333333335
2019-06-20T00:00:00.000Z;0.11093333333333334;1.0328;0.06737666666666667;0.09786666666666667;0.1097266666666667;0.14789666666666668;0.20282000000000003;0.22152;0.23410666666666669;0.24114000000000002;0.28036;0.20475000000000002
2019-06-23T00:00:00.000Z;0.14376666666666668;1.2537333333333331;0.054803333333333336;0.08195000000000001;0.09228666666666668;0.12887;0.17956333333333335;0.19641333333333333;0.2077733333333333;0.2157266666666667;0.24142333333333332;0.16918333333333332
2019-06-25T00:00:00.000Z;0.13276666666666667;1.5564333333333333;0.06572333333333334;0.09873666666666668;0.11223;0.15317;0.20304666666666668;0.22004333333333334;0.22750333333333334;0.24148333333333333;0.2798966666666667;0.19775
2019-06-28T00:00:00.000Z;0.1764;1.2755333333333334;0.05842000000000001;0.08913666666666667;0.10256;0.13970666666666667;0.18580666666666665;0.20339666666666667;0.21157333333333334;0.22470666666666667;0.24551;0.16720333333333334
2019-06-30T00:00:00.000Z;0.1764;0.9943333333333334;0.07037666666666667;0.10027666666666668;0.11476;0.1524;0.20291333333333333;0.22139000000000003;0.23509000000000002;0.24234000000000003;0.28355;0.20611333333333334
2019-07-03T00:00:00.000Z;0.16;1.2477333333333331;0.05523;0.08221;0.09371;0.1303166666666667;0.17849;0.19630666666666666;0.20769333333333334;0.21513333333333332;0.2457266666666667;0.17093
2019-07-05T00:00:00.000Z;0.2801;1.8975333333333333;0.06039;0.09874000000000001;0.11626;0.15936333333333336;0.20665333333333333;0.2248333333333333;0.22976;0.2477766666666667;0.2846;0.19945333333333334
2019-07-08T00:00:00.000Z;;;;;;;;;;;;
2019-07-10T00:00:00.000Z;0.127;1.2867000000000002;0.07003333333333334;0.09979;0.11307666666666669;0.15348333333333333;0.20075;0.21880666666666668;0.23018000000000002;0.23955666666666667;0.2810533333333333;0.20225
2019-07-13T00:00:00.000Z;0.525;1.6683333333333332;0.12443333333333333;0.08076666666666667;0.08175;0.1326;0.19603333333333334;0.22056666666666666;0.24076666666666666;0.2432333333333333;0.2571;0.17250000000000001
2019-07-15T00:00:00.000Z;0.127;1.8416666666666668;0.06258333333333334;0.09729333333333332;0.11272333333333331;0.15649666666666667;0.20293;0.21966666666666665;0.22463333333333332;0.24197;0.2828733333333333;0.19666666666666668
2019-07-18T00:00:00.000Z;0.11093333333333334;1.9002000000000001;0.06149333333333333;0.08989333333333334;0.1014566666666667;0.14177;0.18184666666666668;0.19713666666666665;0.20268666666666665;0.2175766666666667;0.24288000000000004;0.16260333333333335
2019-07-20T00:00:00.000Z;0.4161666666666667;2.1257333333333333;0.07133333333333335;0.10855999999999999;0.12505666666666668;0.16928333333333334;0.21501333333333333;0.23706;0.24069000000000002;0.2572766666666667;0.29256666666666664;0.20881
2019-07-23T00:00:00.000Z;0.3075333333333334;1.5974666666666668;0.05379333333333333;0.08621666666666666;0.1009;0.14019;0.18566333333333332;0.20246666666666668;0.21087333333333333;0.22232333333333332;0.25141;0.17438333333333333
2019-07-25T00:00:00.000Z;0.22;1.5326;0.06286;0.09880333333333333;0.11480333333333334;0.15854000000000001;0.20228000000000002;0.21783333333333332;0.22476333333333334;0.23969000000000001;0.27860666666666667;0.19306333333333334
2019-07-28T00:00:00.000Z;;;;;;;;;;;;
2019-07-30T00:00:00.000Z;0.1872333333333333;1.2921;0.06877000000000001;0.10193333333333335;0.11660000000000001;0.15954333333333334;0.20339666666666667;0.22169000000000003;0.23164;0.24276999999999999;0.27987;0.1991666666666667
2019-08-02T00:00:00.000Z;0.1;1.7647333333333333;0.06145666666666667;0.08759666666666667;0.10005666666666668;0.14058666666666667;0.17945333333333333;0.19698333333333334;0.20388666666666663;0.21581666666666666;0.2420766666666667;0.16572
2019-08-04T00:00:00.000Z;0.22576666666666667;1.4353;0.05950333333333333;0.09526666666666667;0.11174333333333335;0.15718666666666667;0.1991266666666667;0.21555666666666667;0.2250833333333333;0.23865333333333333;0.27478;0.18770333333333333
2019-08-07T00:00:00.000Z;;;;;;;;;;;;
2019-08-09T00:00:00.000Z;0.061;0.5891000000000001;0.06762000000000001;0.09835666666666669;0.11445666666666666;0.15371666666666667;0.19741666666666668;0.21323666666666669;0.2310866666666667;0.23526333333333332;0.27274333333333334;0.1918966666666667
2019-08-12T00:00:00.000Z;;;;;;;;;;;;
2019-08-14T00:00:00.000Z;0.2149;1.7551333333333334;0.05895333333333333;0.09406666666666667;0.11177666666666669;0.1588166666666667;0.1988666666666667;0.2147333333333333;0.22159;0.2370266666666667;0.2693333333333333;0.18313666666666664
2019-08-17T00:00:00.000Z;0.23666666666666664;1.8344666666666667;0.04627;0.07950333333333333;0.09314333333333333;0.13931;0.17756333333333335;0.19328333333333333;0.19876;0.2132266666666667;0.23434000000000002;0.15339000000000003
2019-08-19T00:00:00.000Z;0.23666666666666664;1.6554666666666666;0.059366666666666665;0.09277333333333333;0.10862000000000001;0.15417333333333333;0.1958666666666667;0.21294000000000002;0.2203866666666667;0.23295000000000002;0.27067;0.18896666666666667
2019-08-22T00:00:00.000Z;0.231;1.6595333333333333;0.04564666666666666;0.07622000000000001;0.08627333333333334;0.13148;0.17253666666666667;0.18678;0.19687333333333332;0.20514333333333334;0.22555;0.15172333333333332
2019-08-24T00:00:00.000Z;0.22;1.1145666666666667;0.05114333333333333;0.08572666666666667;0.09909666666666668;0.14628;0.18861333333333333;0.2038766666666667;0.21409333333333336;0.2242866666666667;0.25456;0.17464000000000002
2019-08-27T00:00:00.000Z;0.438;1.8716333333333333;0.03918;0.07463666666666667;0.08444333333333333;0.13411;0.17692000000000002;0.19251333333333334;0.1985666666666667;0.2120466666666667;0.2286466666666667;0.14841666666666667
2019-08-29T00:00:00.000Z;;;;;;;;;;;;
2019-09-01T00:00:00.000Z;0.2149;1.9553;0.047053333333333336;0.07468333333333334;0.08365333333333333;0.12753666666666666;0.1684166666666667;0.18296333333333334;0.18990666666666664;0.20127;0.22629333333333335;0.15315333333333334
2019-09-03T00:00:00.000Z;0.26393333333333335;2.217766666666667;0.05050333333333334;0.08412666666666667;0.0971;0.14425666666666667;0.18516;0.2007766666666667;0.20321;0.22131666666666666;0.25282;0.17194
2019-09-06T00:00:00.000Z;;;;;;;;;;;;
2019-09-08T00:00:00.000Z;;;;;;;;;;;;
2019-09-11T00:00:00.000Z;;;;;;;;;;;;
2019-09-13T00:00:00.000Z;;;;;;;;;;;;
2019-09-16T00:00:00.000Z;;;;;;;;;;;;
2019-09-18T00:00:00.000Z;0.209;1.7775;0.04529;0.07174;0.07677666666666667;0.11785666666666667;0.16526;0.18154;0.18698333333333333;0.1983;0.2225766666666667;0.15568666666666667
2019-09-21T00:00:00.000Z;;;;;;;;;;;;
2019-09-26T00:00:00.000Z;0.116;1.8261666666666667;0.03740333333333334;0.06249666666666667;0.06585666666666667;0.10039000000000001;0.15231666666666668;0.16579333333333335;0.17141333333333336;0.18218;0.19259666666666667;0.12788666666666665
2019-09-28T00:00:00.000Z;;;;;;;;;;;;
2019-10-01T00:00:00.000Z;0.12190000000000001;1.2727000000000002;0.04231000000000001;0.06262666666666666;0.06585333333333333;0.09741333333333332;0.1502266666666667;0.1678266666666667;0.17686666666666667;0.18183666666666665;0.19387000000000001;0.13085333333333335
2019-10-03T00:00:00.000Z;0.127;0.8789;0.040760000000000005;0.06774;0.07270666666666667;0.10738666666666666;0.16200333333333333;0.17859000000000003;0.18863666666666665;0.19514;0.2122966666666667;0.14523
2019-10-06T00:00:00.000Z;0.116;1.2207000000000001;0.0367;0.05942666666666667;0.06332666666666667;0.09481666666666667;0.14851666666666669;0.16452666666666668;0.17346;0.1805166666666667;0.18646333333333334;0.12114333333333334
2019-10-08T00:00:00.000Z;0.138;2.1517;0.04576666666666667;0.06678333333333333;0.07083333333333335;0.10484000000000002;0.16154333333333334;0.17958333333333334;0.18369333333333332;0.19648666666666664;0.2106366666666667;0.14463666666666666
2019-10-11T00:00:00.000Z;0.105;1.4188095238095242;0.05095714285714286;0.07183809523809524;0.07682380952380952;0.10804285714285712;0.16253333333333334;0.18239047619047621;0.19060000000000002;0.1997904761904762;0.20660476190476199;0.14194761904761904
2019-10-13T00:00:00.000Z;0.15453333333333333;1.4361666666666668;0.03884666666666666;0.06350333333333333;0.06864666666666668;0.10358333333333333;0.15859666666666666;0.17351666666666668;0.18185666666666664;0.1927766666666667;0.20398;0.13625333333333334
2019-10-16T00:00:00.000Z;0.1;0.9742333333333333;0.0317;0.05415666666666667;0.05748666666666667;0.08854666666666668;0.14553666666666668;0.16034;0.17235333333333333;0.1769966666666667;0.17709666666666668;0.11425666666666666
2019-10-18T00:00:00.000Z;;;;;;;;;;;;
2019-10-21T00:00:00.000Z;0.14376666666666668;1.0371333333333335;0.035980000000000005;0.05558333333333334;0.057600000000000005;0.08932333333333334;0.14957;0.16766;0.18161333333333332;0.18426333333333333;0.18013666666666667;0.11747333333333332
2019-10-23T00:00:00.000Z;;;;;;;;;;;;
2019-10-26T00:00:00.000Z;0.1;0.9215333333333332;0.02779;0.04967666666666667;0.05197666666666667;0.08450333333333333;0.14038666666666666;0.15735000000000002;0.16823333333333335;0.17235999999999999;0.16661;0.10437
2019-10-28T00:00:00.000Z;;;;;;;;;;;;
2019-10-31T00:00:00.000Z;;;;;;;;;;;;
2019-11-02T00:00:00.000Z;0.138;1.5974333333333335;0.04382666666666667;0.06777000000000001;0.06784666666666667;0.1031766666666667;0.16909666666666667;0.18733666666666665;0.1948266666666667;0.20704333333333336;0.20560333333333333;0.13371333333333335
2019-11-05T00:00:00.000Z;0.1;0.7997000000000001;0.03514333333333333;0.05632666666666667;0.056706666666666676;0.08976;0.15383333333333332;0.17164666666666667;0.18631333333333333;0.19;0.17391333333333336;0.10936333333333335
2019-11-07T00:00:00.000Z;0.11093333333333334;1.5291666666666668;0.043223333333333336;0.061396666666666676;0.061976666666666666;0.09508;0.1637766666666667;0.18465;0.19290666666666664;0.20276;0.19751666666666667;0.13324333333333335
2019-11-10T00:00:00.000Z;0.11093333333333334;0.6196;0.0329;0.05080666666666667;0.05137666666666667;0.08235333333333333;0.14383666666666667;0.16194666666666668;0.17738;0.17589333333333335;0.16060000000000002;0.10362666666666669
2019-11-12T00:00:00.000Z;0.094;0.8882333333333333;0.02971666666666667;0.05316666666666667;0.056060000000000006;0.08790666666666667;0.14964333333333335;0.16635333333333333;0.17678666666666668;0.18339000000000003;0.17528;0.11560999999999999
2019-11-15T00:00:00.000Z;;;;;;;;;;;;
2019-11-17T00:00:00.000Z;0.1;1.1549;0.040113333333333334;0.059763333333333335;0.06054666666666667;0.09367;0.15889333333333336;0.1781766666666667;0.19140000000000001;0.19750666666666664;0.18385666666666664;0.12311666666666668
2019-11-20T00:00:00.000Z;;;;;;;;;;;;
2019-11-22T00:00:00.000Z;;;;;;;;;;;;
2019-11-25T00:00:00.000Z;0.056;1.2303333333333333;0.05328888888888889;0.0663;0.05872222222222222;0.08837777777777779;0.14632222222222221;0.16076666666666667;0.17071111111111112;0.17593333333333333;0.14333333333333334;0.08905555555555555
2019-11-27T00:00:00.000Z;;;;;;;;;;;;
2019-11-30T00:00:00.000Z;0.078;1.3773333333333333;0.027593333333333334;0.04626;0.045726666666666665;0.07584;0.13867333333333332;0.1556266666666667;0.1656266666666667;0.17055;0.15113000000000001;0.09492666666666669
2019-12-02T00:00:00.000Z;;;;;;;;;;;;
2019-12-05T00:00:00.000Z;;;;;;;;;;;;
2019-12-07T00:00:00.000Z;0.138;1.3378666666666665;0.030246666666666665;0.04694666666666666;0.04749666666666666;0.07656666666666667;0.13805333333333333;0.15390333333333334;0.16296666666666668;0.16705333333333333;0.1504;0.09669
2019-12-10T00:00:00.000Z;0.0669;0.3464;0.026093333333333336;0.043480000000000005;0.042910000000000004;0.06923333333333334;0.13083;0.14649333333333334;0.16508;0.16272666666666669;0.1416766666666667;0.08920333333333333
2019-12-12T00:00:00.000Z;0.105;0.8824666666666667;0.027093333333333334;0.046830000000000004;0.04786000000000001;0.07822666666666667;0.13658333333333333;0.15156333333333336;0.16227000000000003;0.16619;0.15050333333333335;0.09693666666666668
2019-12-15T00:00:00.000Z;0.07200000000000001;0.8949666666666667;0.023906666666666663;0.04467666666666667;0.04388333333333334;0.07394;0.1359466666666667;0.15149333333333334;0.16340666666666667;0.16620333333333334;0.14217000000000002;0.08917666666666667
2019-12-17T00:00:00.000Z;;;;;;;;;;;;
2019-12-20T00:00:00.000Z;;;;;;;;;;;;
2019-12-22T00:00:00.000Z;0.083;1.1972;0.026806666666666666;0.04839;0.049016666666666674;0.07983;0.14137000000000002;0.15758666666666665;0.1664466666666667;0.17293333333333333;0.15873666666666666;0.10294666666666667
2019-12-25T00:00:00.000Z;0.061;0.5123333333333334;0.02257666666666667;0.04138;0.04209;0.07115666666666667;0.13381333333333334;0.15121333333333334;0.16711333333333336;0.16703333333333334;0.14213;0.08757000000000001
2019-12-27T00:00:00.000Z;0.1;1.0564;0.035013333333333334;0.04997666666666667;0.05127333333333334;0.07781666666666667;0.1341166666666667;0.15159666666666669;0.1608;0.16540333333333335;0.14662333333333333;0.09851
2019-12-30T00:00:00.000Z;;;;;;;;;;;;
2020-01-01T00:00:00.000Z;0.07200000000000001;0.37889999999999996;0.031303333333333336;0.04948;0.04932;0.07813;0.13943;0.15539000000000003;0.1708;0.17151333333333335;0.15198666666666666;0.10434666666666667
2020-01-04T00:00:00.000Z;0.116;0.8132;0.027886666666666667;0.04445;0.04349666666666666;0.07253333333333334;0.13334666666666667;0.15011333333333335;0.16196666666666668;0.16405666666666666;0.14005666666666666;0.08586333333333333
2020-01-06T00:00:00.000Z;0.083;0.5296000000000001;0.03215666666666667;0.04855333333333334;0.05000666666666667;0.07738;0.13994666666666666;0.15667;0.17423666666666665;0.17246;0.15824333333333335;0.10419000000000002
2020-01-09T00:00:00.000Z;0.1;1.001866666666667;0.03441666666666667;0.04964333333333333;0.047683333333333335;0.07669333333333334;0.13929666666666668;0.15661;0.16843333333333332;0.17095000000000002;0.14888333333333334;0.09419
2020-01-11T00:00:00.000Z;0.089;0.7096666666666667;0.027813333333333332;0.04860333333333334;0.049973333333333335;0.08159666666666668;0.14144;0.15723666666666666;0.16972;0.17192333333333332;0.15984333333333334;0.10417333333333331
2020-01-14T00:00:00.000Z;0.07200000000000001;0.2615;0.02373666666666667;0.04189;0.04433666666666667;0.0717;0.13181333333333334;0.14859666666666668;0.16733333333333333;0.16401;0.14283333333333334;0.08896666666666667
2020-01-16T00:00:00.000Z;0.1;0.8330333333333333;0.033846666666666664;0.05013;0.05248666666666667;0.08180666666666668;0.14229000000000003;0.16121;0.17249;0.17434000000000002;0.16366666666666668;0.10892
2020-01-19T00:00:00.000Z;;;;;;;;;;;;
2020-01-21T00:00:00.000Z;;;;;;;;;;;;
2020-01-24T00:00:00.000Z;;;;;;;;;;;;
2020-01-26T00:00:00.000Z;0.116;1.0002222222222221;0.043055555555555555;0.05613333333333334;0.05056666666666667;0.08405555555555556;0.15153333333333333;0.16896666666666668;0.1876888888888889;0.18517777777777777;0.1565777777777778;0.09413333333333335
2020-01-29T00:00:00.000Z;;;;;;;;;;;;
2020-01-31T00:00:00.000Z;0.094;1.9020000000000001;0.0134;0.01993333333333333;0.021166666666666663;0.028333333333333332;0.03913333333333333;0.0438;0.0456;0.047400000000000005;0.053266666666666664;0.03976666666666667
2020-02-03T00:00:00.000Z;0.083;0.6236;0.03032;0.04844666666666666;0.05102333333333334;0.07857666666666667;0.13676666666666668;0.15232;0.16744;0.16865666666666668;0.15287333333333333;0.09782666666666669
2020-02-05T00:00:00.000Z;;;;;;;;;;;;
2020-02-08T00:00:00.000Z;;;;;;;;;;;;
2020-02-10T00:00:00.000Z;0.1;1.444;0.03021666666666667;0.050710000000000005;0.05395333333333333;0.08479;0.14330333333333334;0.16046333333333335;0.16666666666666669;0.17626333333333336;0.17313333333333333;0.11511333333333335
2020-02-13T00:00:00.000Z;0.12157142857142855;1.277857142857143;0.06832857142857143;0.08471428571428571;0.09104285714285715;0.1211;0.1767;0.19494285714285717;0.20554285714285722;0.21312857142857144;0.20980000000000001;0.14641428571428572
2020-02-15T00:00:00.000Z;0.116;1.0420333333333334;0.03929666666666666;0.05604;0.05766;0.08693666666666668;0.14725666666666667;0.16514;0.1770233333333333;0.18175;0.17847000000000002;0.12138666666666666
2020-02-18T00:00:00.000Z;;;;;;;;;;;;
2020-02-20T00:00:00.000Z;0.11093333333333334;0.4446666666666667;0.032080000000000004;0.0539;0.057170000000000006;0.08627000000000001;0.14759333333333335;0.16473666666666667;0.17975666666666668;0.18137333333333333;0.17739333333333335;0.11897666666666669
2020-02-23T00:00:00.000Z;0.089;0.38210000000000005;0.026663333333333334;0.04691666666666667;0.04816;0.07655333333333333;0.13551333333333335;0.15284;0.16891333333333336;0.16859666666666667;0.15706;0.10060333333333332
2020-02-25T00:00:00.000Z;0.13276666666666667;0.6151666666666666;0.03882666666666667;0.056956666666666676;0.05887333333333334;0.08816666666666667;0.15195666666666666;0.1704166666666667;0.18451333333333333;0.18710333333333334;0.1848466666666667;0.12595666666666666
2020-02-28T00:00:00.000Z;0.11093333333333334;0.579;0.055913333333333336;0.07247666666666668;0.07515666666666668;0.10019;0.1545166666666667;0.16968;0.18366;0.18248666666666663;0.17387333333333332;0.12206
2020-03-01T00:00:00.000Z;;;;;;;;;;;;
2020-03-04T00:00:00.000Z;;;;;;;;;;;;
2020-03-06T00:00:00.000Z;;;;;;;;;;;;
2020-03-09T00:00:00.000Z;;;;;;;;;;;;
2020-03-11T00:00:00.000Z;0.127;1.1406333333333334;0.03665;0.060566666666666664;0.06590666666666667;0.09927333333333332;0.15693333333333334;0.17553666666666667;0.18452000000000002;0.19201;0.20025;0.13568333333333332
2020-03-14T00:00:00.000Z;0.094;1.2537333333333331;0.05182666666666667;0.07068333333333333;0.07285333333333334;0.10399666666666667;0.15753666666666666;0.17491;0.18241333333333332;0.1906766666666667;0.18391333333333332;0.12238666666666666
2020-03-16T00:00:00.000Z;;;;;;;;;;;;
2020-03-19T00:00:00.000Z;;;;;;;;;;;;
2020-03-21T00:00:00.000Z;;;;;;;;;;;;
2020-03-24T00:00:00.000Z;;;;;;;;;;;;
2020-03-26T00:00:00.000Z;0.1981;0.39213333333333333;0.036763333333333335;0.058603333333333334;0.06229333333333333;0.09348;0.15636333333333335;0.17291;0.19004666666666667;0.19103666666666663;0.19389;0.13213666666666665
2020-03-29T00:00:00.000Z;0.14376666666666668;0.9513333333333334;0.03624666666666666;0.055470000000000005;0.057363333333333336;0.08779;0.14563666666666666;0.1633166666666667;0.17490666666666668;0.17777;0.17698333333333333;0.11828666666666666
2020-03-31T00:00:00.000Z;;;;;;;;;;;;
2020-04-03T00:00:00.000Z;;;;;;;;;;;;
2020-04-05T00:00:00.000Z;0.193;1.2417333333333331;0.04488666666666667;0.06725;0.06967000000000001;0.10405666666666667;0.16841333333333336;0.18747000000000003;0.19698000000000002;0.20467333333333332;0.21546666666666667;0.15034333333333336
2020-04-08T00:00:00.000Z;0.1764;1.2444666666666668;0.04096333333333334;0.06182000000000001;0.061396666666666676;0.09521;0.16015666666666667;0.1778266666666667;0.18960000000000002;0.19580666666666666;0.19688333333333333;0.1333166666666667
2020-04-10T00:00:00.000Z;;;;;;;;;;;;
2020-04-13T00:00:00.000Z;0.23666666666666664;1.4854333333333334;0.043780000000000006;0.06693666666666667;0.06844666666666667;0.10886333333333335;0.17516;0.19421333333333332;0.20587333333333332;0.21249333333333334;0.19974000000000003;0.1293166666666667
2020-04-15T00:00:00.000Z;;;;;;;;;;;;
2020-04-18T00:00:00.000Z;;;;;;;;;;;;
2020-04-20T00:00:00.000Z;;;;;;;;;;;;
2020-04-23T00:00:00.000Z;;;;;;;;;;;;
2020-04-25T00:00:00.000Z;;;;;;;;;;;;
2020-04-28T00:00:00.000Z;;;;;;;;;;;;
2020-04-30T00:00:00.000Z;0.15453333333333333;1.1569333333333334;0.05555333333333333;0.08059;0.08356333333333334;0.12190000000000001;0.18724666666666667;0.20447;0.21356999999999998;0.22306666666666666;0.2351766666666667;0.16716
2020-05-03T00:00:00.000Z;0.127;0.6994666666666667;0.044853333333333335;0.06764333333333333;0.06874666666666668;0.10168;0.1586766666666667;0.17409000000000002;0.1850733333333333;0.18919666666666668;0.18923333333333334;0.13064333333333333
2020-05-05T00:00:00.000Z;;;;;;;;;;;;
2020-05-08T00:00:00.000Z;;;;;;;;;;;;
2020-05-10T00:00:00.000Z;0.122;0.9298;0.052700000000000004;0.07205;0.07426;0.11576;0.18574000000000002;0.21265;0.21096;0.2412;0.24111;0.17275000000000001
2020-05-13T00:00:00.000Z;0.105;1.0234666666666667;0.05298333333333334;0.07589666666666667;0.0733;0.11263333333333334;0.18152333333333331;0.20191333333333333;0.21305333333333334;0.22019666666666668;0.2145733333333333;0.1404166666666667
2020-05-15T00:00:00.000Z;;;;;;;;;;;;
2020-05-18T00:00:00.000Z;0.16;0.9427666666666668;0.03919333333333333;0.06220333333333333;0.06218666666666667;0.09631666666666666;0.16263333333333332;0.1815166666666667;0.19388666666666665;0.1976766666666667;0.20329666666666668;0.1391166666666667
2020-05-20T00:00:00.000Z;0.13276666666666667;1.2606;0.04857666666666667;0.07597000000000001;0.07958666666666667;0.11857333333333332;0.18445666666666666;0.20201333333333332;0.20937333333333333;0.21983333333333333;0.2413833333333333;0.16995666666666667
2020-05-23T00:00:00.000Z;0.23666666666666664;1.7228666666666665;0.048170000000000004;0.07429;0.07370333333333333;0.11251666666666668;0.17709333333333335;0.19555666666666666;0.20025333333333334;0.21271;0.2155466666666667;0.14636333333333335
2020-05-25T00:00:00.000Z;;;;;;;;;;;;
2020-05-28T00:00:00.000Z;0.24753333333333333;1.513266666666667;0.043006666666666665;0.06837333333333334;0.06960333333333334;0.10623666666666666;0.17195666666666667;0.1923;0.19985333333333333;0.20800000000000002;0.21775;0.15159666666666669
2020-05-30T00:00:00.000Z;0.15453333333333333;0.8929333333333332;0.051526666666666665;0.08062000000000001;0.08528333333333334;0.12461;0.18950666666666666;0.20934333333333335;0.21841333333333332;0.2267366666666667;0.24701666666666666;0.17563333333333334
2020-06-02T00:00:00.000Z;;;;;;;;;;;;
2020-06-04T00:00:00.000Z;;;;;;;;;;;;
2020-06-07T00:00:00.000Z;;;;;;;;;;;;
2020-06-09T00:00:00.000Z;;;;;;;;;;;;
2020-06-12T00:00:00.000Z;0.116;1.0248333333333333;0.04459666666666666;0.07059333333333333;0.07420666666666667;0.11301666666666668;0.17028666666666667;0.18884;0.199;0.20597;0.21558666666666668;0.14667000000000002
2020-06-14T00:00:00.000Z;0.16;1.2611666666666668;0.05954;0.08733;0.09261666666666667;0.13224666666666668;0.19373333333333334;0.2141766666666667;0.22318333333333332;0.23199333333333336;0.2593533333333333;0.18830333333333335
2020-06-17T00:00:00.000Z;0.149;1.7691666666666668;0.0597;0.08332333333333333;0.08387666666666667;0.12226;0.18512;0.20640666666666668;0.2133866666666667;0.2239833333333333;0.23843000000000003;0.16557000000000002
2020-06-19T00:00:00.000Z;0.149;1.5297692307692308;0.17763076923076926;0.19896923076923081;0.2133692307692308;0.2507846153846154;0.2979923076923077;0.31354615384615386;0.32405384615384614;0.33551538461538466;0.37204615384615386;0.2475846153846154
2020-06-22T00:00:00.000Z;0.1764;1.5624333333333333;0.04725333333333334;0.07303333333333334;0.07743;0.11766;0.16992333333333332;0.18654666666666667;0.19245333333333334;0.20534666666666668;0.21965666666666667;0.14809000000000003
2020-06-24T00:00:00.000Z;;;;;;;;;;;;
2020-06-27T00:00:00.000Z;;;;;;;;;;;;
2020-06-29T00:00:00.000Z;0.1981;1.2653666666666665;0.054360000000000006;0.08666333333333334;0.09782666666666669;0.14012000000000002;0.19383;0.21182333333333334;0.2204766666666667;0.23285333333333333;0.26618;0.18645666666666666
2020-07-02T00:00:00.000Z;0.11093333333333334;0.8887999999999999;0.05132333333333334;0.07985;0.08779;0.12528666666666666;0.1734966666666667;0.19001;0.20240666666666665;0.20811333333333334;0.22575333333333333;0.15210333333333334
2020-07-04T00:00:00.000Z;0.12190000000000001;1.5361333333333336;0.06519;0.09235;0.10104333333333332;0.14320333333333335;0.19611333333333333;0.21554333333333334;0.22466;0.23580333333333334;0.26883;0.19075333333333333
2020-07-07T00:00:00.000Z;0.2039333333333333;1.3612;0.05039;0.07661333333333334;0.0838;0.12329666666666668;0.17406333333333335;0.19120666666666664;0.20134666666666667;0.21009333333333335;0.23303000000000004;0.15954000000000002
2020-07-09T00:00:00.000Z;0.32389999999999997;2.4132333333333333;0.032676666666666666;0.06527333333333334;0.07381;0.11169333333333334;0.15380000000000002;0.16961333333333337;0.17037333333333332;0.18753;0.20776;0.13459333333333334
2020-07-12T00:00:00.000Z;0.3836666666666667;2.055333333333333;0.04014;0.07664333333333333;0.08775000000000001;0.13294666666666669;0.18369000000000002;0.20103666666666664;0.2044266666666667;0.22172333333333333;0.2368333333333333;0.15572000000000003
2020-07-14T00:00:00.000Z;;;;;;;;;;;;
2020-07-17T00:00:00.000Z;0.209;2.196366666666667;0.05139;0.07827666666666667;0.08456666666666666;0.12828666666666666;0.17790333333333333;0.19518333333333335;0.19864666666666667;0.2139833333333333;0.23526333333333332;0.16260666666666668
2020-07-19T00:00:00.000Z;0.26393333333333335;1.9145999999999999;0.05275333333333333;0.08570333333333334;0.09566000000000001;0.1421766666666667;0.19130333333333335;0.20854333333333336;0.21366333333333334;0.2294266666666667;0.2625766666666667;0.18037333333333333
2020-07-22T00:00:00.000Z;0.16;1.328;0.056515;0.068925;0.088275;0.12178;0.158535;0.19175;0.1106;0.22685000000000002;0.18069500000000002;0.18248
2020-07-24T00:00:00.000Z;0.193;2.105833333333333;0.07553666666666667;0.07599;0.08337666666666667;0.09085666666666668;0.09077666666666669;0.09520333333333332;0.09352666666666667;0.10149666666666668;0.1797966666666667;0.20761333333333334
2020-07-27T00:00:00.000Z;0.2749;1.6174666666666668;0.054029999999999995;0.060053333333333334;0.0713;0.07715666666666668;0.08103;0.08886666666666666;0.09113;0.09683;0.18263333333333334;0.20218333333333333
2020-07-29T00:00:00.000Z;0.182;1.6463666666666665;0.05754333333333333;0.06547000000000001;0.07714333333333333;0.08493;0.08721000000000001;0.09272000000000001;0.09308666666666668;0.10194;0.19658666666666663;0.21684000000000003
2020-08-01T00:00:00.000Z;;;;;;;;;;;;
2020-08-03T00:00:00.000Z;0.1981;2.1896;0.058203333333333336;0.06097333333333334;0.07178666666666667;0.07709;0.07825;0.08493666666666667;0.08586;0.09422333333333333;0.20448333333333332;0.23509000000000002
2020-08-06T00:00:00.000Z;0.231;1.6384;0.040150000000000005;0.04482;0.05763;0.06270333333333333;0.06392666666666667;0.07089666666666668;0.07351666666666666;0.08059666666666668;0.18844333333333332;0.21561999999999998
2020-08-08T00:00:00.000Z;0.29653333333333337;1.3768666666666667;0.04642;0.056163333333333336;0.07304666666666668;0.08170666666666668;0.08377333333333334;0.09109666666666669;0.09409666666666669;0.10343333333333334;0.21436;0.23205
2020-08-11T00:00:00.000Z;;;;;;;;;;;;
2020-08-13T00:00:00.000Z;0.23666666666666664;1.1217333333333332;0.043403333333333335;0.04919333333333333;0.06644;0.0729;0.07521333333333334;0.08392333333333334;0.08854333333333334;0.09663;0.22447333333333333;0.25173
2020-08-16T00:00:00.000Z;0.149;0.8159666666666667;0.0392;0.04543666666666667;0.061103333333333336;0.06652666666666666;0.07007333333333333;0.07708;0.08286;0.08737;0.20311333333333334;0.22822333333333333
2020-08-18T00:00:00.000Z;0.055666666666666656;1.1625999999999999;0.053963333333333335;0.06436333333333334;0.07984666666666668;0.08837;0.09327666666666667;0.09957666666666667;0.10329000000000002;0.11233666666666667;0.22718000000000002;0.2480266666666667
2020-08-21T00:00:00.000Z;0.15453333333333333;1.0833;0.04289;0.05415666666666667;0.07085000000000001;0.07956333333333333;0.08487333333333334;0.09164333333333333;0.09621666666666667;0.10284666666666667;0.20806;0.2194333333333333
2020-08-23T00:00:00.000Z;0.13276666666666667;1.821;0.06500333333333333;0.07221333333333334;0.08795666666666668;0.09625;0.10040333333333333;0.10785666666666667;0.1115;0.11924666666666668;0.2480266666666667;0.2699766666666667
2020-08-26T00:00:00.000Z;0.171;1.2015333333333333;0.04188666666666667;0.04939;0.06555333333333334;0.07299;0.07578333333333334;0.0835;0.08813666666666667;0.09404;0.2113366666666667;0.23573666666666668
2020-08-28T00:00:00.000Z;0.29653333333333337;1.6186;0.04306666666666667;0.05465666666666667;0.07480666666666667;0.08331333333333334;0.08529;0.09328;0.09570666666666669;0.10640999999999999;0.2314866666666667;0.24808666666666668
2020-08-31T00:00:00.000Z;0.138;0.7629;0.040260000000000004;0.04984;0.06749;0.07443;0.07713666666666667;0.08429333333333333;0.09040000000000001;0.09695666666666669;0.20846;0.2215333333333333
2020-09-02T00:00:00.000Z;0.18713043478260868;1.858782608695652;0.06342173913043479;0.0696695652173913;0.08811304347826088;0.09920869565217393;0.10118695652173913;0.10969565217391306;0.1122304347826087;0.12322173913043478;0.2499695652173913;0.2701869565217392
2020-09-05T00:00:00.000Z;0.15453333333333333;1.2863666666666667;0.04021;0.04833666666666667;0.06568;0.07294666666666667;0.07640666666666668;0.08253333333333335;0.08779333333333333;0.09422333333333333;0.2134366666666667;0.23668000000000003
2020-09-07T00:00:00.000Z;0.209;1.8845;0.052070000000000005;0.06396333333333333;0.08048333333333334;0.09046000000000001;0.09462000000000001;0.09988;0.10179333333333332;0.11352333333333332;0.23554000000000003;0.25232
2020-09-10T00:00:00.000Z;0.193;1.3550333333333333;0.03684666666666666;0.04836666666666667;0.06707333333333333;0.07402;0.07644666666666668;0.0835;0.08802666666666667;0.09595333333333332;0.21060666666666666;0.22339000000000003
2020-09-12T00:00:00.000Z;0.2149;1.5841333333333334;0.049933333333333337;0.05787333333333334;0.07756;0.08619666666666667;0.08902333333333334;0.09735;0.10029333333333332;0.10807000000000001;0.23571999999999999;0.2580733333333333
2020-09-15T00:00:00.000Z;;;;;;;;;;;;
2020-09-17T00:00:00.000Z;;;;;;;;;;;;
2020-09-20T00:00:00.000Z;;;;;;;;;;;;
2020-09-22T00:00:00.000Z;0.24753333333333333;1.3818666666666666;0.050833333333333335;0.06173333333333334;0.08165666666666667;0.09285;0.09950666666666669;0.10913333333333333;0.11176666666666668;0.11941333333333334;0.24335;0.25848333333333334
2020-09-25T00:00:00.000Z;0.16553333333333334;0.9624333333333331;0.04022;0.05117;0.07077000000000001;0.07897666666666667;0.08396;0.09126000000000001;0.09823333333333334;0.10446;0.22730666666666668;0.24459666666666668
2020-09-27T00:00:00.000Z;0.149;0.7006666666666667;0.04019;0.05505666666666668;0.07779;0.08693;0.09157666666666668;0.09883666666666668;0.10630333333333333;0.11256;0.2420466666666667;0.25385
2020-09-30T00:00:00.000Z;;;;;;;;;;;;
2020-10-02T00:00:00.000Z;;;;;;;;;;;;
2020-10-05T00:00:00.000Z;;;;;;;;;;;;
2020-10-07T00:00:00.000Z;0.171;0.9630333333333332;0.08183333333333334;0.10892333333333332;0.14889666666666668;0.16312000000000001;0.16850666666666667;0.17756;0.18984;0.19270666666666664;0.2922333333333333;0.2708566666666667
2020-10-10T00:00:00.000Z;;;;;;;;;;;;
2020-10-12T00:00:00.000Z;0.127;0.8163666666666667;0.08485333333333334;0.11058333333333333;0.14986666666666668;0.16361;0.16574333333333335;0.17468666666666666;0.19244666666666668;0.19259;0.29164;0.2799466666666667
2020-10-15T00:00:00.000Z;0.105;0.8907;0.07799666666666667;0.10237;0.14096;0.15044333333333335;0.15736333333333336;0.16521333333333335;0.18130000000000002;0.17868;0.27207333333333333;0.26055
2020-10-17T00:00:00.000Z;;;;;;;;;;;;
2020-10-20T00:00:00.000Z;;;;;;;;;;;;
2020-10-25T00:00:00.000Z;0.193;1.1322333333333332;0.07334666666666667;0.09860333333333332;0.1380266666666667;0.15049666666666667;0.15806;0.16602;0.17910666666666666;0.17980666666666667;0.27339;0.26010666666666665
2020-10-27T00:00:00.000Z;0.116;1.3387666666666669;0.07332999999999999;0.10115666666666669;0.14039000000000001;0.15699000000000002;0.15838666666666668;0.16826;0.17829333333333336;0.18704;0.28745000000000004;0.26999666666666666
2020-10-30T00:00:00.000Z;0.116;0.9389333333333332;0.06785666666666668;0.09506333333333332;0.13320666666666667;0.14529;0.15058;0.15843333333333334;0.1722466666666667;0.17346333333333336;0.26501;0.24267
2020-11-01T00:00:00.000Z;0.127;1.2621333333333336;0.07795333333333333;0.10186333333333332;0.13842333333333331;0.15143333333333334;0.1568266666666667;0.16681333333333334;0.1767;0.18093666666666663;0.28242;0.27257333333333333
2020-11-04T00:00:00.000Z;;;;;;;;;;;;
2020-11-06T00:00:00.000Z;;;;;;;;;;;;
2020-11-09T00:00:00.000Z;0.105;1.3768;0.05228;0.07566333333333333;0.10758;0.12233666666666666;0.12594666666666668;0.13507333333333332;0.14500666666666667;0.14991333333333334;0.2587933333333334;0.22971
2020-11-11T00:00:00.000Z;0.105;1.0846666666666667;0.10483333333333333;0.1263;0.1607777777777778;0.17493333333333333;0.18392222222222224;0.1989555555555556;0.21104444444444445;0.21506666666666666;0.3249666666666667;0.2977333333333333
2020-11-14T00:00:00.000Z;;;;;;;;;;;;
2020-11-16T00:00:00.000Z;;;;;;;;;;;;
2020-11-19T00:00:00.000Z;0.127;1.3844;0.06218333333333334;0.07164666666666668;0.08348666666666667;0.09317333333333333;0.09433;0.09628333333333335;0.09503666666666669;0.10471666666666668;0.14578666666666668;0.12936
2020-11-21T00:00:00.000Z;0.1;0.6928666666666667;0.07540000000000001;0.09639;0.12922;0.14441333333333334;0.15126333333333336;0.16003666666666666;0.17446333333333336;0.1771766666666667;0.30226333333333333;0.28831
2020-11-24T00:00:00.000Z;;;;;;;;;;;;
2020-11-26T00:00:00.000Z;;;;;;;;;;;;
2020-11-29T00:00:00.000Z;0.083;1.2216333333333336;0.045430000000000005;0.06565333333333333;0.09577000000000001;0.11090333333333334;0.11551666666666668;0.12359666666666667;0.13345333333333334;0.1394766666666667;0.24726333333333333;0.21888000000000002
2020-12-01T00:00:00.000Z;0.1;1.0582;0.05782000000000001;0.07801000000000001;0.11227000000000001;0.12821333333333335;0.13377333333333333;0.14355666666666667;0.15330333333333335;0.16004666666666667;0.2812633333333333;0.2642733333333333
2020-12-04T00:00:00.000Z;;;;;;;;;;;;
2020-12-06T00:00:00.000Z;0.083;0.4623666666666667;0.060803333333333334;0.08606333333333334;0.12122000000000001;0.13678;0.14263;0.15137;0.16617;0.17112333333333332;0.29241;0.27166
2020-12-09T00:00:00.000Z;0.0669;0.5398666666666667;0.0475;0.07073333333333334;0.10113666666666668;0.11388666666666666;0.12156666666666668;0.12774666666666668;0.1429266666666667;0.14494333333333334;0.24983333333333332;0.21868000000000004
2020-12-11T00:00:00.000Z;;;;;;;;;;;;
2020-12-16T00:00:00.000Z;0.083;0.7296666666666667;0.06545666666666668;0.09107666666666668;0.12677000000000002;0.14301333333333335;0.1488233333333333;0.15723666666666666;0.16920666666666667;0.17583000000000001;0.29712333333333335;0.27385333333333334
2020-12-19T00:00:00.000Z;0.1;1.2621666666666667;0.06217333333333334;0.08641333333333334;0.11798666666666666;0.13449333333333335;0.14023666666666668;0.14823666666666666;0.15722;0.16404000000000002;0.2778233333333333;0.2507466666666667
2020-12-21T00:00:00.000Z;;;;;;;;;;;;
2020-12-24T00:00:00.000Z;0.089;0.9068666666666668;0.06434333333333334;0.08497;0.11400666666666667;0.12768;0.13505666666666666;0.14386666666666667;0.15412;0.15786666666666668;0.26105666666666666;0.24326
2020-12-26T00:00:00.000Z;0.07200000000000001;0.23486666666666667;0.06389333333333333;0.08991666666666667;0.12628333333333333;0.14030333333333334;0.14753;0.15735666666666667;0.1749666666666667;0.17485;0.29501666666666665;0.2720766666666667
2020-12-29T00:00:00.000Z;0.07200000000000001;0.6585666666666667;0.06640666666666667;0.0886;0.12122000000000001;0.13660333333333333;0.14174333333333336;0.15058333333333335;0.16388666666666665;0.16722;0.2824466666666667;0.25587333333333334
2020-12-31T00:00:00.000Z;0.078;0.4833;0.06963;0.09296666666666667;0.12905666666666668;0.14400666666666667;0.15194000000000002;0.16023333333333334;0.17645333333333335;0.17819333333333334;0.30180333333333337;0.2856
2021-01-03T00:00:00.000Z;0.0669;0.3958333333333333;0.05149666666666667;0.06874333333333334;0.09589333333333332;0.10703333333333333;0.11280666666666667;0.11949666666666668;0.13152;0.1308;0.21846333333333334;0.20494
2021-01-05T00:00:00.000Z;0.083;0.3404;0.06561666666666667;0.09238666666666669;0.12976333333333334;0.14386;0.15341;0.162;0.17826666666666668;0.1774766666666667;0.30078000000000005;0.2768966666666667
2021-01-08T00:00:00.000Z;;;;;;;;;;;;
2021-01-10T00:00:00.000Z;;;;;;;;;;;;
2021-01-13T00:00:00.000Z;0.11093333333333334;0.5296666666666666;0.05448333333333334;0.07571333333333334;0.10830666666666666;0.12059333333333334;0.12735000000000002;0.13485;0.15036;0.14989000000000002;0.2639866666666667;0.24282333333333334
2021-01-15T00:00:00.000Z;0.105;0.26926666666666665;0.06240333333333333;0.08948;0.12669666666666668;0.14061333333333334;0.14581;0.15615;0.17315;0.17238;0.29561666666666664;0.2705766666666667
2021-01-18T00:00:00.000Z;0.11093333333333334;0.5784333333333332;0.0558;0.0819;0.11713666666666667;0.13323666666666667;0.13751666666666668;0.14594333333333334;0.15984666666666666;0.16243666666666667;0.27964;0.25284
2021-01-20T00:00:00.000Z;;;;;;;;;;;;
2021-01-23T00:00:00.000Z;;;;;;;;;;;;
2021-01-25T00:00:00.000Z;0.098;1.4555333333333333;0.04750666666666667;0.06623333333333334;0.08831;0.10117666666666668;0.10430333333333333;0.10928666666666666;0.11692000000000001;0.12031666666666668;0.18939000000000003;0.17432
2021-01-28T00:00:00.000Z;0.089;1.0300333333333334;0.061373333333333335;0.08547;0.11654000000000002;0.1337;0.14065333333333332;0.14788333333333334;0.15688;0.16250333333333333;0.2691866666666667;0.24164000000000002
2021-01-30T00:00:00.000Z;;;;;;;;;;;;
2021-02-02T00:00:00.000Z;0.07200000000000001;0.7335;0.07126666666666667;0.09509666666666669;0.12979333333333334;0.14517333333333332;0.15444000000000002;0.16361;0.17753333333333332;0.17845;0.30191666666666667;0.28578333333333333
2021-02-04T00:00:00.000Z;0.12190000000000001;1.0083333333333333;0.06880666666666667;0.09707666666666669;0.13566;0.15405000000000002;0.16407333333333332;0.17331666666666667;0.18243;0.18984;0.3149133333333333;0.2914733333333333
2021-02-07T00:00:00.000Z;;;;;;;;;;;;
2021-02-09T00:00:00.000Z;;;;;;;;;;;;
2021-02-12T00:00:00.000Z;;;;;;;;;;;;
2021-02-14T00:00:00.000Z;0.105;0.7970333333333334;0.07523333333333335;0.10599666666666667;0.14626333333333336;0.16433;0.1750266666666667;0.1841;0.19464;0.20076666666666668;0.32769333333333334;0.3043133333333333
2021-02-17T00:00:00.000Z;;;;;;;;;;;;
2021-02-19T00:00:00.000Z;0.12190000000000001;0.6633333333333333;0.08208;0.11096666666666669;0.1512766666666667;0.16777666666666669;0.17898666666666666;0.1894;0.20254666666666668;0.20452;0.33604;0.31848333333333334
2021-02-22T00:00:00.000Z;;;;;;;;;;;;
2021-02-24T00:00:00.000Z;;;;;;;;;;;;
2021-02-27T00:00:00.000Z;;;;;;;;;;;;
2021-03-01T00:00:00.000Z;;;;;;;;;;;;
2021-03-04T00:00:00.000Z;;;;;;;;;;;;
2021-03-06T00:00:00.000Z;;;;;;;;;;;;
2021-03-09T00:00:00.000Z;;;;;;;;;;;;
2021-03-11T00:00:00.000Z;0.116;1.3212000000000002;0.07755666666666668;0.10554333333333335;0.14359666666666668;0.16474000000000003;0.1773266666666667;0.1890966666666667;0.19745333333333334;0.20591333333333334;0.34141;0.3205766666666667
2021-03-14T00:00:00.000Z;0.089;0.6357;0.07286333333333334;0.09864;0.13528666666666667;0.15398;0.1683;0.17844333333333334;0.19282000000000002;0.19347666666666669;0.31877;0.30195333333333335
2021-03-16T00:00:00.000Z;0.138;0.7400333333333333;0.08079;0.11216;0.15219000000000002;0.17432;0.18849000000000002;0.19982000000000003;0.20996;0.21656999999999998;0.34486;0.31671666666666665
2021-03-19T00:00:00.000Z;;;;;;;;;;;;
2021-03-21T00:00:00.000Z;0.13276666666666667;0.4184;0.08418;0.11358333333333333;0.15279;0.17258666666666667;0.18892333333333333;0.20203333333333334;0.21901666666666667;0.21919000000000002;0.3526533333333334;0.32955666666666666
2021-03-24T00:00:00.000Z;0.116;0.7615666666666667;0.07719666666666668;0.10410666666666667;0.1401;0.15958333333333333;0.1770233333333333;0.18805333333333335;0.20114;0.20358666666666664;0.3280666666666667;0.30658
2021-03-26T00:00:00.000Z;0.1764;0.7189333333333333;0.08396333333333333;0.11630666666666667;0.15752000000000002;0.18138666666666664;0.19813333333333333;0.2099;0.2214;0.2295366666666667;0.35692;0.32504000000000005
2021-03-29T00:00:00.000Z;;;;;;;;;;;;
2021-03-31T00:00:00.000Z;0.3619;0.8386333333333333;0.10670333333333333;0.13931333333333334;0.16678666666666667;0.19083333333333333;0.21753000000000003;0.23089333333333334;0.24246;0.2451;0.3198833333333333;0.29061333333333333
2021-04-03T00:00:00.000Z;;;;;;;;;;;;
2021-04-05T00:00:00.000Z;0.171;1.1181333333333334;0.08564000000000001;0.11608;0.15417333333333333;0.17965;0.19962333333333332;0.21244666666666667;0.21850666666666668;0.23065333333333335;0.34647;0.31285333333333337
2021-04-08T00:00:00.000Z;;;;;;;;;;;;
2021-04-10T00:00:00.000Z;;;;;;;;;;;;
2021-04-13T00:00:00.000Z;;;;;;;;;;;;
2021-04-15T00:00:00.000Z;;;;;;;;;;;;
2021-04-18T00:00:00.000Z;0.13276666666666667;0.4393666666666667;0.07734666666666667;0.10812000000000001;0.14338;0.16854666666666668;0.19546666666666668;0.20784666666666668;0.223;0.22458666666666668;0.33225;0.2958233333333333
2021-04-20T00:00:00.000Z;0.19363333333333332;1.3617000000000001;0.11212000000000001;0.14182333333333333;0.18055333333333334;0.2113866666666667;0.2395366666666667;0.25741;0.2638466666666667;0.27391333333333334;0.40534000000000003;0.3753666666666667
2021-04-23T00:00:00.000Z;;;;;;;;;;;;
2021-04-25T00:00:00.000Z;;;;;;;;;;;;
2021-04-28T00:00:00.000Z;;;;;;;;;;;;
2021-04-30T00:00:00.000Z;0.209;1.2312;0.10277333333333331;0.13624666666666668;0.1749766666666667;0.2078866666666667;0.23960333333333333;0.2556866666666667;0.26521333333333336;0.2728766666666667;0.39692333333333335;0.36920000000000003
2021-05-03T00:00:00.000Z;;;;;;;;;;;;
2021-05-05T00:00:00.000Z;;;;;;;;;;;;
2021-05-08T00:00:00.000Z;0.138;0.7578333333333334;0.09774333333333332;0.13082000000000002;0.16434;0.19607000000000002;0.23033000000000003;0.24323666666666668;0.25676666666666664;0.26081333333333334;0.3478866666666667;0.3073666666666667
2021-05-10T00:00:00.000Z;;;;;;;;;;;;
2021-05-13T00:00:00.000Z;0.1;1.2510000000000001;0.09047777777777778;0.12457777777777779;0.16002222222222223;0.19432222222222226;0.2307777777777778;0.24757777777777779;0.25924444444444444;0.2638333333333333;0.35736666666666667;0.3210222222222222
2021-05-15T00:00:00.000Z;0.116;1.0995333333333333;0.10420666666666667;0.13955333333333333;0.18068666666666663;0.21595333333333333;0.24903333333333333;0.2644866666666667;0.27272666666666673;0.28370333333333336;0.39286333333333334;0.3517366666666667
2021-05-18T00:00:00.000Z;0.12190000000000001;1.0866333333333336;0.08718333333333333;0.12232000000000001;0.16095333333333334;0.19526333333333334;0.22206333333333333;0.23515666666666668;0.24472;0.25547;0.35759;0.31366
2021-05-20T00:00:00.000Z;0.16;1.5249000000000001;0.1071766666666667;0.14209000000000002;0.18497333333333332;0.22104000000000001;0.24497;0.26303333333333334;0.27085000000000004;0.28184333333333333;0.40229333333333334;0.3700233333333333
2021-05-23T00:00:00.000Z;;;;;;;;;;;;
2021-05-25T00:00:00.000Z;;;;;;;;;;;;
2021-05-28T00:00:00.000Z;;;;;;;;;;;;
2021-05-30T00:00:00.000Z;;;;;;;;;;;;
2021-06-02T00:00:00.000Z;0.127;1.2731666666666668;0.10314666666666668;0.13683333333333333;0.18282;0.21677;0.24460666666666667;0.26271666666666665;0.2737266666666667;0.2827;0.40113333333333334;0.36028333333333334
2021-06-04T00:00:00.000Z;;;;;;;;;;;;
2021-06-07T00:00:00.000Z;0.138;1.489;0.08514333333333333;0.11972666666666669;0.1626266666666667;0.19596;0.21851666666666666;0.23320666666666667;0.23912;0.2539666666666667;0.3681066666666667;0.3201333333333333
2021-06-09T00:00:00.000Z;0.1872333333333333;1.4794;0.10716333333333335;0.14276666666666668;0.18918666666666664;0.22122333333333333;0.24300333333333335;0.26144;0.26929000000000003;0.2826033333333333;0.41514333333333336;0.38143000000000005
2021-06-12T00:00:00.000Z;;;;;;;;;;;;
2021-06-14T00:00:00.000Z;0.3183;1.7776666666666667;0.10476666666666667;0.14706333333333335;0.19308666666666663;0.2266733333333333;0.24961333333333333;0.2651766666666667;0.2673233333333333;0.2856266666666667;0.3896766666666667;0.3391266666666667
2021-06-17T00:00:00.000Z;;;;;;;;;;;;
2021-06-19T00:00:00.000Z;;;;;;;;;;;;
2021-06-22T00:00:00.000Z;;;;;;;;;;;;
2021-06-24T00:00:00.000Z;0.171;1.5454333333333334;0.10594000000000002;0.14664333333333335;0.19745333333333334;0.23227;0.25343000000000004;0.2691;0.27442333333333335;0.29201666666666665;0.4185966666666666;0.36749666666666664
2021-06-27T00:00:00.000Z;0.15453333333333333;1.5573333333333332;0.09286000000000001;0.13181333333333334;0.1771;0.20895;0.23239666666666667;0.24685666666666667;0.2510733333333333;0.2668466666666667;0.37899000000000005;0.32586
2021-06-29T00:00:00.000Z;0.105;1.0725666666666667;0.11393333333333333;0.15237333333333333;0.20230666666666663;0.23521;0.25705666666666666;0.27306;0.28507333333333335;0.2942266666666667;0.42444;0.3849366666666667
2021-07-02T00:00:00.000Z;0.13276666666666667;1.0923;0.09867000000000001;0.13434000000000001;0.18198;0.21131666666666665;0.2347233333333333;0.24930000000000002;0.26066;0.26879000000000003;0.39076;0.3506
2021-07-04T00:00:00.000Z;0.061;1.377233333333333;0.11124000000000002;0.15360000000000001;0.2048766666666667;0.2359766666666667;0.25894333333333336;0.27268333333333333;0.2786466666666667;0.29345;0.4232233333333334;0.37297
2021-07-07T00:00:00.000Z;;;;;;;;;;;;
2021-07-09T00:00:00.000Z;0.2749;2.0571333333333333;0.14103;0.18246;0.2342866666666667;0.2725066666666667;0.29762333333333335;0.31809000000000004;0.31941;0.33857333333333334;0.46234;0.41106000000000004
2021-07-12T00:00:00.000Z;0.3592;1.0481;0.09607;0.1369466666666667;0.18850666666666666;0.21738333333333332;0.24281999999999998;0.25933;0.2695866666666667;0.27825666666666665;0.38866;0.34019000000000005
2021-07-14T00:00:00.000Z;0.11093333333333334;1.5839666666666667;0.11229666666666667;0.15493;0.20710333333333333;0.24100666666666667;0.2601466666666667;0.27539;0.27845333333333333;0.29561;0.42415;0.37063666666666667
2021-07-17T00:00:00.000Z;0.13276666666666667;1.6106333333333336;0.10014666666666669;0.13823333333333332;0.18317333333333333;0.21480333333333335;0.23510333333333333;0.25082333333333334;0.2531266666666667;0.2703266666666667;0.37512;0.32117
2021-07-19T00:00:00.000Z;0.291;1.9163666666666663;0.11717666666666669;0.15691;0.21196;0.24497;0.2640366666666667;0.28290000000000004;0.28607333333333335;0.3010733333333333;0.4345;0.38621666666666665
2021-07-22T00:00:00.000Z;0.2149;1.0166333333333333;0.10072666666666669;0.13970666666666667;0.19178666666666663;0.22138333333333332;0.23999;0.2542766666666667;0.26694666666666667;0.2740266666666667;0.39676333333333336;0.35111000000000003
2021-07-24T00:00:00.000Z;0.41076666666666667;1.473266666666667;0.11101;0.15991333333333335;0.21441333333333334;0.24827;0.26581666666666665;0.2816033333333333;0.2839733333333333;0.3013466666666667;0.41266666666666674;0.35156333333333334
2021-07-27T00:00:00.000Z;0.23666666666666664;1.7265000000000001;0.08824333333333333;0.12902000000000002;0.17907333333333333;0.21048666666666668;0.22773000000000002;0.2415233333333333;0.24501333333333333;0.2617566666666667;0.3795133333333333;0.3210366666666667
2021-07-29T00:00:00.000Z;0.24753333333333333;1.8126;0.11008666666666667;0.15005333333333334;0.19933;0.23107333333333333;0.2489366666666667;0.26672;0.2687;0.2856366666666667;0.4112766666666667;0.3678633333333333
2021-08-01T00:00:00.000Z;0.209;1.357766666666667;0.09515333333333333;0.13222;0.18200666666666665;0.21153000000000002;0.22944333333333336;0.24317333333333332;0.25236000000000003;0.2614666666666667;0.38816;0.34431333333333336
2021-08-03T00:00:00.000Z;;;;;;;;;;;;
2021-08-06T00:00:00.000Z;0.1872333333333333;1.7253666666666665;0.09292333333333333;0.13356666666666667;0.18266666666666667;0.21301333333333333;0.23016999999999999;0.24146666666666666;0.24581999999999998;0.26330333333333333;0.38101;0.32565
2021-08-08T00:00:00.000Z;0.116;2.1790333333333334;0.11393;0.15165;0.20308666666666664;0.23746666666666666;0.2502533333333333;0.26820666666666665;0.26776;0.28687;0.42039;0.3776233333333333
2021-08-11T00:00:00.000Z;;;;;;;;;;;;
2021-08-13T00:00:00.000Z;0.3291;1.4516;0.10515666666666666;0.14919000000000002;0.20042000000000001;0.23168000000000002;0.24971333333333334;0.26450666666666667;0.26750333333333337;0.28296;0.3954166666666667;0.3405866666666667
2021-08-16T00:00:00.000Z;0.3785333333333334;1.3551;0.09398666666666668;0.13807333333333333;0.18681333333333333;0.2171866666666667;0.2344966666666667;0.24815333333333334;0.25434666666666667;0.2679266666666667;0.36888333333333334;0.3106433333333333
2021-08-18T00:00:00.000Z;0.26392592592592595;2.1807777777777777;0.1373851851851852;0.1534074074074074;0.17783333333333334;0.2043037037037037;0.22216296296296298;0.2397555555555556;0.22028518518518522;0.25303703703703706;0.3115037037037037;0.25831481481481483
2021-08-21T00:00:00.000Z;;;;;;;;;;;;
2021-08-23T00:00:00.000Z;;;;;;;;;;;;
2021-08-26T00:00:00.000Z;0.24753333333333333;2.1938666666666666;0.08897666666666668;0.12875333333333333;0.17738666666666666;0.21065666666666666;0.22490000000000002;0.23764000000000002;0.23825333333333334;0.2581766666666667;0.3712933333333333;0.3121966666666667
2021-08-28T00:00:00.000Z;0.2856666666666667;1.8717333333333332;0.1037766666666667;0.14546333333333336;0.19835666666666665;0.22883000000000003;0.24259333333333336;0.26004000000000005;0.26250333333333337;0.2754066666666667;0.40565;0.3605866666666667
2021-08-31T00:00:00.000Z;0.33473333333333327;2.8065333333333333;0.11089666666666667;0.15177333333333332;0.20567333333333332;0.23973666666666668;0.2567933333333334;0.27399666666666667;0.27315333333333336;0.29493;0.41608999999999996;0.36299000000000003
2021-09-02T00:00:00.000Z;0.12190000000000001;2.511366666666667;0.08889333333333334;0.12098666666666666;0.16420666666666667;0.19619666666666669;0.2122766666666667;0.22616333333333333;0.22444000000000003;0.24644666666666667;0.3547166666666667;0.29003
2021-09-05T00:00:00.000Z;0.14376666666666668;1.9460666666666664;0.09248;0.13100666666666666;0.1772266666666667;0.21212;0.23036666666666666;0.24526333333333333;0.24713333333333332;0.26544333333333336;0.38312;0.33157333333333333
2021-09-07T00:00:00.000Z;0.25839999999999996;1.8056666666666668;0.08973;0.12609333333333334;0.16713666666666666;0.1948166666666667;0.21444000000000002;0.22965666666666668;0.23154000000000002;0.24631333333333333;0.34985333333333335;0.3123766666666667
2021-09-10T00:00:00.000Z;0.171;1.9509333333333332;0.09295;0.12534;0.17135333333333333;0.20036;0.22188000000000002;0.23676666666666665;0.23828000000000002;0.25437;0.3758666666666667;0.33081666666666665
2021-09-12T00:00:00.000Z;0.22;1.5203;0.08967000000000001;0.12940000000000002;0.17817000000000002;0.20871;0.22885666666666668;0.24146666666666666;0.24515;0.26016666666666666;0.38510666666666665;0.3352833333333333
2021-09-15T00:00:00.000Z;0.1981071428571429;1.636571428571429;0.08510357142857143;0.11677857142857143;0.15712857142857142;0.18469285714285716;0.20520000000000002;0.21711071428571427;0.22221428571428575;0.234875;0.3374357142857143;0.2845928571428572
2021-09-17T00:00:00.000Z;0.2149;2.1737333333333333;0.08381666666666666;0.1177766666666667;0.16180333333333333;0.19050333333333333;0.21153333333333332;0.22934000000000002;0.227;0.24383000000000002;0.3656033333333333;0.3188566666666667
2021-09-20T00:00:00.000Z;0.16553333333333334;1.7297;0.08503;0.11767333333333332;0.16071333333333335;0.1908966666666667;0.21425000000000002;0.22960666666666668;0.23536666666666667;0.24647333333333332;0.3659233333333333;0.3246133333333333
2021-09-22T00:00:00.000Z;;;;;;;;;;;;
2021-09-25T00:00:00.000Z;;;;;;;;;;;;
2021-09-27T00:00:00.000Z;;;;;;;;;;;;
2021-09-30T00:00:00.000Z;0.2801;2.1132;0.09724000000000001;0.12594000000000002;0.16078666666666666;0.19113;0.22159;0.24018000000000003;0.24081333333333332;0.25486;0.36506333333333335;0.3163166666666667
2021-10-02T00:00:00.000Z;;;;;;;;;;;;
2021-10-05T00:00:00.000Z;0.1;1.699266666666667;0.07277666666666667;0.10840999999999999;0.14494;0.17503;0.20568000000000003;0.21790333333333334;0.2219866666666667;0.23568666666666668;0.32961;0.2772466666666667
2021-10-07T00:00:00.000Z;0.127;1.3475666666666666;0.14828333333333332;0.17609666666666668;0.20784000000000002;0.24043000000000003;0.2755066666666667;0.29416000000000003;0.30430333333333337;0.30879666666666666;0.38581333333333334;0.32430000000000003
2021-10-10T00:00:00.000Z;;;;;;;;;;;;
2021-10-12T00:00:00.000Z;0.20400000000000001;1.3579375;0.22742500000000002;0.2415625;0.2587125;0.29234375;0.32974375;0.3399375;0.36715000000000003;0.35555625;0.4289;0.34694375
2021-10-15T00:00:00.000Z;0.127;1.2523333333333333;0.07563666666666667;0.10889666666666667;0.14436666666666667;0.17572000000000002;0.20987;0.22365000000000002;0.2291;0.24011666666666667;0.32453333333333334;0.2691266666666667
2021-10-17T00:00:00.000Z;0.089;1.9677;0.09646;0.1303;0.1711666666666667;0.20643666666666668;0.24079000000000003;0.2605633333333333;0.26165333333333335;0.27799;0.38947;0.33997
2021-10-20T00:00:00.000Z;0.094;0.9459666666666668;0.07688666666666667;0.10849000000000002;0.14453333333333332;0.17140333333333335;0.20476;0.22043333333333331;0.23214666666666667;0.23496666666666666;0.32556999999999997;0.28141333333333335
2021-10-22T00:00:00.000Z;;;;;;;;;;;;
2021-10-25T00:00:00.000Z;;;;;;;;;;;;
2021-10-27T00:00:00.000Z;;;;;;;;;;;;
2021-10-30T00:00:00.000Z;;;;;;;;;;;;
2021-11-01T00:00:00.000Z;0.0669;1.9937;0.048780000000000004;0.05062;0.05047;0.05583666666666667;0.06520666666666668;0.06910333333333334;0.08919666666666667;0.07476333333333333;0.08276666666666667;0.06358666666666667
2021-11-04T00:00:00.000Z;0.094;0.8339;0.08924;0.12029333333333335;0.15206666666666668;0.17999333333333334;0.21639000000000003;0.23096999999999998;0.24337333333333333;0.2473266666666667;0.3079233333333333;0.25450666666666666
2021-11-06T00:00:00.000Z;0.055666666666666656;0.4720666666666667;0.08971333333333334;0.12156;0.15806;0.18196;0.21649666666666667;0.23066666666666666;0.2471266666666667;0.2464833333333333;0.31960333333333335;0.27696666666666664
2021-11-09T00:00:00.000Z;0.094;0.9189;0.07476666666666666;0.10649666666666667;0.14086666666666667;0.16624000000000003;0.19980333333333333;0.21297333333333332;0.2257333333333333;0.22793333333333332;0.31135333333333337;0.26744666666666667
2021-11-11T00:00:00.000Z;0.1;0.9839333333333332;0.07595;0.11135;0.14951333333333336;0.17710333333333333;0.20966;0.22351666666666667;0.2319266666666667;0.24021;0.3276733333333333;0.27825333333333335
2021-11-14T00:00:00.000Z;0.094;1.1302333333333332;0.06903;0.10338;0.13748;0.16515333333333335;0.19828;0.2109833333333333;0.22080000000000002;0.22609333333333334;0.3049;0.25001666666666666
2021-11-16T00:00:00.000Z;0.094;0.8942666666666667;0.08084;0.11333333333333333;0.15058666666666667;0.17793333333333333;0.21138000000000004;0.22490000000000002;0.23753000000000002;0.24100666666666667;0.33117666666666673;0.2860866666666667
2021-11-19T00:00:00.000Z;;;;;;;;;;;;
2021-11-21T00:00:00.000Z;;;;;;;;;;;;
2021-11-24T00:00:00.000Z;0.1218;0.732;0.07106000000000001;0.06649000000000001;0.06548;0.07824;0.08894;0.09294000000000001;0.11996;0.09894;0.12675999999999998;0.09408
2021-11-26T00:00:00.000Z;;;;;;;;;;;;
2021-11-29T00:00:00.000Z;0.07200000000000001;1.2156;0.07239;0.10129666666666669;0.13488;0.16173666666666667;0.19603333333333334;0.21066000000000001;0.22031333333333333;0.22351666666666667;0.30532;0.2611466666666667
2021-12-01T00:00:00.000Z;0.089;0.9393;0.07190333333333333;0.10718666666666667;0.1437;0.17357333333333333;0.20426666666666668;0.21654333333333334;0.22661;0.23336;0.31445;0.26661999999999997
2021-12-04T00:00:00.000Z;0.07200000000000001;0.7016333333333333;0.06685666666666668;0.09898333333333334;0.13185333333333335;0.15949666666666668;0.19184666666666667;0.20611666666666667;0.22027333333333332;0.22116;0.29076;0.24036
2021-12-06T00:00:00.000Z;0.078;0.9539666666666669;0.07850666666666667;0.11083666666666667;0.14677;0.17369333333333334;0.20535;0.21952333333333332;0.23062;0.23548000000000002;0.31790666666666667;0.27681333333333336
2021-12-09T00:00:00.000Z;0.078;1.1320000000000001;0.07314;0.10297666666666669;0.1363266666666667;0.16386;0.19906333333333334;0.21206333333333333;0.22281333333333334;0.2273766666666667;0.30359;0.2587066666666667
2021-12-11T00:00:00.000Z;0.078;1.149;0.07323666666666667;0.10740999999999999;0.14462666666666668;0.17665333333333333;0.2072866666666667;0.21954666666666667;0.22611333333333333;0.23475666666666667;0.31793333333333335;0.26860666666666666
2021-12-14T00:00:00.000Z;0.0669;0.7263666666666667;0.06766666666666667;0.09911666666666667;0.13224666666666668;0.16044666666666668;0.19252000000000002;0.20555333333333334;0.22051333333333334;0.22297;0.28924;0.23537333333333332
2021-12-16T00:00:00.000Z;;;;;;;;;;;;
2021-12-19T00:00:00.000Z;;;;;;;;;;;;
2021-12-21T00:00:00.000Z;;;;;;;;;;;;
2021-12-24T00:00:00.000Z;;;;;;;;;;;;
2021-12-26T00:00:00.000Z;;;;;;;;;;;;
2021-12-29T00:00:00.000Z;;;;;;;;;;;;
2021-12-31T00:00:00.000Z;0.07200000000000001;0.6427;0.07247333333333333;0.10719333333333335;0.14207333333333333;0.1689733333333333;0.2004466666666667;0.21437;0.22484666666666667;0.2296333333333333;0.31071333333333334;0.26336666666666664
2022-01-03T00:00:00.000Z;0.061;0.7238;0.06651333333333334;0.09818333333333334;0.1310266666666667;0.15608333333333332;0.18756;0.20096;0.21250666666666668;0.21486333333333332;0.28796666666666665;0.2383866666666667
2022-01-05T00:00:00.000Z;0.078;0.5588333333333334;0.08656000000000001;0.12015333333333333;0.1582766666666667;0.18469333333333332;0.21663333333333332;0.22909333333333334;0.24784333333333336;0.24610666666666667;0.33301333333333333;0.2862266666666667
2022-01-08T00:00:00.000Z;;;;;;;;;;;;
2022-01-10T00:00:00.000Z;0.089;1.3443666666666665;0.06096666666666667;0.08509333333333333;0.11236;0.13329333333333335;0.15321333333333334;0.16176333333333334;0.16395333333333334;0.17316333333333336;0.2220766666666667;0.18958333333333333
2022-01-13T00:00:00.000Z;;;;;;;;;;;;
2022-01-15T00:00:00.000Z;0.094;0.5755;0.08185;0.1139766666666667;0.15238000000000002;0.17769333333333334;0.20726333333333333;0.21896;0.23590333333333335;0.23378333333333332;0.31848333333333334;0.27669000000000005
2022-01-18T00:00:00.000Z;0.07200000000000001;0.2837333333333333;0.07214333333333334;0.10158666666666669;0.13691333333333336;0.15875666666666666;0.19176;0.20463333333333333;0.22540666666666667;0.21922;0.2949966666666667;0.2512833333333333
2022-01-20T00:00:00.000Z;0.1;0.5780333333333333;0.07794333333333334;0.11356666666666668;0.1540766666666667;0.18080333333333334;0.20970666666666668;0.22107333333333332;0.23414000000000001;0.2379;0.31971;0.2720333333333333
2022-01-23T00:00:00.000Z;;;;;;;;;;;;
2022-01-25T00:00:00.000Z;;;;;;;;;;;;
2022-01-28T00:00:00.000Z;0.116;0.5742666666666667;0.06983;0.10052666666666668;0.13587333333333332;0.15953666666666666;0.19028;0.20220666666666665;0.2184;0.21614333333333335;0.2968633333333333;0.25544666666666666
2022-01-30T00:00:00.000Z;0.094;0.2039;0.07690333333333334;0.11265333333333334;0.15438666666666667;0.17755;0.20628333333333332;0.2179333333333333;0.2371833333333333;0.23353333333333332;0.3196833333333333;0.27349666666666667
2022-02-02T00:00:00.000Z;0.0669;0.4505333333333334;0.06984666666666667;0.10388333333333333;0.13972;0.16436;0.19291666666666668;0.20395000000000002;0.2193266666666667;0.2186266666666667;0.29825333333333337;0.24858000000000002
2022-02-04T00:00:00.000Z;;;;;;;;;;;;
2022-02-07T00:00:00.000Z;0.07200000000000001;0.6436333333333334;0.07459666666666667;0.10695666666666667;0.14539333333333335;0.16924333333333336;0.19564;0.20798000000000003;0.2232866666666667;0.22186999999999998;0.3065866666666667;0.26679
2022-02-09T00:00:00.000Z;;;;;;;;;;;;
2022-02-12T00:00:00.000Z;;;;;;;;;;;;
2022-02-14T00:00:00.000Z;;;;;;;;;;;;
2022-02-17T00:00:00.000Z;0.07200000000000001;0.6101666666666666;0.07756;0.11025666666666667;0.14838666666666667;0.1735266666666667;0.20153000000000001;0.21327;0.2288;0.22706333333333334;0.31870333333333334;0.2756633333333333
2022-02-19T00:00:00.000Z;;;;;;;;;;;;
2022-02-22T00:00:00.000Z;0.078;0.32926666666666665;0.07632000000000001;0.1119766666666667;0.15138666666666667;0.1769;0.20366333333333334;0.21449666666666667;0.23225333333333334;0.23063666666666668;0.31546;0.2635133333333333
2022-02-24T00:00:00.000Z;0.171;0.9481;0.08548666666666667;0.11695000000000001;0.15433666666666665;0.18048666666666663;0.20362333333333332;0.21664666666666668;0.22101333333333334;0.2301;0.29862333333333335;0.2553266666666667
2022-02-27T00:00:00.000Z;;;;;;;;;;;;
2022-03-01T00:00:00.000Z;0.11093333333333334;0.6281333333333333;0.08722666666666667;0.12550666666666666;0.17009666666666667;0.19680666666666666;0.22195666666666666;0.23417333333333332;0.24630666666666667;0.24939333333333336;0.34918000000000005;0.30151666666666666
2022-03-04T00:00:00.000Z;;;;;;;;;;;;
2022-03-06T00:00:00.000Z;;;;;;;;;;;;
2022-03-09T00:00:00.000Z;0.105;0.8989;0.07156333333333334;0.10365;0.14154000000000003;0.1696;0.19625666666666663;0.20714666666666667;0.21986;0.22114000000000003;0.3056433333333334;0.25769333333333333
2022-03-11T00:00:00.000Z;;;;;;;;;;;;
2022-03-14T00:00:00.000Z;;;;;;;;;;;;
2022-03-16T00:00:00.000Z;;;;;;;;;;;;
2022-03-19T00:00:00.000Z;;;;;;;;;;;;
2022-03-21T00:00:00.000Z;;;;;;;;;;;;
2022-03-24T00:00:00.000Z;;;;;;;;;;;;
2022-03-26T00:00:00.000Z;;;;;;;;;;;;
2022-03-29T00:00:00.000Z;;;;;;;;;;;;
2022-03-31T00:00:00.000Z;;;;;;;;;;;;
2022-04-03T00:00:00.000Z;0.1;0.28763333333333335;0.08318666666666667;0.12289333333333334;0.16049333333333335;0.19165666666666664;0.2271866666666667;0.24020333333333335;0.2602333333333333;0.25674;0.33105333333333337;0.27888666666666667
2022-04-05T00:00:00.000Z;;;;;;;;;;;;
2022-04-08T00:00:00.000Z;;;;;;;;;;;;
2022-04-10T00:00:00.000Z;;;;;;;;;;;;
2022-04-13T00:00:00.000Z;;;;;;;;;;;;
2022-04-15T00:00:00.000Z;;;;;;;;;;;;
2022-04-18T00:00:00.000Z;0.15476190476190477;1.0934285714285712;0.09317142857142856;0.12860000000000002;0.1626857142857143;0.2007761904761905;0.2480904761904762;0.26776666666666665;0.2696857142857143;0.2807952380952381;0.341304761904762;0.2858904761904762
2022-04-20T00:00:00.000Z;;;;;;;;;;;;
2022-04-23T00:00:00.000Z;0.116;0.7005333333333333;0.10142000000000001;0.14660666666666666;0.18343333333333334;0.23331666666666667;0.2928633333333333;0.3115866666666667;0.32664000000000004;0.3304566666666667;0.39450666666666667;0.31656
2022-04-25T00:00:00.000Z;0.116;0.9158666666666668;0.09904;0.14207333333333333;0.17847000000000002;0.21999000000000002;0.2710033333333333;0.28939000000000004;0.30049000000000003;0.3044266666666667;0.3787866666666667;0.32852333333333333
2022-04-28T00:00:00.000Z;;;;;;;;;;;;
2022-04-30T00:00:00.000Z;;;;;;;;;;;;
2022-05-03T00:00:00.000Z;0.13269565217391305;1.5603478260869565;0.09080434782608697;0.12722608695652177;0.1512608695652174;0.2038391304347826;0.2710217391304348;0.2922739130434783;0.2970086956521739;0.30760000000000004;0.33173478260869566;0.2531695652173913
2022-05-05T00:00:00.000Z;;;;;;;;;;;;
2022-05-08T00:00:00.000Z;0.11093333333333334;0.9881000000000001;0.08423666666666667;0.12384666666666667;0.15158666666666668;0.19684333333333331;0.2633366666666667;0.2826133333333333;0.29436;0.29567333333333334;0.33915333333333336;0.28370333333333336
2022-05-10T00:00:00.000Z;0.149;1.0128666666666668;0.09323333333333333;0.13879666666666668;0.17056333333333334;0.2198733333333333;0.28632666666666673;0.3052533333333333;0.3129266666666667;0.3199866666666667;0.3693533333333333;0.30523000000000006
2022-05-13T00:00:00.000Z;0.171;1.7435;0.08231666666666666;0.12326;0.15106666666666668;0.20169;0.2671633333333333;0.28585666666666665;0.2873;0.3016366666666667;0.33231333333333335;0.2663066666666667
2022-05-15T00:00:00.000Z;0.209;1.5285;0.1056;0.14767000000000002;0.17681333333333335;0.2258;0.29216000000000003;0.31679333333333337;0.32056666666666667;0.3305366666666667;0.37277;0.31739333333333336
2022-05-18T00:00:00.000Z;0.16553333333333334;1.4408333333333332;0.08797;0.12713333333333332;0.15526;0.2007766666666667;0.2666733333333333;0.2890766666666667;0.2955866666666667;0.3022066666666667;0.34089;0.28299
2022-05-20T00:00:00.000Z;;;;;;;;;;;;
2022-05-23T00:00:00.000Z;0.16;1.4667999999999999;0.08545;0.1276733333333333;0.15888;0.20919000000000001;0.2700333333333333;0.29191333333333336;0.2953733333333333;0.30752;0.3460266666666667;0.2758933333333334
2022-05-25T00:00:00.000Z;0.127;1.1483333333333332;0.06346666666666667;0.09546666666666667;0.13173333333333334;0.18723333333333333;0.22796666666666665;0.2502333333333333;0.17830000000000001;0.2697333333333333;0.2670666666666667;0.22336666666666666
2022-05-28T00:00:00.000Z;0.11093333333333334;1.331766666666667;0.09180666666666669;0.1318666666666667;0.1671266666666667;0.21204;0.27049666666666666;0.29075666666666666;0.29876;0.30712;0.35599000000000003;0.2954566666666667
2022-05-30T00:00:00.000Z;0.138;0.9933666666666668;0.10543;0.15366;0.19600666666666663;0.2442466666666667;0.3005566666666667;0.31904333333333335;0.32731666666666664;0.33698000000000006;0.39594666666666667;0.32524333333333333
2022-06-02T00:00:00.000Z;;;;;;;;;;;;
2022-06-04T00:00:00.000Z;0.1872333333333333;1.5006;0.11081666666666667;0.15582000000000001;0.20139;0.24992333333333333;0.29762;0.3197966666666667;0.32555;0.33762;0.40420666666666666;0.33956333333333333
2022-06-07T00:00:00.000Z;0.11093333333333334;1.5575333333333334;0.09753666666666669;0.13800666666666667;0.1808266666666667;0.22529000000000002;0.27194;0.2937966666666667;0.3001533333333333;0.31022333333333335;0.3738433333333333;0.31106333333333336
2022-06-09T00:00:00.000Z;0.1764;2.0755666666666666;0.10930666666666666;0.15888;0.20793000000000003;0.25763;0.30085333333333336;0.31824;0.3166733333333333;0.33865333333333336;0.41292;0.33821666666666667
2022-06-12T00:00:00.000Z;0.127;1.3135666666666665;0.09761333333333333;0.13944;0.18187333333333333;0.2255333333333333;0.27042333333333335;0.2878766666666667;0.29526;0.3084766666666667;0.3606533333333333;0.28751333333333334
2022-06-14T00:00:00.000Z;0.24753333333333333;1.2680333333333333;0.11539333333333335;0.16165333333333334;0.20744;0.25073666666666666;0.2926766666666667;0.31262;0.3232966666666667;0.33205333333333337;0.3985433333333333;0.33531333333333335
2022-06-17T00:00:00.000Z;0.12190000000000001;1.5189000000000001;0.10421666666666668;0.14340666666666665;0.18629333333333334;0.22694666666666669;0.2681966666666667;0.2869733333333333;0.2949733333333333;0.30674666666666667;0.36686;0.3040066666666667
2022-06-19T00:00:00.000Z;0.2856666666666667;1.3976333333333335;0.11186333333333334;0.16463333333333333;0.2150766666666667;0.26106999999999997;0.29969666666666667;0.31770000000000004;0.32248000000000004;0.3364833333333333;0.4022766666666667;0.32478
2022-06-22T00:00:00.000Z;0.11093333333333334;0.7286333333333334;0.08894666666666667;0.13269333333333336;0.18111333333333332;0.22395;0.26452;0.2822866666666667;0.2959733333333333;0.30312;0.36809000000000003;0.29306666666666664
2022-06-24T00:00:00.000Z;0.171;1.4481333333333335;0.11148666666666666;0.15866;0.21080666666666667;0.25600666666666666;0.29314;0.31135666666666667;0.32055333333333336;0.33125333333333334;0.4199533333333334;0.35564666666666667
2022-06-27T00:00:00.000Z;0.127;1.2277333333333331;0.09742666666666668;0.14012000000000002;0.1903466666666667;0.2308;0.26996333333333333;0.28835333333333335;0.2976266666666667;0.30737;0.38299000000000005;0.31723
2022-06-29T00:00:00.000Z;0.22;1.8103;0.10966333333333335;0.16011666666666668;0.21567333333333333;0.26375000000000004;0.29834000000000005;0.31575000000000003;0.31681;0.33666;0.4205533333333334;0.3426666666666667
2022-07-02T00:00:00.000Z;0.3674;1.9831666666666667;0.09549;0.14649333333333334;0.1946466666666667;0.24046;0.27653000000000005;0.2945066666666667;0.29517333333333334;0.3152266666666667;0.36638000000000004;0.28631
2022-07-04T00:00:00.000Z;0.2356;2.1185666666666667;0.11835999999999999;0.16551333333333335;0.21663333333333332;0.2616233333333333;0.29574666666666666;0.31744;0.31884333333333337;0.33685333333333334;0.4107033333333334;0.3408966666666667
2022-07-07T00:00:00.000Z;;;;;;;;;;;;
2022-07-09T00:00:00.000Z;0.209;1.5831333333333335;0.10491666666666669;0.15521;0.21028666666666668;0.25660333333333335;0.2912666666666667;0.3087566666666667;0.3113366666666667;0.32787;0.41946000000000006;0.34423333333333334
2022-07-12T00:00:00.000Z;0.1981;1.4189333333333334;0.09253333333333334;0.1403;0.19121333333333332;0.23566666666666666;0.26759;0.2850866666666667;0.28998;0.30547666666666673;0.38002;0.30406
2022-07-14T00:00:00.000Z;0.291;1.4180666666666666;0.10819666666666668;0.1561233333333333;0.21076666666666666;0.25371;0.28867;0.30700666666666665;0.3162466666666667;0.3271266666666667;0.4188866666666667;0.3552966666666667
2022-07-17T00:00:00.000Z;0.16553333333333334;1.0366333333333335;0.09709333333333332;0.14133333333333334;0.19293333333333335;0.2356966666666667;0.2669533333333333;0.2842633333333333;0.29762;0.30451333333333336;0.3858766666666667;0.31939666666666666
2022-07-19T00:00:00.000Z;0.15453333333333333;1.6649;0.10923;0.15736333333333336;0.21011333333333332;0.25328;0.2848;0.3010266666666667;0.3036233333333333;0.3221333333333333;0.4066033333333333;0.33611
2022-07-22T00:00:00.000Z;0.182;1.9645333333333332;0.09512666666666668;0.13964000000000001;0.18965333333333334;0.23511666666666667;0.26473;0.2805066666666667;0.28306;0.30159;0.3752466666666666;0.2996866666666667
2022-07-24T00:00:00.000Z;0.2801;1.0568333333333333;0.11314666666666667;0.16291;0.2194266666666667;0.2629833333333333;0.29414666666666667;0.31194000000000005;0.32419000000000003;0.33225333333333334;0.41802333333333336;0.35148666666666667
2022-07-27T00:00:00.000Z;0.253;2.3790666666666667;0.09602666666666668;0.14132;0.19393333333333335;0.24001;0.26965;0.2878866666666667;0.28851333333333334;0.30682333333333334;0.38776333333333335;0.3186566666666667
2022-07-29T00:00:00.000Z;0.2039333333333333;2.2116333333333333;0.10714333333333334;0.15694666666666668;0.21176666666666666;0.25898000000000004;0.28735333333333335;0.30403;0.3027266666666667;0.32613333333333333;0.4149333333333333;0.33644666666666667
2022-08-01T00:00:00.000Z;0.182;2.4591333333333334;0.09411666666666667;0.13904666666666668;0.18920666666666663;0.23516666666666666;0.26337333333333335;0.27830666666666665;0.27860666666666667;0.30076;0.37456;0.29659
2022-08-03T00:00:00.000Z;0.26393333333333335;1.6552666666666669;0.11068;0.1596766666666667;0.21480333333333335;0.25941000000000003;0.28682;0.3069966666666667;0.3127466666666667;0.3265966666666667;0.41152;0.3446033333333334
2022-08-06T00:00:00.000Z;0.193;1.4005333333333334;0.09625333333333333;0.14131333333333335;0.19235333333333335;0.2338833333333333;0.26399333333333336;0.28115;0.2908733333333333;0.30133000000000004;0.3780733333333333;0.31152666666666673
2022-08-08T00:00:00.000Z;0.25839999999999996;1.2464000000000002;0.10588333333333333;0.15955666666666668;0.22002333333333332;0.26619000000000004;0.29410000000000003;0.3085833333333333;0.31716333333333335;0.32917;0.4167266666666667;0.33763333333333334
2022-08-11T00:00:00.000Z;0.116;1.6716;0.09587333333333332;0.14185999999999999;0.19361333333333333;0.23505666666666666;0.2611466666666667;0.27781666666666666;0.28225333333333336;0.29669666666666666;0.3711233333333333;0.2952033333333333
2022-08-13T00:00:00.000Z;;;;;;;;;;;;
2022-08-16T00:00:00.000Z;0.1872333333333333;1.504233333333333;0.09001666666666666;0.1363666666666667;0.18933333333333333;0.22986333333333334;0.2575366666666667;0.27485000000000004;0.28352;0.29451333333333335;0.37857666666666673;0.31146
2022-08-18T00:00:00.000Z;0.22;1.2364333333333335;0.09954333333333332;0.15417333333333333;0.21356666666666665;0.25692333333333334;0.2855533333333333;0.29956666666666665;0.30709333333333333;0.31835;0.40775;0.3309066666666667
2022-08-21T00:00:00.000Z;0.2039333333333333;1.5227666666666668;0.09040333333333332;0.14396;0.20379333333333333;0.25240333333333337;0.2830266666666667;0.2991066666666667;0.30585333333333337;0.3228833333333333;0.39198333333333335;0.31127
2022-08-23T00:00:00.000Z;0.253;2.6196;0.10358;0.15315666666666666;0.21085666666666666;0.2551866666666667;0.28176;0.30102;0.29785666666666666;0.3197233333333333;0.4101033333333334;0.3409866666666667
2022-08-26T00:00:00.000Z;0.20400000000000001;2.587;0.0594;0.08320000000000001;0.10796666666666668;0.14250000000000002;0.15130000000000002;0.1553;0.1558;0.1597;0.1731;0.13470000000000001
2022-08-28T00:00:00.000Z;0.2749;2.2274333333333334;0.08885666666666668;0.14090333333333332;0.19432333333333332;0.24270333333333335;0.2714766666666667;0.28748;0.2852266666666667;0.30741999999999997;0.3898366666666667;0.3138066666666667
2022-08-31T00:00:00.000Z;0.31839999999999996;2.5229000000000004;0.08974;0.1399;0.19139333333333333;0.24141333333333334;0.27575;0.2931766666666667;0.28851333333333334;0.31727333333333335;0.37916666666666665;0.2949866666666667
2022-09-02T00:00:00.000Z;0.209;1.9268333333333334;0.09578;0.14292333333333332;0.19240000000000002;0.2350266666666667;0.2681466666666667;0.28872;0.28828000000000004;0.30555;0.39282;0.3304833333333333
2022-09-05T00:00:00.000Z;0.14376666666666668;1.3288666666666666;0.08491000000000001;0.12588666666666667;0.1746666666666667;0.21164666666666668;0.24675333333333335;0.26381333333333334;0.2718733333333333;0.28089000000000003;0.3606766666666667;0.29934333333333335
2022-09-07T00:00:00.000Z;0.1872333333333333;0.9968;0.09337333333333332;0.14206666666666667;0.19626;0.23492;0.26765;0.28351333333333334;0.29339000000000004;0.30330666666666667;0.3906;0.31789
2022-09-10T00:00:00.000Z;0.1764;1.5261666666666667;0.08235333333333333;0.12800666666666666;0.1779266666666667;0.21655666666666668;0.24794000000000002;0.2645733333333333;0.26957333333333333;0.28123000000000004;0.3548466666666667;0.28146333333333334
2022-09-12T00:00:00.000Z;;;;;;;;;;;;
2022-09-15T00:00:00.000Z;0.15453333333333333;2.1292;0.08274333333333334;0.12354000000000001;0.16990666666666668;0.20783333333333331;0.23869;0.25516;0.25826666666666664;0.2733933333333334;0.3538266666666667;0.29159666666666667
2022-09-17T00:00:00.000Z;0.22;2.1184000000000003;0.08883666666666667;0.13594;0.18565;0.22913000000000003;0.25782333333333335;0.2737466666666667;0.27237;0.2946333333333333;0.38006666666666666;0.30766666666666664
2022-09-20T00:00:00.000Z;0.1872333333333333;1.9736333333333334;0.07997333333333334;0.12255333333333333;0.1681266666666667;0.20898666666666668;0.24003000000000002;0.25350333333333336;0.2566333333333333;0.27392;0.3433833333333333;0.2713433333333333
2022-09-22T00:00:00.000Z;0.2149;2.3114000000000003;0.09448;0.13879000000000002;0.18733;0.2292366666666667;0.2582833333333333;0.2775833333333333;0.27576;0.29391;0.37946;0.31715
2022-09-25T00:00:00.000Z;;;;;;;;;;;;
2022-09-27T00:00:00.000Z;0.14376666666666668;0.9444333333333332;0.08490666666666667;0.1303766666666667;0.17924333333333334;0.21808333333333332;0.2482266666666667;0.26397333333333334;0.2734366666666667;0.2819566666666667;0.3653933333333333;0.2985266666666667
2022-09-30T00:00:00.000Z;0.11093333333333334;0.8036333333333333;0.07566333333333333;0.11796666666666668;0.16294666666666668;0.19958666666666663;0.23080333333333333;0.24470333333333333;0.25805333333333336;0.2626766666666667;0.33113333333333334;0.2624866666666667
2022-10-02T00:00:00.000Z;0.1764;0.9828333333333333;0.09019666666666669;0.13345;0.18036333333333332;0.21738000000000002;0.24970333333333333;0.26648000000000005;0.27634333333333333;0.28181333333333336;0.3619866666666667;0.30243333333333333
2022-10-05T00:00:00.000Z;0.1764;1.6618333333333333;0.13246666666666668;0.15089333333333335;0.17466;0.20209666666666667;0.22675333333333333;0.23863000000000004;0.23558000000000004;0.25181;0.28114;0.23166
2022-10-07T00:00:00.000Z;0.242;2.1731;0.07665666666666668;0.12031333333333336;0.1623;0.20675333333333334;0.2399266666666667;0.25331333333333333;0.24949333333333334;0.26965666666666666;0.3329166666666667;0.26032
2022-10-10T00:00:00.000Z;;;;;;;;;;;;
2022-10-12T00:00:00.000Z;0.16553333333333334;2.239766666666667;0.07843;0.11012333333333332;0.14249333333333333;0.17813333333333334;0.21014666666666668;0.22712333333333332;0.22657333333333332;0.24160333333333334;0.2946266666666667;0.2342233333333333
2022-10-15T00:00:00.000Z;0.171;1.4594;0.07339333333333334;0.10924666666666667;0.1452266666666667;0.17946;0.21954666666666667;0.23407333333333333;0.24106666666666665;0.24933000000000002;0.3113966666666667;0.25604333333333334
2022-10-17T00:00:00.000Z;0.1872333333333333;1.7505;0.07459333333333333;0.11592333333333332;0.15475;0.19041;0.22899333333333335;0.24276999999999999;0.2438366666666667;0.25884666666666667;0.32776;0.26776666666666665
2022-10-20T00:00:00.000Z;;;;;;;;;;;;
2022-10-22T00:00:00.000Z;;;;;;;;;;;;
2022-10-25T00:00:00.000Z;;;;;;;;;;;;
2022-10-27T00:00:00.000Z;;;;;;;;;;;;
2022-10-30T00:00:00.000Z;;;;;;;;;;;;
2022-11-01T00:00:00.000Z;0.138;1.717;0.08045333333333334;0.1183;0.15878333333333333;0.19190666666666664;0.22269666666666668;0.2398766666666667;0.24161;0.2514466666666667;0.32989;0.27910333333333337
2022-11-04T00:00:00.000Z;0.055666666666666656;0.9947333333333332;0.08528;0.11751666666666669;0.15398666666666666;0.18196333333333334;0.21931;0.234;0.24769333333333335;0.24731333333333333;0.31302;0.2571566666666667
2022-11-06T00:00:00.000Z;0.1;0.48136666666666666;0.07507666666666667;0.11603666666666666;0.15959333333333334;0.18624333333333332;0.22047;0.23389666666666667;0.2483866666666667;0.24791;0.32106;0.2634633333333333
2022-11-09T00:00:00.000Z;;;;;;;;;;;;
2022-11-11T00:00:00.000Z;;;;;;;;;;;;
2022-11-14T00:00:00.000Z;0.127;1.744;0.06956666666666667;0.10233;0.13375333333333334;0.16669;0.20768666666666669;0.2237;0.22781333333333334;0.23478333333333332;0.2930066666666667;0.23856
2022-11-16T00:00:00.000Z;;;;;;;;;;;;
2022-11-19T00:00:00.000Z;;;;;;;;;;;;
2022-11-21T00:00:00.000Z;;;;;;;;;;;;
2022-11-24T00:00:00.000Z;0.089;1.4518333333333333;0.06294333333333334;0.09152;0.12244000000000002;0.15251;0.19145333333333334;0.2061766666666667;0.21547333333333332;0.2194366666666667;0.2756766666666667;0.22371333333333332
2022-11-26T00:00:00.000Z;;;;;;;;;;;;
2022-11-29T00:00:00.000Z;0.07200000000000001;0.7471666666666666;0.062213333333333336;0.09782;0.13232000000000002;0.16055666666666668;0.19963;0.2128833333333333;0.22673333333333331;0.22814;0.27889;0.21994000000000002
2022-12-01T00:00:00.000Z;;;;;;;;;;;;
2022-12-04T00:00:00.000Z;;;;;;;;;;;;
2022-12-06T00:00:00.000Z;;;;;;;;;;;;
2022-12-09T00:00:00.000Z;;;;;;;;;;;;
2022-12-11T00:00:00.000Z;;;;;;;;;;;;
2022-12-14T00:00:00.000Z;;;;;;;;;;;;
2022-12-16T00:00:00.000Z;;;;;;;;;;;;
2022-12-19T00:00:00.000Z;;;;;;;;;;;;
2022-12-21T00:00:00.000Z;;;;;;;;;;;;
2022-12-24T00:00:00.000Z;0.0669;0.9601666666666666;0.05967000000000001;0.08997000000000001;0.11525333333333333;0.14614333333333335;0.19220333333333334;0.20820333333333335;0.22065333333333334;0.22133666666666668;0.26843000000000006;0.21586999999999998
2022-12-26T00:00:00.000Z;;;;;;;;;;;;
2022-12-29T00:00:00.000Z;;;;;;;;;;;;
2022-12-31T00:00:00.000Z;0.083;0.6385666666666667;0.07036333333333333;0.10295;0.13623333333333335;0.16457000000000002;0.20804666666666669;0.2231266666666667;0.23784000000000002;0.23612333333333332;0.29290666666666665;0.2407733333333333
2023-01-03T00:00:00.000Z;0.083;1.2088666666666665;0.06666333333333334;0.09573;0.12356666666666669;0.15274000000000001;0.19420666666666664;0.2084333333333333;0.21974000000000002;0.22095;0.27147333333333334;0.22064666666666669
2023-01-05T00:00:00.000Z;0.094;0.7302666666666666;0.06990666666666667;0.10396;0.13330333333333333;0.16566333333333336;0.2094966666666667;0.22345;0.2338366666666667;0.23762333333333333;0.28625666666666666;0.22871333333333332
2023-01-08T00:00:00.000Z;;;;;;;;;;;;
2023-01-10T00:00:00.000Z;0.078;1.2273;0.07119666666666667;0.1031766666666667;0.13678;0.16865333333333335;0.20995333333333335;0.22426666666666667;0.23099000000000003;0.23900333333333335;0.30022;0.24949000000000002
2023-01-13T00:00:00.000Z;0.083;0.4264;0.06319666666666668;0.09439333333333332;0.12570666666666666;0.15390333333333334;0.1968966666666667;0.21144333333333334;0.23159333333333335;0.22541999999999998;0.2779333333333333;0.22627
2023-01-15T00:00:00.000Z;0.07200000000000001;0.863;0.06967000000000001;0.10677666666666669;0.14258333333333334;0.17522000000000001;0.21325333333333335;0.22752333333333333;0.23671999999999999;0.24137;0.30346;0.24751
2023-01-18T00:00:00.000Z;;;;;;;;;;;;
2023-01-20T00:00:00.000Z;0.078;0.879;0.04203333333333333;0.04596666666666667;0.05338333333333334;0.0673;0.08223333333333334;0.09123333333333335;0.09503333333333334;0.09343333333333334;0.10590000000000001;0.0752
2023-01-23T00:00:00.000Z;0.078;0.3741666666666667;0.062073333333333335;0.09288666666666669;0.1251266666666667;0.15420333333333333;0.19544333333333333;0.20909666666666668;0.23029333333333335;0.22401333333333334;0.27918333333333334;0.22705
2023-01-25T00:00:00.000Z;;;;;;;;;;;;
2023-01-28T00:00:00.000Z;0.083;0.4824;0.05997000000000001;0.09367666666666669;0.12665333333333334;0.1581233333333333;0.19850666666666664;0.21294000000000002;0.22894000000000003;0.22713000000000003;0.2778933333333333;0.2199866666666667
2023-01-30T00:00:00.000Z;0.1;0.6153666666666667;0.07597666666666666;0.11142666666666669;0.14956;0.17914000000000002;0.21861;0.23278000000000004;0.2477266666666667;0.2463233333333333;0.31338000000000005;0.2610266666666667
2023-02-02T00:00:00.000Z;0.083;0.6473;0.06829333333333333;0.1;0.13531333333333334;0.1626266666666667;0.20383;0.21816666666666668;0.2342466666666667;0.2311266666666667;0.28876666666666667;0.23838000000000004
2023-02-04T00:00:00.000Z;0.089;0.23546666666666669;0.07229000000000001;0.11306666666666668;0.15218333333333334;0.1797966666666667;0.21955000000000002;0.23318000000000003;0.2543766666666667;0.24861;0.31402;0.2560366666666667
2023-02-07T00:00:00.000Z;;;;;;;;;;;;
2023-02-09T00:00:00.000Z;;;;;;;;;;;;
2023-02-12T00:00:00.000Z;;;;;;;;;;;;
2023-02-14T00:00:00.000Z;;;;;;;;;;;;
2023-02-17T00:00:00.000Z;;;;;;;;;;;;
2023-02-19T00:00:00.000Z;0.3183;1.0554333333333334;0.07614666666666667;0.1160266666666667;0.15188000000000001;0.18283666666666665;0.22001;0.23330333333333333;0.2415266666666667;0.24827;0.31285666666666667;0.2632233333333333
2023-02-22T00:00:00.000Z;0.3456666666666667;0.969;0.07316333333333333;0.11198666666666666;0.14578666666666668;0.17758000000000002;0.2135266666666667;0.22711;0.23637333333333332;0.23910666666666666;0.2972866666666667;0.24334666666666668
2023-02-24T00:00:00.000Z;;;;;;;;;;;;
2023-02-27T00:00:00.000Z;0.078;0.22346666666666667;0.07009;0.10471;0.14208;0.1703;0.20698000000000003;0.21946333333333334;0.2402266666666667;0.2356366666666667;0.2983733333333333;0.24001999999999998
2023-03-01T00:00:00.000Z;0.12190000000000001;0.4359333333333333;0.08613666666666667;0.12511666666666668;0.16787000000000002;0.19814;0.23141;0.2461;0.26425333333333334;0.26139;0.3416466666666667;0.29072333333333333
2023-03-04T00:00:00.000Z;0.105;0.5286333333333333;0.07647333333333334;0.10944000000000001;0.14730666666666667;0.1772766666666667;0.21304333333333336;0.22685666666666668;0.24316666666666667;0.2404;0.31138333333333335;0.26136333333333334
2023-03-06T00:00:00.000Z;;;;;;;;;;;;
2023-03-09T00:00:00.000Z;;;;;;;;;;;;
2023-03-11T00:00:00.000Z;;;;;;;;;;;;
2023-03-14T00:00:00.000Z;;;;;;;;;;;;
2023-03-16T00:00:00.000Z;0.1;0.7024;0.08775333333333334;0.1311266666666667;0.1780233333333333;0.20897333333333332;0.24326;0.2559666666666667;0.2684766666666667;0.27235000000000004;0.3572066666666667;0.29860333333333333
2023-03-19T00:00:00.000Z;0.105;0.9404;0.07939;0.11841;0.15828666666666666;0.19211666666666669;0.22580333333333333;0.2396366666666667;0.25034666666666666;0.25584333333333337;0.3290633333333333;0.26467
2023-03-21T00:00:00.000Z;;;;;;;;;;;;
2023-03-24T00:00:00.000Z;0.1;0.7721333333333333;0.08709333333333333;0.1241;0.16588;0.19621333333333332;0.23124333333333336;0.24605666666666667;0.2591733333333333;0.2612366666666667;0.33954;0.28306
2023-03-26T00:00:00.000Z;;;;;;;;;;;;
2023-03-29T00:00:00.000Z;0.105;0.6489333333333333;0.08088333333333333;0.12212;0.16397333333333333;0.19681333333333334;0.23049333333333336;0.24415;0.25753333333333334;0.2598766666666667;0.33547;0.26969000000000004
2023-03-31T00:00:00.000Z;;;;;;;;;;;;
2023-04-03T00:00:00.000Z;0.089;0.3459;0.08670666666666668;0.12597333333333333;0.17064000000000001;0.20075333333333334;0.2336766666666667;0.24820333333333333;0.26807333333333333;0.26260333333333336;0.3486333333333333;0.29257333333333335
2023-04-05T00:00:00.000Z;0.149;0.38913333333333333;0.09579;0.14213333333333333;0.1916766666666667;0.22554666666666667;0.2578566666666667;0.2738333333333333;0.2886366666666667;0.29029000000000005;0.37857;0.31283000000000005
2023-04-08T00:00:00.000Z;0.116;0.42510000000000003;0.08702666666666667;0.12883333333333333;0.17428;0.20629333333333336;0.23736333333333334;0.25336000000000003;0.26958000000000004;0.26951;0.34935;0.28294
2023-04-10T00:00:00.000Z;0.3291;1.3737333333333333;0.07295333333333333;0.09460333333333332;0.11674000000000001;0.1374266666666667;0.1562666666666667;0.16481;0.16798666666666667;0.17281;0.19397666666666669;0.15062333333333333
2023-04-13T00:00:00.000Z;;;;;;;;;;;;
2023-04-15T00:00:00.000Z;0.16;0.8831333333333333;0.10439333333333334;0.15175666666666668;0.20428000000000002;0.23954333333333336;0.27151000000000003;0.2849;0.29154;0.3010833333333333;0.39542333333333335;0.32687
2023-04-18T00:00:00.000Z;0.089;0.7262333333333334;0.09247000000000001;0.1348266666666667;0.18172000000000002;0.21767666666666668;0.24675000000000002;0.2603533333333333;0.27336;0.2770066666666667;0.36102;0.2920066666666667
2023-04-20T00:00:00.000Z;0.16553333333333334;0.7688666666666667;0.10930999999999999;0.15503666666666666;0.20828333333333332;0.24371333333333334;0.27552333333333334;0.28998;0.30210333333333333;0.30653;0.4069466666666666;0.34559
2023-04-23T00:00:00.000Z;0.12190000000000001;0.8035666666666668;0.09873666666666668;0.14149333333333336;0.19451333333333334;0.22719666666666669;0.25614333333333333;0.2715766666666667;0.28491333333333335;0.28540333333333334;0.3809866666666667;0.3192933333333334
2023-04-25T00:00:00.000Z;0.094;1.1813666666666667;0.10826;0.15561333333333335;0.20859333333333335;0.24761666666666665;0.2728233333333333;0.28856;0.2942966666666667;0.3068466666666667;0.4096;0.3411366666666667
2023-04-28T00:00:00.000Z;;;;;;;;;;;;
2023-04-30T00:00:00.000Z;;;;;;;;;;;;
2023-05-03T00:00:00.000Z;;;;;;;;;;;;
2023-05-05T00:00:00.000Z;0.1;0.9694333333333331;0.11122333333333331;0.15935333333333335;0.21495666666666668;0.25143000000000004;0.2775866666666667;0.2937866666666667;0.30159;0.31014;0.41498999999999997;0.3442733333333333
2023-05-08T00:00:00.000Z;;;;;;;;;;;;
2023-05-10T00:00:00.000Z;0.1;1.5445666666666666;0.11970333333333334;0.16479666666666667;0.21945;0.2594266666666667;0.2834766666666667;0.30074;0.3049133333333333;0.3182266666666667;0.4268633333333333;0.36565000000000003
2023-05-13T00:00:00.000Z;;;;;;;;;;;;
2023-05-15T00:00:00.000Z;0.055740740740740743;0.5928518518518519;0.13614074074074076;0.18262222222222224;0.23735555555555563;0.2774074074074074;0.3122592592592593;0.3294851851851852;0.34484444444444445;0.3511037037037037;0.439062962962963;0.3681703703703704
2023-05-18T00:00:00.000Z;;;;;;;;;;;;
2023-05-20T00:00:00.000Z;0.1947142857142857;1.328571428571429;0.11711428571428571;0.14341428571428572;0.17707142857142857;0.19907142857142857;0.21541428571428575;0.22774285714285722;0.23320000000000002;0.23802857142857142;0.29168571428571427;0.22231428571428574
2023-05-23T00:00:00.000Z;;;;;;;;;;;;
2023-05-25T00:00:00.000Z;;;;;;;;;;;;
2023-05-28T00:00:00.000Z;;;;;;;;;;;;
2023-05-30T00:00:00.000Z;0.12190000000000001;1.6458;0.09951666666666667;0.12666;0.15393333333333334;0.18333;0.21487333333333333;0.23131666666666667;0.22809333333333334;0.24300666666666668;0.28025333333333335;0.22146666666666667
2023-06-02T00:00:00.000Z;0.42153333333333337;1.8258666666666663;0.08521000000000001;0.1281266666666667;0.17246666666666668;0.21755333333333335;0.2602833333333333;0.27956333333333333;0.27936666666666665;0.2943766666666667;0.3664133333333333;0.28657333333333335
2023-06-04T00:00:00.000Z;0.078;1.8263;0.10558666666666666;0.15001333333333336;0.1957266666666667;0.23866666666666667;0.2755666666666667;0.28993;0.2895766666666667;0.30754333333333334;0.40427666666666673;0.33726
2023-06-07T00:00:00.000Z;;;;;;;;;;;;
2023-06-09T00:00:00.000Z;;;;;;;;;;;;
2023-06-12T00:00:00.000Z;;;;;;;;;;;;
2023-06-14T00:00:00.000Z;0.14376666666666668;1.7055;0.10355;0.15163333333333334;0.19659000000000001;0.23984666666666668;0.28750333333333333;0.3045366666666667;0.30368;0.32104000000000005;0.40996333333333335;0.3433066666666667
2023-06-17T00:00:00.000Z;0.14376666666666668;1.7956666666666667;0.09089;0.13094000000000003;0.17082666666666668;0.21250666666666668;0.26001;0.27734333333333333;0.2771;0.29399000000000003;0.3667933333333333;0.2996766666666667
2023-06-19T00:00:00.000Z;;;;;;;;;;;;
2023-06-22T00:00:00.000Z;0.2149;1.6923333333333332;0.08022666666666667;0.11802000000000001;0.15321333333333334;0.1937;0.24719333333333335;0.26661;0.2697;0.28311000000000003;0.34658000000000005;0.28265666666666667
2023-06-24T00:00:00.000Z;0.16;1.5245666666666666;0.10074333333333332;0.14629;0.1888266666666667;0.23342333333333332;0.2855766666666667;0.30609000000000003;0.3062833333333333;0.32181;0.40308000000000005;0.3348566666666667
2023-06-27T00:00:00.000Z;0.3564;1.977266666666667;0.09259;0.12916666666666668;0.15986;0.20271333333333333;0.2575;0.2799866666666667;0.27719333333333335;0.2970266666666667;0.3603266666666667;0.28913000000000005
2023-06-29T00:00:00.000Z;0.5735333333333333;2.0438;0.09927666666666668;0.14170333333333335;0.18243333333333334;0.22877333333333333;0.28306333333333333;0.30972333333333335;0.3100333333333333;0.32681666666666664;0.41788333333333333;0.35389333333333334
2023-07-02T00:00:00.000Z;0.149;2.3104;0.09436000000000001;0.13470000000000001;0.17338666666666666;0.21192333333333332;0.26178;0.28286666666666666;0.2794466666666667;0.2967866666666667;0.37227;0.31374
2023-07-04T00:00:00.000Z;0.1872333333333333;1.6078;0.10606666666666668;0.15352000000000002;0.19936;0.24207333333333333;0.28955000000000003;0.30859333333333333;0.3079233333333333;0.32469333333333333;0.41054333333333337;0.34079333333333334
2023-07-07T00:00:00.000Z;;;;;;;;;;;;
2023-07-09T00:00:00.000Z;0.23666666666666664;2.3125;0.10877666666666669;0.15385333333333334;0.19519666666666668;0.23745666666666668;0.2797133333333333;0.30172333333333334;0.29704;0.31486333333333333;0.39743000000000006;0.3375666666666667
2023-07-12T00:00:00.000Z;;;;;;;;;;;;
2023-07-14T00:00:00.000Z;0.2149;1.7318666666666667;0.10555333333333333;0.15451;0.2023266666666667;0.2470766666666667;0.28557333333333335;0.30463666666666667;0.3040966666666667;0.32227;0.4107100000000001;0.3394366666666667
2023-07-17T00:00:00.000Z;0.242;1.425;0.08827666666666667;0.13331333333333334;0.17517333333333332;0.2167266666666667;0.2571333333333333;0.2730966666666667;0.27620666666666666;0.2894266666666667;0.3614233333333333;0.29046
2023-07-19T00:00:00.000Z;;;;;;;;;;;;
2023-07-22T00:00:00.000Z;;;;;;;;;;;;
2023-07-24T00:00:00.000Z;0.3291;1.6789333333333334;0.11494000000000001;0.1603733333333333;0.20464000000000002;0.24969000000000002;0.28765;0.30614;0.2996666666666667;0.32444;0.38607;0.31677
2023-07-27T00:00:00.000Z;0.11093333333333334;2.5927;0.09416333333333332;0.1345;0.17338666666666666;0.21640333333333334;0.2513833333333333;0.2664066666666667;0.26144666666666666;0.2856666666666667;0.3633933333333333;0.2919733333333333
2023-07-29T00:00:00.000Z;0.26393333333333335;1.4547333333333332;0.10814000000000001;0.15627333333333332;0.2055366666666667;0.24916666666666668;0.2839466666666667;0.30191666666666667;0.3061966666666667;0.31847;0.4103366666666667;0.34824000000000005
2023-08-01T00:00:00.000Z;0.16553333333333334;1.2170999999999998;0.09313;0.13371333333333335;0.1784266666666667;0.21731333333333333;0.25277333333333335;0.26969000000000004;0.2777;0.2858733333333333;0.3713066666666667;0.31217
2023-08-03T00:00:00.000Z;0.193;1.6444666666666667;0.10447666666666669;0.15416333333333335;0.20575333333333334;0.25112;0.28401;0.29786;0.2993966666666667;0.31692333333333333;0.41307;0.34164333333333335
2023-08-06T00:00:00.000Z;0.15453333333333333;1.3815666666666666;0.08939333333333334;0.13606;0.1814933333333333;0.22466;0.2570966666666667;0.27202333333333334;0.27598000000000006;0.28829000000000005;0.36867;0.2977066666666667
2023-08-08T00:00:00.000Z;0.22576666666666667;2.2557;0.1135;0.15854000000000001;0.19986333333333334;0.24341000000000002;0.27354666666666666;0.2935566666666667;0.2898;0.3088966666666667;0.38769333333333333;0.32545333333333337
2023-08-11T00:00:00.000Z;0.1981;1.6078666666666666;0.09458666666666668;0.1383;0.18459333333333333;0.22652333333333333;0.25954000000000005;0.27566;0.2792266666666667;0.2890833333333333;0.37477333333333335;0.31070000000000003
2023-08-13T00:00:00.000Z;0.24753333333333333;2.1016666666666666;0.10332000000000001;0.15355333333333335;0.20433333333333334;0.25027;0.28302;0.29695333333333335;0.29283000000000003;0.31396999999999997;0.40658333333333335;0.33335333333333333
2023-08-16T00:00:00.000Z;0.116;1.995;0.09308;0.13528666666666667;0.1768;0.21956;0.24906999999999999;0.2632733333333333;0.26269333333333333;0.27935;0.35638000000000003;0.28640333333333334
2023-08-18T00:00:00.000Z;0.193;1.1184666666666667;0.10776666666666668;0.15567;0.20566666666666666;0.24735333333333334;0.28136666666666665;0.29601666666666665;0.3045333333333333;0.31068;0.4085866666666667;0.34602333333333335
2023-08-21T00:00:00.000Z;0.16;1.9094666666666666;0.09282000000000001;0.13513333333333333;0.1797;0.22205;0.25359000000000004;0.2690766666666667;0.27026666666666666;0.28500000000000003;0.3705233333333333;0.30900666666666665
2023-08-23T00:00:00.000Z;0.22576666666666667;1.4968666666666666;0.10123333333333334;0.15041333333333334;0.20321;0.24746666666666667;0.27733;0.29203666666666667;0.2935966666666667;0.3102766666666667;0.4026633333333333;0.33021
2023-08-26T00:00:00.000Z;0.3183;1.7375666666666667;0.10597000000000001;0.15258666666666668;0.19387333333333331;0.23531;0.26524000000000003;0.28041333333333335;0.28069333333333335;0.29731;0.35886;0.27999
2023-08-28T00:00:00.000Z;0.16553333333333334;1.1146666666666667;0.10261666666666668;0.1500266666666667;0.20160333333333333;0.24316333333333334;0.27171;0.2872866666666667;0.2960266666666667;0.30472333333333335;0.39753333333333335;0.33601333333333333
2023-08-31T00:00:00.000Z;0.171;1.6812;0.08831;0.13072;0.17704666666666669;0.21886;0.24966;0.2647266666666667;0.26847333333333334;0.27964333333333335;0.3659233333333333;0.30140333333333336
2023-09-02T00:00:00.000Z;;;;;;;;;;;;
2023-09-05T00:00:00.000Z;0.33473333333333327;2.2195;0.09885000000000001;0.14871333333333336;0.1892266666666667;0.23860666666666666;0.27005;0.2847966666666667;0.28132;0.30110000000000003;0.3575833333333333;0.27907
2023-09-07T00:00:00.000Z;0.2039333333333333;2.5342;0.09728666666666669;0.14237000000000002;0.18524666666666667;0.2289766666666667;0.26494;0.28331333333333336;0.27852333333333334;0.29600000000000004;0.3743166666666667;0.31194333333333335
2023-09-10T00:00:00.000Z;0.182;2.165033333333333;0.08601333333333333;0.12603333333333333;0.16889333333333334;0.20997333333333332;0.24577333333333332;0.2626966666666667;0.26358000000000004;0.27893;0.3538866666666667;0.2913266666666667
2023-09-12T00:00:00.000Z;;;;;;;;;;;;
2023-09-15T00:00:00.000Z;0.105;2.5171;0.09286000000000001;0.13305333333333333;0.17032;0.21677;0.2581833333333333;0.2729766666666667;0.2705333333333333;0.29191333333333336;0.36189666666666664;0.2853
2023-09-17T00:00:00.000Z;0.2039333333333333;2.686866666666667;0.09192333333333333;0.13462333333333332;0.17395333333333335;0.21715666666666666;0.2540733333333333;0.27380333333333334;0.2684566666666667;0.28924;0.3639033333333333;0.29547
2023-09-20T00:00:00.000Z;0.138;1.9495666666666664;0.08257333333333333;0.11886666666666668;0.15484;0.19264333333333333;0.23056000000000001;0.24701;0.24881333333333333;0.2604266666666667;0.33675333333333335;0.27727
2023-09-22T00:00:00.000Z;0.055666666666666656;0.9944333333333332;0.08225666666666667;0.12643333333333334;0.1695;0.2133233333333333;0.2548566666666667;0.27154666666666666;0.26558000000000004;0.29061;0.36894666666666665;0.31099333333333334
2023-09-25T00:00:00.000Z;0.094;1.0319;0.07578;0.11599000000000001;0.15345333333333333;0.18928666666666663;0.2238;0.23847333333333331;0.24610666666666667;0.2549;0.32536333333333334;0.26206666666666667
2023-09-27T00:00:00.000Z;0.12190000000000001;1.4805333333333333;0.09001666666666666;0.13193;0.17232;0.20964333333333335;0.24316000000000002;0.25985;0.2632;0.2737233333333333;0.35989333333333334;0.30516
2023-09-30T00:00:00.000Z;0.089;1.3425;0.0792;0.11545333333333334;0.15453333333333333;0.19061;0.22415666666666667;0.23845000000000002;0.24498666666666669;0.25145333333333336;0.33157333333333333;0.27670666666666666
2023-10-02T00:00:00.000Z;0.105;0.9245333333333332;0.08495;0.12825;0.1717766666666667;0.20939000000000002;0.24056333333333332;0.2547766666666667;0.26271333333333335;0.27096333333333333;0.35478000000000004;0.29279333333333335
2023-10-05T00:00:00.000Z;0.127;1.1580333333333332;0.07703;0.11633666666666666;0.1541266666666667;0.19105666666666665;0.22346333333333332;0.23608000000000004;0.24555333333333335;0.25149333333333335;0.32460333333333335;0.25711333333333336
2023-10-07T00:00:00.000Z;0.14376666666666668;1.2390333333333334;0.0902;0.13066666666666668;0.17207666666666668;0.20812333333333333;0.24172;0.2569333333333333;0.26224333333333333;0.26930333333333334;0.35569333333333336;0.29925
2023-10-10T00:00:00.000Z;0.1108;1.2473;0.08725000000000001;0.11947;0.15592;0.18685000000000002;0.21181;0.22383000000000003;0.23196;0.23641;0.31403000000000003;0.25873
2023-10-12T00:00:00.000Z;0.127;1.0654333333333335;0.08141666666666666;0.12346333333333336;0.16528;0.20460333333333333;0.23376;0.24739333333333335;0.25335;0.2629366666666667;0.34619333333333335;0.28156333333333333
2023-10-15T00:00:00.000Z;0.14376666666666668;1.6951;0.07386666666666666;0.11446666666666667;0.15046;0.19093666666666664;0.22016;0.2335366666666667;0.23567333333333332;0.2487966666666667;0.3199966666666667;0.25260333333333335
2023-10-17T00:00:00.000Z;;;;;;;;;;;;
2023-10-20T00:00:00.000Z;0.11093333333333334;1.4239333333333335;0.02323666666666667;0.037673333333333336;0.05446;0.07109333333333333;0.08901666666666666;0.10073;0.07714;0.11035666666666667;0.12394666666666668;0.10845
2023-10-22T00:00:00.000Z;;;;;;;;;;;;
2023-10-25T00:00:00.000Z;0.0669;1.454766666666667;0.027313333333333335;0.04718666666666667;0.06255666666666668;0.08018333333333334;0.09642333333333333;0.10270666666666667;0.10373666666666666;0.11046333333333334;0.12416333333333335;0.09240666666666669
2023-10-27T00:00:00.000Z;;;;;;;;;;;;
2023-10-30T00:00:00.000Z;0.094;1.5170666666666666;0.09286000000000001;0.13122;0.16680666666666666;0.21028000000000002;0.24810000000000001;0.2641133333333333;0.2705;0.2802866666666667;0.3556033333333333;0.2823466666666667
2023-11-01T00:00:00.000Z;;;;;;;;;;;;
2023-11-04T00:00:00.000Z;;;;;;;;;;;;
2023-11-06T00:00:00.000Z;;;;;;;;;;;;
2023-11-09T00:00:00.000Z;;;;;;;;;;;;
2023-11-11T00:00:00.000Z;0.055666666666666656;1.4742000000000002;0.07899666666666667;0.11390666666666667;0.14999333333333334;0.18173;0.20815666666666668;0.22041666666666665;0.21837333333333334;0.23120000000000002;0.29028333333333334;0.2364766666666667
2023-11-14T00:00:00.000Z;0.078;1.0441;0.06640333333333333;0.1036766666666667;0.14064666666666667;0.17794000000000001;0.21047;0.22166333333333332;0.2327866666666667;0.2386366666666667;0.29912;0.23495666666666667
2023-11-16T00:00:00.000Z;;;;;;;;;;;;
2023-11-19T00:00:00.000Z;0.078;1.0069666666666668;0.07054666666666667;0.10753666666666666;0.14484000000000002;0.17633333333333334;0.20891666666666667;0.22001666666666667;0.2345866666666667;0.23289666666666667;0.2987;0.24312
2023-11-21T00:00:00.000Z;0.089;0.6438333333333334;0.07112;0.11294666666666668;0.15265666666666666;0.18801333333333334;0.22234333333333334;0.23332333333333333;0.24580000000000002;0.24820333333333333;0.3131466666666667;0.25349333333333335
2023-11-24T00:00:00.000Z;0.07200000000000001;0.6788666666666667;0.06384;0.10281;0.1379;0.17367333333333332;0.20606666666666665;0.21958000000000003;0.23329333333333335;0.23411333333333334;0.2905066666666667;0.22807333333333332
2023-11-26T00:00:00.000Z;0.13276666666666667;0.9727000000000001;0.08808666666666667;0.13033333333333333;0.1748;0.21184666666666668;0.24775666666666668;0.26101;0.27207333333333333;0.27526333333333336;0.3438;0.28403
2023-11-29T00:00:00.000Z;;;;;;;;;;;;
2023-12-01T00:00:00.000Z;;;;;;;;;;;;
2023-12-04T00:00:00.000Z;;;;;;;;;;;;
2023-12-06T00:00:00.000Z;0.05;1.369;0.08271818181818182;0.09215454545454545;0.10572727272727273;0.12181818181818183;0.13514545454545457;0.14386363636363636;0.1294909090909091;0.15038181818181817;0.17741818181818184;0.1572727272727273
2023-12-09T00:00:00.000Z;;;;;;;;;;;;
2023-12-11T00:00:00.000Z;0.083;1.0033333333333334;0.06491000000000001;0.10479666666666668;0.13893666666666665;0.17523;0.2044766666666667;0.21527;0.22226666666666667;0.23046;0.28616;0.22877
2023-12-14T00:00:00.000Z;0.0669;0.6008;0.060776666666666666;0.09704666666666668;0.1296;0.16609666666666667;0.19946333333333333;0.20961;0.22606666666666667;0.22579333333333335;0.27449333333333337;0.21171
2023-12-16T00:00:00.000Z;0.07200000000000001;0.5495333333333333;0.07521666666666667;0.11176;0.14948333333333333;0.18094333333333332;0.21626666666666666;0.22754000000000002;0.24356666666666665;0.24138000000000004;0.3063466666666667;0.25094333333333335
2023-12-19T00:00:00.000Z;0.0669;0.3992;0.06358666666666667;0.09848333333333334;0.1305266666666667;0.16449333333333335;0.20013333333333333;0.21173000000000003;0.2313333333333333;0.22602333333333333;0.2820266666666667;0.22465333333333334
2023-12-21T00:00:00.000Z;0.07200000000000001;0.7503333333333334;0.06912000000000001;0.10862666666666669;0.14680333333333334;0.1822766666666667;0.21592333333333333;0.22764333333333336;0.23798666666666668;0.24140666666666669;0.30353;0.24244000000000002
2023-12-24T00:00:00.000Z;0.0669;0.5440333333333334;0.06154333333333333;0.09912333333333333;0.13136;0.16584666666666667;0.20123333333333335;0.21061333333333332;0.22771333333333332;0.22538666666666668;0.27718333333333334;0.2145266666666667
2023-12-26T00:00:00.000Z;0.07200000000000001;0.3295;0.07742666666666667;0.11494000000000001;0.15395666666666666;0.18387333333333333;0.21955333333333335;0.22879333333333335;0.25136000000000003;0.2455466666666667;0.30884;0.2519733333333333
2023-12-29T00:00:00.000Z;;;;;;;;;;;;
2023-12-31T00:00:00.000Z;;;;;;;;;;;;
2024-01-03T00:00:00.000Z;;;;;;;;;;;;
2024-01-05T00:00:00.000Z;;;;;;;;;;;;
2024-01-08T00:00:00.000Z;0.0669;0.4009333333333333;0.06403333333333334;0.09835666666666669;0.13326666666666667;0.16588;0.19940000000000002;0.21019333333333334;0.2301333333333333;0.22546666666666665;0.2838766666666667;0.22852333333333333
2024-01-10T00:00:00.000Z;;;;;;;;;;;;
2024-01-13T00:00:00.000Z;;;;;;;;;;;;
2024-01-18T00:00:00.000Z;0.055;1.147;0.09975;0.11049000000000002;0.12772;0.14649;0.16272;0.17107;0.18230000000000002;0.17577;0.21163000000000004;0.15755
2024-01-20T00:00:00.000Z;;;;;;;;;;;;
2024-01-23T00:00:00.000Z;0.089;1.2714;0.06059333333333333;0.09561;0.12656;0.1637;0.19469666666666668;0.2047233333333333;0.21192;0.21929333333333334;0.27051333333333333;0.21099333333333334
2024-01-25T00:00:00.000Z;;;;;;;;;;;;
2024-01-28T00:00:00.000Z;;;;;;;;;;;;
2024-01-30T00:00:00.000Z;;;;;;;;;;;;
2024-02-02T00:00:00.000Z;0.083;1.0111;0.06699000000000001;0.10294666666666667;0.13661333333333334;0.1704266666666667;0.20080666666666666;0.21148666666666668;0.2209266666666667;0.22584333333333334;0.28562;0.22521
2024-02-04T00:00:00.000Z;0.083;0.4837;0.07935;0.12032666666666669;0.16144333333333336;0.19396666666666668;0.22714;0.2391;0.25598000000000004;0.25603000000000004;0.3339566666666667;0.27968000000000004
2024-02-07T00:00:00.000Z;0.1;0.9384;0.07141333333333334;0.10501666666666667;0.13956666666666667;0.17232333333333333;0.2037266666666667;0.21445333333333333;0.22574000000000002;0.2283333333333333;0.29426;0.24271
2024-02-09T00:00:00.000Z;;;;;;;;;;;;
2024-02-12T00:00:00.000Z;0.083;1.0974666666666668;0.05391666666666667;0.08962666666666667;0.11992000000000001;0.1558266666666667;0.18746666666666667;0.19729666666666668;0.2061;0.21292;0.2567466666666667;0.19047333333333333
2024-02-14T00:00:00.000Z;;;;;;;;;;;;
2024-02-17T00:00:00.000Z;0.078;1.0267000000000002;0.06967000000000001;0.10513;0.13923333333333332;0.1757266666666667;0.20996666666666666;0.22272;0.23238000000000003;0.2353833333333333;0.2987066666666667;0.24484000000000003
2024-02-19T00:00:00.000Z;;;;;;;;;;;;
2024-02-22T00:00:00.000Z;;;;;;;;;;;;
2024-02-24T00:00:00.000Z;0.055666666666666656;0.6955333333333333;0.11202000000000001;0.14852;0.19285333333333335;0.23511;0.2733833333333333;0.2878;0.3009;0.30659000000000003;0.3850433333333333;0.31801999999999997
2024-02-27T00:00:00.000Z;;;;;;;;;;;;
2024-02-29T00:00:00.000Z;0.105;0.6035333333333334;0.08154333333333333;0.12392000000000002;0.1671766666666667;0.20136;0.23395333333333335;0.24619000000000002;0.25750333333333336;0.26014000000000004;0.342;0.28178333333333333
2024-03-03T00:00:00.000Z;0.083;0.48473333333333335;0.07016333333333334;0.10873666666666666;0.14733333333333334;0.18046333333333334;0.21175333333333335;0.22343000000000002;0.23914000000000002;0.23981333333333332;0.30544333333333334;0.24234000000000003
2024-03-05T00:00:00.000Z;0.11093333333333334;0.6550666666666667;0.08904000000000001;0.1293;0.1729733333333333;0.20695000000000002;0.24034000000000003;0.2532266666666667;0.26667;0.26947;0.35216000000000003;0.29843000000000003
2024-03-08T00:00:00.000Z;0.055611111111111125;0.8808333333333334;0.04917222222222223;0.05949444444444445;0.07122222222222221;0.0876611111111111;0.10393333333333334;0.10761666666666668;0.12141111111111111;0.11222777777777779;0.12818333333333334;0.08997777777777778
2024-03-10T00:00:00.000Z;;;;;;;;;;;;
2024-03-13T00:00:00.000Z;0.083;0.6066666666666667;0.07498333333333335;0.11459333333333334;0.15388666666666667;0.18883;0.22201666666666667;0.2341766666666667;0.2477266666666667;0.24838000000000002;0.31354000000000004;0.25245
2024-03-15T00:00:00.000Z;0.116;0.8654;0.09279333333333332;0.1344233333333333;0.17965333333333333;0.21561999999999998;0.24826333333333334;0.26176666666666665;0.2731133333333333;0.27727;0.36185;0.30641999999999997
2024-03-18T00:00:00.000Z;;;;;;;;;;;;
2024-03-20T00:00:00.000Z;;;;;;;;;;;;
2024-03-23T00:00:00.000Z;;;;;;;;;;;;
2024-03-25T00:00:00.000Z;;;;;;;;;;;;
2024-03-28T00:00:00.000Z;;;;;;;;;;;;
2024-03-30T00:00:00.000Z;;;;;;;;;;;;
2024-04-02T00:00:00.000Z;;;;;;;;;;;;
2024-04-04T00:00:00.000Z;;;;;;;;;;;;
2024-04-07T00:00:00.000Z;;;;;;;;;;;;
2024-04-09T00:00:00.000Z;0.138;0.37160000000000004;0.09839666666666669;0.14609333333333335;0.19689333333333334;0.2320333333333333;0.26195666666666667;0.2766266666666667;0.29041666666666666;0.29233000000000003;0.38230333333333333;0.32019333333333333
2024-04-12T00:00:00.000Z;0.094;0.7435;0.08980666666666667;0.12969333333333335;0.17129333333333335;0.20654333333333336;0.23576999999999998;0.24897;0.2609266666666667;0.26446000000000003;0.34384000000000003;0.28102
2024-04-14T00:00:00.000Z;0.15453333333333333;0.6521;0.10633;0.1507766666666667;0.20154666666666668;0.23781333333333332;0.2691466666666667;0.28115666666666667;0.29423000000000005;0.29674333333333336;0.3960433333333333;0.34026
2024-04-17T00:00:00.000Z;0.138;1.2308;0.09332666666666668;0.13334666666666667;0.18073333333333333;0.21753666666666668;0.24638333333333332;0.26066333333333336;0.2665133333333333;0.27514333333333335;0.36872;0.31305666666666665
2024-04-19T00:00:00.000Z;;;;;;;;;;;;
2024-04-22T00:00:00.000Z;0.094;1.163952380952381;0.17683809523809524;0.1966761904761905;0.22502857142857144;0.26121904761904763;0.28905238095238095;0.3013428571428572;0.314352380952381;0.31885714285714284;0.37697142857142857;0.2970857142857143
2024-04-24T00:00:00.000Z;0.12190000000000001;0.29336666666666666;0.11011333333333335;0.15685666666666667;0.2104366666666667;0.24255666666666667;0.2743333333333333;0.28600000000000003;0.30644333333333335;0.30303;0.40481333333333336;0.34954666666666667
2024-04-27T00:00:00.000Z;;;;;;;;;;;;
2024-04-29T00:00:00.000Z;;;;;;;;;;;;
2024-05-02T00:00:00.000Z;0.089;0.5047;0.09549666666666669;0.14092000000000002;0.19061333333333333;0.22433666666666668;0.25239333333333336;0.2669766666666667;0.28089333333333333;0.28079000000000004;0.37188333333333334;0.30600333333333335
2024-05-04T00:00:00.000Z;0.13276666666666667;1.0460333333333334;0.11456666666666668;0.16147666666666669;0.2152366666666667;0.2536833333333333;0.28164666666666666;0.29578333333333334;0.30253;0.3093066666666667;0.41853999999999997;0.3621266666666667
2024-05-07T00:00:00.000Z;0.11093333333333334;1.0073666666666667;0.11411666666666669;0.15786666666666668;0.21096;0.2502766666666667;0.28151;0.2976666666666667;0.3081266666666667;0.3131833333333333;0.41741000000000006;0.34946
2024-05-09T00:00:00.000Z;;;;;;;;;;;;
2024-05-12T00:00:00.000Z;0.089;1.0775333333333332;0.10069333333333332;0.14503333333333332;0.19738;0.23451666666666665;0.2590766666666667;0.27208333333333334;0.27967333333333333;0.2893733333333333;0.3840633333333333;0.3152266666666667
2024-05-14T00:00:00.000Z;0.055666666666666656;0.8155333333333333;0.11992000000000001;0.16571333333333335;0.22078000000000003;0.2592966666666667;0.2868133333333333;0.29849000000000003;0.31206;0.31490333333333337;0.4265566666666667;0.36806333333333335
2024-05-17T00:00:00.000Z;;;;;;;;;;;;
2024-05-19T00:00:00.000Z;0.12190000000000001;1.1453;0.12171;0.17374333333333336;0.23191;0.27398000000000006;0.3009;0.31439666666666666;0.3181733333333333;0.33014000000000004;0.44093333333333334;0.36963
2024-05-22T00:00:00.000Z;0.089;0.9384333333333332;0.10281666666666668;0.14897333333333332;0.20173333333333335;0.23974;0.26645;0.2776733333333333;0.2861;0.29449000000000003;0.39244;0.32149
2024-05-24T00:00:00.000Z;0.13116666666666665;1.1929666666666667;0.12321;0.17273;0.22994000000000003;0.27186666666666665;0.2962866666666667;0.30966;0.31603333333333333;0.32539;0.4324233333333334;0.37087333333333333
2024-05-27T00:00:00.000Z;0.1764;1.8225;0.10847333333333331;0.14980000000000002;0.20044;0.23770666666666668;0.2608566666666667;0.27497333333333335;0.27710666666666667;0.29128000000000004;0.38981;0.32937
2024-05-29T00:00:00.000Z;0.12190000000000001;1.3698333333333332;0.11947;0.16917333333333331;0.22650333333333333;0.2692466666666667;0.2914466666666667;0.30408;0.3070233333333333;0.32373;0.4355266666666667;0.36419666666666667
2024-06-01T00:00:00.000Z;;;;;;;;;;;;
2024-06-03T00:00:00.000Z;;;;;;;;;;;;
2024-06-06T00:00:00.000Z;;;;;;;;;;;;
2024-06-08T00:00:00.000Z;0.41623333333333334;2.226866666666667;0.12317333333333332;0.17830666666666667;0.23454333333333335;0.27657;0.29991666666666666;0.3101766666666667;0.30484;0.3257566666666667;0.4237233333333334;0.34715666666666667
2024-06-11T00:00:00.000Z;;;;;;;;;;;;
2024-06-13T00:00:00.000Z;0.083;1.5654333333333335;0.11275666666666667;0.15;0.1900266666666667;0.23523333333333332;0.26509333333333335;0.2809066666666667;0.28848666666666667;0.2997366666666667;0.3858766666666667;0.30989
2024-06-16T00:00:00.000Z;0.0669;1.3946666666666667;0.0995;0.1407733333333333;0.18714666666666668;0.22535666666666668;0.2596833333333333;0.27591666666666664;0.28117333333333333;0.2915866666666667;0.3902766666666667;0.33569333333333334
2024-06-18T00:00:00.000Z;0.12190000000000001;1.5809333333333335;0.11198666666666666;0.16076;0.21163000000000004;0.2557433333333334;0.29047;0.30732;0.30665000000000003;0.32414000000000004;0.42611333333333334;0.3586533333333333
2024-06-21T00:00:00.000Z;0.089;1.2199666666666666;0.09596333333333333;0.14044666666666666;0.18638666666666664;0.22713333333333333;0.26216;0.27883;0.2838266666666667;0.29479333333333335;0.38432;0.3162233333333333
2024-06-23T00:00:00.000Z;0.127;2.595;0.11889333333333335;0.16561;0.21531666666666666;0.25813;0.29362;0.31584333333333336;0.3075366666666667;0.32921;0.4371433333333334;0.38123
2024-06-26T00:00:00.000Z;0.3456666666666667;2.1524666666666668;0.12098666666666666;0.16474000000000003;0.20412000000000002;0.24349;0.2793233333333333;0.2995066666666667;0.29756666666666665;0.31499000000000005;0.3851033333333333;0.32039666666666666
2024-06-28T00:00:00.000Z;;;;;;;;;;;;
2024-07-01T00:00:00.000Z;0.105;2.1244;0.10381;0.14498666666666665;0.18714000000000003;0.23225666666666667;0.27208333333333334;0.28964333333333336;0.28823333333333334;0.31037;0.39538000000000006;0.3212433333333334
2024-07-03T00:00:00.000Z;0.061;1.7349333333333334;0.11587333333333331;0.16089333333333336;0.2090766666666667;0.25029;0.28891;0.30766;0.3106066666666667;0.3247366666666667;0.42671666666666674;0.36835666666666667
2024-07-06T00:00:00.000Z;0.08746666666666666;1.7197666666666669;0.10073333333333334;0.13962000000000002;0.18480000000000002;0.22171666666666667;0.25972;0.2779233333333333;0.27960666666666667;0.29530333333333336;0.38361666666666666;0.3252933333333334
2024-07-08T00:00:00.000Z;0.094;2.0080333333333336;0.11198;0.15900666666666666;0.20801999999999998;0.25076333333333334;0.2860333333333333;0.3036466666666667;0.29961333333333334;0.3217866666666667;0.4224933333333334;0.35231666666666667
2024-07-11T00:00:00.000Z;0.09976666666666668;1.5870666666666666;0.09697666666666668;0.13990666666666668;0.18502000000000002;0.22538333333333332;0.2596866666666667;0.2768;0.2776733333333333;0.29405000000000003;0.37756333333333336;0.3087866666666667
2024-07-23T00:00:00.000Z;0.061;1.7196666666666667;0.11904000000000002;0.16388666666666665;0.21410666666666667;0.25527;0.2856966666666667;0.3027766666666667;0.30513666666666667;0.3195;0.42694666666666664;0.36844666666666664
2024-07-26T00:00:00.000Z;0.083;1.6310666666666667;0.10543;0.14841333333333334;0.19999333333333333;0.23551333333333332;0.26499333333333336;0.28343;0.2863;0.29795333333333335;0.39598333333333335;0.33596333333333334
2024-07-28T00:00:00.000Z;0.17500000000000002;1.8635666666666664;0.11338;0.15943333333333334;0.20962;0.2507266666666667;0.27968000000000004;0.29657;0.29379;0.3141266666666667;0.4095566666666667;0.33915333333333336
2024-07-31T00:00:00.000Z;0.149;1.6257000000000001;0.10138333333333334;0.14686;0.19633333333333333;0.23357;0.2623066666666667;0.2766466666666667;0.2805666666666667;0.29363000000000006;0.38337;0.31096
2024-08-02T00:00:00.000Z;0.0669;1.4360333333333333;0.11595333333333334;0.15786;0.20793000000000003;0.24817;0.27691;0.29506333333333334;0.29958;0.3123833333333333;0.42071666666666674;0.3623733333333333
2024-08-05T00:00:00.000Z;0.105;2.046766666666667;0.10256333333333335;0.14111333333333334;0.1880666666666667;0.22699666666666668;0.25507;0.27296;0.27214000000000005;0.28991666666666666;0.38806666666666667;0.3281266666666667
2024-08-07T00:00:00.000Z;0.11093333333333334;1.522233333333333;0.1105;0.15719333333333335;0.21112333333333333;0.2521366666666667;0.27998;0.29626;0.2965233333333333;0.31429;0.41977;0.34759333333333337
2024-08-10T00:00:00.000Z;0.078;1.3809333333333333;0.10192000000000001;0.14585333333333333;0.19686;0.23393333333333333;0.2597966666666667;0.2752233333333333;0.2806333333333333;0.29132;0.38249000000000005;0.3116933333333334
2024-08-12T00:00:00.000Z;0.0669;1.8598333333333332;0.11489000000000002;0.16013666666666668;0.21095333333333335;0.25368;0.27886333333333335;0.2946366666666667;0.2961833333333333;0.31139333333333336;0.4181;0.3569466666666667
2024-08-15T00:00:00.000Z;0.089;1.5140333333333333;0.09748;0.13805333333333333;0.1897266666666667;0.22607333333333332;0.25077333333333335;0.2666633333333333;0.27386666666666665;0.2823733333333333;0.38231;0.32130000000000003
2024-08-17T00:00:00.000Z;0.116;1.7487000000000001;0.10188;0.14944333333333334;0.20276333333333332;0.2465466666666667;0.2698333333333333;0.2849566666666667;0.2846633333333333;0.30516;0.4102266666666667;0.33981333333333336
2024-08-20T00:00:00.000Z;0.11093333333333334;2.6157;0.09204333333333332;0.13357333333333332;0.18112666666666669;0.22324333333333335;0.2470866666666667;0.26003000000000004;0.25549333333333335;0.2782966666666667;0.37228000000000006;0.29958
2024-08-22T00:00:00.000Z;0.15453333333333333;3.0346666666666664;0.10499666666666667;0.14082;0.1832266666666667;0.22191333333333332;0.24596;0.2650366666666667;0.2562266666666667;0.28112333333333334;0.37097;0.31418
2024-08-25T00:00:00.000Z;0.3999;2.5806999999999998;0.09348333333333333;0.13902;0.18728;0.22744333333333336;0.2515733333333333;0.26835000000000003;0.2658866666666667;0.28569333333333335;0.36689000000000005;0.30124333333333336
2024-08-27T00:00:00.000Z;;;;;;;;;;;;
2024-08-30T00:00:00.000Z;;;;;;;;;;;;
2024-09-01T00:00:00.000Z;0.1872333333333333;2.643333333333333;0.11207333333333332;0.15336666666666668;0.20054333333333332;0.23979000000000003;0.2641366666666667;0.2822766666666667;0.2757766666666667;0.29625;0.38719333333333333;0.3247766666666667
2024-09-04T00:00:00.000Z;0.105;1.856;0.07483666666666668;0.1094766666666667;0.14826666666666669;0.18791666666666668;0.21402;0.22852333333333333;0.2318333333333333;0.24655333333333335;0.32341333333333333;0.25930333333333333
2024-09-06T00:00:00.000Z;;;;;;;;;;;;
2024-09-09T00:00:00.000Z;0.127;1.0302666666666669;0.07770666666666667;0.11950000000000001;0.16078666666666666;0.20304333333333333;0.2357766666666667;0.2515966666666667;0.2607733333333333;0.26844;0.34491666666666665;0.27697333333333335
2024-09-11T00:00:00.000Z;0.0669;2.0199333333333334;0.09826333333333333;0.13755;0.17877;0.2174;0.25221333333333334;0.27017;0.27061;0.28620666666666666;0.37631333333333333;0.32003000000000004
2024-09-14T00:00:00.000Z;0.1;1.8436333333333332;0.14466;0.17265333333333333;0.20966;0.25105666666666665;0.2905833333333333;0.3098666666666667;0.3126066666666667;0.32917;0.39709666666666665;0.32621
2024-09-16T00:00:00.000Z;0.13276666666666667;1.0301666666666667;0.08827333333333334;0.1313;0.17740333333333333;0.2169866666666667;0.24996000000000002;0.26691333333333334;0.27341333333333334;0.28532666666666673;0.37283333333333335;0.3063133333333333
2024-09-19T00:00:00.000Z;;;;;;;;;;;;
2024-09-21T00:00:00.000Z;0.13793333333333335;2.110766666666667;0.07532666666666667;0.11197333333333331;0.15141666666666667;0.19109333333333334;0.22947333333333333;0.2469366666666667;0.24766666666666667;0.2627566666666667;0.33064333333333334;0.26174333333333333
2024-09-24T00:00:00.000Z;;;;;;;;;;;;
2024-09-26T00:00:00.000Z;0.11093333333333334;1.5920999999999998;0.08193;0.12566;0.16898;0.2073833333333333;0.24316000000000002;0.25839;0.2595866666666667;0.27366;0.36082333333333333;0.29716333333333333
2024-09-29T00:00:00.000Z;0.089;1.2988333333333333;0.07647999999999999;0.11429666666666667;0.1517266666666667;0.18713333333333335;0.22274333333333335;0.23944000000000001;0.24509333333333336;0.2559133333333333;0.32591333333333333;0.25999
2024-10-01T00:00:00.000Z;0.12190000000000001;1.5393333333333332;0.08880666666666667;0.12748666666666666;0.17023666666666668;0.20458;0.24024;0.25850666666666666;0.25994;0.2715333333333333;0.35971000000000003;0.30461333333333335
2024-10-04T00:00:00.000Z;0.105;1.4856;0.07873;0.11470999999999999;0.15592;0.18758;0.22113666666666668;0.23814000000000002;0.24435333333333334;0.2530266666666667;0.33489;0.2799833333333333
2024-10-06T00:00:00.000Z;0.16;1.9229666666666667;0.08202333333333334;0.12550333333333333;0.16906;0.20525000000000002;0.23785666666666666;0.25372;0.25027333333333335;0.26861999999999997;0.35637666666666673;0.2920333333333333
2024-10-09T00:00:00.000Z;;;;;;;;;;;;
2024-10-11T00:00:00.000Z;;;;;;;;;;;;
2024-10-14T00:00:00.000Z;;;;;;;;;;;;
2024-10-16T00:00:00.000Z;;;;;;;;;;;;
2024-10-19T00:00:00.000Z;;;;;;;;;;;;
2024-10-21T00:00:00.000Z;0.11093333333333334;2.131866666666667;0.08248666666666667;0.12109333333333334;0.16055666666666668;0.19601;0.22924666666666668;0.24645;0.24410333333333334;0.25971;0.3449266666666667;0.28984333333333334
2024-10-24T00:00:00.000Z;;;;;;;;;;;;
2024-10-26T00:00:00.000Z;;;;;;;;;;;;
2024-10-29T00:00:00.000Z;;;;;;;;;;;;
2024-10-31T00:00:00.000Z;0.105;1.2158;0.16375;0.18283;0.20084000000000002;0.23270000000000002;0.27321;0.29491500000000004;0.30153;0.31009000000000003;0.32481;0.26108000000000003
2024-11-03T00:00:00.000Z;;;;;;;;;;;;
2024-11-05T00:00:00.000Z;0.149;1.4493;0.07053;0.10887333333333332;0.14648;0.18083;0.21704333333333334;0.23163666666666669;0.23301333333333332;0.2432733333333333;0.30124333333333336;0.23769
2024-11-08T00:00:00.000Z;;;;;;;;;;;;
2024-11-10T00:00:00.000Z;;;;;;;;;;;;
2024-11-13T00:00:00.000Z;;;;;;;;;;;;
2024-11-15T00:00:00.000Z;;;;;;;;;;;;
2024-11-18T00:00:00.000Z;0.083;1.3485333333333334;0.055006666666666676;0.08736666666666666;0.11230333333333334;0.14508666666666667;0.19077000000000002;0.20655333333333334;0.21265333333333333;0.22060000000000002;0.25660666666666665;0.19455666666666666
2024-11-20T00:00:00.000Z;0.078;1.3310666666666666;0.07186333333333333;0.10640333333333334;0.1391766666666667;0.17038666666666666;0.21336333333333332;0.23240333333333335;0.23961333333333334;0.24516333333333334;0.2993;0.24466000000000002
2024-11-23T00:00:00.000Z;0.083;1.5885294117647062;0.11371764705882355;0.12983529411764705;0.14548235294117648;0.16958235294117646;0.2058529411764706;0.21830000000000002;0.2208705882352941;0.2290352941176471;0.25518235294117647;0.21449411764705884
2024-11-25T00:00:00.000Z;;;;;;;;;;;;
2024-11-28T00:00:00.000Z;;;;;;;;;;;;
2024-11-30T00:00:00.000Z;0.105;1.3485666666666667;0.07044;0.10223666666666668;0.13096666666666668;0.16435;0.21353333333333332;0.23320333333333335;0.23803000000000002;0.24521;0.29066333333333333;0.23837333333333333
2024-12-03T00:00:00.000Z;0.083;1.1599333333333335;0.06487333333333334;0.09346333333333333;0.1183;0.14701666666666668;0.1968166666666667;0.2144366666666667;0.22414000000000003;0.22524000000000002;0.26249333333333336;0.20608000000000004
2024-12-05T00:00:00.000Z;0.055666666666666656;1.1117666666666668;0.06995;0.10446333333333335;0.13360666666666668;0.16938666666666666;0.22353000000000003;0.24110333333333334;0.24517333333333333;0.25516;0.29251;0.22877
2024-12-08T00:00:00.000Z;0.061;0.4728;0.05574333333333333;0.08938666666666667;0.11628666666666666;0.14663;0.19980666666666666;0.21574333333333334;0.23316666666666666;0.2303;0.2601;0.20003333333333334
2024-12-10T00:00:00.000Z;0.0669;0.7392333333333334;0.07182000000000001;0.10275666666666666;0.13223666666666667;0.16493666666666668;0.2141;0.23444333333333334;0.24712333333333333;0.24774666666666667;0.29119333333333336;0.23676666666666665
2024-12-13T00:00:00.000Z;0.0669;0.9369333333333332;0.06137000000000001;0.08894666666666667;0.11521666666666668;0.14552;0.19653666666666664;0.2157266666666667;0.22904000000000002;0.229;0.26431333333333334;0.20885333333333334
2024-12-15T00:00:00.000Z;0.0669;0.5215666666666667;0.06551666666666667;0.10079;0.13445333333333334;0.1646;0.21220333333333333;0.22799666666666668;0.24306333333333333;0.24300666666666668;0.2830066666666667;0.22488333333333332
2024-12-18T00:00:00.000Z;;;;;;;;;;;;
2024-12-20T00:00:00.000Z;0.0669;0.35756666666666664;0.07082000000000001;0.10346333333333335;0.13795666666666667;0.16378;0.21273000000000003;0.22945000000000002;0.25067;0.24361;0.28953;0.23401333333333332
2024-12-23T00:00:00.000Z;0.061;0.5845;0.06031;0.08920666666666667;0.11829000000000002;0.14800666666666668;0.19701;0.2140866666666667;0.23209333333333335;0.22681333333333334;0.2654366666666667;0.21174666666666667
2024-12-25T00:00:00.000Z;0.0669;0.9210333333333333;0.06285666666666667;0.09642333333333333;0.12915666666666667;0.16301666666666667;0.21190333333333333;0.22747333333333333;0.2345366666666667;0.24173666666666668;0.28728333333333333;0.22815000000000002
2024-12-28T00:00:00.000Z;0.07200000000000001;0.6675454545454546;0.06191818181818182;0.07827272727272729;0.0927818181818182;0.11318181818181818;0.13521818181818182;0.1421818181818182;0.14334545454545455;0.15093636363636365;0.1672727272727273;0.14515454545454545
2024-12-30T00:00:00.000Z;0.078;0.9886333333333333;0.07492000000000001;0.10661666666666668;0.1386666666666667;0.16836333333333336;0.21544666666666668;0.23157333333333333;0.24453333333333332;0.24611;0.29351333333333335;0.23873333333333333
2025-01-02T00:00:00.000Z;0.07200000000000001;0.6844666666666667;0.05292666666666667;0.08153;0.10768666666666667;0.13686333333333334;0.18493666666666664;0.20064666666666667;0.21702;0.21592333333333333;0.2454;0.18815333333333334
2025-01-04T00:00:00.000Z;0.078;0.606;0.04524333333333333;0.06974333333333334;0.09312333333333332;0.11602000000000001;0.1508233333333333;0.16204333333333334;0.16745666666666667;0.17088666666666666;0.18485333333333334;0.14157
2025-01-09T00:00:00.000Z;0.05;1.363;0.06777333333333334;0.09507333333333333;0.12344666666666668;0.15448;0.19612333333333332;0.21326333333333333;0.21581999999999998;0.22546333333333332;0.2721866666666667;0.22199666666666668
2025-01-12T00:00:00.000Z;;;;;;;;;;;;
2025-01-14T00:00:00.000Z;0.07200000000000001;0.2723333333333333;0.06845;0.10580333333333333;0.14410333333333333;0.17113666666666666;0.21377;0.22764;0.24831333333333333;0.24304000000000003;0.2913466666666667;0.2329866666666667
2025-01-17T00:00:00.000Z;;;;;;;;;;;;
2025-01-19T00:00:00.000Z;0.078;0.49523333333333336;0.07079333333333333;0.10409000000000002;0.1388;0.16938333333333333;0.21330000000000002;0.23189333333333334;0.24751;0.24622333333333332;0.2988866666666667;0.2445466666666667
2025-01-22T00:00:00.000Z;;;;;;;;;;;;
2025-01-24T00:00:00.000Z;0.078;1.0422;0.06837333333333334;0.10585333333333334;0.14106333333333335;0.17846333333333336;0.21932333333333331;0.23300666666666667;0.24133333333333332;0.2494866666666667;0.30401333333333336;0.23703333333333332
2025-01-27T00:00:00.000Z;;;;;;;;;;;;
2025-01-29T00:00:00.000Z;;;;;;;;;;;;
2025-02-01T00:00:00.000Z;0.0669;0.6978666666666666;0.06370333333333333;0.09430000000000001;0.1282;0.15714666666666668;0.19924333333333333;0.21531;0.22943333333333332;0.2273333333333333;0.28135;0.22735333333333335
2025-02-03T00:00:00.000Z;0.083;0.7068666666666666;0.08176333333333334;0.11631333333333335;0.15061;0.18518333333333334;0.22595666666666667;0.2392466666666667;0.2525866666666667;0.25739333333333336;0.3132066666666667;0.24839666666666668
2025-02-06T00:00:00.000Z;0.078;0.6459333333333332;0.06392666666666667;0.09793;0.1303666666666667;0.16314333333333333;0.20346666666666668;0.2173766666666667;0.23364000000000001;0.23293333333333333;0.2817133333333333;0.21881333333333333
2025-02-08T00:00:00.000Z;0.083;0.6472333333333333;0.07923333333333334;0.11621333333333335;0.15362;0.18531666666666669;0.22686333333333333;0.24411666666666668;0.25789666666666666;0.25871333333333335;0.32289;0.26569000000000004
2025-02-11T00:00:00.000Z;0.078;0.8362666666666667;0.07189;0.10434333333333334;0.13854666666666668;0.16923666666666667;0.21022;0.22522;0.2396333333333333;0.24029000000000003;0.2960733333333333;0.23982333333333333
2025-02-13T00:00:00.000Z;0.083;0.7199333333333333;0.07666666666666666;0.11656333333333335;0.1563766666666667;0.19051333333333334;0.22678000000000004;0.24249;0.25290333333333337;0.25666666666666665;0.32229;0.2570366666666667
2025-02-16T00:00:00.000Z;0.083;0.7948666666666667;0.07087;0.10812666666666669;0.14381333333333335;0.17733000000000002;0.21721000000000001;0.22910666666666668;0.24611333333333332;0.24596;0.30383333333333334;0.2376
2025-02-18T00:00:00.000Z;;;;;;;;;;;;
2025-02-21T00:00:00.000Z;;;;;;;;;;;;
2025-02-23T00:00:00.000Z;0.11093333333333334;0.8989333333333333;0.08012999999999999;0.12163333333333333;0.16444000000000003;0.19913666666666666;0.23445000000000002;0.24651;0.2560266666666667;0.26421;0.3348566666666667;0.2649333333333333
2025-02-26T00:00:00.000Z;0.078;0.3135;0.07504666666666668;0.111;0.1468;0.17804;0.21516666666666667;0.22726;0.24839333333333335;0.24378666666666668;0.29984000000000005;0.2357233333333333
2025-02-28T00:00:00.000Z;0.253;1.181;0.1034;0.13957333333333333;0.17888666666666667;0.21775;0.2561866666666667;0.27451333333333333;0.2788333333333333;0.29357;0.35355000000000003;0.29478333333333334
2025-03-03T00:00:00.000Z;;;;;;;;;;;;
2025-03-05T00:00:00.000Z;;;;;;;;;;;;
2025-03-08T00:00:00.000Z;;;;;;;;;;;;
2025-03-10T00:00:00.000Z;0.0669;1.2375666666666667;0.07978666666666667;0.1137266666666667;0.14568;0.18399000000000001;0.22543333333333332;0.23915333333333333;0.25215333333333334;0.25372;0.30735666666666667;0.2337766666666667
2025-03-13T00:00:00.000Z;;;;;;;;;;;;
2025-03-15T00:00:00.000Z;;;;;;;;;;;;
2025-03-17T00:00:00.000Z;;;;;;;;;;;;
2025-03-18T00:00:00.000Z;;;;;;;;;;;;
2025-03-20T00:00:00.000Z;;;;;;;;;;;;
2025-03-23T00:00:00.000Z;;;;;;;;;;;;
2025-03-25T00:00:00.000Z;0.078;1.0508333333333333;0.15614000000000003;0.19372;0.22430666666666668;0.2640133333333333;0.3010833333333333;0.3126466666666667;0.31760666666666665;0.3285466666666667;0.36054;0.2612
2025-03-27T00:00:00.000Z;;;;;;;;;;;;
2025-03-28T00:00:00.000Z;;;;;;;;;;;;
2025-03-30T00:00:00.000Z;0.078;0.40836666666666666;0.07488333333333334;0.11442000000000001;0.1490266666666667;0.18444333333333332;0.2304766666666667;0.24642333333333333;0.26184666666666667;0.26037;0.31464000000000003;0.25179
2025-04-02T00:00:00.000Z;0.094;1.2220666666666666;0.08277000000000001;0.11806;0.15011333333333335;0.18579;0.23355333333333334;0.24980333333333335;0.25753333333333334;0.26318;0.32097;0.2638266666666667
2025-04-04T00:00:00.000Z;0.149;1.3808666666666667;0.09125;0.13471;0.17259333333333335;0.21723000000000003;0.26380000000000003;0.27829333333333334;0.28251;0.2934466666666667;0.3587333333333333;0.28583000000000003
2025-04-06T00:00:00.000Z;;;;;;;;;;;;
2025-04-07T00:00:00.000Z;0.089;0.9486333333333332;0.07926666666666667;0.12077333333333332;0.1540266666666667;0.19374666666666668;0.24447333333333332;0.25999333333333335;0.27158000000000004;0.2736366666666667;0.32372;0.2561366666666667
2025-04-09T00:00:00.000Z;0.089;0.7757999999999999;0.07905000000000001;0.11767333333333332;0.1511266666666667;0.18914666666666669;0.23972333333333332;0.2589066666666667;0.2696;0.2729333333333333;0.3155833333333333;0.24858333333333332
2025-04-12T00:00:00.000Z;;;;;;;;;;;;
2025-04-14T00:00:00.000Z;0.138;1.5130666666666666;0.1019;0.14575333333333335;0.18180666666666664;0.2336;0.29050333333333334;0.31009000000000003;0.3128333333333333;0.32821333333333336;0.37916;0.29651666666666665
2025-04-16T00:00:00.000Z;;;;;;;;;;;;
2025-04-17T00:00:00.000Z;;;;;;;;;;;;
2025-04-19T00:00:00.000Z;0.055;0.83775;0.0492;0.0642375;0.0792125;0.121575;0.16445;0.18995;0.1267;0.208375;0.185025;0.16087500000000002
2025-04-22T00:00:00.000Z;;;;;;;;;;;;
2025-04-24T00:00:00.000Z;0.127;1.0222333333333333;0.08922333333333334;0.13443666666666665;0.17165666666666668;0.22063333333333332;0.27581333333333335;0.29259;0.3020366666666667;0.31020333333333333;0.3589566666666667;0.2846366666666667
2025-04-26T00:00:00.000Z;;;;;;;;;;;;
2025-04-27T00:00:00.000Z;0.105;0.7362000000000001;0.07751666666666666;0.11982333333333332;0.15061333333333335;0.19741666666666668;0.2610966666666667;0.27915666666666666;0.2949;0.2963;0.3235733333333333;0.25279666666666667
2025-04-29T00:00:00.000Z;;;;;;;;;;;;
2025-05-02T00:00:00.000Z;0.42153333333333337;2.137766666666667;0.09644;0.14196666666666669;0.17556666666666668;0.2308266666666667;0.3029866666666667;0.32985000000000003;0.33724000000000004;0.3448766666666667;0.36063000000000006;0.27890000000000004
2025-05-04T00:00:00.000Z;;;;;;;;;;;;
2025-05-06T00:00:00.000Z;;;;;;;;;;;;
2025-05-07T00:00:00.000Z;;;;;;;;;;;;
2025-05-09T00:00:00.000Z;;;;;;;;;;;;
2025-05-12T00:00:00.000Z;0.1;1.0104642857142856;0.05418571428571429;0.07575714285714286;0.08838928571428571;0.11219285714285712;0.15440357142857142;0.16529285714285713;0.18329285714285717;0.1720607142857143;0.16428928571428572;0.1070321428571429
2025-05-14T00:00:00.000Z;0.242;1.2307000000000001;0.1386266666666667;0.17742000000000002;0.2040266666666667;0.25495;0.30845666666666666;0.3258266666666667;0.3386;0.35115;0.3654866666666667;0.26030333333333333
2025-05-16T00:00:00.000Z;0.16;1.3106;0.08075333333333333;0.12520666666666666;0.15905666666666668;0.20901666666666666;0.2697733333333333;0.29162;0.29868000000000006;0.3134766666666667;0.35049;0.2635
2025-05-17T00:00:00.000Z;0.116;1.1480000000000001;0.08824666666666667;0.13255333333333333;0.16474000000000003;0.21694000000000002;0.27718333333333334;0.29842;0.3118;0.32080333333333333;0.34936;0.26541
2025-05-19T00:00:00.000Z;0.116;1.0679333333333334;0.08118333333333334;0.1254266666666667;0.1595266666666667;0.20976666666666666;0.26750666666666667;0.29036333333333336;0.3011266666666667;0.3110833333333333;0.3481;0.26826
2025-05-22T00:00:00.000Z;;;;;;;;;;;;
2025-05-24T00:00:00.000Z;0.149;0.8525;0.08712666666666667;0.1349466666666667;0.17313;0.22574000000000002;0.2808866666666667;0.30081;0.3156233333333333;0.3247066666666667;0.3648866666666667;0.27795333333333333
2025-05-26T00:00:00.000Z;0.13276666666666667;1.4153333333333333;0.09594333333333332;0.14262000000000002;0.18290333333333333;0.2335833333333333;0.28979333333333335;0.3108666666666667;0.31601;0.33227;0.39105666666666666;0.3113266666666667
2025-05-27T00:00:00.000Z;0.138;1.268;0.08490333333333333;0.12868;0.16262000000000001;0.21416666666666667;0.27209333333333335;0.29113000000000006;0.3025466666666667;0.31355;0.3546766666666667;0.2721
2025-05-29T00:00:00.000Z;0.15453333333333333;1.3656666666666668;0.08524666666666668;0.12984;0.16589333333333334;0.2145466666666667;0.27072;0.29194000000000003;0.29986666666666667;0.3141366666666667;0.35366000000000003;0.2724666666666667
2025-06-01T00:00:00.000Z;;;;;;;;;;;;
2025-06-03T00:00:00.000Z;;;;;;;;;;;;
2025-06-05T00:00:00.000Z;0.1872333333333333;1.5261333333333336;0.10341666666666668;0.14760333333333334;0.18736;0.23400333333333334;0.2878133333333333;0.3107866666666667;0.31526333333333334;0.33519333333333334;0.3966833333333334;0.31621
2025-06-06T00:00:00.000Z;0.1764;1.5084000000000002;0.08669333333333333;0.13249333333333335;0.17026666666666668;0.21740333333333334;0.27318333333333333;0.2933766666666667;0.30299333333333334;0.31681333333333334;0.3647166666666667;0.2809966666666667
2025-06-08T00:00:00.000Z;0.24753333333333333;1.5306333333333335;0.08943333333333334;0.13415333333333335;0.17181333333333335;0.21967333333333333;0.27080333333333334;0.2928266666666667;0.29761333333333334;0.31593333333333334;0.3542466666666667;0.27049666666666666
2025-06-11T00:00:00.000Z;0.45439999999999997;2.2556;0.08249666666666668;0.1343666666666667;0.17921333333333336;0.23039;0.28667333333333334;0.31377;0.3157866666666667;0.33851333333333333;0.3749933333333333;0.2907133333333333
2025-06-13T00:00:00.000Z;;;;;;;;;;;;
2025-06-15T00:00:00.000Z;0.4435333333333334;2.1444666666666667;0.09771666666666667;0.155;0.20465333333333335;0.2566466666666667;0.3071966666666667;0.32909333333333335;0.3268466666666667;0.35132;0.4090266666666667;0.3183566666666667
2025-06-16T00:00:00.000Z;0.35100000000000003;2.252866666666667;0.09366333333333332;0.14603333333333332;0.19126;0.2450466666666667;0.29836;0.3200266666666667;0.32331333333333334;0.3467466666666667;0.3937833333333334;0.3000266666666667
2025-06-18T00:00:00.000Z;0.193;2.3371999999999997;0.09649666666666669;0.14003333333333334;0.18113333333333334;0.2272833333333333;0.2727966666666667;0.29642;0.29406666666666664;0.3173;0.37245;0.28262333333333334
2025-06-21T00:00:00.000Z;0.193;2.0087;0.09500333333333333;0.13557333333333332;0.17872000000000002;0.22252;0.2667966666666667;0.28928333333333334;0.29350000000000004;0.31178000000000006;0.37561333333333335;0.2987
2025-06-23T00:00:00.000Z;0.2039333333333333;1.3748;0.1061;0.15542;0.20208666666666664;0.24921666666666667;0.2885866666666667;0.30759333333333333;0.31616666666666665;0.3326466666666667;0.40124000000000004;0.3143
2025-06-25T00:00:00.000Z;0.16553333333333334;1.6959666666666666;0.10545666666666667;0.15406666666666669;0.20183;0.24986333333333333;0.29050000000000004;0.30905333333333335;0.31215000000000004;0.3325366666666667;0.40691;0.32104333333333335
2025-06-26T00:00:00.000Z;0.127;0.9979666666666668;0.09187666666666668;0.14006666666666667;0.18513333333333334;0.23183000000000004;0.27497;0.29255000000000003;0.3076466666666667;0.3165233333333333;0.3798266666666667;0.2901333333333333
2025-06-28T00:00:00.000Z;0.231;1.4160666666666666;0.09112;0.13854000000000002;0.18667333333333333;0.23416666666666666;0.2744666666666667;0.29528333333333334;0.30132;0.3180466666666667;0.37884;0.28890333333333335
2025-07-01T00:00:00.000Z;0.242;1.9121666666666668;0.09649666666666669;0.13987333333333332;0.18770666666666666;0.2344266666666667;0.2740633333333333;0.29648;0.3001866666666667;0.3170233333333333;0.3874433333333333;0.3055766666666667
2025-07-03T00:00:00.000Z;0.13276666666666667;2.380733333333333;0.11000666666666667;0.15574333333333334;0.20501999999999998;0.25548333333333334;0.2923;0.3087066666666667;0.30801666666666666;0.33459333333333335;0.4156333333333333;0.32388000000000006
2025-07-05T00:00:00.000Z;0.127;1.8399333333333332;0.10932000000000001;0.15829333333333334;0.2101366666666667;0.25871666666666665;0.29651333333333335;0.3133633333333333;0.3173366666666667;0.33858000000000005;0.41899666666666663;0.32981
2025-07-06T00:00:00.000Z;0.2749;2.307733333333333;0.08755333333333333;0.1361;0.18294000000000002;0.2342466666666667;0.27426333333333336;0.29178333333333334;0.29496;0.3177066666666667;0.38199666666666665;0.2899933333333334
2025-07-08T00:00:00.000Z;0.138;2.9126333333333334;0.10777;0.14423333333333332;0.1845266666666667;0.23136666666666666;0.2672333333333333;0.2869466666666667;0.2841066666666667;0.31465333333333334;0.38025000000000003;0.28883333333333333
2025-07-11T00:00:00.000Z;0.1;1.5471;0.09520333333333332;0.1369466666666667;0.18536666666666668;0.22861;0.26735000000000003;0.28689000000000003;0.29551333333333335;0.30985666666666667;0.38088000000000005;0.3035333333333333
2025-07-13T00:00:00.000Z;0.078;1.4945333333333333;0.10746;0.15700333333333333;0.20976333333333333;0.25756666666666667;0.29363000000000006;0.31167;0.3189;0.33581333333333335;0.4141600000000001;0.32268
2025-07-15T00:00:00.000Z;0.10053333333333332;1.4030333333333334;0.10647000000000001;0.1553766666666667;0.20759666666666668;0.2557066666666667;0.2930866666666667;0.31275000000000003;0.31664333333333333;0.3328433333333334;0.4145866666666667;0.3269066666666667
2025-07-16T00:00:00.000Z;0.231;1.8151666666666668;0.09036000000000001;0.14056666666666667;0.19010666666666665;0.2418833333333333;0.28010666666666667;0.2950066666666667;0.30039333333333335;0.3190466666666667;0.3856566666666667;0.29235666666666665
2025-07-18T00:00:00.000Z;0.242;1.9801333333333333;0.09010666666666668;0.1389733333333333;0.18808666666666665;0.23793666666666669;0.27173;0.2912166666666667;0.2917866666666667;0.31343333333333334;0.3803533333333333;0.28933333333333333
2025-07-21T00:00:00.000Z;0.171;1.6925000000000001;0.09424333333333332;0.13921333333333336;0.18922000000000003;0.23618666666666668;0.27185000000000004;0.29175333333333336;0.2964333333333333;0.3105766666666667;0.3846366666666667;0.30498333333333333
2025-07-23T00:00:00.000Z;;;;;;;;;;;;
2025-07-25T00:00:00.000Z;;;;;;;;;;;;
2025-07-26T00:00:00.000Z;0.182;1.6205666666666667;0.08309;0.13149333333333335;0.17696;0.23109333333333335;0.2698933333333334;0.28575666666666666;0.2950933333333334;0.3112333333333333;0.36961333333333335;0.28053000000000006
2025-07-28T00:00:00.000Z;0.2149;1.8144333333333331;0.08431333333333334;0.1305266666666667;0.17444666666666667;0.22552;0.26509333333333335;0.28575333333333336;0.2864466666666667;0.30624333333333337;0.3708933333333333;0.2837733333333333
2025-07-31T00:00:00.000Z;0.209;1.9524333333333332;0.08828333333333334;0.13179333333333335;0.17726;0.2240366666666667;0.2657933333333333;0.28698666666666667;0.2910333333333333;0.30826;0.37526;0.29767333333333335
2025-08-02T00:00:00.000Z;0.22576666666666667;1.6756666666666669;0.09132666666666668;0.14068666666666665;0.18908;0.24128000000000002;0.27810333333333337;0.2959466666666667;0.30010000000000003;0.32012;0.38776;0.29555000000000003
2025-08-04T00:00:00.000Z;0.2749;2.242233333333333;0.09593333333333334;0.14487333333333333;0.19415000000000002;0.24408000000000002;0.28315;0.30283000000000004;0.29985666666666666;0.32449333333333336;0.4012;0.3123066666666667
2025-08-05T00:00:00.000Z;0.302;1.8381333333333332;0.08346666666666666;0.1327;0.17645333333333335;0.22474000000000002;0.26316;0.28244;0.28646;0.3046433333333334;0.3659833333333334;0.2790766666666667
2025-08-07T00:00:00.000Z;0.253;1.1073666666666666;0.08295666666666668;0.12961333333333336;0.1764266666666667;0.22047;0.2593366666666667;0.2773933333333333;0.2862;0.29823000000000005;0.35953666666666667;0.27368333333333333
2025-08-10T00:00:00.000Z;0.1981;1.8447666666666669;0.09036333333333332;0.13237333333333332;0.17848;0.22409333333333334;0.25914000000000004;0.2791;0.28338;0.3004766666666667;0.37334;0.2965333333333333
2025-08-12T00:00:00.000Z;0.253;2.2286666666666664;0.09826666666666667;0.14799666666666667;0.1980766666666667;0.24520666666666668;0.2800566666666667;0.29621333333333333;0.29622;0.3202566666666667;0.4008366666666667;0.31050333333333335
2025-08-14T00:00:00.000Z;0.15453333333333333;1.704766666666667;0.10087666666666668;0.14620666666666668;0.19416666666666668;0.24037333333333333;0.27349333333333337;0.2909766666666667;0.2923866666666667;0.31495;0.3959566666666667;0.3111333333333333
2025-08-15T00:00:00.000Z;0.2692333333333333;1.459733333333333;0.08341000000000001;0.13274666666666668;0.18166666666666667;0.22848000000000002;0.26715666666666665;0.28290000000000004;0.29190666666666665;0.30650333333333335;0.37734666666666666;0.28546333333333335
2025-08-17T00:00:00.000Z;0.3075333333333334;1.4973666666666665;0.08929666666666668;0.13073333333333334;0.17429333333333336;0.2167766666666667;0.25151;0.26976333333333335;0.2748933333333334;0.2922266666666667;0.35851333333333335;0.2717766666666667
2025-08-20T00:00:00.000Z;0.3456666666666667;1.6167;0.09126000000000001;0.12607333333333332;0.16882000000000003;0.21263000000000004;0.24873000000000003;0.26778;0.2737266666666667;0.28845000000000004;0.36777;0.2892
2025-08-22T00:00:00.000Z;;;;;;;;;;;;
2025-08-24T00:00:00.000Z;0.2856666666666667;1.8633666666666664;0.09109333333333332;0.13954333333333335;0.19144666666666668;0.23797333333333331;0.27104666666666666;0.28869333333333336;0.28962333333333334;0.3114966666666667;0.38726666666666665;0.30251333333333336
2025-08-25T00:00:00.000Z;;;;;;;;;;;;
2025-08-27T00:00:00.000Z;0.37810000000000005;2.447;0.08805;0.13620000000000002;0.18012;0.22458000000000003;0.2537866666666667;0.27065;0.2688466666666667;0.29292;0.34245000000000003;0.25837333333333334
2025-08-30T00:00:00.000Z;0.16553333333333334;1.7414666666666667;0.08418;0.12736666666666668;0.17516;0.21966666666666665;0.25127;0.26943000000000006;0.275;0.28731666666666666;0.36309;0.28850000000000003
2025-09-01T00:00:00.000Z;0.182;0.7392000000000001;0.09295;0.14474333333333333;0.19654666666666668;0.24017;0.27405666666666667;0.28736666666666666;0.30302;0.31156333333333336;0.38644;0.2982866666666667
2025-09-03T00:00:00.000Z;0.1764;1.1259333333333335;0.09293;0.14317000000000002;0.19446666666666668;0.23916666666666667;0.27249666666666666;0.2879933333333334;0.29660000000000003;0.30951333333333336;0.38866333333333336;0.30445666666666665
2025-09-04T00:00:00.000Z;0.193;1.241766666666667;0.08525666666666668;0.1338;0.18166666666666667;0.23081666666666667;0.26461666666666667;0.27970666666666666;0.29127333333333333;0.3026233333333333;0.36935;0.27851
2025-09-06T00:00:00.000Z;;;;;;;;;;;;
2025-09-09T00:00:00.000Z;0.22;2.234866666666667;0.08825666666666668;0.12863333333333332;0.17518666666666666;0.22264000000000003;0.25577;0.27604666666666666;0.27349333333333337;0.2943966666666667;0.35534333333333334;0.26801
2025-09-11T00:00:00.000Z;0.15453333333333333;1.9708333333333332;0.08628666666666668;0.136;0.18342;0.2326766666666667;0.2630733333333333;0.2765566666666667;0.27631;0.29725666666666667;0.38197333333333333;0.2912266666666667
2025-09-13T00:00:00.000Z;;;;;;;;;;;;
2025-09-14T00:00:00.000Z;0.15453333333333333;1.5880666666666667;0.07783333333333334;0.12459333333333335;0.16814666666666667;0.21563333333333332;0.24881;0.26104;0.26910666666666666;0.2823333333333333;0.35283333333333333;0.26686666666666664
2025-09-16T00:00:00.000Z;0.16553333333333334;1.7595;0.07712000000000001;0.12158000000000001;0.16652;0.21108333333333332;0.24187;0.2564966666666667;0.2608066666666667;0.2774866666666667;0.3435766666666667;0.25698333333333334
2025-09-19T00:00:00.000Z;0.171;2.0061666666666667;0.08237000000000001;0.12341333333333335;0.16691333333333336;0.21050666666666668;0.24131666666666665;0.2589066666666667;0.26278;0.27829000000000004;0.34685;0.271
2025-09-21T00:00:00.000Z;0.226;2.20025;0.10272500000000001;0.14855000000000002;0.19060000000000002;0.24281666666666665;0.269925;0.28696666666666665;0.28365;0.311425;0.36091666666666666;0.27155
2025-09-23T00:00:00.000Z;0.067;1.309;0.09845555555555557;0.14666666666666667;0.19531111111111113;0.2480888888888889;0.28102222222222223;0.29846666666666666;0.3037888888888889;0.3215111111111112;0.3872888888888889;0.2994
2025-09-24T00:00:00.000Z;;;;;;;;;;;;
2025-09-26T00:00:00.000Z;0.1872333333333333;1.2923666666666667;0.07631;0.12236;0.16716;0.21298666666666669;0.24230666666666667;0.25693000000000005;0.26558000000000004;0.27814333333333335;0.33756;0.25220000000000004
2025-09-29T00:00:00.000Z;;;;;;;;;;;;
