TIMESTAMP_UTC;AOT;TCWV;B02;B03;B04;B05;B06;B07;B08;B8A;B11;B12
2015-10-04T00:00:00.000Z;;;;;;;;;;;;
2015-11-13T00:00:00.000Z;0.11084999999999999;1.0218;0.059905;0.083415;0.091645;0.125785;0.176295;0.192065;0.202775;0.21036;0.22869499999999998;0.164005
2015-11-16T00:00:00.000Z;0.07795;0.77225;0.041165;0.065405;0.07336000000000001;0.10299000000000001;0.152895;0.166245;0.17993;0.182565;0.20081500000000002;0.13979000000000003
2015-11-26T00:00:00.000Z;0.06684999999999999;0.6858500000000001;0.040315;0.06464500000000001;0.07275000000000001;0.10336500000000001;0.15087;0.16546;0.1791;0.180925;0.19685;0.13647
2015-12-03T00:00:00.000Z;0.08895;1.1484;0.046265;0.072475;0.082065;0.11541;0.16627;0.17856500000000003;0.189425;0.197915;0.216185;0.154725
2015-12-06T00:00:00.000Z;;;;;;;;;;;;
2015-12-16T00:00:00.000Z;;;;;;;;;;;;
2015-12-23T00:00:00.000Z;;;;;;;;;;;;
2015-12-26T00:00:00.000Z;;;;;;;;;;;;
2016-01-02T00:00:00.000Z;;;;;;;;;;;;
2016-01-05T00:00:00.000Z;;;;;;;;;;;;
2016-01-12T00:00:00.000Z;0.07200000000000001;1.01445;0.0475;0.072405;0.08460000000000001;0.11441500000000002;0.161275;0.17546;0.185625;0.19291;0.21663000000000002;0.157195
2016-01-22T00:00:00.000Z;;;;;;;;;;;;
2016-01-25T00:00:00.000Z;0.07795;0.96105;0.11073;0.12915000000000001;0.13935999999999998;0.168855;0.20570500000000003;0.217385;0.22852;0.23686500000000002;0.256535;0.20174000000000003
2016-02-01T00:00:00.000Z;0.07795;0.79415;0.050315;0.076295;0.09015000000000001;0.120925;0.16376;0.17913;0.191035;0.196185;0.22899000000000003;0.1655
2016-02-04T00:00:00.000Z;0.07795;0.55275;0.044855000000000006;0.06879500000000001;0.080465;0.10734000000000002;0.14936500000000003;0.162145;0.17838;0.177835;0.20399000000000003;0.143835
2016-02-11T00:00:00.000Z;;;;;;;;;;;;
2016-02-14T00:00:00.000Z;;;;;;;;;;;;
2016-02-21T00:00:00.000Z;;;;;;;;;;;;
2016-03-02T00:00:00.000Z;;;;;;;;;;;;
2016-03-05T00:00:00.000Z;0.083;0.42905000000000004;0.052905;0.0787;0.095875;0.122135;0.160805;0.172905;0.19158;0.19242;0.22925;0.16491
2016-03-12T00:00:00.000Z;0.105;0.44689999999999996;0.06474500000000001;0.09433;0.11381;0.14469;0.184175;0.197195;0.21397;0.217835;0.26654;0.19845000000000002
2016-03-15T00:00:00.000Z;;;;;;;;;;;;
2016-03-22T00:00:00.000Z;;;;;;;;;;;;
2016-03-25T00:00:00.000Z;0.083;0.6294500000000001;0.064755;0.091655;0.105425;0.13547;0.173465;0.18437;0.20022;0.20359000000000002;0.23775000000000002;0.17274
2016-04-01T00:00:00.000Z;0.116;0.5901000000000001;0.071595;0.10553499999999999;0.12419000000000001;0.15862500000000002;0.20114;0.215625;0.23146;0.23649499999999998;0.283075;0.21283000000000002
2016-04-04T00:00:00.000Z;;;;;;;;;;;;
2016-04-11T00:00:00.000Z;;;;;;;;;;;;
2016-04-14T00:00:00.000Z;0.083;0.7910499999999999;0.06328500000000001;0.09399;0.10836;0.140295;0.184565;0.1988;0.21253000000000002;0.21635000000000001;0.25568;0.18665
2016-04-21T00:00:00.000Z;0.116;0.8834500000000001;0.07798500000000001;0.11276500000000002;0.131355;0.16844;0.21766;0.234025;0.24854;0.256585;0.30628500000000003;0.23107
2016-04-24T00:00:00.000Z;0.094;0.6087;0.06365;0.096585;0.11244000000000001;0.143275;0.19029000000000001;0.20697;0.22441999999999998;0.22421;0.26230000000000003;0.19029000000000001
2016-05-01T00:00:00.000Z;0.105;0.4913;0.07719;0.11298;0.130255;0.164905;0.21509499999999998;0.231745;0.24917;0.253295;0.297875;0.224445
2016-05-04T00:00:00.000Z;0.08895;0.5381;0.07122;0.10300000000000001;0.11850999999999999;0.152835;0.20327;0.21896500000000002;0.23871;0.238335;0.275075;0.20192500000000002
2016-05-11T00:00:00.000Z;0.105;1.0876;0.09596;0.13187000000000001;0.14282;0.188195;0.25499499999999997;0.274385;0.29002;0.29985;0.330175;0.23562
2016-05-14T00:00:00.000Z;;;;;;;;;;;;
2016-05-21T00:00:00.000Z;0.138;1.2843;0.08162000000000001;0.11803;0.13534500000000002;0.17476;0.2293;0.245285;0.25566;0.264855;0.31458;0.238145
2016-05-24T00:00:00.000Z;0.31295;1.3838;0.07054;0.10826;0.12465999999999999;0.16403;0.21701;0.232385;0.24101999999999998;0.24994000000000002;0.28042;0.20526999999999998
2016-06-10T00:00:00.000Z;;;;;;;;;;;;
2016-06-13T00:00:00.000Z;0.094;1.93805;0.07423;0.10875;0.12823;0.16553;0.207035;0.22207500000000002;0.22985;0.24362;0.293215;0.21449000000000001
2016-06-20T00:00:00.000Z;0.05525;1.3289000000000002;0.09383;0.1328;0.15536;0.194885;0.23872500000000002;0.254145;0.26598000000000005;0.27706000000000003;0.33966;0.257845
2016-06-23T00:00:00.000Z;0.138;1.0933;0.07513;0.11114500000000001;0.13234;0.169795;0.21035;0.22465000000000002;0.23766;0.24616;0.29585;0.214245
2016-06-30T00:00:00.000Z;0.37245;2.43825;0.094065;0.134615;0.158485;0.20406;0.24111500000000002;0.2571;0.2612;0.28136;0.34301;0.25447
2016-07-03T00:00:00.000Z;0.242;1.9949000000000001;0.07774;0.11437000000000001;0.13779000000000002;0.17435;0.210985;0.226585;0.23202;0.24787;0.297315;0.21340500000000004
2016-07-10T00:00:00.000Z;0.149;1.7605;0.092555;0.13326;0.159555;0.20124000000000003;0.23775000000000002;0.25411500000000004;0.263875;0.277985;0.345895;0.25754499999999997
2016-07-13T00:00:00.000Z;;;;;;;;;;;;
2016-07-20T00:00:00.000Z;;;;;;;;;;;;
2016-07-23T00:00:00.000Z;0.231;2.22255;0.07455;0.11069500000000002;0.1348;0.17541500000000002;0.2082;0.22358000000000003;0.22894000000000003;0.24527500000000002;0.29965;0.211945
2016-07-30T00:00:00.000Z;0.29625;1.87955;0.08529;0.12969000000000003;0.1562;0.199795;0.23449000000000003;0.250375;0.25576;0.27321;0.331145;0.242465
2016-08-02T00:00:00.000Z;0.08895;1.30785;0.07551000000000001;0.10988;0.13290000000000002;0.172705;0.20386;0.21839000000000003;0.22994000000000003;0.23991500000000002;0.29186500000000004;0.20546999999999999
2016-08-09T00:00:00.000Z;0.05525;1.2963;0.08853;0.128535;0.15443;0.19522;0.23006500000000002;0.242835;0.254675;0.26705;0.33023;0.24084000000000003
2016-08-12T00:00:00.000Z;0.11084999999999999;1.78525;0.08067500000000001;0.116585;0.13778;0.182125;0.21553000000000003;0.23056500000000002;0.23989000000000002;0.25666500000000003;0.305615;0.21383000000000002
2016-08-19T00:00:00.000Z;0.083;1.79075;0.08266000000000001;0.12071;0.145825;0.18714000000000003;0.21967;0.23488000000000003;0.24183000000000002;0.25639;0.31891;0.2351
2016-08-22T00:00:00.000Z;0.094;2.2052;0.07102000000000001;0.10499000000000001;0.12759;0.166285;0.19712500000000002;0.2089;0.21538000000000002;0.231025;0.27837;0.19692500000000002
2016-08-29T00:00:00.000Z;0.1651;1.4529;0.07796;0.11747;0.14297500000000002;0.185985;0.217785;0.23264;0.241745;0.25389;0.31212500000000004;0.22620500000000002
2016-09-01T00:00:00.000Z;0.1;2.2540588235294123;0.07738235294117649;0.11284117647058825;0.13435294117647062;0.1797294117647059;0.21254705882352942;0.22546470588235293;0.23525882352941177;0.2509588235294118;0.29880588235294125;0.20825294117647059
2016-09-08T00:00:00.000Z;0.06770000000000001;1.4256;0.0777;0.1158;0.14120000000000002;0.18266;0.21275000000000002;0.228095;0.23650000000000002;0.24947;0.30475500000000005;0.22115
2016-09-11T00:00:00.000Z;0.149;2.12635;0.067635;0.101855;0.12315999999999999;0.163475;0.191175;0.204655;0.21036;0.226045;0.27079000000000003;0.187685
2016-09-18T00:00:00.000Z;0.09995000000000001;1.4033499999999999;0.07321000000000001;0.11125;0.13656500000000002;0.17773;0.20604000000000003;0.21977;0.228395;0.24296500000000001;0.295225;0.21539000000000003
2016-09-21T00:00:00.000Z;0.11084999999999999;1.4267;0.06524;0.09811500000000001;0.11964000000000001;0.157275;0.18608;0.19750500000000001;0.20753000000000002;0.218315;0.262585;0.18307500000000002
2016-09-28T00:00:00.000Z;;;;;;;;;;;;
2016-10-01T00:00:00.000Z;0.12185;1.35975;0.05998;0.093825;0.114435;0.15161;0.17926;0.1928;0.20294;0.21277500000000002;0.254815;0.176925
2016-10-08T00:00:00.000Z;;;;;;;;;;;;
2016-10-11T00:00:00.000Z;0.11084999999999999;0.80055;0.05679;0.09047000000000001;0.112855;0.14795;0.175005;0.18715;0.2038;0.20822500000000002;0.24986500000000003;0.17220000000000002
2016-10-18T00:00:00.000Z;;;;;;;;;;;;
2016-10-21T00:00:00.000Z;;;;;;;;;;;;
2016-10-28T00:00:00.000Z;;;;;;;;;;;;
2016-10-31T00:00:00.000Z;0.09995000000000001;0.98705;0.05033000000000001;0.07579;0.085535;0.118655;0.15511;0.16719;0.17922000000000002;0.183815;0.21496;0.149125
2016-11-07T00:00:00.000Z;0.07795;0.63815;0.06199500000000001;0.091415;0.10404000000000001;0.137785;0.18433;0.19773000000000002;0.21291;0.21663000000000002;0.25054000000000004;0.17930000000000001
2016-11-10T00:00:00.000Z;0.07795;0.6932;0.045675;0.07153;0.08281000000000001;0.11284500000000001;0.153565;0.16586;0.18052;0.18232500000000001;0.206625;0.1452
2016-11-17T00:00:00.000Z;0.07200000000000001;0.88195;0.05075;0.07988500000000001;0.093;0.12425;0.16429500000000002;0.177855;0.188255;0.1953;0.22751500000000002;0.166415
2016-11-20T00:00:00.000Z;;;;;;;;;;;;
2016-11-27T00:00:00.000Z;;;;;;;;;;;;
2016-11-30T00:00:00.000Z;;;;;;;;;;;;
2016-12-07T00:00:00.000Z;0.08895;0.98345;0.0392;0.064985;0.071745;0.10394500000000001;0.145535;0.156595;0.166245;0.17272500000000002;0.19154000000000002;0.1341
2016-12-10T00:00:00.000Z;;;;;;;;;;;;
2016-12-17T00:00:00.000Z;;;;;;;;;;;;
2016-12-20T00:00:00.000Z;0.07200000000000001;0.8513;0.030935000000000004;0.05384;0.059905;0.087245;0.13059500000000002;0.141995;0.15255000000000002;0.155475;0.16551500000000002;0.1106
2016-12-27T00:00:00.000Z;;;;;;;;;;;;
2016-12-30T00:00:00.000Z;;;;;;;;;;;;
2017-01-16T00:00:00.000Z;0.06684999999999999;0.87665;0.047865;0.07390000000000001;0.08374500000000001;0.11545000000000001;0.16124000000000002;0.17489500000000002;0.18611500000000003;0.19051500000000002;0.216835;0.15807000000000002
2017-01-19T00:00:00.000Z;;;;;;;;;;;;
2017-01-26T00:00:00.000Z;;;;;;;;;;;;
2017-01-29T00:00:00.000Z;;;;;;;;;;;;
2017-02-05T00:00:00.000Z;;;;;;;;;;;;
2017-02-08T00:00:00.000Z;0.061;0.48595;0.04388;0.067105;0.07727;0.10499000000000001;0.151425;0.16239;0.17915999999999999;0.17824;0.200085;0.14297
2017-02-15T00:00:00.000Z;0.08895;0.62065;0.05649;0.074315;0.08088;0.10621500000000002;0.142265;0.1527;0.16136;0.165995;0.18095;0.125195
2017-02-18T00:00:00.000Z;;;;;;;;;;;;
2017-02-25T00:00:00.000Z;0.105;0.7299500000000001;0.05344;0.080305;0.09294000000000001;0.123455;0.16926500000000003;0.182235;0.19623000000000002;0.20068;0.23209000000000002;0.17069
2017-02-28T00:00:00.000Z;0.07795;0.8588;0.048355;0.07273;0.083905;0.110505;0.156775;0.16964;0.18208;0.18632500000000002;0.21167;0.1504
2017-03-07T00:00:00.000Z;;;;;;;;;;;;
2017-03-10T00:00:00.000Z;0.06684999999999999;0.55335;0.049695;0.07404500000000001;0.08604;0.11314500000000001;0.15923;0.17401;0.18818000000000001;0.189945;0.21932;0.156925
2017-03-17T00:00:00.000Z;;;;;;;;;;;;
2017-03-19T00:00:00.000Z;;;;;;;;;;;;
2017-03-20T00:00:00.000Z;0.11084999999999999;1.25665;0.056385000000000005;0.08318500000000001;0.09361000000000001;0.126725;0.17802;0.195135;0.20339000000000002;0.21299;0.23855;0.17047
2017-03-25T00:00:00.000Z;0.083;0.7192999999999999;0.05922000000000001;0.08420000000000001;0.09503500000000001;0.12419500000000001;0.17204000000000003;0.187735;0.20309000000000002;0.204075;0.232325;0.17282
2017-03-27T00:00:00.000Z;;;;;;;;;;;;
2017-03-30T00:00:00.000Z;0.05;0.6065499999999999;0.06176;0.088905;0.09999000000000001;0.130245;0.179075;0.194075;0.20896;0.21235;0.233275;0.16803
2017-04-01T00:00:00.000Z;0.105;0.5589;0.07026;0.099855;0.11308;0.1454;0.19929500000000003;0.21634499999999998;0.23470500000000002;0.23431;0.27295;0.20714000000000002
2017-04-06T00:00:00.000Z;;;;;;;;;;;;
2017-04-09T00:00:00.000Z;0.06684999999999999;0.88105;0.06939500000000001;0.0998;0.11185;0.14956;0.20585;0.2235;0.23863000000000004;0.245475;0.2715;0.196225
2017-04-11T00:00:00.000Z;0.13269999999999998;0.90415;0.07424;0.10457000000000001;0.11957000000000001;0.15441500000000002;0.2086;0.22694000000000003;0.243095;0.246265;0.28648;0.21776500000000001
2017-04-14T00:00:00.000Z;;;;;;;;;;;;
2017-04-16T00:00:00.000Z;;;;;;;;;;;;
2017-04-19T00:00:00.000Z;;;;;;;;;;;;
2017-04-21T00:00:00.000Z;0.08895;0.5013;0.08134500000000001;0.1111;0.12685000000000002;0.15984;0.21545500000000004;0.233;0.254145;0.253195;0.292845;0.22191
2017-04-24T00:00:00.000Z;0.25939999999999996;1.49185;0.066125;0.098815;0.1125;0.14780000000000001;0.19986500000000001;0.21865500000000002;0.22841;0.23625000000000002;0.267705;0.19898000000000002
2017-04-26T00:00:00.000Z;;;;;;;;;;;;
2017-04-29T00:00:00.000Z;;;;;;;;;;;;
2017-05-01T00:00:00.000Z;0.12185;0.9388500000000001;0.074655;0.10759000000000002;0.11901500000000001;0.15601500000000001;0.20790500000000003;0.22545;0.23942;0.24385500000000002;0.28660500000000005;0.214975
2017-05-04T00:00:00.000Z;0.171;1.1822000000000001;0.07311000000000001;0.10369000000000002;0.11516;0.148155;0.200855;0.217185;0.22894000000000003;0.23296;0.26615500000000003;0.20161500000000002
2017-05-06T00:00:00.000Z;0.116;0.8111;0.07687000000000001;0.11326500000000002;0.12860000000000002;0.16812000000000002;0.21975;0.23640500000000003;0.250895;0.25674;0.30073000000000005;0.22687500000000002
2017-05-09T00:00:00.000Z;0.105;1.3515;0.06449500000000001;0.09851;0.11262000000000001;0.14818;0.197445;0.212975;0.22247;0.23171999999999998;0.267905;0.19656500000000002
2017-05-11T00:00:00.000Z;;;;;;;;;;;;
2017-05-14T00:00:00.000Z;0.08895;1.4205;0.07081000000000001;0.10311;0.11557;0.15017;0.20034500000000002;0.21521500000000002;0.22996999999999998;0.231625;0.27066;0.19959000000000002
2017-05-16T00:00:00.000Z;;;;;;;;;;;;
2017-05-19T00:00:00.000Z;0.105;1.0992727272727272;0.0679;0.09947272727272728;0.11337272727272728;0.149;0.20070000000000002;0.2157181818181818;0.231;0.23542727272727276;0.27241818181818184;0.19647272727272727
2017-05-21T00:00:00.000Z;;;;;;;;;;;;
2017-05-24T00:00:00.000Z;0.11084999999999999;1.2278499999999999;0.075245;0.105585;0.12061;0.15533;0.20120000000000002;0.22036500000000003;0.23252;0.23755;0.282505;0.21491
2017-05-26T00:00:00.000Z;0.30710000000000004;1.44885;0.081815;0.12497000000000001;0.14522000000000002;0.18922000000000003;0.23783000000000004;0.25472;0.26344;0.2771;0.324635;0.24345
2017-05-29T00:00:00.000Z;0.094;1.48505;0.07780000000000001;0.10972000000000001;0.12602000000000002;0.16263;0.20644;0.22107500000000002;0.22989;0.24015;0.28156;0.20626999999999998
2017-06-03T00:00:00.000Z;;;;;;;;;;;;
2017-06-05T00:00:00.000Z;0.05525;0.9528;0.0855;0.122685;0.14308;0.18197000000000002;0.22852;0.24486;0.259295;0.265935;0.323145;0.24165
2017-06-08T00:00:00.000Z;0.094;1.3777000000000001;0.074315;0.10777500000000001;0.1253;0.162025;0.203205;0.21846500000000002;0.22801;0.23731;0.28548;0.209535
2017-06-10T00:00:00.000Z;0.231;2.0075;0.094505;0.13009;0.1506;0.19112;0.23551500000000003;0.255395;0.25829;0.27542500000000003;0.32948500000000003;0.251095
2017-06-13T00:00:00.000Z;0.09995000000000001;1.86365;0.081275;0.11223;0.13014;0.16267500000000001;0.202955;0.22038000000000002;0.22896;0.23973000000000003;0.293925;0.22381500000000001
2017-06-15T00:00:00.000Z;0.187;1.6431;0.092555;0.13203;0.154005;0.193505;0.23541;0.25205500000000003;0.259265;0.2738;0.33426;0.25439
2017-06-18T00:00:00.000Z;0.13269999999999998;1.96285;0.080555;0.11245000000000001;0.13235;0.16859000000000002;0.20681;0.221565;0.22847;0.24275000000000002;0.29437;0.21446
2017-06-20T00:00:00.000Z;0.21484999999999999;2.16765;0.095865;0.133655;0.15519000000000002;0.196155;0.23826500000000003;0.25886;0.2651;0.27958500000000003;0.34581;0.264565
2017-06-23T00:00:00.000Z;0.182;1.88965;0.081125;0.11207500000000001;0.13330999999999998;0.16881500000000002;0.205845;0.223585;0.23124000000000003;0.24270500000000003;0.30113;0.22624000000000002
2017-06-25T00:00:00.000Z;;;;;;;;;;;;
2017-06-28T00:00:00.000Z;0.08895;1.3594000000000002;0.07667500000000001;0.11267;0.13359500000000002;0.17161;0.20787;0.222675;0.23346999999999998;0.24405000000000002;0.297065;0.21408000000000002
2017-06-30T00:00:00.000Z;0.05525;0.86545;0.097795;0.13417;0.15942;0.19768;0.237435;0.25337;0.271425;0.27487;0.343395;0.26319000000000004
2017-07-03T00:00:00.000Z;0.08895;1.1933;0.07931;0.11145999999999999;0.13361;0.168325;0.2066;0.22344000000000003;0.23784000000000002;0.244495;0.300265;0.22571
2017-07-05T00:00:00.000Z;0.182;1.4973;0.093105;0.132365;0.15640500000000002;0.19790000000000002;0.23551999999999998;0.252575;0.2624;0.2763;0.33410500000000004;0.24865500000000004
2017-07-10T00:00:00.000Z;0.116;1.60855;0.09577000000000001;0.13212000000000002;0.15609;0.19561;0.23230500000000004;0.25238000000000005;0.26193000000000005;0.27251000000000003;0.34117;0.26134
2017-07-13T00:00:00.000Z;0.26395;1.84495;0.07976000000000001;0.114275;0.13564;0.17298;0.20882;0.226775;0.23444;0.245695;0.29866;0.22061999999999998
2017-07-15T00:00:00.000Z;0.198;1.6994500000000001;0.090665;0.13151;0.15633;0.19915000000000002;0.2353;0.250345;0.25855;0.27421;0.333435;0.24508000000000002
2017-07-18T00:00:00.000Z;0.30710526315789477;1.530842105263158;0.09493684210526317;0.12598947368421054;0.14850526315789472;0.1931368421052632;0.23117894736842104;0.2499526315789474;0.26017894736842107;0.2738;0.31869473684210525;0.22672631578947366
2017-07-20T00:00:00.000Z;0.08895;1.7407000000000001;0.09441000000000001;0.132785;0.15631;0.19843;0.23472500000000002;0.25120000000000003;0.262425;0.274365;0.341825;0.25967
2017-07-23T00:00:00.000Z;0.258;1.812;0.07443333333333334;0.10540000000000001;0.11486666666666669;0.12563333333333332;0.1396666666666667;0.14226666666666668;0.2131333333333333;0.1469666666666667;0.19496666666666668;0.11536666666666667
2017-07-25T00:00:00.000Z;0.13269999999999998;2.2891999999999997;0.091005;0.128905;0.15361500000000003;0.19824000000000003;0.23339000000000001;0.24934000000000003;0.253185;0.27325;0.338675;0.24705500000000002
2017-07-28T00:00:00.000Z;0.231;1.4209500000000002;0.07087500000000001;0.10546;0.12712;0.16681500000000002;0.19959000000000002;0.21621;0.22716999999999998;0.237715;0.29353;0.20786500000000002
2017-07-30T00:00:00.000Z;0.116;1.3954000000000002;0.09455000000000001;0.13119000000000003;0.15423;0.19517500000000002;0.23146500000000003;0.24978000000000003;0.26197;0.272025;0.33429000000000003;0.252795
2017-08-02T00:00:00.000Z;;;;;;;;;;;;
2017-08-04T00:00:00.000Z;0.198;1.5952000000000002;0.086865;0.12835000000000002;0.15430000000000002;0.19925;0.234035;0.24957500000000002;0.25817;0.27237500000000003;0.335735;0.24563000000000004
2017-08-07T00:00:00.000Z;0.242;2.2349;0.0732;0.109805;0.1335;0.17368;0.20635500000000004;0.22005000000000002;0.22551;0.24408000000000002;0.28799;0.20167500000000002
2017-08-09T00:00:00.000Z;0.198;1.9684000000000001;0.09455000000000001;0.133905;0.15781;0.203325;0.23850000000000002;0.25540500000000005;0.26450500000000005;0.27924000000000004;0.34066;0.251445
2017-08-12T00:00:00.000Z;0.182;1.7650000000000001;0.07073;0.107655;0.13043;0.17096;0.20255;0.21745;0.22974000000000003;0.23808000000000004;0.29198;0.21271
2017-08-14T00:00:00.000Z;0.27394999999999997;2.19195;0.08149;0.12496500000000002;0.15024;0.19427000000000003;0.230635;0.24483000000000002;0.24894000000000002;0.268515;0.32023;0.23214
2017-08-17T00:00:00.000Z;0.187;2.44415;0.06960000000000001;0.10527500000000001;0.12825999999999999;0.16871;0.19817500000000002;0.21167;0.21559000000000003;0.23294;0.2803;0.1971
2017-08-19T00:00:00.000Z;0.198;2.598;0.08991500000000001;0.12409000000000002;0.146715;0.18996500000000002;0.22179000000000001;0.23972500000000002;0.24365;0.26255;0.32274;0.240035
2017-08-22T00:00:00.000Z;0.09995000000000001;1.8508499999999999;0.074615;0.106805;0.12916;0.165775;0.1962;0.21115;0.22061999999999998;0.23056500000000002;0.282785;0.20734000000000002
2017-08-24T00:00:00.000Z;0.105;1.7276;0.08389;0.121905;0.14554;0.18619500000000003;0.21821000000000002;0.23349499999999998;0.24071;0.256705;0.31183500000000003;0.228865
2017-08-27T00:00:00.000Z;;;;;;;;;;;;
2017-08-29T00:00:00.000Z;;;;;;;;;;;;
2017-09-01T00:00:00.000Z;0.258;2.6635500000000003;0.07563500000000001;0.109335;0.12461;0.17267000000000002;0.208735;0.225475;0.23149000000000003;0.24578000000000003;0.28875500000000004;0.20981500000000003
2017-09-03T00:00:00.000Z;0.258;1.5659;0.08451;0.12000999999999999;0.13653;0.18258;0.22279000000000002;0.24015500000000004;0.24404;0.26097;0.292335;0.21190500000000004
2017-09-06T00:00:00.000Z;;;;;;;;;;;;
2017-09-08T00:00:00.000Z;0.50795;1.7942;0.08186500000000001;0.11540500000000001;0.13275;0.17683000000000001;0.22353000000000003;0.24000000000000002;0.24716500000000002;0.26093000000000005;0.31581;0.227725
2017-09-11T00:00:00.000Z;0.105;1.35495;0.06198;0.09248;0.108105;0.14076500000000003;0.17783000000000002;0.191225;0.20239000000000001;0.20865;0.2601;0.194285
2017-09-13T00:00:00.000Z;0.16;1.6959000000000002;0.070505;0.105735;0.12326;0.164115;0.20186500000000002;0.21599000000000002;0.21957500000000002;0.234185;0.28984000000000004;0.21418500000000001
2017-09-16T00:00:00.000Z;0.138;1.34925;0.066555;0.096505;0.11251;0.146405;0.18187;0.193885;0.20393;0.2114;0.25659000000000004;0.183935
2017-09-18T00:00:00.000Z;0.1651;1.0924;0.07409;0.106645;0.12494000000000001;0.16169000000000003;0.19881;0.213375;0.226115;0.23306;0.291065;0.220525
2017-09-21T00:00:00.000Z;0.171;1.5216500000000002;0.06283;0.09244500000000001;0.10806500000000001;0.141905;0.177585;0.190855;0.20127;0.20800500000000002;0.26016;0.191725
2017-09-23T00:00:00.000Z;;;;;;;;;;;;
2017-09-26T00:00:00.000Z;0.15425;1.4819000000000002;0.059805;0.09141;0.10751500000000001;0.144125;0.178635;0.19092;0.19858;0.20825000000000002;0.254625;0.18100000000000002
2017-09-28T00:00:00.000Z;0.187;2.29635;0.07783;0.111155;0.128615;0.17078000000000002;0.21144000000000002;0.22895500000000002;0.23242500000000002;0.24906;0.313765;0.23364000000000001
2017-10-01T00:00:00.000Z;;;;;;;;;;;;
2017-10-03T00:00:00.000Z;0.138;2.0920500000000004;0.06489;0.09862000000000001;0.116405;0.15613;0.19073;0.20234000000000002;0.206135;0.22116;0.27836;0.20388
2017-10-06T00:00:00.000Z;0.105;1.00705;0.055295000000000004;0.08689;0.10262500000000001;0.13593;0.16771;0.18216500000000002;0.19337000000000001;0.19909500000000002;0.24531500000000003;0.172605
2017-10-08T00:00:00.000Z;0.14350000000000002;1.46375;0.070525;0.100555;0.118105;0.15358;0.1893;0.203575;0.210695;0.21955500000000003;0.27649;0.20412000000000002
2017-10-11T00:00:00.000Z;0.14350000000000002;1.32275;0.05865;0.08643500000000001;0.102315;0.13471;0.16692;0.18064000000000002;0.18988;0.19445;0.244945;0.17873
2017-10-13T00:00:00.000Z;0.182;1.7409000000000001;0.0611;0.094055;0.112785;0.15014000000000002;0.18186;0.19429500000000002;0.199435;0.213185;0.26498000000000005;0.19448000000000001
2017-10-16T00:00:00.000Z;0.127;1.0515999999999999;0.052415;0.080855;0.097835;0.130495;0.16153;0.17385;0.18430000000000002;0.191135;0.23710500000000004;0.16540000000000002
2017-10-18T00:00:00.000Z;;;;;;;;;;;;
2017-10-21T00:00:00.000Z;0.094;1.7792999999999999;0.05463;0.08176;0.09651000000000001;0.13020500000000002;0.161325;0.17334000000000002;0.18151;0.188955;0.23939000000000002;0.17395000000000002
2017-10-23T00:00:00.000Z;0.11083333333333331;1.0696666666666668;0.03221666666666667;0.049383333333333335;0.054625;0.07112500000000001;0.08996666666666667;0.09715833333333335;0.09850833333333334;0.10636666666666668;0.11936666666666668;0.08864166666666666
2017-10-26T00:00:00.000Z;0.08895;0.7175;0.050145;0.08016000000000001;0.09584000000000001;0.128495;0.160615;0.17114000000000001;0.18579;0.188335;0.22879000000000002;0.16109500000000002
2017-10-28T00:00:00.000Z;0.08895;1.38505;0.06561;0.09446;0.109285;0.14241;0.1771;0.18871;0.19956500000000002;0.206935;0.260175;0.19201500000000002
2017-10-31T00:00:00.000Z;;;;;;;;;;;;
2017-11-02T00:00:00.000Z;;;;;;;;;;;;
2017-11-05T00:00:00.000Z;0.08895;1.1753;0.04836000000000001;0.07867;0.09144500000000001;0.12502000000000002;0.158585;0.16755;0.17942000000000002;0.185765;0.22576500000000002;0.15817
2017-11-07T00:00:00.000Z;0.083;0.62125;0.05999500000000001;0.08869500000000001;0.10346500000000002;0.135025;0.17014;0.18080000000000002;0.19759000000000002;0.197905;0.248445;0.184785
2017-11-10T00:00:00.000Z;0.07795;0.6768500000000001;0.049525;0.076115;0.089575;0.119985;0.151835;0.163335;0.17899;0.17999;0.22202;0.16189
2017-11-12T00:00:00.000Z;0.083;0.56575;0.054975;0.08601;0.10155;0.134075;0.169465;0.18141;0.19447;0.19805;0.24049;0.17419
2017-11-15T00:00:00.000Z;0.07795;0.4203;0.046585;0.07586000000000001;0.08944500000000001;0.11994500000000001;0.15279;0.16265000000000002;0.18082;0.18014000000000002;0.21436500000000003;0.14972000000000002
2017-11-17T00:00:00.000Z;0.09995000000000001;0.8545499999999999;0.05699;0.084735;0.09961;0.13187000000000001;0.167115;0.178325;0.19239;0.195645;0.24162;0.17687
2017-11-20T00:00:00.000Z;0.07795;0.6409;0.048335;0.07473500000000001;0.08904000000000001;0.11715;0.15219000000000002;0.162155;0.17825000000000002;0.178305;0.21678000000000003;0.156535
2017-11-22T00:00:00.000Z;0.09995000000000001;0.54135;0.05524500000000001;0.085345;0.101735;0.134685;0.168855;0.17849500000000001;0.19429500000000002;0.195355;0.231535;0.169325
2017-11-25T00:00:00.000Z;;;;;;;;;;;;
2017-11-27T00:00:00.000Z;;;;;;;;;;;;
2017-11-30T00:00:00.000Z;0.083;0.6899;0.049335000000000004;0.07444500000000001;0.08798;0.12276500000000001;0.16315000000000002;0.17402;0.19261;0.1955;0.21775;0.154355
2017-12-02T00:00:00.000Z;0.07795;0.5213;0.049975000000000006;0.08031;0.09507000000000002;0.127865;0.16323000000000001;0.173085;0.18855;0.19159500000000002;0.220945;0.161245
2017-12-05T00:00:00.000Z;0.07795;0.3568;0.044020000000000004;0.071915;0.08304500000000001;0.11491500000000002;0.150175;0.15987;0.17799;0.1754;0.198365;0.13771
2017-12-07T00:00:00.000Z;0.094;0.4674;0.06928;0.093905;0.1077;0.13938;0.17719500000000002;0.18935000000000002;0.207485;0.20635;0.238385;0.18932000000000002
2017-12-10T00:00:00.000Z;;;;;;;;;;;;
2017-12-12T00:00:00.000Z;0.083;0.4632;0.048565;0.07754;0.092255;0.12745;0.162825;0.17284500000000003;0.18960000000000002;0.192105;0.21817;0.15774000000000002
2017-12-15T00:00:00.000Z;0.08895;1.2631;0.04463;0.07292000000000001;0.084965;0.12073;0.155335;0.16546;0.17522000000000001;0.18274500000000002;0.20675000000000002;0.14386
2017-12-17T00:00:00.000Z;0.07795;0.50475;0.05234;0.07841000000000001;0.09215000000000001;0.12596500000000002;0.16354500000000002;0.17264000000000002;0.191105;0.191885;0.22421500000000003;0.16305
2017-12-20T00:00:00.000Z;0.083;0.8964500000000001;0.047175;0.071815;0.08322500000000001;0.11627000000000001;0.15272000000000002;0.164105;0.17907;0.18049;0.20684000000000002;0.14715999999999999
2017-12-22T00:00:00.000Z;0.07795;1.0167000000000002;0.049765;0.07962999999999999;0.093205;0.12863;0.163085;0.17417000000000002;0.18359000000000003;0.19210000000000002;0.2215;0.16138
2017-12-25T00:00:00.000Z;0.08895;0.95905;0.0436;0.06996000000000001;0.08163;0.114785;0.147545;0.1568;0.16871;0.17422;0.197365;0.137215
2017-12-27T00:00:00.000Z;0.06684999999999999;0.7575000000000001;0.062110000000000005;0.08783;0.10051;0.135745;0.17597000000000002;0.187935;0.20277;0.20616500000000001;0.24276;0.17633000000000001
2017-12-30T00:00:00.000Z;0.06684999999999999;1.2270999999999999;0.048;0.0714;0.082375;0.114405;0.15;0.161485;0.17183;0.174355;0.20872500000000002;0.14729
2018-01-01T00:00:00.000Z;0.07200000000000001;0.5174;0.050605000000000004;0.07933;0.09399500000000001;0.12674500000000002;0.16304500000000002;0.17365;0.187775;0.193005;0.22273000000000004;0.162255
2018-01-04T00:00:00.000Z;0.07200000000000001;1.139;0.04471000000000001;0.071075;0.082635;0.113945;0.14909000000000003;0.15799000000000002;0.1694;0.175685;0.201655;0.138935
2018-01-06T00:00:00.000Z;;;;;;;;;;;;
2018-01-09T00:00:00.000Z;;;;;;;;;;;;
2018-01-11T00:00:00.000Z;0.089;0.8291428571428572;0.0682857142857143;0.1043;0.11579285714285711;0.16352857142857144;0.2127428571428572;0.22690000000000002;0.24777857142857143;0.25120714285714285;0.2666857142857143;0.18272857142857146
2018-01-14T00:00:00.000Z;;;;;;;;;;;;
2018-01-16T00:00:00.000Z;0.083;1.1353;0.051754999999999995;0.079115;0.091435;0.12521500000000002;0.16494;0.17482;0.1879;0.19327000000000003;0.22405500000000003;0.163415
2018-01-19T00:00:00.000Z;;;;;;;;;;;;
2018-01-21T00:00:00.000Z;0.07795;1.20135;0.05004;0.080685;0.09403500000000001;0.12970500000000001;0.16749000000000003;0.17754000000000003;0.18623;0.19549000000000002;0.22810500000000003;0.16571500000000003
2018-01-24T00:00:00.000Z;0.083;0.6887000000000001;0.04484;0.07010000000000001;0.08161500000000001;0.11253;0.14884000000000003;0.15916500000000003;0.1718;0.17576;0.19808;0.137355
2018-01-26T00:00:00.000Z;0.05525;0.7287;0.06092000000000001;0.08547;0.09887000000000001;0.13092;0.1714;0.182345;0.19852;0.200195;0.23845500000000003;0.176835
2018-01-29T00:00:00.000Z;0.11084999999999999;0.98905;0.053625000000000006;0.07401;0.08103500000000001;0.113185;0.153585;0.16539;0.17828;0.180835;0.19232000000000002;0.129315
2018-01-31T00:00:00.000Z;0.12185;0.64735;0.051205;0.08049;0.092825;0.130495;0.172255;0.18224;0.19893;0.203045;0.22620500000000002;0.15781
2018-02-05T00:00:00.000Z;;;;;;;;;;;;
2018-02-08T00:00:00.000Z;0.094;0.47105;0.04728500000000001;0.07150000000000001;0.08111;0.11170999999999999;0.15355000000000002;0.162605;0.18066;0.17994000000000002;0.20436;0.14669000000000001
2018-02-10T00:00:00.000Z;;;;;;;;;;;;
2018-02-13T00:00:00.000Z;0.09995000000000001;0.61765;0.04417;0.07207000000000001;0.082815;0.115455;0.154835;0.16479500000000002;0.18000000000000002;0.18239000000000002;0.2041;0.14287000000000002
2018-02-15T00:00:00.000Z;0.094;1.2934;0.060579999999999995;0.08747500000000001;0.09922;0.13334500000000002;0.17382;0.186595;0.196355;0.203505;0.24403000000000002;0.18224500000000002
2018-02-18T00:00:00.000Z;;;;;;;;;;;;
2018-02-20T00:00:00.000Z;0.09995000000000001;1.25695;0.057804999999999995;0.086735;0.10119500000000001;0.137025;0.17964500000000003;0.1917;0.19959000000000002;0.20975500000000002;0.245095;0.179965
2018-02-23T00:00:00.000Z;0.083;0.1779;0.047975000000000004;0.07576000000000001;0.08782000000000001;0.11762000000000002;0.15661;0.16992000000000002;0.18982000000000002;0.186135;0.21003000000000002;0.149755
2018-02-25T00:00:00.000Z;0.138;0.40845;0.06402000000000001;0.09064;0.10474000000000001;0.13619;0.17944000000000002;0.19329500000000002;0.211435;0.212425;0.24846000000000001;0.186375
2018-02-28T00:00:00.000Z;0.116;1.7010999999999998;0.051115;0.07153;0.078515;0.111405;0.15365;0.166185;0.17597000000000002;0.183145;0.190445;0.12537500000000001
2018-03-02T00:00:00.000Z;;;;;;;;;;;;
2018-03-05T00:00:00.000Z;;;;;;;;;;;;
2018-03-07T00:00:00.000Z;0.0999375;0.5756875;0.07805000000000001;0.11095625;0.12478750000000001;0.16031875;0.21328750000000002;0.227225;0.24438125000000002;0.245125;0.28971250000000004;0.21281875
2018-03-10T00:00:00.000Z;0.09995000000000001;1.3578;0.072135;0.096435;0.10588;0.13797500000000001;0.18586;0.20225500000000002;0.21271;0.21892;0.261195;0.190555
2018-03-12T00:00:00.000Z;;;;;;;;;;;;
2018-03-15T00:00:00.000Z;;;;;;;;;;;;
2018-03-17T00:00:00.000Z;;;;;;;;;;;;
2018-03-20T00:00:00.000Z;0.09995000000000001;0.51795;0.06196000000000001;0.084615;0.09716000000000001;0.126275;0.173595;0.186785;0.20481;0.204625;0.23305500000000004;0.16862000000000002
2018-03-22T00:00:00.000Z;0.12185;0.32460000000000006;0.065355;0.0975;0.11312000000000001;0.14481;0.19099500000000003;0.20346;0.22086999999999998;0.22199000000000002;0.262025;0.195495
2018-03-25T00:00:00.000Z;;;;;;;;;;;;
2018-03-27T00:00:00.000Z;0.11084999999999999;1.21815;0.07125000000000001;0.102845;0.11798;0.14946500000000001;0.196575;0.2101;0.22176;0.227185;0.278675;0.21198000000000003
2018-03-30T00:00:00.000Z;0.07200000000000001;0.95705;0.07883;0.1037;0.116625;0.149;0.19817500000000002;0.21379499999999999;0.22974000000000003;0.23269;0.27195500000000006;0.20306
2018-04-01T00:00:00.000Z;;;;;;;;;;;;
2018-04-04T00:00:00.000Z;0.16;0.70915;0.062665;0.096185;0.11052500000000001;0.145495;0.192005;0.20711;0.2215;0.22405;0.26171500000000003;0.19224500000000003
2018-04-06T00:00:00.000Z;;;;;;;;;;;;
2018-04-09T00:00:00.000Z;;;;;;;;;;;;
2018-04-11T00:00:00.000Z;;;;;;;;;;;;
2018-04-14T00:00:00.000Z;0.094;0.66825;0.063525;0.0936;0.106495;0.140665;0.18391;0.197235;0.21303000000000002;0.214695;0.24911999999999998;0.18072000000000002
2018-04-16T00:00:00.000Z;0.13269999999999998;1.00055;0.090015;0.12202;0.13581500000000002;0.17378;0.223595;0.23767;0.26516;0.253155;0.30638000000000004;0.22380500000000003
2018-04-19T00:00:00.000Z;0.198;1.2546;0.0782;0.106675;0.12187;0.154985;0.204355;0.21944000000000002;0.23168000000000002;0.23586000000000001;0.27682;0.208395
2018-04-21T00:00:00.000Z;;;;;;;;;;;;
2018-04-24T00:00:00.000Z;0.28;1.3319;0.06337000000000001;0.097675;0.11573499999999999;0.14924;0.195985;0.209395;0.2192;0.22676;0.264485;0.19247
2018-04-26T00:00:00.000Z;;;;;;;;;;;;
2018-04-29T00:00:00.000Z;0.105;0.7053333333333334;0.052833333333333336;0.07596666666666667;0.0893;0.1086;0.1429;0.16173333333333334;0.13920000000000002;0.1786;0.18966666666666668;0.14956666666666668
2018-05-01T00:00:00.000Z;;;;;;;;;;;;
2018-05-04T00:00:00.000Z;0.083;1.00325;0.073275;0.10478499999999999;0.12071500000000002;0.155855;0.19875;0.212175;0.225;0.23179000000000002;0.27656000000000003;0.202185
2018-05-06T00:00:00.000Z;0.13269999999999998;1.276;0.17216;0.19531;0.21074;0.24546500000000002;0.2954;0.31483000000000005;0.313185;0.331075;0.355235;0.302695
2018-05-09T00:00:00.000Z;0.22569999999999998;1.8933499999999999;0.084915;0.11513;0.13029000000000002;0.16752;0.21352;0.23320000000000002;0.23948000000000003;0.25065000000000004;0.30363;0.22571
2018-05-11T00:00:00.000Z;0.269;1.39485;0.08135;0.11520000000000001;0.132955;0.17251;0.218175;0.233895;0.242735;0.25515;0.29773000000000005;0.21857500000000002
2018-05-14T00:00:00.000Z;;;;;;;;;;;;
2018-05-16T00:00:00.000Z;0.13269999999999998;1.3514000000000002;0.090015;0.12442000000000002;0.14388499999999999;0.18074;0.22564;0.24100000000000002;0.252925;0.25982500000000003;0.32725000000000004;0.252935
2018-05-19T00:00:00.000Z;;;;;;;;;;;;
2018-05-21T00:00:00.000Z;0.105;1.3324500000000001;0.099105;0.13521;0.156275;0.197485;0.24339000000000002;0.26122;0.27072;0.281565;0.34884000000000004;0.262965
2018-05-24T00:00:00.000Z;;;;;;;;;;;;
2018-05-26T00:00:00.000Z;0.22;2.037;0.1492;0.16956666666666667;0.18356666666666668;0.22033333333333333;0.2521333333333333;0.2687;0.2621;0.2887;0.33773333333333333;0.23443333333333333
2018-05-29T00:00:00.000Z;0.378;1.81175;0.082195;0.11634000000000001;0.137905;0.179875;0.22766999999999998;0.24565;0.25563;0.26763000000000003;0.32610500000000003;0.2422
2018-05-31T00:00:00.000Z;;;;;;;;;;;;
2018-06-03T00:00:00.000Z;;;;;;;;;;;;
2018-06-05T00:00:00.000Z;;;;;;;;;;;;
2018-06-08T00:00:00.000Z;0.171;1.8648;0.106975;0.14802;0.16523000000000002;0.205645;0.259445;0.2792;0.28893;0.29872;0.34734000000000004;0.259245
2018-06-10T00:00:00.000Z;0.28025;1.44555;0.088115;0.134135;0.154085;0.20425000000000001;0.257255;0.27277;0.28165;0.29416000000000003;0.35263500000000003;0.26256500000000005
2018-06-13T00:00:00.000Z;0.061;1.2256500000000001;0.077765;0.112455;0.12895;0.166535;0.21235500000000002;0.22631;0.23812;0.24657500000000002;0.29142;0.21609000000000003
2018-06-15T00:00:00.000Z;0.05525;1.7690000000000001;0.09680000000000001;0.13336;0.151795;0.192735;0.24237;0.26121;0.26945;0.28094;0.34271500000000005;0.26541
2018-06-18T00:00:00.000Z;0.13269999999999998;1.6120999999999999;0.084865;0.11715;0.13387000000000002;0.17043;0.21761999999999998;0.23396999999999998;0.24276;0.25123;0.29710000000000003;0.226045
2018-06-20T00:00:00.000Z;0.083;1.5284000000000002;0.093575;0.134035;0.15395;0.19696500000000003;0.24452;0.2626;0.27036;0.28278000000000003;0.34258000000000005;0.25842
2018-06-23T00:00:00.000Z;0.11084999999999999;1.41775;0.08031;0.116255;0.13269;0.17109000000000002;0.21556;0.232485;0.24231999999999998;0.251415;0.293785;0.215635
2018-06-25T00:00:00.000Z;0.302;1.7991;0.09514;0.1341;0.152905;0.19529500000000002;0.24376;0.26469000000000004;0.273015;0.28436;0.333475;0.25427
2018-06-28T00:00:00.000Z;;;;;;;;;;;;
2018-06-30T00:00:00.000Z;0.269;2.1483000000000003;0.08990000000000001;0.131495;0.15217;0.197245;0.24527;0.26360500000000003;0.26581;0.2852;0.338145;0.2511
2018-07-03T00:00:00.000Z;0.193;1.1962000000000002;0.074895;0.112;0.130475;0.167935;0.213435;0.230495;0.24134000000000003;0.249635;0.28931500000000004;0.211695
2018-07-05T00:00:00.000Z;0.05525;1.54895;0.09659000000000001;0.13291;0.15271500000000002;0.192905;0.23918000000000003;0.258475;0.270235;0.27901;0.34119000000000005;0.26428
2018-07-08T00:00:00.000Z;0.2471;1.2755999999999998;0.07354500000000001;0.11242500000000001;0.12999000000000002;0.168195;0.21384000000000003;0.23190500000000003;0.24453000000000003;0.251285;0.300385;0.22646500000000003
2018-07-10T00:00:00.000Z;0.08895;1.20675;0.09409500000000001;0.133365;0.15492;0.19686;0.24172500000000002;0.25871500000000003;0.270755;0.28138;0.33833;0.25603000000000004
2018-07-13T00:00:00.000Z;0.405;2.1931;0.07755000000000001;0.11999000000000001;0.14212000000000002;0.18312;0.224035;0.23985;0.24415;0.26285000000000003;0.29584499999999997;0.21256999999999998
2018-07-15T00:00:00.000Z;0.28;2.0842;0.097735;0.13797500000000001;0.15846;0.20172500000000002;0.24567;0.266635;0.271025;0.285795;0.33742500000000003;0.256125
2018-07-18T00:00:00.000Z;0.269;1.6382;0.07983;0.115835;0.13664;0.17416;0.216195;0.23349000000000003;0.24225000000000002;0.25256500000000004;0.29903;0.225045
2018-07-20T00:00:00.000Z;0.378;1.40605;0.08344;0.13301500000000002;0.15906;0.204375;0.24769000000000002;0.264375;0.27358000000000005;0.288515;0.33649;0.24824000000000002
2018-07-23T00:00:00.000Z;0.105;1.6423;0.07684500000000001;0.112455;0.13209;0.17270000000000002;0.209515;0.22391500000000003;0.23273000000000002;0.24437;0.294825;0.21164000000000002
2018-07-25T00:00:00.000Z;0.149;1.208;0.095315;0.1338;0.156585;0.19787000000000002;0.23882;0.25708000000000003;0.27145;0.278885;0.341835;0.26000500000000004
2018-07-28T00:00:00.000Z;0.094;0.97945;0.07952000000000001;0.11268;0.13358;0.16944;0.20750000000000002;0.22391500000000003;0.23882;0.24229000000000003;0.29768500000000003;0.22311999999999999
2018-07-30T00:00:00.000Z;0.083;1.2203;0.09202500000000001;0.13257000000000002;0.15654500000000002;0.19808;0.235035;0.251755;0.26306;0.273385;0.33571;0.25204000000000004
2018-08-02T00:00:00.000Z;0.11084999999999999;1.7297;0.079905;0.11514000000000002;0.13551;0.1741;0.20814000000000002;0.22285500000000003;0.22966;0.24203000000000002;0.2942;0.21123000000000003
2018-08-04T00:00:00.000Z;0.187;1.83995;0.09485;0.13305999999999998;0.156635;0.20082000000000003;0.23533000000000004;0.255345;0.263755;0.27537;0.34198000000000006;0.25927500000000003
2018-08-07T00:00:00.000Z;0.329;2.25185;0.08111;0.11618;0.1388;0.178685;0.21266;0.23090500000000003;0.2358;0.25045500000000004;0.29857;0.22171500000000002
2018-08-09T00:00:00.000Z;0.06684999999999999;1.79535;0.08685000000000001;0.12328;0.144535;0.18764000000000003;0.22381;0.23800000000000002;0.24467;0.26093500000000003;0.31672;0.23188000000000003
2018-08-12T00:00:00.000Z;0.11084999999999999;2.19595;0.0745;0.10802500000000001;0.12758;0.167355;0.199325;0.21505500000000002;0.21988000000000002;0.23603000000000002;0.28441500000000003;0.20367500000000002
2018-08-14T00:00:00.000Z;0.171;2.11835;0.08982000000000001;0.12852000000000002;0.14943499999999998;0.19447;0.22996;0.24700500000000003;0.253685;0.267475;0.33390000000000003;0.25127
2018-08-17T00:00:00.000Z;;;;;;;;;;;;
2018-08-19T00:00:00.000Z;;;;;;;;;;;;
2018-08-22T00:00:00.000Z;0.187;2.0341;0.07226;0.10714000000000001;0.12621;0.16829000000000002;0.20036;0.21461500000000003;0.21860000000000002;0.234215;0.283935;0.20216
2018-08-24T00:00:00.000Z;0.22;1.7935999999999999;0.08403;0.121245;0.143505;0.188755;0.22297;0.23997;0.24769000000000002;0.262145;0.325755;0.245785
2018-08-27T00:00:00.000Z;0.198;2.06115;0.07137500000000001;0.10341500000000002;0.1227;0.16232000000000002;0.19714;0.21224;0.2195;0.23206500000000002;0.283885;0.207215
2018-08-29T00:00:00.000Z;0.193;2.0955500000000002;0.078895;0.118095;0.139035;0.18524000000000002;0.21951500000000002;0.23364000000000001;0.23761000000000002;0.25441;0.31395;0.22924000000000003
2018-09-01T00:00:00.000Z;0.193;2.3890000000000002;0.069305;0.10286;0.120175;0.16333;0.193555;0.207765;0.21137;0.22782;0.27591;0.19484500000000002
2018-09-03T00:00:00.000Z;0.47000000000000003;2.259;0.07060000000000001;0.11420000000000001;0.1427;0.1966;0.22540000000000002;0.24150000000000002;0.2272;0.2685;0.32530000000000003;0.248
2018-09-06T00:00:00.000Z;;;;;;;;;;;;
2018-09-08T00:00:00.000Z;;;;;;;;;;;;
2018-09-11T00:00:00.000Z;;;;;;;;;;;;
2018-09-13T00:00:00.000Z;0.193;2.1638;0.07545;0.110325;0.12468499999999999;0.166945;0.20622500000000002;0.22273000000000004;0.22635500000000003;0.24045500000000003;0.29393;0.22163000000000002
2018-09-16T00:00:00.000Z;0.16;2.23905;0.064555;0.094775;0.10706500000000001;0.14379000000000003;0.18132500000000001;0.19839500000000002;0.20084000000000002;0.213695;0.25515;0.19032000000000002
2018-09-18T00:00:00.000Z;;;;;;;;;;;;
2018-09-21T00:00:00.000Z;0.14350000000000002;2.1009;0.059570000000000005;0.09006;0.10483;0.13934500000000002;0.178055;0.19175;0.19460000000000002;0.20813000000000004;0.25154000000000004;0.17998
2018-09-23T00:00:00.000Z;0.16;2.30165;0.07300000000000001;0.1034;0.118675;0.153975;0.19501;0.212075;0.214235;0.2272;0.28606;0.21800500000000003
2018-09-26T00:00:00.000Z;;;;;;;;;;;;
2018-09-28T00:00:00.000Z;0.05525;1.0224;0.06998;0.10093500000000001;0.11713;0.152565;0.19157000000000002;0.20594;0.21609499999999998;0.22582;0.275575;0.206235
2018-10-01T00:00:00.000Z;0.1657;1.58855;0.059195000000000005;0.088275;0.10164500000000001;0.13668;0.17281500000000002;0.186485;0.19358;0.20367500000000002;0.24561;0.175005
2018-10-03T00:00:00.000Z;0.11084999999999999;1.49735;0.07065;0.10169500000000001;0.11689500000000001;0.15124500000000002;0.191035;0.20575000000000002;0.213765;0.22282;0.27792500000000003;0.21321
2018-10-06T00:00:00.000Z;0.13269999999999998;1.4999000000000002;0.062150000000000004;0.08795;0.1019;0.13452;0.17048;0.18454500000000001;0.19463;0.19832000000000002;0.24960500000000002;0.18294500000000002
2018-10-08T00:00:00.000Z;0.127;1.3988;0.068265;0.10032500000000001;0.11685000000000001;0.15592;0.19487500000000002;0.209445;0.21535;0.22744000000000003;0.28026500000000004;0.207695
2018-10-11T00:00:00.000Z;;;;;;;;;;;;
2018-10-13T00:00:00.000Z;0.116;1.85625;0.06664500000000001;0.096125;0.11017500000000001;0.14584000000000003;0.18307500000000002;0.19839500000000002;0.202205;0.21488000000000002;0.26879000000000003;0.20295000000000002
2018-10-16T00:00:00.000Z;0.11084999999999999;1.79475;0.058695000000000004;0.08542000000000001;0.09859;0.131145;0.16897500000000001;0.18174500000000002;0.19128;0.199105;0.246125;0.18172000000000002
2018-10-18T00:00:00.000Z;;;;;;;;;;;;
2018-10-21T00:00:00.000Z;;;;;;;;;;;;
2018-10-23T00:00:00.000Z;;;;;;;;;;;;
2018-10-26T00:00:00.000Z;0.14350000000000002;0.91255;0.029025000000000002;0.046195;0.052815;0.07051;0.09296;0.100205;0.10722000000000001;0.11008;0.11697500000000001;0.08975000000000001
2018-10-28T00:00:00.000Z;;;;;;;;;;;;
2018-10-31T00:00:00.000Z;;;;;;;;;;;;
2018-11-02T00:00:00.000Z;;;;;;;;;;;;
2018-11-05T00:00:00.000Z;;;;;;;;;;;;
2018-11-07T00:00:00.000Z;0.08895;1.5127000000000002;0.05561000000000001;0.08547;0.097155;0.133975;0.17386500000000002;0.185275;0.19071;0.2026;0.23862;0.17698
2018-11-10T00:00:00.000Z;;;;;;;;;;;;
2018-11-12T00:00:00.000Z;;;;;;;;;;;;
2018-11-15T00:00:00.000Z;;;;;;;;;;;;
2018-11-17T00:00:00.000Z;;;;;;;;;;;;
2018-11-20T00:00:00.000Z;;;;;;;;;;;;
2018-11-22T00:00:00.000Z;;;;;;;;;;;;
2018-11-25T00:00:00.000Z;0.07795;1.3061;0.042585000000000005;0.064875;0.0716;0.10226500000000001;0.143755;0.15651500000000002;0.16473000000000002;0.17003000000000001;0.192035;0.13368
2018-11-27T00:00:00.000Z;0.08895;0.6138;0.050325;0.07702500000000001;0.08669500000000001;0.11892000000000001;0.16246;0.175255;0.188755;0.19225;0.212945;0.153705
2018-11-30T00:00:00.000Z;0.07200000000000001;0.8045;0.04317;0.069305;0.07591;0.10876500000000001;0.15219000000000002;0.164475;0.17652;0.180455;0.198555;0.137415
2018-12-02T00:00:00.000Z;;;;;;;;;;;;
2018-12-05T00:00:00.000Z;0.061;0.9682999999999999;0.043755;0.06607500000000001;0.07418;0.10287500000000001;0.14790999999999999;0.15999000000000002;0.17378;0.17535;0.198615;0.141785
2018-12-07T00:00:00.000Z;0.07200000000000001;0.42935;0.04719;0.07332999999999999;0.083315;0.11482500000000001;0.16032000000000002;0.17283;0.18924000000000002;0.191055;0.21161;0.15121500000000002
2018-12-10T00:00:00.000Z;;;;;;;;;;;;
2018-12-12T00:00:00.000Z;0.07795;0.9491;0.05235;0.07437;0.08287000000000001;0.11399500000000001;0.160565;0.17415;0.18625;0.193325;0.21901;0.16023
2018-12-15T00:00:00.000Z;0.05525;1.4794500000000002;0.047360000000000006;0.06568;0.07195;0.09755;0.136635;0.148095;0.15428;0.16129000000000002;0.17284500000000003;0.12114500000000002
2018-12-17T00:00:00.000Z;0.07200000000000001;0.49675;0.04553;0.071955;0.08158;0.11361;0.160315;0.17491500000000001;0.18953;0.19107000000000002;0.208575;0.1504
2018-12-20T00:00:00.000Z;0.07200000000000001;1.15875;0.04095;0.063185;0.07100000000000001;0.10301500000000001;0.14762;0.159835;0.17067000000000002;0.177175;0.187945;0.12941
2018-12-25T00:00:00.000Z;0.05525;0.5641;0.044565;0.062310000000000004;0.06803;0.09179500000000002;0.13483;0.147045;0.15967;0.16132000000000002;0.16843;0.11939000000000001
2018-12-27T00:00:00.000Z;0.083;0.6521818181818182;0.05010909090909091;0.07755454545454546;0.08673636363636364;0.11773636363636365;0.1676909090909091;0.1820636363636364;0.1932727272727273;0.19851818181818184;0.2129;0.1560909090909091
2018-12-30T00:00:00.000Z;0.07795;0.65275;0.03898;0.06417;0.07257000000000001;0.10175000000000001;0.14598;0.16097;0.1746;0.17518;0.18671500000000002;0.12834500000000001
2019-01-01T00:00:00.000Z;0.06684999999999999;0.4086;0.05203;0.07476000000000001;0.08481000000000001;0.113485;0.164705;0.177885;0.195835;0.19501;0.21995500000000004;0.160535
2019-01-04T00:00:00.000Z;0.061;0.36095;0.045380000000000004;0.06657;0.07475;0.100565;0.14904;0.16137500000000002;0.18076;0.176385;0.19170500000000001;0.13604000000000002
2019-01-06T00:00:00.000Z;0.07200000000000001;0.44635;0.048405000000000004;0.07458;0.08535000000000001;0.11522000000000002;0.162865;0.177205;0.19295;0.19394000000000003;0.213495;0.15394000000000002
2019-01-09T00:00:00.000Z;0.061;0.67955;0.03943;0.06441000000000001;0.07413;0.104435;0.14712;0.16101;0.17515;0.178295;0.19157000000000002;0.13242500000000001
2019-01-11T00:00:00.000Z;0.07200000000000001;0.31905;0.053185;0.07674500000000001;0.08762500000000001;0.116195;0.163905;0.17796;0.20042500000000002;0.195915;0.219675;0.16186
2019-01-16T00:00:00.000Z;0.09995000000000001;0.89175;0.05036;0.075745;0.08715;0.12050999999999999;0.165235;0.1779;0.190675;0.19591;0.21484499999999998;0.1552
2019-01-19T00:00:00.000Z;0.07795;0.6876;0.043675000000000005;0.06716000000000001;0.076975;0.10571;0.149705;0.16253499999999999;0.17685;0.180175;0.19434500000000002;0.135545
2019-01-21T00:00:00.000Z;0.07795;0.7525000000000001;0.054425;0.07799500000000001;0.090205;0.12161500000000001;0.16775;0.18230000000000002;0.198535;0.201405;0.22719000000000003;0.16635
2019-01-24T00:00:00.000Z;;;;;;;;;;;;
2019-01-26T00:00:00.000Z;0.07200000000000001;0.5407000000000001;0.049060000000000006;0.07675;0.08977500000000001;0.12064000000000001;0.166475;0.179735;0.19588;0.19829000000000002;0.22116500000000003;0.16131
2019-01-29T00:00:00.000Z;0.08895;1.0956;0.05054;0.078115;0.08996000000000001;0.12419500000000001;0.17209000000000002;0.188475;0.20002;0.20824;0.22236999999999998;0.157275
2019-01-31T00:00:00.000Z;;;;;;;;;;;;
2019-02-03T00:00:00.000Z;0.07200000000000001;0.45545;0.047795000000000004;0.07067999999999999;0.08332;0.111705;0.15636;0.1705;0.18960000000000002;0.18784;0.20771;0.149405
2019-02-05T00:00:00.000Z;0.07795;0.89465;0.05246000000000001;0.08026000000000001;0.093685;0.12682000000000002;0.16973;0.18394500000000003;0.19691;0.2019;0.22958000000000003;0.16856
2019-02-08T00:00:00.000Z;0.07200000000000001;0.54715;0.04646;0.07079500000000001;0.082375;0.11126500000000002;0.15279500000000001;0.16701500000000002;0.18364000000000003;0.183065;0.20399000000000003;0.14266500000000001
2019-02-10T00:00:00.000Z;0.105;0.6851;0.05811;0.08063;0.09194000000000001;0.118655;0.16202000000000003;0.17544;0.19017;0.19194000000000003;0.21530000000000002;0.159865
2019-02-13T00:00:00.000Z;0.07200000000000001;0.5081;0.05467000000000001;0.07807000000000001;0.090955;0.11869500000000001;0.16438;0.178485;0.19874000000000003;0.19736;0.22139000000000003;0.161635
2019-02-15T00:00:00.000Z;;;;;;;;;;;;
2019-02-18T00:00:00.000Z;0.187;0.8128500000000001;0.061465;0.08524;0.09659500000000001;0.12501;0.163695;0.176715;0.19086;0.19222;0.20675500000000002;0.14806500000000003
2019-02-20T00:00:00.000Z;0.12185;0.69315;0.062;0.08816500000000001;0.101055;0.13177;0.178095;0.19336;0.208645;0.21175000000000002;0.24559499999999998;0.183085
2019-02-23T00:00:00.000Z;0.083;0.3072;0.05396000000000001;0.07808;0.0913;0.117385;0.15978;0.17338;0.19522;0.192085;0.220435;0.16083
2019-02-25T00:00:00.000Z;0.105;0.5393;0.05953;0.08796000000000001;0.10456;0.13615;0.179345;0.19539;0.210925;0.21348000000000003;0.24652500000000002;0.18117000000000003
2019-02-28T00:00:00.000Z;0.083;0.452;0.052065;0.076295;0.088775;0.11473;0.154315;0.16641;0.18228;0.18306;0.2049;0.147355
2019-03-02T00:00:00.000Z;0.07795;0.5662999999999999;0.07201;0.096805;0.113285;0.1418;0.185315;0.200085;0.219445;0.22057500000000002;0.254485;0.19121500000000002
2019-03-05T00:00:00.000Z;0.127;1.60335;0.06262000000000001;0.08618500000000001;0.09829;0.12808;0.170985;0.18511;0.19339;0.202355;0.237575;0.17256
2019-03-07T00:00:00.000Z;0.05;0.58245;0.06854500000000001;0.09688500000000001;0.113655;0.14677500000000002;0.18822000000000003;0.203555;0.21832;0.221865;0.260745;0.193275
2019-03-10T00:00:00.000Z;0.07795;0.9409;0.05675;0.08331000000000001;0.098955;0.128185;0.166;0.18059000000000003;0.19375;0.19754000000000002;0.23378000000000002;0.16682000000000002
2019-03-12T00:00:00.000Z;0.116;0.89195;0.07048;0.09885000000000001;0.11599000000000001;0.14774500000000002;0.190185;0.20570000000000002;0.221935;0.22519000000000003;0.271935;0.20306
2019-03-15T00:00:00.000Z;0.07795;0.64785;0.059525;0.08587;0.102535;0.129675;0.17086;0.18517;0.20174000000000003;0.201605;0.242685;0.17991
2019-03-17T00:00:00.000Z;0.12185;0.7279500000000001;0.069235;0.10007;0.11847;0.151785;0.19233;0.207335;0.22018000000000004;0.226095;0.273775;0.20264000000000001
2019-03-20T00:00:00.000Z;;;;;;;;;;;;
2019-03-22T00:00:00.000Z;0.116;0.9228;0.06824;0.0839;0.09982;0.13204000000000002;0.1651;0.18448;0.14072;0.20418;0.19970000000000002;0.17294
2019-03-25T00:00:00.000Z;0.08895;0.6337;0.06634;0.09223;0.111105;0.137215;0.17573;0.19049500000000003;0.20936;0.20797;0.2529;0.187595
2019-03-27T00:00:00.000Z;0.14350000000000002;0.4328;0.071965;0.105985;0.12779500000000002;0.15993000000000002;0.19891;0.21525500000000003;0.23411;0.234685;0.28472;0.21088000000000004
2019-03-30T00:00:00.000Z;0.198;1.05715;0.062215;0.092705;0.11244000000000001;0.144515;0.18199;0.19277000000000002;0.20737;0.21382500000000002;0.2559;0.18249
2019-04-01T00:00:00.000Z;;;;;;;;;;;;
2019-04-04T00:00:00.000Z;0.08895;0.5394500000000001;0.062955;0.092205;0.109075;0.136535;0.17661;0.190405;0.2093;0.20808000000000001;0.25143000000000004;0.18649500000000002
2019-04-06T00:00:00.000Z;;;;;;;;;;;;
2019-04-09T00:00:00.000Z;0.105;0.7944500000000001;0.07603;0.10834000000000002;0.12389000000000001;0.16104500000000002;0.205945;0.22082;0.23815;0.243595;0.28212;0.199485
2019-04-11T00:00:00.000Z;0.116;0.6768;0.073635;0.10569000000000002;0.12290000000000001;0.157405;0.19992500000000002;0.217015;0.23419;0.235385;0.283525;0.211725
2019-04-14T00:00:00.000Z;0.05525;1.2052;0.06677000000000001;0.091305;0.103025;0.12931;0.166055;0.179405;0.18897000000000003;0.19345;0.22551500000000002;0.16819
2019-04-16T00:00:00.000Z;0.127;0.63195;0.07728;0.113055;0.134005;0.16943;0.21363000000000004;0.2285;0.24576;0.25030500000000006;0.299595;0.22615000000000002
2019-04-19T00:00:00.000Z;;;;;;;;;;;;
2019-04-21T00:00:00.000Z;;;;;;;;;;;;
2019-04-24T00:00:00.000Z;0.116;1.12225;0.063115;0.09103;0.10412500000000001;0.13469;0.177375;0.19119000000000003;0.20469;0.20883000000000002;0.246235;0.18154
2019-04-26T00:00:00.000Z;0.12185;0.7338;0.07599;0.11071500000000001;0.128945;0.164105;0.20956;0.22364499999999998;0.23831500000000003;0.24331500000000003;0.29251;0.218445
2019-04-29T00:00:00.000Z;0.13269999999999998;1.13655;0.076435;0.10681;0.12262;0.15706;0.20096;0.21775500000000003;0.22641999999999998;0.23613000000000003;0.27108000000000004;0.20086500000000002
2019-05-01T00:00:00.000Z;;;;;;;;;;;;
2019-05-04T00:00:00.000Z;0.094;0.7465499999999999;0.071305;0.10078;0.11913499999999999;0.148135;0.19352000000000003;0.21072500000000002;0.22627;0.22629000000000002;0.27291;0.20735
2019-05-06T00:00:00.000Z;;;;;;;;;;;;
2019-05-09T00:00:00.000Z;0.12185;1.9542000000000002;0.087115;0.118255;0.13231;0.171155;0.22124000000000002;0.23785500000000004;0.24271;0.25891000000000003;0.294665;0.215645
2019-05-11T00:00:00.000Z;0.116;1.58235;0.08952500000000001;0.12337500000000001;0.14139000000000002;0.178305;0.22764;0.246015;0.25475000000000003;0.26543000000000005;0.31790500000000005;0.24752
2019-05-14T00:00:00.000Z;0.08895;0.8335;0.076055;0.10461500000000001;0.12134500000000001;0.15397000000000002;0.201605;0.218235;0.23498000000000002;0.235345;0.27764;0.21003000000000002
2019-05-16T00:00:00.000Z;0.16;1.48455;0.08791500000000001;0.12411;0.14237000000000002;0.183515;0.23209000000000002;0.251315;0.25803000000000004;0.27080000000000004;0.31848000000000004;0.241145
2019-05-19T00:00:00.000Z;0.05525;0.8477;0.087355;0.11846;0.13196;0.168305;0.218925;0.23613000000000003;0.25029;0.254425;0.28798;0.21036
2019-05-24T00:00:00.000Z;;;;;;;;;;;;
2019-05-26T00:00:00.000Z;0.083;1.3810499999999999;0.09163500000000001;0.130585;0.14815;0.18851500000000002;0.239875;0.257295;0.26738;0.278145;0.330705;0.24955000000000002
2019-05-29T00:00:00.000Z;0.094;0.8887999999999999;0.07329000000000001;0.1085;0.12526500000000002;0.16033;0.20632;0.22238000000000002;0.23705;0.24114000000000002;0.28005;0.20674499999999998
2019-05-31T00:00:00.000Z;0.127;1.0381;0.093655;0.13044000000000003;0.14865;0.189055;0.23922;0.258375;0.273335;0.27905500000000005;0.32966;0.25609000000000004
2019-06-03T00:00:00.000Z;0.127;1.2739500000000001;0.083655;0.11369000000000001;0.13227;0.16664;0.21387;0.229895;0.24208000000000002;0.24768000000000004;0.29079499999999997;0.223245
2019-06-05T00:00:00.000Z;;;;;;;;;;;;
2019-06-08T00:00:00.000Z;0.187;1.7954;0.08192;0.11684000000000001;0.13466;0.17433;0.22196;0.23787;0.2436;0.259435;0.297425;0.21616500000000002
2019-06-13T00:00:00.000Z;0.231;1.93675;0.08251;0.11563;0.1348;0.171285;0.21633000000000002;0.23440000000000003;0.24196;0.252945;0.294595;0.222725
2019-06-15T00:00:00.000Z;0.05;0.7409500000000001;0.093145;0.13104000000000002;0.154945;0.1948;0.23925000000000002;0.25506500000000004;0.27216;0.27710500000000005;0.33296000000000003;0.25257
2019-06-18T00:00:00.000Z;0.11084999999999999;1.0319500000000001;0.07748500000000001;0.112985;0.13346;0.16970000000000002;0.21081999999999998;0.22557;0.23972;0.24673000000000003;0.2919;0.214035
2019-06-20T00:00:00.000Z;0.11084999999999999;1.1273499999999999;0.098415;0.136965;0.15973;0.19775500000000001;0.24458000000000002;0.26061;0.27620500000000003;0.282195;0.3443;0.26378
2019-06-23T00:00:00.000Z;0.14350000000000002;1.373;0.082215;0.11527000000000001;0.13564;0.17161500000000002;0.21180500000000002;0.22873000000000002;0.24119000000000002;0.248445;0.29972;0.22725500000000004
2019-06-25T00:00:00.000Z;0.13269999999999998;1.65585;0.09515;0.13533;0.15806;0.19889;0.24215500000000004;0.25774;0.264385;0.2793;0.33861;0.25367
2019-06-28T00:00:00.000Z;0.176;1.3607500000000001;0.08093;0.1165;0.13858;0.17422;0.21222;0.22801500000000002;0.2379;0.247835;0.29291500000000004;0.21391
2019-06-30T00:00:00.000Z;0.176;1.098;0.09912000000000001;0.13746;0.161685;0.1996;0.24038000000000004;0.25954000000000005;0.27403000000000005;0.27971;0.34195000000000003;0.26403000000000004
2019-07-03T00:00:00.000Z;0.16;1.3528;0.08145000000000001;0.11546500000000001;0.13716;0.172055;0.21033000000000002;0.22741500000000003;0.23968000000000003;0.24696500000000002;0.302385;0.226885
2019-07-05T00:00:00.000Z;0.28;1.9655;0.09135;0.1345;0.16088;0.2028;0.24477500000000002;0.259695;0.26483;0.28141;0.340405;0.25015000000000004
2019-07-08T00:00:00.000Z;;;;;;;;;;;;
2019-07-10T00:00:00.000Z;0.127;1.38825;0.09884;0.1364;0.16185000000000002;0.20055;0.237875;0.25747;0.26905;0.277595;0.344025;0.26369000000000004
2019-07-13T00:00:00.000Z;;;;;;;;;;;;
2019-07-15T00:00:00.000Z;0.127;1.9298;0.093765;0.13554000000000002;0.16253;0.20534000000000002;0.24141500000000002;0.25789;0.26285000000000003;0.279725;0.34474000000000005;0.25631
2019-07-18T00:00:00.000Z;0.11084999999999999;1.99065;0.082875;0.116875;0.1389;0.17595;0.20915;0.223785;0.22927;0.24365500000000004;0.295295;0.21350000000000002
2019-07-20T00:00:00.000Z;0.41585000000000005;2.1573;0.08957000000000001;0.12747;0.148315;0.18773;0.222435;0.23993000000000003;0.24840500000000004;0.25822500000000004;0.30761;0.22237500000000002
2019-07-23T00:00:00.000Z;0.30710000000000004;1.6649;0.07929;0.11597;0.14134000000000002;0.17607;0.212675;0.22910500000000003;0.23782;0.24786;0.30121;0.222995
2019-07-25T00:00:00.000Z;0.22;1.61595;0.093435;0.134255;0.161985;0.20465;0.23875000000000002;0.25490500000000005;0.26155500000000004;0.27623000000000003;0.340085;0.25111
2019-07-28T00:00:00.000Z;;;;;;;;;;;;
2019-07-30T00:00:00.000Z;0.187;1.37515;0.0976;0.136735;0.16269000000000003;0.203855;0.23775500000000002;0.25505500000000003;0.267695;0.276275;0.33587500000000003;0.25399
2019-08-02T00:00:00.000Z;0.09995000000000001;1.8566;0.081565;0.11386500000000001;0.13823;0.174005;0.20507;0.2214;0.22959000000000002;0.24101999999999998;0.297695;0.219275
2019-08-04T00:00:00.000Z;0.22569999999999998;1.5227000000000002;0.087855;0.13006500000000001;0.15766500000000003;0.202275;0.23606500000000002;0.25151500000000004;0.25965;0.273355;0.335175;0.24407500000000001
2019-08-07T00:00:00.000Z;;;;;;;;;;;;
2019-08-09T00:00:00.000Z;0.061;0.65225;0.094015;0.13216;0.160425;0.19601500000000002;0.22981500000000002;0.24792;0.26837;0.26876;0.333405;0.24990500000000004
2019-08-12T00:00:00.000Z;;;;;;;;;;;;
2019-08-14T00:00:00.000Z;0.21484999999999999;1.89205;0.08769500000000001;0.12935;0.15673499999999999;0.20231;0.233935;0.24784000000000003;0.25466;0.27271;0.32965500000000003;0.23985
2019-08-17T00:00:00.000Z;0.23645;1.92235;0.071455;0.108625;0.13467;0.17529000000000003;0.2049;0.21907;0.22637;0.2394;0.290505;0.20357
2019-08-19T00:00:00.000Z;0.23645;1.77775;0.08954000000000001;0.12946500000000002;0.15655;0.19927;0.23216;0.24787;0.25574;0.268465;0.33326;0.24898000000000003
2019-08-22T00:00:00.000Z;0.231;1.7684000000000002;0.06828500000000001;0.10354000000000002;0.12573499999999999;0.166055;0.19688;0.2101;0.22042;0.229865;0.28171500000000005;0.20490500000000003
2019-08-24T00:00:00.000Z;0.22;1.21325;0.07892500000000001;0.12121;0.14537;0.18979500000000002;0.222595;0.236595;0.24805000000000002;0.25859000000000004;0.316715;0.23205
2019-08-27T00:00:00.000Z;0.43785;1.97235;0.065025;0.105905;0.128945;0.172045;0.20400000000000001;0.217125;0.22285000000000002;0.23875500000000002;0.28452500000000003;0.19921
2019-08-29T00:00:00.000Z;;;;;;;;;;;;
2019-09-01T00:00:00.000Z;0.21484999999999999;2.06145;0.06975;0.10226500000000001;0.12448000000000001;0.162825;0.192425;0.20665;0.21313000000000004;0.224295;0.28227;0.20772
2019-09-03T00:00:00.000Z;0.26395;2.32315;0.07747000000000001;0.11747500000000001;0.14155;0.18579500000000002;0.217245;0.23019499999999998;0.23304000000000002;0.254025;0.31295500000000004;0.22873000000000002
2019-09-06T00:00:00.000Z;;;;;;;;;;;;
2019-09-08T00:00:00.000Z;;;;;;;;;;;;
2019-09-11T00:00:00.000Z;;;;;;;;;;;;
2019-09-13T00:00:00.000Z;;;;;;;;;;;;
2019-09-16T00:00:00.000Z;;;;;;;;;;;;
2019-09-18T00:00:00.000Z;0.209;1.8204;0.06502000000000001;0.09714;0.11207000000000002;0.15218;0.18973;0.20428000000000002;0.210035;0.22211;0.27011500000000005;0.198635
2019-09-21T00:00:00.000Z;;;;;;;;;;;;
2019-09-26T00:00:00.000Z;0.116;1.9371500000000001;0.05734500000000001;0.086495;0.09926;0.133505;0.173155;0.18584;0.19117;0.20386500000000002;0.24191500000000002;0.17318
2019-09-28T00:00:00.000Z;;;;;;;;;;;;
2019-10-01T00:00:00.000Z;0.12185;1.34585;0.059785000000000005;0.085195;0.098655;0.12826500000000002;0.17061;0.18565500000000001;0.19505;0.20242500000000002;0.244395;0.179475
2019-10-03T00:00:00.000Z;0.127;0.9852500000000001;0.06396;0.09659000000000001;0.112205;0.147125;0.19145500000000001;0.20575000000000002;0.21466500000000002;0.2232;0.26561500000000005;0.197155
2019-10-06T00:00:00.000Z;0.116;1.2968499999999998;0.05501;0.083105;0.096865;0.128695;0.170245;0.183295;0.19412000000000001;0.200485;0.23564000000000002;0.16731500000000002
2019-10-08T00:00:00.000Z;0.138;2.2792;0.06559500000000001;0.09287000000000001;0.107355;0.14221;0.18519000000000002;0.20476;0.20666;0.21959;0.26861999999999997;0.19911
2019-10-11T00:00:00.000Z;0.105;1.4759000000000002;0.06591000000000001;0.08901;0.10151500000000001;0.13044000000000003;0.17411500000000002;0.19104000000000002;0.20076;0.20703000000000002;0.24265;0.17706500000000003
2019-10-13T00:00:00.000Z;0.15425;1.5396500000000002;0.05967000000000001;0.090705;0.10596;0.13934500000000002;0.18442;0.19870000000000002;0.20370000000000002;0.21708000000000002;0.25676;0.18711500000000003
2019-10-16T00:00:00.000Z;0.09995000000000001;1.0679;0.05058000000000001;0.07837000000000001;0.09094000000000001;0.121305;0.16309;0.176045;0.18885000000000002;0.194025;0.22597;0.15877000000000002
2019-10-18T00:00:00.000Z;;;;;;;;;;;;
2019-10-21T00:00:00.000Z;0.14350000000000002;1.10885;0.053875;0.07931;0.09121000000000001;0.12196500000000002;0.1683;0.18285500000000002;0.19591;0.200805;0.23203000000000004;0.165415
2019-10-23T00:00:00.000Z;;;;;;;;;;;;
2019-10-26T00:00:00.000Z;0.09995000000000001;1.00495;0.04349;0.069135;0.07971500000000001;0.11164500000000001;0.15463;0.16892500000000002;0.17929;0.18633;0.207575;0.142045
2019-10-28T00:00:00.000Z;;;;;;;;;;;;
2019-10-31T00:00:00.000Z;;;;;;;;;;;;
2019-11-02T00:00:00.000Z;0.138;1.6722000000000001;0.064;0.09225;0.102205;0.137695;0.19062500000000002;0.206485;0.21115;0.22423000000000004;0.25649;0.1819
2019-11-05T00:00:00.000Z;0.09995000000000001;0.8626;0.05219;0.07731;0.08836000000000001;0.11991;0.17092000000000002;0.18489000000000003;0.20028;0.20249000000000003;0.223285;0.15395
2019-11-07T00:00:00.000Z;0.11084999999999999;1.6076;0.064955;0.08929500000000001;0.10074;0.13477;0.18907500000000002;0.20744;0.21586;0.22512;0.258155;0.18891
2019-11-10T00:00:00.000Z;0.11084999999999999;0.66035;0.04841;0.071025;0.080365;0.109805;0.15916500000000003;0.17392000000000002;0.19029000000000001;0.190055;0.21016;0.14880000000000002
2019-11-12T00:00:00.000Z;0.094;0.94235;0.049865;0.07866000000000001;0.090225;0.12339000000000001;0.171805;0.18657500000000002;0.19654000000000002;0.20298;0.225995;0.16366
2019-11-15T00:00:00.000Z;;;;;;;;;;;;
2019-11-17T00:00:00.000Z;0.09995000000000001;1.21865;0.059090000000000004;0.08431000000000001;0.09487000000000001;0.12711;0.181555;0.19674000000000003;0.20858000000000002;0.21613000000000002;0.24176;0.17800000000000002
2019-11-20T00:00:00.000Z;;;;;;;;;;;;
2019-11-22T00:00:00.000Z;;;;;;;;;;;;
2019-11-25T00:00:00.000Z;0.055;1.317;0.055025000000000004;0.07250000000000001;0.07312500000000001;0.1037;0.1516;0.165;0.169;0.1766;0.17420000000000002;0.1158
2019-11-27T00:00:00.000Z;;;;;;;;;;;;
2019-11-30T00:00:00.000Z;0.07795;1.4283;0.041445;0.06478;0.07312500000000001;0.103035;0.14946;0.16540000000000002;0.17569;0.18077000000000001;0.19735;0.138465
2019-12-02T00:00:00.000Z;;;;;;;;;;;;
2019-12-05T00:00:00.000Z;;;;;;;;;;;;
2019-12-07T00:00:00.000Z;0.138;1.41255;0.043315;0.064015;0.07128;0.10289500000000001;0.15099;0.166725;0.17419;0.17975000000000002;0.192075;0.13301500000000002
2019-12-10T00:00:00.000Z;0.06684999999999999;0.38355;0.03982;0.06191000000000001;0.068505;0.095455;0.14272;0.15741500000000003;0.17591;0.172505;0.184675;0.12742
2019-12-12T00:00:00.000Z;0.105;0.9389500000000001;0.043300000000000005;0.067875;0.07597000000000001;0.1063;0.154315;0.166685;0.176335;0.183605;0.19242;0.138325
2019-12-15T00:00:00.000Z;0.07200000000000001;0.92065;0.039400000000000004;0.06149;0.07004500000000001;0.09921;0.14717000000000002;0.15965000000000001;0.17268;0.17624;0.184435;0.12474500000000001
2019-12-17T00:00:00.000Z;;;;;;;;;;;;
2019-12-20T00:00:00.000Z;;;;;;;;;;;;
2019-12-22T00:00:00.000Z;0.083;1.2617;0.043585000000000006;0.0683;0.07682000000000001;0.10954000000000001;0.15943000000000002;0.172305;0.18031500000000003;0.188975;0.20474;0.14472500000000002
2019-12-25T00:00:00.000Z;0.061;0.5517000000000001;0.03705;0.05993;0.06811;0.097225;0.14659000000000003;0.161145;0.17648;0.17712;0.18208;0.12247000000000001
2019-12-27T00:00:00.000Z;0.09995000000000001;1.10785;0.04847;0.06777999999999999;0.075435;0.103435;0.150285;0.16457000000000002;0.173625;0.17884000000000003;0.189365;0.136135
2019-12-30T00:00:00.000Z;;;;;;;;;;;;
2020-01-01T00:00:00.000Z;0.07200000000000001;0.41214999999999996;0.046795;0.06953;0.07795;0.10894000000000001;0.15679;0.17014;0.186275;0.187855;0.193555;0.141885
2020-01-04T00:00:00.000Z;0.116;0.86575;0.040695;0.061475;0.068485;0.09787000000000001;0.145285;0.158835;0.1718;0.174025;0.18068;0.12122000000000001
2020-01-06T00:00:00.000Z;0.083;0.59935;0.049775;0.072025;0.08061;0.11002;0.16221;0.17654000000000003;0.19422;0.194285;0.21072500000000002;0.15323
2020-01-09T00:00:00.000Z;0.09995000000000001;1.06235;0.04709;0.06677000000000001;0.072215;0.10164500000000001;0.1516;0.164385;0.17853;0.179705;0.192385;0.13463
2020-01-11T00:00:00.000Z;0.08895;0.7837000000000001;0.04635;0.07073;0.08053500000000001;0.11298;0.16290000000000002;0.17743;0.18826500000000002;0.192675;0.20729499999999998;0.14851
2020-01-14T00:00:00.000Z;0.07200000000000001;0.2904;0.038545;0.060965;0.07095;0.097715;0.146505;0.16071;0.17904;0.17567000000000002;0.18396500000000002;0.125285
2020-01-16T00:00:00.000Z;0.09995000000000001;0.87265;0.05097;0.07248500000000001;0.08201;0.11254000000000002;0.16222;0.176885;0.190885;0.19470500000000002;0.21485;0.155935
2020-01-19T00:00:00.000Z;;;;;;;;;;;;
2020-01-21T00:00:00.000Z;;;;;;;;;;;;
2020-01-24T00:00:00.000Z;;;;;;;;;;;;
2020-01-26T00:00:00.000Z;;;;;;;;;;;;
2020-01-29T00:00:00.000Z;;;;;;;;;;;;
2020-01-31T00:00:00.000Z;0.094;1.6380000000000001;0.009213333333333334;0.012873333333333332;0.012893333333333335;0.020813333333333333;0.030793333333333336;0.03385333333333334;0.033800000000000004;0.03777333333333334;0.03896;0.028326666666666667
2020-02-03T00:00:00.000Z;0.083;0.6678;0.044205;0.06696;0.075185;0.103845;0.149825;0.16294000000000003;0.17649;0.1784;0.19104000000000002;0.13212500000000002
2020-02-05T00:00:00.000Z;;;;;;;;;;;;
2020-02-08T00:00:00.000Z;;;;;;;;;;;;
2020-02-10T00:00:00.000Z;0.09995000000000001;1.55005;0.04943500000000001;0.074675;0.08626;0.11865;0.16705;0.1816;0.18663000000000002;0.19915000000000002;0.222885;0.16187500000000002
2020-02-13T00:00:00.000Z;0.121;1.2766666666666668;0.0738;0.0921;0.0998;0.1351;0.1834666666666667;0.1981;0.2036666666666667;0.21153333333333332;0.22726666666666667;0.1623
2020-02-15T00:00:00.000Z;0.116;1.08545;0.056685000000000006;0.07993;0.089575;0.119355;0.169405;0.18682500000000002;0.197025;0.20231500000000002;0.23150500000000002;0.17039500000000002
2020-02-18T00:00:00.000Z;;;;;;;;;;;;
2020-02-20T00:00:00.000Z;0.11084999999999999;0.5044;0.05238500000000001;0.07949;0.09138;0.12233000000000001;0.171;0.18586500000000003;0.20258;0.204375;0.22820500000000002;0.165285
2020-02-23T00:00:00.000Z;0.08895;0.4087;0.044665;0.06936;0.079055;0.10561500000000001;0.15386;0.168055;0.1855;0.18407500000000002;0.20288;0.14289000000000002
2020-02-25T00:00:00.000Z;0.13269999999999998;0.6958500000000001;0.062015;0.08667000000000001;0.09884;0.12804000000000001;0.18346;0.19948000000000002;0.21415;0.219315;0.24736500000000003;0.1825
2020-02-28T00:00:00.000Z;0.11084999999999999;0.6259;0.06690499999999999;0.08814;0.095375;0.121505;0.16503;0.179155;0.19255;0.19212;0.20724;0.15336500000000003
2020-03-01T00:00:00.000Z;;;;;;;;;;;;
2020-03-04T00:00:00.000Z;;;;;;;;;;;;
2020-03-06T00:00:00.000Z;;;;;;;;;;;;
2020-03-09T00:00:00.000Z;;;;;;;;;;;;
2020-03-11T00:00:00.000Z;0.127;1.2256;0.060075;0.088815;0.10445;0.13749000000000003;0.185485;0.20251500000000003;0.21081;0.220275;0.253;0.18682
2020-03-14T00:00:00.000Z;0.094;1.3122;0.06635;0.08964;0.10002000000000001;0.1293;0.174655;0.189135;0.19766;0.20504000000000003;0.22357;0.159385
2020-03-16T00:00:00.000Z;;;;;;;;;;;;
2020-03-19T00:00:00.000Z;;;;;;;;;;;;
2020-03-21T00:00:00.000Z;;;;;;;;;;;;
2020-03-24T00:00:00.000Z;;;;;;;;;;;;
2020-03-26T00:00:00.000Z;0.198;0.44839999999999997;0.05664;0.085785;0.09713500000000001;0.12943;0.18099;0.195915;0.215015;0.21453000000000003;0.241445;0.172125
2020-03-29T00:00:00.000Z;0.14350000000000002;1.01335;0.053070000000000006;0.0765;0.08565;0.11682000000000001;0.163695;0.17772000000000002;0.19068000000000002;0.194855;0.21859499999999998;0.15690500000000002
2020-03-31T00:00:00.000Z;;;;;;;;;;;;
2020-04-03T00:00:00.000Z;;;;;;;;;;;;
2020-04-05T00:00:00.000Z;0.193;1.2957;0.06744;0.09765;0.108235;0.144465;0.19534;0.21245500000000003;0.22366;0.230225;0.26610500000000004;0.19713
2020-04-08T00:00:00.000Z;0.176;1.3048;0.06293;0.09028;0.10027000000000001;0.133975;0.18591;0.20339000000000002;0.21356999999999998;0.21945;0.24930000000000002;0.183315
2020-04-10T00:00:00.000Z;;;;;;;;;;;;
2020-04-13T00:00:00.000Z;0.23645;1.4157000000000002;0.054860000000000006;0.08211;0.093645;0.130935;0.181395;0.19767500000000002;0.19846;0.21759499999999998;0.22369000000000003;0.154895
2020-04-15T00:00:00.000Z;;;;;;;;;;;;
2020-04-18T00:00:00.000Z;;;;;;;;;;;;
2020-04-20T00:00:00.000Z;;;;;;;;;;;;
2020-04-23T00:00:00.000Z;;;;;;;;;;;;
2020-04-25T00:00:00.000Z;;;;;;;;;;;;
2020-04-28T00:00:00.000Z;;;;;;;;;;;;
2020-04-30T00:00:00.000Z;0.15425;1.2314500000000002;0.08202000000000001;0.11333;0.12512500000000001;0.16273;0.21749000000000002;0.235045;0.24372500000000002;0.25417;0.289905;0.21941
2020-05-03T00:00:00.000Z;0.127;0.765;0.062355;0.09017000000000001;0.1013;0.13004000000000002;0.17725000000000002;0.192065;0.20449;0.207195;0.228235;0.16689
2020-05-05T00:00:00.000Z;;;;;;;;;;;;
2020-05-08T00:00:00.000Z;;;;;;;;;;;;
2020-05-10T00:00:00.000Z;0.122;1.189;0.0648;0.1044;0.11860000000000001;0.1504;0.21430000000000002;0.2349;0.2556;0.2634;0.29960000000000003;0.2172
2020-05-13T00:00:00.000Z;0.105;1.1445;0.07798;0.10517000000000001;0.11565500000000001;0.154585;0.21028000000000002;0.22677;0.23965;0.248445;0.27125;0.19293000000000002
2020-05-15T00:00:00.000Z;;;;;;;;;;;;
2020-05-18T00:00:00.000Z;0.16;1.0214;0.060205;0.08906;0.097965;0.132;0.186105;0.201545;0.21554;0.21912500000000001;0.25106;0.18311500000000003
2020-05-20T00:00:00.000Z;0.13269999999999998;1.3353;0.07653;0.11069000000000001;0.12436;0.16327000000000003;0.21890500000000002;0.23395000000000002;0.24297;0.25422;0.300005;0.22537
2020-05-23T00:00:00.000Z;0.23645;1.7705;0.07156000000000001;0.10300999999999999;0.11399500000000001;0.151795;0.20346;0.2223;0.22639;0.23979499999999998;0.266345;0.19366500000000003
2020-05-25T00:00:00.000Z;;;;;;;;;;;;
2020-05-28T00:00:00.000Z;0.2471;1.6047500000000001;0.067825;0.09793;0.10984000000000002;0.146785;0.20048;0.21736500000000003;0.2268;0.23536500000000002;0.267495;0.20181500000000002
2020-05-30T00:00:00.000Z;0.15425;0.9956;0.0806;0.11743;0.131695;0.17222;0.22778500000000002;0.24418000000000004;0.25675000000000003;0.26392;0.30732;0.23276500000000003
2020-06-02T00:00:00.000Z;;;;;;;;;;;;
2020-06-04T00:00:00.000Z;;;;;;;;;;;;
2020-06-07T00:00:00.000Z;;;;;;;;;;;;
2020-06-09T00:00:00.000Z;;;;;;;;;;;;
2020-06-12T00:00:00.000Z;0.116;1.10715;0.069415;0.10137000000000002;0.11476500000000002;0.15372000000000002;0.20145000000000002;0.218135;0.22866999999999998;0.236735;0.270685;0.196865
2020-06-14T00:00:00.000Z;0.16;1.3468499999999999;0.08833500000000001;0.12340000000000001;0.13823;0.179535;0.23019000000000003;0.24908000000000002;0.26016500000000004;0.268315;0.31685500000000005;0.24561500000000003
2020-06-17T00:00:00.000Z;0.149;1.85005;0.085175;0.116435;0.12682000000000002;0.16499000000000003;0.217535;0.23780500000000002;0.2447;0.255945;0.29679;0.22141500000000003
2020-06-19T00:00:00.000Z;0.149;1.6471;0.20902500000000002;0.228045;0.2393;0.27848;0.32235;0.33826500000000004;0.35334000000000004;0.36171000000000003;0.41725;0.293095
2020-06-22T00:00:00.000Z;0.176;1.6687;0.072465;0.104275;0.1199;0.157705;0.20172500000000002;0.217245;0.2252;0.238425;0.27915500000000004;0.20169
2020-06-24T00:00:00.000Z;;;;;;;;;;;;
2020-06-27T00:00:00.000Z;;;;;;;;;;;;
2020-06-29T00:00:00.000Z;0.198;1.37625;0.084055;0.12328;0.14286;0.18533;0.23095000000000002;0.247975;0.258485;0.27155;0.32597;0.24201
2020-07-02T00:00:00.000Z;0.11084999999999999;0.95575;0.07248;0.106055;0.123835;0.15831;0.198335;0.21495500000000003;0.22807;0.23454000000000003;0.27837500000000004;0.20117000000000002
2020-07-04T00:00:00.000Z;0.12185;1.5967500000000001;0.0916;0.12601500000000002;0.145995;0.18580000000000002;0.23073000000000002;0.24914000000000003;0.25849;0.26991;0.33014000000000004;0.24731500000000003
2020-07-07T00:00:00.000Z;0.20395;1.44855;0.074325;0.10632000000000001;0.124985;0.159555;0.20139;0.218525;0.22976;0.23741500000000001;0.28674499999999997;0.21158000000000002
2020-07-09T00:00:00.000Z;0.3237;2.576;0.051304999999999996;0.085655;0.10433;0.14009000000000002;0.174775;0.18718;0.183925;0.205645;0.24079000000000003;0.16429500000000002
2020-07-12T00:00:00.000Z;0.38345;2.11895;0.06555;0.10557000000000001;0.12495;0.1676;0.20686;0.22405;0.22888000000000003;0.24543000000000004;0.28663000000000005;0.200235
2020-07-14T00:00:00.000Z;;;;;;;;;;;;
2020-07-17T00:00:00.000Z;0.209;2.2214;0.072175;0.105245;0.123405;0.16284;0.20246;0.21881;0.22251;0.23884000000000002;0.28667;0.212175
2020-07-19T00:00:00.000Z;0.26395;1.9988;0.080505;0.12059000000000002;0.141855;0.18841;0.227975;0.24373000000000003;0.249395;0.26487;0.32365;0.236715
2020-07-22T00:00:00.000Z;0.16;1.046;0.06276666666666667;0.07506666666666667;0.09226666666666666;0.13356666666666667;0.17563333333333334;0.20586666666666667;0.11146666666666669;0.22116666666666665;0.19423333333333334;0.1841
2020-07-24T00:00:00.000Z;0.193;2.23935;0.082055;0.08895;0.104285;0.11906;0.12292000000000002;0.13207000000000002;0.12862500000000002;0.139855;0.24068000000000003;0.255705
2020-07-27T00:00:00.000Z;0.2747;1.8267;0.065275;0.077725;0.097015;0.11026;0.115935;0.123955;0.12727000000000002;0.13668;0.23307;0.2391
2020-07-29T00:00:00.000Z;0.182;1.944;0.07097;0.08579500000000001;0.106855;0.12246500000000002;0.12496500000000002;0.13326;0.13369;0.14739000000000002;0.24976500000000001;0.255525
2020-08-01T00:00:00.000Z;;;;;;;;;;;;
2020-08-03T00:00:00.000Z;0.198;2.4806999999999997;0.076655;0.08733500000000001;0.10816500000000001;0.12328;0.12441500000000001;0.13503;0.132635;0.147375;0.263385;0.27726500000000004
2020-08-06T00:00:00.000Z;0.231;1.90585;0.05806000000000001;0.07198;0.09476000000000001;0.10537500000000001;0.10984000000000002;0.11802000000000001;0.12044000000000002;0.129035;0.24099;0.25112
2020-08-08T00:00:00.000Z;0.29625;1.59515;0.06608;0.08543;0.11283499999999999;0.12984;0.132645;0.13907;0.14312000000000002;0.15683;0.26825;0.269395
2020-08-11T00:00:00.000Z;;;;;;;;;;;;
2020-08-13T00:00:00.000Z;0.23645;1.3982;0.066885;0.08186500000000001;0.10937000000000001;0.123855;0.129065;0.137105;0.14087000000000002;0.150305;0.28228000000000003;0.29100000000000004
2020-08-16T00:00:00.000Z;0.149;1.101;0.05832000000000001;0.07478;0.10079;0.112125;0.11526500000000002;0.12352500000000001;0.131555;0.13617500000000002;0.25351500000000005;0.26215
2020-08-18T00:00:00.000Z;0.05525;1.4273;0.07381;0.09164;0.118255;0.134935;0.13821;0.1461;0.15028;0.162895;0.28106000000000003;0.28508000000000006
2020-08-21T00:00:00.000Z;0.15425;1.33495;0.06043;0.07919;0.10528;0.11911500000000001;0.12327500000000001;0.13194;0.13747;0.14566;0.25067;0.24579
2020-08-23T00:00:00.000Z;0.13269999999999998;2.1488;0.08639500000000001;0.10081000000000001;0.126595;0.144245;0.146375;0.15557500000000002;0.16158;0.1711;0.30201;0.307265
2020-08-26T00:00:00.000Z;0.171;1.4796;0.060700000000000004;0.077045;0.10517000000000001;0.115875;0.121495;0.12813;0.1338;0.14255;0.25799;0.26723
2020-08-28T00:00:00.000Z;0.29625;1.8875;0.065265;0.08685000000000001;0.11823;0.13496500000000003;0.13671;0.144935;0.146425;0.160525;0.282945;0.283335
2020-08-31T00:00:00.000Z;0.138;0.9985;0.05914;0.07861;0.10691500000000001;0.11946500000000002;0.121745;0.128975;0.13784000000000002;0.142745;0.255085;0.25151500000000004
2020-09-02T00:00:00.000Z;0.187;2.1622;0.08538;0.09944;0.12975;0.14785;0.15139000000000002;0.16214;0.16237000000000001;0.17915;0.31253000000000003;0.31696
2020-09-05T00:00:00.000Z;0.15425;1.5797;0.059165;0.076305;0.10481;0.11772500000000001;0.12116500000000001;0.129495;0.13505;0.14245;0.26018;0.26785000000000003
2020-09-07T00:00:00.000Z;0.209;2.15035;0.07332999999999999;0.09341;0.12283;0.14171;0.14389500000000002;0.15145;0.15302000000000002;0.167105;0.289085;0.28835
2020-09-10T00:00:00.000Z;0.193;1.64555;0.058385000000000006;0.07736000000000001;0.10756;0.12047500000000001;0.12212500000000001;0.129945;0.13424000000000003;0.14386;0.25723;0.2523
2020-09-12T00:00:00.000Z;0.21484999999999999;1.8592000000000002;0.07244500000000001;0.090725;0.12115999999999999;0.13651;0.139995;0.150755;0.15236500000000003;0.162805;0.29073000000000004;0.296115
2020-09-15T00:00:00.000Z;;;;;;;;;;;;
2020-09-17T00:00:00.000Z;;;;;;;;;;;;
2020-09-20T00:00:00.000Z;;;;;;;;;;;;
2020-09-22T00:00:00.000Z;0.2471;1.6759000000000002;0.071635;0.091515;0.12329500000000002;0.141155;0.14744500000000002;0.159365;0.16189;0.17313;0.294765;0.29176
2020-09-25T00:00:00.000Z;0.1651;1.227;0.062060000000000004;0.08218;0.11273;0.12625999999999998;0.129995;0.13851500000000003;0.14896;0.154305;0.276075;0.27737500000000004
2020-09-27T00:00:00.000Z;0.149;0.88765;0.06640499999999999;0.090815;0.12569000000000002;0.14044500000000001;0.14714000000000002;0.15336;0.16263;0.17134000000000002;0.29754;0.29178000000000004
2020-09-30T00:00:00.000Z;;;;;;;;;;;;
2020-10-02T00:00:00.000Z;;;;;;;;;;;;
2020-10-05T00:00:00.000Z;;;;;;;;;;;;
2020-10-07T00:00:00.000Z;0.171;0.8655499999999999;0.065635;0.09118;0.12679;0.142205;0.14767000000000002;0.15835000000000002;0.167725;0.175575;0.301115;0.29297
2020-10-10T00:00:00.000Z;;;;;;;;;;;;
2020-10-12T00:00:00.000Z;0.127;0.6843;0.07196000000000001;0.095705;0.13071;0.14487;0.15071;0.160675;0.17215;0.176785;0.306035;0.30189499999999997
2020-10-15T00:00:00.000Z;0.105;0.7524;0.06367;0.08589000000000001;0.1187;0.13036;0.13608;0.14291;0.15659;0.15860000000000002;0.27716999999999997;0.27442500000000003
2020-10-17T00:00:00.000Z;;;;;;;;;;;;
2020-10-20T00:00:00.000Z;;;;;;;;;;;;
2020-10-25T00:00:00.000Z;0.193;0.983;0.064215;0.08591;0.11936;0.133865;0.13716;0.146485;0.1565;0.15803;0.27790000000000004;0.271355
2020-10-27T00:00:00.000Z;0.116;1.21255;0.06649000000000001;0.09367;0.12925;0.145745;0.15009000000000003;0.157565;0.166055;0.17574;0.29725500000000005;0.28876
2020-10-30T00:00:00.000Z;0.116;0.8671000000000001;0.06137000000000001;0.08639500000000001;0.11865;0.13228499999999999;0.13831;0.142955;0.15545;0.1588;0.270595;0.25710500000000003
2020-11-01T00:00:00.000Z;0.127;1.1747;0.073765;0.09791000000000001;0.13192;0.14766500000000002;0.151335;0.161435;0.16997;0.17677500000000002;0.300685;0.29924
2020-11-04T00:00:00.000Z;;;;;;;;;;;;
2020-11-06T00:00:00.000Z;;;;;;;;;;;;
2020-11-09T00:00:00.000Z;0.105;1.4172;0.05554;0.08039500000000001;0.11491;0.131685;0.13762000000000002;0.145075;0.15394000000000002;0.160935;0.269365;0.23841
2020-11-11T00:00:00.000Z;;;;;;;;;;;;
2020-11-14T00:00:00.000Z;;;;;;;;;;;;
2020-11-16T00:00:00.000Z;;;;;;;;;;;;
2020-11-19T00:00:00.000Z;0.127;1.3762;0.05287000000000001;0.064585;0.08026000000000001;0.09053;0.089935;0.09497000000000001;0.09471;0.10288;0.14636;0.130275
2020-11-21T00:00:00.000Z;0.09995000000000001;0.7784500000000001;0.092285;0.12193;0.15983;0.17619;0.18213000000000001;0.19371;0.20756500000000003;0.21004499999999998;0.33649;0.32030000000000003
2020-11-24T00:00:00.000Z;;;;;;;;;;;;
2020-11-26T00:00:00.000Z;;;;;;;;;;;;
2020-11-29T00:00:00.000Z;0.083;1.32005;0.051629999999999995;0.07742;0.11056500000000001;0.12642;0.13104000000000002;0.139625;0.15028;0.15648499999999999;0.25915;0.223635
2020-12-01T00:00:00.000Z;0.09995000000000001;1.1549;0.07216;0.10036;0.14006500000000002;0.15726;0.162425;0.174285;0.186525;0.19195500000000001;0.31579;0.29242
2020-12-04T00:00:00.000Z;;;;;;;;;;;;
2020-12-06T00:00:00.000Z;0.083;0.5535;0.08027000000000001;0.11257500000000001;0.155085;0.17104000000000003;0.17771;0.18544500000000003;0.204075;0.20452;0.32522;0.30249000000000004
2020-12-09T00:00:00.000Z;0.06684999999999999;0.5967;0.05564;0.08404500000000001;0.119235;0.13241;0.13778;0.1468;0.16241;0.16449000000000003;0.264335;0.229275
2020-12-11T00:00:00.000Z;;;;;;;;;;;;
2020-12-16T00:00:00.000Z;0.083;0.8195;0.08185;0.11422000000000002;0.15444000000000002;0.17252;0.17800000000000002;0.18449500000000002;0.200905;0.203775;0.32291000000000003;0.29962
2020-12-19T00:00:00.000Z;0.09995000000000001;1.34055;0.07783;0.10801500000000001;0.14293;0.16119000000000003;0.16372;0.17492000000000002;0.18324000000000001;0.18897000000000003;0.29965;0.271115
2020-12-21T00:00:00.000Z;;;;;;;;;;;;
2020-12-24T00:00:00.000Z;0.08895;0.9649;0.08124;0.10591500000000001;0.13951;0.15376;0.15919000000000003;0.168735;0.18064000000000002;0.18089000000000002;0.28368000000000004;0.2664
2020-12-26T00:00:00.000Z;0.07200000000000001;0.3043;0.08600000000000001;0.11902000000000001;0.161385;0.176825;0.18428;0.193155;0.21328000000000003;0.209465;0.32638000000000006;0.300885
2020-12-29T00:00:00.000Z;0.07200000000000001;0.7496;0.08254500000000001;0.11106500000000001;0.14835;0.162905;0.16895000000000002;0.17299;0.19084;0.18882000000000002;0.300005;0.271485
2020-12-31T00:00:00.000Z;0.07795;0.5686;0.08983;0.12252500000000001;0.16490000000000002;0.18063;0.18808;0.194235;0.21455500000000002;0.21139000000000002;0.33855500000000005;0.31972
2021-01-03T00:00:00.000Z;0.06684999999999999;0.47055;0.067585;0.09213;0.12363;0.13389;0.13883;0.14222;0.16335;0.154085;0.2449;0.22582
2021-01-05T00:00:00.000Z;0.083;0.4242;0.08841500000000001;0.12286500000000002;0.167085;0.18367;0.18936;0.19901500000000003;0.21749000000000002;0.21491;0.33376500000000003;0.30731
2021-01-08T00:00:00.000Z;;;;;;;;;;;;
2021-01-10T00:00:00.000Z;;;;;;;;;;;;
2021-01-13T00:00:00.000Z;0.11084999999999999;0.57945;0.06664;0.09298;0.13079000000000002;0.14286;0.150035;0.156195;0.17523;0.17201;0.280855;0.252875
2021-01-15T00:00:00.000Z;0.105;0.3507;0.085135;0.11982000000000001;0.16375;0.178845;0.18583;0.192305;0.213225;0.208625;0.326835;0.29719
2021-01-18T00:00:00.000Z;0.11084999999999999;0.6591;0.07419500000000001;0.10618;0.1471;0.16209;0.16721;0.17593;0.18954000000000001;0.19206;0.29991;0.27074000000000004
2021-01-20T00:00:00.000Z;;;;;;;;;;;;
2021-01-23T00:00:00.000Z;;;;;;;;;;;;
2021-01-25T00:00:00.000Z;0.09870000000000001;1.56695;0.06031;0.08293;0.10887000000000001;0.12272000000000001;0.12493499999999999;0.128755;0.1359;0.14106500000000002;0.20381;0.18780000000000002
2021-01-28T00:00:00.000Z;0.08895;1.1075;0.077435;0.10629500000000001;0.14311;0.15945;0.163235;0.17214000000000002;0.18248;0.18549000000000002;0.28487;0.256235
2021-01-30T00:00:00.000Z;;;;;;;;;;;;
2021-02-02T00:00:00.000Z;0.07200000000000001;0.81;0.09028;0.121425;0.1612;0.175905;0.18233;0.191815;0.20805;0.20563000000000003;0.32793000000000005;0.30847
2021-02-04T00:00:00.000Z;0.12185;1.09145;0.09293;0.12966;0.17449;0.19291;0.200655;0.20870500000000003;0.21977;0.226985;0.34736;0.32276
2021-02-07T00:00:00.000Z;;;;;;;;;;;;
2021-02-09T00:00:00.000Z;;;;;;;;;;;;
2021-02-12T00:00:00.000Z;;;;;;;;;;;;
2021-02-14T00:00:00.000Z;0.105;0.89785;0.10172;0.142525;0.18874000000000002;0.206695;0.215985;0.22521500000000003;0.23599499999999998;0.24004499999999998;0.36276;0.33729000000000003
2021-02-17T00:00:00.000Z;;;;;;;;;;;;
2021-02-19T00:00:00.000Z;0.12185;0.7581;0.1092;0.14653;0.19297;0.21381999999999998;0.21955000000000002;0.228135;0.24697;0.246535;0.378485;0.35537
2021-02-22T00:00:00.000Z;;;;;;;;;;;;
2021-02-24T00:00:00.000Z;;;;;;;;;;;;
2021-02-27T00:00:00.000Z;;;;;;;;;;;;
2021-03-01T00:00:00.000Z;;;;;;;;;;;;
2021-03-04T00:00:00.000Z;;;;;;;;;;;;
2021-03-06T00:00:00.000Z;;;;;;;;;;;;
2021-03-09T00:00:00.000Z;;;;;;;;;;;;
2021-03-11T00:00:00.000Z;0.116;1.4694500000000001;0.101865;0.13924;0.18647000000000002;0.20929499999999998;0.21645500000000004;0.23026500000000003;0.23906500000000003;0.24465;0.37886000000000003;0.348595
2021-03-14T00:00:00.000Z;0.08895;0.7528;0.09793500000000001;0.13507000000000002;0.18125000000000002;0.196605;0.205785;0.21534499999999998;0.23545000000000002;0.2328;0.35481500000000005;0.33174000000000003
2021-03-16T00:00:00.000Z;0.138;0.8459500000000001;0.11329000000000002;0.15539000000000003;0.20759000000000002;0.22594000000000003;0.236575;0.24694000000000002;0.25924;0.260875;0.387445;0.35461
2021-03-19T00:00:00.000Z;;;;;;;;;;;;
2021-03-21T00:00:00.000Z;0.13269999999999998;0.5327000000000001;0.11735999999999999;0.157035;0.20873000000000003;0.226995;0.23798000000000002;0.24792;0.27007;0.267915;0.399245;0.37024
2021-03-24T00:00:00.000Z;0.116;0.8809;0.103345;0.14163;0.18852000000000002;0.20472;0.21503000000000003;0.22539499999999998;0.24233000000000002;0.23974;0.36346;0.33895500000000006
2021-03-26T00:00:00.000Z;0.176;0.84615;0.11946;0.16393;0.21681;0.23800500000000002;0.24729;0.25829;0.27413000000000004;0.27642500000000003;0.40188;0.36584000000000005
2021-03-29T00:00:00.000Z;;;;;;;;;;;;
2021-03-31T00:00:00.000Z;0.3617;0.8745;0.12334000000000002;0.160885;0.192135;0.214375;0.23917;0.24990500000000004;0.262465;0.26316500000000004;0.342025;0.31287
2021-04-03T00:00:00.000Z;;;;;;;;;;;;
2021-04-05T00:00:00.000Z;0.171;1.0596500000000002;0.0898;0.118025;0.15121;0.17018;0.17878;0.18669000000000002;0.18799000000000002;0.19893;0.28271;0.23662
2021-04-08T00:00:00.000Z;;;;;;;;;;;;
2021-04-10T00:00:00.000Z;;;;;;;;;;;;
2021-04-13T00:00:00.000Z;;;;;;;;;;;;
2021-04-15T00:00:00.000Z;;;;;;;;;;;;
2021-04-18T00:00:00.000Z;0.13269999999999998;0.5359;0.11002;0.15112;0.20025;0.221225;0.23198000000000002;0.24613000000000004;0.26427;0.26021500000000003;0.377895;0.33679000000000003
2021-04-20T00:00:00.000Z;0.193;1.50105;0.1592;0.20324000000000003;0.25815;0.28332;0.29599000000000003;0.31030500000000005;0.32305500000000004;0.33048000000000005;0.47100000000000003;0.43253
2021-04-23T00:00:00.000Z;;;;;;;;;;;;
2021-04-25T00:00:00.000Z;;;;;;;;;;;;
2021-04-28T00:00:00.000Z;;;;;;;;;;;;
2021-04-30T00:00:00.000Z;0.209;1.3719000000000001;0.1482;0.197635;0.2525;0.27833;0.29281;0.307425;0.32407;0.32650500000000005;0.4655850000000001;0.42723000000000005
2021-05-03T00:00:00.000Z;;;;;;;;;;;;
2021-05-05T00:00:00.000Z;;;;;;;;;;;;
2021-05-08T00:00:00.000Z;0.138;0.8239;0.13637000000000002;0.17946;0.22529000000000002;0.24910500000000002;0.27034;0.282515;0.29892;0.29911;0.39579000000000003;0.347955
2021-05-10T00:00:00.000Z;;;;;;;;;;;;
2021-05-13T00:00:00.000Z;0.09992857142857145;1.258;0.12105714285714289;0.1601571428571429;0.20827142857142858;0.23022142857142858;0.2507714285714286;0.2611714285714286;0.2769714285714286;0.2805357142857143;0.39157142857142857;0.36175
2021-05-15T00:00:00.000Z;0.116;1.2288;0.14966;0.19757000000000002;0.25132;0.28009;0.30111;0.31583000000000006;0.32645;0.33226500000000003;0.45213500000000006;0.41052500000000003
2021-05-18T00:00:00.000Z;0.12185;1.2105000000000001;0.12839;0.1738;0.22458000000000003;0.24771;0.267315;0.27868000000000004;0.28923000000000004;0.29358;0.40736500000000003;0.36230500000000004
2021-05-20T00:00:00.000Z;0.16;1.63355;0.15244500000000002;0.20182000000000003;0.255675;0.281645;0.29965;0.31183000000000005;0.325045;0.328965;0.4595850000000001;0.4242600000000001
2021-05-23T00:00:00.000Z;;;;;;;;;;;;
2021-05-25T00:00:00.000Z;;;;;;;;;;;;
2021-05-28T00:00:00.000Z;;;;;;;;;;;;
2021-05-30T00:00:00.000Z;;;;;;;;;;;;
2021-06-02T00:00:00.000Z;0.127;1.39285;0.13823;0.18623;0.23924;0.263085;0.287745;0.30139000000000005;0.31746;0.31972500000000004;0.441795;0.401305
2021-06-04T00:00:00.000Z;;;;;;;;;;;;
2021-06-07T00:00:00.000Z;0.138;1.6653;0.1226;0.16768;0.221;0.24885500000000002;0.26903000000000005;0.28505500000000006;0.29199;0.301505;0.41452;0.36099000000000003
2021-06-09T00:00:00.000Z;0.187;1.6301500000000002;0.151395;0.20113;0.25640500000000005;0.287455;0.306945;0.32574000000000003;0.33816;0.34311;0.4716100000000001;0.434425
2021-06-12T00:00:00.000Z;;;;;;;;;;;;
2021-06-14T00:00:00.000Z;0.318;1.8897000000000002;0.148315;0.20050500000000002;0.251585;0.27981500000000004;0.303485;0.31867;0.32228;0.33411;0.432145;0.379345
2021-06-17T00:00:00.000Z;;;;;;;;;;;;
2021-06-19T00:00:00.000Z;;;;;;;;;;;;
2021-06-22T00:00:00.000Z;0.09993333333333333;1.421;0.09140666666666669;0.11420666666666666;0.13787333333333332;0.1485466666666667;0.16014;0.16799333333333336;0.1835733333333333;0.17214000000000002;0.23205333333333333;0.16794
2021-06-24T00:00:00.000Z;0.171;1.7044000000000001;0.15416500000000002;0.20941500000000002;0.26643000000000006;0.29808;0.32023;0.33230000000000004;0.34301;0.351995;0.47205500000000006;0.417295
2021-06-27T00:00:00.000Z;0.15425;1.7264000000000002;0.13158;0.18156;0.23475000000000001;0.26488;0.286905;0.29733000000000004;0.30686;0.31494;0.422595;0.36656500000000003
2021-06-29T00:00:00.000Z;0.105;1.2122000000000002;0.15815;0.20855;0.265685;0.29802500000000004;0.32131;0.335475;0.35324;0.352725;0.4743;0.43366499999999997
2021-07-02T00:00:00.000Z;0.13269999999999998;1.2434;0.13412000000000002;0.18304;0.2358;0.259795;0.28515500000000005;0.30090500000000003;0.31444;0.314435;0.42890500000000004;0.38863000000000003
2021-07-04T00:00:00.000Z;0.061;1.54325;0.156;0.21029000000000003;0.268495;0.299445;0.320335;0.33492500000000003;0.34500000000000003;0.35455000000000003;0.47528000000000004;0.42272
2021-07-07T00:00:00.000Z;;;;;;;;;;;;
2021-07-09T00:00:00.000Z;0.27485000000000004;2.17685;0.18177500000000002;0.23720500000000003;0.2933;0.330535;0.35634000000000005;0.37624;0.37974;0.392845;0.5039899999999999;0.44928999999999997
2021-07-12T00:00:00.000Z;0.35855000000000004;1.1732;0.13459000000000002;0.18875;0.24058000000000002;0.26588;0.291845;0.30861;0.32287;0.3214;0.42170500000000005;0.376295
2021-07-14T00:00:00.000Z;0.11084999999999999;1.7162000000000002;0.1553;0.21078000000000002;0.26858000000000004;0.30205000000000004;0.32035;0.33327;0.34203500000000003;0.35113500000000003;0.470915;0.41661000000000004
2021-07-17T00:00:00.000Z;0.13269999999999998;1.7677;0.13175;0.17972000000000002;0.23024000000000003;0.25935;0.278455;0.294265;0.30104000000000003;0.310135;0.40997500000000003;0.35611
2021-07-19T00:00:00.000Z;0.291;2.0640500000000004;0.16095;0.21578000000000003;0.276525;0.30969;0.32902;0.34681;0.352745;0.36187;0.48089;0.43093000000000004
2021-07-22T00:00:00.000Z;0.21484999999999999;1.1451500000000001;0.13685;0.18729;0.24576;0.270835;0.292005;0.30575500000000005;0.32335;0.31756;0.4333600000000001;0.38934
2021-07-24T00:00:00.000Z;0.41050000000000003;1.58855;0.158395;0.21746500000000002;0.274885;0.30940500000000004;0.32466;0.338185;0.34390000000000004;0.35317;0.45223;0.39095500000000005
2021-07-27T00:00:00.000Z;0.23645;1.9491;0.12661;0.18097000000000002;0.23637;0.265885;0.282675;0.29588000000000003;0.3013;0.31407;0.41802500000000004;0.35956
2021-07-29T00:00:00.000Z;0.2471;1.98485;0.15161;0.20524499999999998;0.25948000000000004;0.290735;0.30684;0.32301;0.33107;0.33750500000000005;0.454945;0.40996499999999997
2021-08-01T00:00:00.000Z;0.209;1.5263;0.13105;0.18137;0.23584000000000002;0.26243500000000003;0.283945;0.294055;0.30783000000000005;0.312365;0.42507;0.38177
2021-08-03T00:00:00.000Z;;;;;;;;;;;;
2021-08-06T00:00:00.000Z;0.187;1.9158;0.13136;0.18279;0.23797;0.268135;0.280485;0.29506;0.2994;0.30981000000000003;0.417455;0.36141
2021-08-08T00:00:00.000Z;0.116;2.36645;0.155585;0.207425;0.264525;0.29653;0.31398000000000004;0.32746000000000003;0.33161500000000005;0.34278000000000003;0.46583;0.423455
2021-08-11T00:00:00.000Z;;;;;;;;;;;;
2021-08-13T00:00:00.000Z;0.329;1.56375;0.14477500000000001;0.19847;0.25273;0.28237;0.30099000000000004;0.31295;0.320655;0.3284;0.431795;0.37653000000000003
2021-08-16T00:00:00.000Z;0.37825000000000003;1.47895;0.12476;0.17698;0.23003000000000004;0.259975;0.276955;0.288505;0.29643;0.30301;0.39516500000000004;0.338835
2021-08-18T00:00:00.000Z;0.26395;2.70245;0.18016;0.23795000000000002;0.30266;0.34013000000000004;0.35860500000000006;0.37807;0.385375;0.40152;0.534425;0.47398000000000007
2021-08-21T00:00:00.000Z;;;;;;;;;;;;
2021-08-23T00:00:00.000Z;;;;;;;;;;;;
2021-08-26T00:00:00.000Z;0.2471;2.3470999999999997;0.12114000000000001;0.17213;0.22532;0.257425;0.267675;0.28231500000000004;0.2838;0.29913;0.400575;0.34190000000000004
2021-08-28T00:00:00.000Z;0.28545;2.05135;0.14607;0.1991;0.25730000000000003;0.288375;0.302685;0.3159;0.320735;0.329965;0.445395;0.40130000000000005
2021-08-31T00:00:00.000Z;0.3345;2.461;0.08315;0.10984500000000001;0.135475;0.158925;0.16795000000000002;0.178575;0.17163;0.1855;0.24405500000000002;0.196155
2021-09-02T00:00:00.000Z;0.12185;2.65035;0.10318;0.14428;0.19112;0.226775;0.24245500000000003;0.2551;0.25515;0.274625;0.370695;0.29753
2021-09-05T00:00:00.000Z;0.14350000000000002;2.12855;0.12796;0.17830000000000001;0.23521999999999998;0.268865;0.28891500000000003;0.300295;0.30782;0.320025;0.42702;0.36878500000000003
2021-09-07T00:00:00.000Z;0.258;1.9467;0.12173;0.16739;0.213145;0.24209000000000003;0.260425;0.275175;0.27982;0.288405;0.383235;0.34225500000000003
2021-09-10T00:00:00.000Z;0.171;2.1034;0.12278;0.16507000000000002;0.21441;0.24278000000000002;0.26377500000000004;0.27747;0.28506;0.2948;0.39718000000000003;0.34937
2021-09-12T00:00:00.000Z;0.22;1.72125;0.12846500000000002;0.180145;0.237195;0.26788;0.287375;0.299845;0.30569;0.31870000000000004;0.42937000000000003;0.37617500000000004
2021-09-15T00:00:00.000Z;0.198;1.918375;0.11715;0.16362500000000002;0.20952500000000002;0.2310375;0.25122500000000003;0.26306250000000003;0.272225;0.276175;0.369825;0.31375000000000003
2021-09-17T00:00:00.000Z;0.21484999999999999;2.3725500000000004;0.11341500000000002;0.15996;0.21337;0.24366500000000002;0.2635;0.278945;0.281805;0.29287;0.40364000000000005;0.34697
2021-09-20T00:00:00.000Z;0.16528571428571429;1.724;0.048971428571428575;0.06224285714285715;0.07557142857142857;0.09787142857142855;0.10755714285714289;0.11327142857142858;0.10014285714285714;0.11565714285714289;0.15742857142857142;0.12357142857142858
2021-09-22T00:00:00.000Z;;;;;;;;;;;;
2021-09-25T00:00:00.000Z;;;;;;;;;;;;
2021-09-27T00:00:00.000Z;;;;;;;;;;;;
2021-09-30T00:00:00.000Z;0.28;2.27785;0.12066;0.16191;0.20635;0.236335;0.26311500000000004;0.27990000000000004;0.28154;0.29269;0.400285;0.34892500000000004
2021-10-02T00:00:00.000Z;;;;;;;;;;;;
2021-10-05T00:00:00.000Z;0.09995000000000001;1.8936;0.10366500000000001;0.14889000000000002;0.19479000000000002;0.22350500000000004;0.24431;0.258705;0.26430000000000003;0.27546;0.364345;0.307525
2021-10-07T00:00:00.000Z;0.127;1.4371;0.152755;0.19210000000000002;0.232595;0.266645;0.298315;0.316825;0.324365;0.33086;0.41303500000000004;0.34820500000000004
2021-10-10T00:00:00.000Z;;;;;;;;;;;;
2021-10-12T00:00:00.000Z;;;;;;;;;;;;
2021-10-15T00:00:00.000Z;0.127;1.38585;0.102775;0.14875;0.19256;0.22079000000000001;0.24698000000000003;0.25846;0.26768000000000003;0.271095;0.356925;0.29885500000000004
2021-10-17T00:00:00.000Z;0.08895;2.1318;0.12810000000000002;0.17688;0.22831;0.265445;0.29265500000000005;0.31184;0.31157;0.32706999999999997;0.43648000000000003;0.382985
2021-10-20T00:00:00.000Z;0.094;1.0658;0.10419500000000001;0.14559000000000002;0.19353;0.21537;0.24175000000000002;0.25543000000000005;0.27007;0.26901;0.359605;0.315695
2021-10-22T00:00:00.000Z;;;;;;;;;;;;
2021-10-25T00:00:00.000Z;;;;;;;;;;;;
2021-10-27T00:00:00.000Z;;;;;;;;;;;;
2021-10-30T00:00:00.000Z;;;;;;;;;;;;
2021-11-01T00:00:00.000Z;0.06684999999999999;2.4615500000000003;0.03039;0.041850000000000005;0.049045;0.05602000000000001;0.06424;0.06732;0.070705;0.069665;0.079605;0.054115
2021-11-04T00:00:00.000Z;0.094;0.95325;0.097255;0.13581;0.17329000000000003;0.20147;0.22719499999999998;0.23835500000000004;0.25220000000000004;0.255415;0.31328000000000006;0.25668
2021-11-06T00:00:00.000Z;0.05525;0.55875;0.11015000000000001;0.14965;0.1927;0.21816;0.24876;0.263;0.28174000000000005;0.27888;0.35108000000000006;0.30498000000000003
2021-11-09T00:00:00.000Z;0.094;1.04645;0.09861500000000001;0.13816;0.1834;0.20795000000000002;0.23489000000000002;0.244235;0.26231;0.26071;0.34576;0.29910000000000003
2021-11-11T00:00:00.000Z;0.09995000000000001;1.1168;0.10687;0.15194500000000002;0.200355;0.23004000000000002;0.25520000000000004;0.265355;0.27646;0.28158500000000003;0.36997;0.31842
2021-11-14T00:00:00.000Z;0.094;1.2540499999999999;0.093045;0.13568;0.17848;0.20700500000000002;0.23166;0.2417;0.25182;0.25573;0.33461500000000005;0.27928000000000003
2021-11-16T00:00:00.000Z;0.094;1.0281500000000001;0.10994000000000001;0.155025;0.203075;0.22870500000000002;0.25495500000000004;0.265465;0.28227;0.28286500000000003;0.373495;0.329025
2021-11-19T00:00:00.000Z;;;;;;;;;;;;
2021-11-21T00:00:00.000Z;;;;;;;;;;;;
2021-11-24T00:00:00.000Z;0.122;0.732;0.05036666666666667;0.06116666666666667;0.05833333333333334;0.06646666666666666;0.07443333333333334;0.08256666666666666;0.08783333333333335;0.09296666666666667;0.10173333333333334;0.0906
2021-11-26T00:00:00.000Z;;;;;;;;;;;;
2021-11-29T00:00:00.000Z;0.07200000000000001;1.34425;0.09424500000000001;0.13312000000000002;0.17419;0.20165;0.22691999999999998;0.23668000000000003;0.25162;0.25404000000000004;0.336295;0.29161
2021-12-01T00:00:00.000Z;0.08895;1.05675;0.101485;0.14774500000000002;0.193755;0.22498000000000004;0.24923000000000003;0.257215;0.26911500000000005;0.272305;0.354545;0.30475500000000005
2021-12-04T00:00:00.000Z;0.07200000000000001;0.7921;0.091055;0.13069000000000003;0.17432;0.1998;0.22621;0.23322500000000002;0.25146;0.25164000000000003;0.32161;0.269225
2021-12-06T00:00:00.000Z;0.07795;1.0782;0.10588499999999999;0.151725;0.197305;0.22510500000000003;0.247385;0.25906999999999997;0.27506;0.27581;0.36349000000000004;0.318795
2021-12-09T00:00:00.000Z;0.07795;1.25955;0.096665;0.13635;0.18061;0.20702500000000001;0.23181500000000002;0.242895;0.25630000000000003;0.258745;0.337335;0.29441500000000004
2021-12-11T00:00:00.000Z;0.07795;1.2885;0.10282000000000001;0.146785;0.19479500000000002;0.225585;0.250025;0.2589;0.26671500000000004;0.27557;0.35748;0.3078
2021-12-14T00:00:00.000Z;0.06684999999999999;0.8388500000000001;0.09095;0.13069000000000003;0.17422;0.20189500000000002;0.22646500000000003;0.235395;0.25007;0.250315;0.31855500000000003;0.26478
2021-12-16T00:00:00.000Z;;;;;;;;;;;;
2021-12-19T00:00:00.000Z;;;;;;;;;;;;
2021-12-21T00:00:00.000Z;;;;;;;;;;;;
2021-12-24T00:00:00.000Z;;;;;;;;;;;;
2021-12-26T00:00:00.000Z;;;;;;;;;;;;
2021-12-29T00:00:00.000Z;;;;;;;;;;;;
2021-12-31T00:00:00.000Z;0.07200000000000001;0.7646499999999999;0.10365;0.149765;0.19583;0.22248000000000004;0.2464;0.25704000000000005;0.27087500000000003;0.27136;0.351405;0.30202
2022-01-03T00:00:00.000Z;0.061;0.8368500000000001;0.090905;0.13266;0.17417000000000002;0.201415;0.22215000000000001;0.234845;0.24856;0.24749000000000002;0.320785;0.26759
2022-01-05T00:00:00.000Z;0.07795;0.6812;0.11276;0.15967;0.20861500000000002;0.23651;0.26405;0.275305;0.29838000000000003;0.29499000000000003;0.38542;0.33453000000000005
2022-01-08T00:00:00.000Z;;;;;;;;;;;;
2022-01-10T00:00:00.000Z;0.08895;1.4959500000000001;0.085025;0.11942000000000001;0.15347000000000002;0.17521;0.194245;0.20409500000000003;0.20141;0.21336;0.26468;0.228235
2022-01-13T00:00:00.000Z;;;;;;;;;;;;
2022-01-15T00:00:00.000Z;0.094;0.6858500000000001;0.10569500000000001;0.14891500000000002;0.194885;0.22296;0.25012;0.25999;0.27951;0.275495;0.36453;0.317375
2022-01-18T00:00:00.000Z;0.07200000000000001;0.34135000000000004;0.09484000000000001;0.13486;0.17979;0.200835;0.22566;0.236695;0.26162;0.249335;0.327145;0.2823
2022-01-20T00:00:00.000Z;0.09995000000000001;0.69675;0.10589000000000001;0.15206;0.20137000000000002;0.22882;0.25282;0.264365;0.28323000000000004;0.28216;0.36188000000000003;0.31151
2022-01-23T00:00:00.000Z;;;;;;;;;;;;
2022-01-25T00:00:00.000Z;;;;;;;;;;;;
2022-01-28T00:00:00.000Z;0.116;0.67625;0.09529;0.13631;0.17995;0.203085;0.226595;0.23785;0.25671;0.25139;0.32805;0.285195
2022-01-30T00:00:00.000Z;0.094;0.28214999999999996;0.10894500000000001;0.1558;0.206675;0.22924000000000003;0.25575000000000003;0.26516;0.2909;0.281775;0.364195;0.312345
2022-02-02T00:00:00.000Z;0.06684999999999999;0.5500499999999999;0.096435;0.14063;0.18613000000000002;0.209645;0.230885;0.239335;0.26106999999999997;0.253585;0.33137;0.278015
2022-02-04T00:00:00.000Z;;;;;;;;;;;;
2022-02-07T00:00:00.000Z;0.07200000000000001;0.75565;0.09663;0.13825;0.18383;0.20706500000000003;0.230785;0.24120500000000003;0.25842;0.254325;0.340965;0.29735500000000004
2022-02-09T00:00:00.000Z;;;;;;;;;;;;
2022-02-12T00:00:00.000Z;;;;;;;;;;;;
2022-02-14T00:00:00.000Z;;;;;;;;;;;;
2022-02-17T00:00:00.000Z;0.07200000000000001;0.72615;0.10389500000000002;0.14929;0.19771;0.21986999999999998;0.24234000000000003;0.25313;0.27357;0.26593000000000006;0.352645;0.30750500000000003
2022-02-19T00:00:00.000Z;;;;;;;;;;;;
2022-02-22T00:00:00.000Z;0.07795;0.42464999999999997;0.10465999999999999;0.15242;0.20176;0.22301;0.24679;0.25641;0.27927;0.26877;0.34913500000000003;0.29512
2022-02-24T00:00:00.000Z;0.171;1.047;0.122955;0.17136;0.22120500000000004;0.24778000000000003;0.27162;0.28707;0.29698;0.300985;0.38227;0.33205500000000004
2022-02-27T00:00:00.000Z;0.36147368421052634;0.842842105263158;0.14109473684210527;0.1528421052631579;0.16929473684210528;0.18710526315789475;0.2101684210526316;0.22352105263157898;0.22866315789473685;0.23625263157894738;0.26359473684210527;0.22590526315789478
2022-03-01T00:00:00.000Z;0.11084999999999999;0.7406;0.12044000000000002;0.1706;0.22515000000000002;0.252275;0.27536;0.287115;0.30167;0.29785500000000004;0.39343000000000006;0.340225
2022-03-04T00:00:00.000Z;;;;;;;;;;;;
2022-03-06T00:00:00.000Z;;;;;;;;;;;;
2022-03-09T00:00:00.000Z;0.105;1.00515;0.08808;0.13002000000000002;0.1767;0.201985;0.22456;0.23284000000000002;0.25062;0.24849000000000002;0.32419000000000003;0.26776
2022-03-11T00:00:00.000Z;;;;;;;;;;;;
2022-03-14T00:00:00.000Z;;;;;;;;;;;;
2022-03-16T00:00:00.000Z;;;;;;;;;;;;
2022-03-19T00:00:00.000Z;;;;;;;;;;;;
2022-03-21T00:00:00.000Z;;;;;;;;;;;;
2022-03-24T00:00:00.000Z;;;;;;;;;;;;
2022-03-26T00:00:00.000Z;;;;;;;;;;;;
2022-03-29T00:00:00.000Z;;;;;;;;;;;;
2022-03-31T00:00:00.000Z;;;;;;;;;;;;
2022-04-03T00:00:00.000Z;0.09995000000000001;0.37585;0.11383;0.16596;0.21731;0.245245;0.27474000000000004;0.28321;0.30923000000000006;0.29659;0.376535;0.317025
2022-04-05T00:00:00.000Z;;;;;;;;;;;;
2022-04-08T00:00:00.000Z;;;;;;;;;;;;
2022-04-10T00:00:00.000Z;;;;;;;;;;;;
2022-04-13T00:00:00.000Z;;;;;;;;;;;;
2022-04-15T00:00:00.000Z;;;;;;;;;;;;
2022-04-18T00:00:00.000Z;0.1542941176470588;1.226764705882353;0.13591764705882353;0.1776470588235294;0.2254352941176471;0.2560117647058823;0.2888588235294118;0.30304705882352945;0.3164;0.3159176470588235;0.39281764705882355;0.32875882352941177
2022-04-20T00:00:00.000Z;;;;;;;;;;;;
2022-04-23T00:00:00.000Z;0.116;0.7496;0.12855;0.17702;0.22063000000000002;0.254085;0.29095;0.306825;0.33457;0.32943500000000003;0.38136000000000003;0.313865
2022-04-25T00:00:00.000Z;0.116;1.02215;0.14103;0.198105;0.249695;0.285145;0.32302;0.33679000000000003;0.357055;0.35377;0.4403600000000001;0.38430500000000006
2022-04-28T00:00:00.000Z;;;;;;;;;;;;
2022-04-30T00:00:00.000Z;;;;;;;;;;;;
2022-05-03T00:00:00.000Z;0.13269999999999998;1.54875;0.11276;0.15925999999999998;0.19894;0.24372;0.29061;0.30479;0.31571;0.32361;0.36552;0.279135
2022-05-05T00:00:00.000Z;;;;;;;;;;;;
2022-05-08T00:00:00.000Z;0.11084999999999999;1.08335;0.11773;0.16978000000000001;0.21256999999999998;0.24947;0.29814;0.313685;0.3295;0.328085;0.392445;0.33599
2022-05-10T00:00:00.000Z;0.149;1.1132;0.138465;0.196535;0.24466500000000002;0.287195;0.339065;0.352285;0.365045;0.36865000000000003;0.43272;0.36481
2022-05-13T00:00:00.000Z;0.171;1.8711;0.1173;0.16919;0.20916;0.25268;0.299485;0.3179;0.31964000000000004;0.32999;0.381145;0.31400500000000003
2022-05-15T00:00:00.000Z;0.209;1.6349500000000001;0.14623;0.200855;0.24349;0.28699;0.341985;0.361005;0.3689;0.37455;0.43394;0.37625500000000006
2022-05-18T00:00:00.000Z;0.1651;1.54075;0.12154000000000001;0.17143;0.21245;0.25026;0.30338000000000004;0.320995;0.33226;0.335365;0.39001;0.332995
2022-05-20T00:00:00.000Z;;;;;;;;;;;;
2022-05-23T00:00:00.000Z;0.16;1.5694000000000001;0.1187;0.17184000000000002;0.21531;0.25761;0.307835;0.325465;0.33376;0.34248000000000006;0.3911;0.31945500000000004
2022-05-25T00:00:00.000Z;0.127;1.17795;0.123895;0.172205;0.214015;0.24562;0.289825;0.307225;0.31153000000000003;0.320635;0.33290000000000003;0.28997500000000004
2022-05-28T00:00:00.000Z;0.11084999999999999;1.4612;0.12451;0.17537000000000003;0.21884;0.26206;0.30972500000000003;0.32995;0.34068000000000004;0.34266;0.40067;0.34236
2022-05-30T00:00:00.000Z;0.138;1.0924500000000001;0.14927;0.21018000000000003;0.261185;0.30683000000000005;0.35512;0.372995;0.38956;0.389365;0.448875;0.37354000000000004
2022-06-02T00:00:00.000Z;;;;;;;;;;;;
2022-06-04T00:00:00.000Z;0.187;1.62315;0.153455;0.21282500000000001;0.264235;0.30766;0.354055;0.376395;0.38555500000000004;0.39046000000000003;0.455525;0.38966
2022-06-07T00:00:00.000Z;0.11084999999999999;1.6737000000000002;0.12704000000000001;0.17877;0.22885;0.26902;0.31459000000000004;0.33318000000000003;0.3406;0.34563000000000005;0.414165;0.351745
2022-06-09T00:00:00.000Z;0.176;2.2130500000000004;0.15386500000000003;0.21443500000000001;0.27048000000000005;0.32000500000000004;0.35868500000000003;0.37546;0.377875;0.391705;0.461395;0.38480000000000003
2022-06-12T00:00:00.000Z;0.127;1.4151500000000001;0.12392000000000002;0.17372;0.22016;0.262305;0.30469;0.32151500000000005;0.33134;0.33703000000000005;0.39131;0.31947
2022-06-14T00:00:00.000Z;0.2471;1.36625;0.15074;0.20935;0.258785;0.300585;0.34268000000000004;0.361195;0.37366;0.37511500000000003;0.44157;0.37606
2022-06-17T00:00:00.000Z;0.12185;1.6320000000000001;0.12716;0.17538;0.22115;0.25958000000000003;0.29924;0.317545;0.32712;0.33279000000000003;0.39768000000000003;0.33875
2022-06-19T00:00:00.000Z;0.28545;1.4954500000000002;0.152035;0.21311500000000003;0.26726;0.31018;0.34925500000000004;0.36584000000000005;0.37311;0.38101500000000005;0.44035500000000005;0.36262500000000003
2022-06-22T00:00:00.000Z;0.11084999999999999;0.8399500000000001;0.12198;0.17782;0.23323000000000002;0.27132500000000004;0.306735;0.32105500000000003;0.3433;0.34105;0.40728000000000003;0.3312
2022-06-24T00:00:00.000Z;0.171;1.5848;0.15622000000000003;0.21625500000000003;0.275115;0.317925;0.35255500000000006;0.37184;0.38613000000000003;0.38884;0.473095;0.404625
2022-06-27T00:00:00.000Z;0.127;1.3400999999999998;0.12983;0.1812;0.23613000000000003;0.275835;0.30867500000000003;0.33038;0.34196;0.34350500000000006;0.42086000000000007;0.35781999999999997
2022-06-29T00:00:00.000Z;0.22;1.9948;0.15311500000000003;0.21590500000000004;0.276565;0.32401;0.356535;0.37131000000000003;0.37730500000000006;0.390175;0.46671000000000007;0.38724000000000003
2022-07-02T00:00:00.000Z;0.367;2.0751;0.12328;0.17944000000000002;0.23170000000000002;0.2735;0.30654000000000003;0.32035500000000006;0.32586;0.341405;0.39152;0.311915
2022-07-04T00:00:00.000Z;0.23545;2.2268000000000003;0.15508;0.21255500000000002;0.269095;0.313795;0.344785;0.36443000000000003;0.36867500000000003;0.381265;0.454145;0.382975
2022-07-07T00:00:00.000Z;;;;;;;;;;;;
2022-07-09T00:00:00.000Z;0.209;1.7332;0.14874500000000002;0.21011;0.272775;0.31737;0.347785;0.36485;0.37237;0.382445;0.469245;0.39124000000000003
2022-07-12T00:00:00.000Z;0.198;1.53505;0.12428;0.18156;0.23950000000000002;0.279625;0.31121;0.323415;0.3345;0.34376500000000004;0.41564;0.340625
2022-07-14T00:00:00.000Z;0.291;1.53605;0.14777;0.208285;0.27097;0.312165;0.34143;0.360725;0.377045;0.37973;0.470225;0.403115
2022-07-17T00:00:00.000Z;0.1651;1.1545;0.12716;0.18122000000000002;0.24079000000000003;0.277175;0.30750500000000003;0.323305;0.34090000000000004;0.33955500000000005;0.4232350000000001;0.36064
2022-07-19T00:00:00.000Z;0.15425;1.75255;0.14329000000000003;0.19937000000000002;0.25716;0.29851500000000003;0.32786;0.344825;0.35171;0.363225;0.4484600000000001;0.37446500000000005
2022-07-22T00:00:00.000Z;0.182;2.1111500000000003;0.12469000000000001;0.17705;0.2338;0.27384000000000003;0.30328000000000005;0.314815;0.32047;0.33622;0.40943;0.33395500000000006
2022-07-24T00:00:00.000Z;0.28;1.15475;0.15596500000000002;0.21740500000000001;0.279125;0.319145;0.34637;0.364495;0.38308000000000003;0.380815;0.46478;0.396035
2022-07-27T00:00:00.000Z;0.25295;2.50095;0.12837;0.1819;0.23872;0.28116;0.30878000000000005;0.322925;0.3291;0.34282;0.4227600000000001;0.35639000000000004
2022-07-29T00:00:00.000Z;0.20395;2.3379499999999998;0.14623;0.20616500000000001;0.266085;0.31045;0.336225;0.351285;0.35391500000000004;0.371165;0.45641000000000004;0.37999000000000005
2022-08-01T00:00:00.000Z;0.182;2.597;0.12329000000000001;0.17592000000000002;0.23290000000000002;0.27503000000000005;0.29904000000000003;0.314265;0.31531;0.33471;0.406625;0.33119000000000004
2022-08-03T00:00:00.000Z;0.26395;1.7553;0.150755;0.20938000000000004;0.26903000000000005;0.310975;0.33539;0.354275;0.363435;0.36909000000000003;0.455095;0.38642
2022-08-06T00:00:00.000Z;0.193;1.5061;0.1247;0.17717000000000002;0.23656;0.27344;0.29703;0.314775;0.32659000000000005;0.331925;0.41057;0.34683
2022-08-08T00:00:00.000Z;0.258;1.36995;0.14939000000000002;0.21293000000000004;0.279;0.320745;0.34543;0.358715;0.37212500000000004;0.37906500000000004;0.45997;0.38116500000000003
2022-08-11T00:00:00.000Z;0.116;1.77225;0.11805;0.17043;0.22343000000000002;0.26293500000000003;0.28933000000000003;0.30282;0.31009000000000003;0.32131;0.393635;0.32072
2022-08-13T00:00:00.000Z;;;;;;;;;;;;
2022-08-16T00:00:00.000Z;0.187;1.6064;0.11839000000000001;0.17223;0.22966999999999999;0.26911999999999997;0.29401;0.309765;0.32094;0.3252;0.41026000000000007;0.34738
2022-08-18T00:00:00.000Z;0.22;1.3652;0.14233;0.20761500000000002;0.272475;0.31423;0.33698000000000006;0.351665;0.36182;0.368775;0.451425;0.37330500000000005
2022-08-21T00:00:00.000Z;0.20395;1.64035;0.12299000000000002;0.18513000000000002;0.24894000000000002;0.2943;0.32077500000000003;0.337525;0.34516;0.35688000000000003;0.42639;0.34825500000000004
2022-08-23T00:00:00.000Z;0.25295;2.7875;0.143285;0.204325;0.26621;0.31207;0.33227;0.351485;0.35107;0.368535;0.45468500000000006;0.386395
2022-08-26T00:00:00.000Z;0.20400000000000001;2.5462941176470593;0.04945294117647059;0.06676470588235295;0.08053529411764707;0.09387058823529412;0.10188823529411764;0.10607058823529412;0.10445294117647061;0.1054470588235294;0.11616470588235296;0.08181176470588236
2022-08-28T00:00:00.000Z;0.27485000000000004;2.3617500000000002;0.126575;0.18606;0.2437;0.290955;0.317595;0.32688000000000006;0.33009499999999997;0.35032;0.427315;0.349005
2022-08-31T00:00:00.000Z;0.31825000000000003;2.5835500000000002;0.12970500000000001;0.17234000000000002;0.21258000000000002;0.25823;0.28956;0.307375;0.30028000000000005;0.329395;0.37941;0.308315
2022-09-02T00:00:00.000Z;0.209;2.0770500000000003;0.13539;0.19287500000000002;0.24771500000000002;0.28805000000000003;0.31704000000000004;0.335695;0.33894;0.34981500000000004;0.43693000000000004;0.37346500000000005
2022-09-05T00:00:00.000Z;0.14350000000000002;1.4445000000000001;0.112725;0.16327000000000003;0.21598000000000003;0.25266;0.27864;0.29468000000000005;0.30716;0.30936;0.392415;0.331965
2022-09-07T00:00:00.000Z;0.187;1.1228;0.13087500000000002;0.18962;0.24951500000000001;0.28642500000000004;0.31548000000000004;0.328395;0.34276;0.34741;0.430055;0.35636
2022-09-10T00:00:00.000Z;0.176;1.6582000000000001;0.11026;0.16388;0.21644000000000002;0.25556500000000004;0.28089000000000003;0.292935;0.30075;0.31001500000000004;0.38293000000000005;0.309645
2022-09-12T00:00:00.000Z;;;;;;;;;;;;
2022-09-15T00:00:00.000Z;0.15425;2.25875;0.110575;0.15914;0.20994000000000002;0.24527;0.27058000000000004;0.287295;0.29138000000000003;0.30140500000000003;0.3824;0.322735
2022-09-17T00:00:00.000Z;0.22;2.28805;0.125365;0.18282500000000002;0.23876999999999998;0.28276500000000004;0.306585;0.32006;0.31977500000000003;0.33631500000000003;0.419995;0.34800000000000003
2022-09-20T00:00:00.000Z;0.187;2.1147;0.104825;0.15573;0.20725000000000002;0.24631500000000003;0.27007;0.28231;0.28649;0.29901500000000003;0.370155;0.29911
2022-09-22T00:00:00.000Z;0.21484999999999999;2.4787;0.127635;0.182125;0.23775500000000002;0.279085;0.303105;0.32011500000000004;0.321045;0.33437;0.42157;0.35572
2022-09-25T00:00:00.000Z;;;;;;;;;;;;
2022-09-27T00:00:00.000Z;0.14350000000000002;1.0665499999999999;0.11894500000000001;0.17398;0.2295;0.26773;0.2933;0.30680500000000005;0.31942;0.324965;0.40432;0.33590000000000003
2022-09-30T00:00:00.000Z;0.11084999999999999;0.9137500000000001;0.10099;0.15117;0.20108;0.235345;0.261915;0.275175;0.29061;0.29102500000000003;0.358505;0.288215
2022-10-02T00:00:00.000Z;0.176;1.0902;0.12163;0.17466;0.228745;0.264915;0.29257500000000003;0.30452;0.32143000000000005;0.321825;0.40025;0.33892500000000003
2022-10-05T00:00:00.000Z;0.176;1.6761666666666668;0.10659166666666668;0.11966666666666669;0.1394;0.1653166666666667;0.18363333333333334;0.19871666666666668;0.1804666666666667;0.21315;0.2318;0.197025
2022-10-07T00:00:00.000Z;0.242;2.3146500000000003;0.10058;0.153475;0.20244;0.24696500000000002;0.275675;0.28563000000000005;0.284715;0.30051500000000003;0.35924;0.28240000000000004
2022-10-10T00:00:00.000Z;;;;;;;;;;;;
2022-10-12T00:00:00.000Z;0.1651;2.3325500000000003;0.098635;0.13905;0.17644;0.21412;0.242495;0.256465;0.257265;0.26994;0.32195500000000005;0.258745
2022-10-15T00:00:00.000Z;0.171;1.5947500000000001;0.09473;0.13783;0.17945;0.21259499999999998;0.24501;0.259895;0.26586;0.27023;0.33662;0.283005
2022-10-17T00:00:00.000Z;0.187;1.8982;0.103735;0.15332500000000002;0.198225;0.235035;0.26804;0.279245;0.281575;0.29496500000000003;0.36396500000000004;0.30173500000000003
2022-10-20T00:00:00.000Z;;;;;;;;;;;;
2022-10-22T00:00:00.000Z;;;;;;;;;;;;
2022-10-25T00:00:00.000Z;;;;;;;;;;;;
2022-10-27T00:00:00.000Z;;;;;;;;;;;;
2022-10-30T00:00:00.000Z;;;;;;;;;;;;
2022-11-01T00:00:00.000Z;0.138;1.8456;0.10036;0.146005;0.189605;0.22698000000000004;0.256395;0.273675;0.27498000000000006;0.284945;0.36535;0.30987
2022-11-04T00:00:00.000Z;0.05525;1.0883;0.097565;0.13522;0.17669;0.20793000000000003;0.24071;0.25588000000000005;0.2681;0.269565;0.33866999999999997;0.28227
2022-11-06T00:00:00.000Z;0.09995000000000001;0.5686;0.097305;0.145875;0.19284;0.222085;0.25272500000000003;0.27011999999999997;0.28633000000000003;0.28413000000000005;0.35526500000000005;0.29478000000000004
2022-11-09T00:00:00.000Z;;;;;;;;;;;;
2022-11-11T00:00:00.000Z;;;;;;;;;;;;
2022-11-14T00:00:00.000Z;0.127;1.8647;0.08421000000000001;0.12519000000000002;0.16215000000000002;0.19441500000000003;0.23031500000000002;0.24579;0.24908000000000002;0.258155;0.31796;0.26539
2022-11-16T00:00:00.000Z;;;;;;;;;;;;
2022-11-19T00:00:00.000Z;;;;;;;;;;;;
2022-11-21T00:00:00.000Z;;;;;;;;;;;;
2022-11-24T00:00:00.000Z;0.08895;1.592;0.08253500000000001;0.11981;0.1589;0.19069000000000003;0.22139499999999998;0.23427;0.24126999999999998;0.24498000000000003;0.307215;0.25489
2022-11-26T00:00:00.000Z;;;;;;;;;;;;
2022-11-29T00:00:00.000Z;0.07200000000000001;0.8669;0.082585;0.1255;0.16377;0.19501500000000002;0.22924000000000003;0.24301999999999999;0.25680000000000003;0.25742;0.30763;0.2484
2022-12-01T00:00:00.000Z;;;;;;;;;;;;
2022-12-04T00:00:00.000Z;;;;;;;;;;;;
2022-12-06T00:00:00.000Z;;;;;;;;;;;;
2022-12-09T00:00:00.000Z;;;;;;;;;;;;
2022-12-11T00:00:00.000Z;;;;;;;;;;;;
2022-12-14T00:00:00.000Z;;;;;;;;;;;;
2022-12-16T00:00:00.000Z;;;;;;;;;;;;
2022-12-19T00:00:00.000Z;;;;;;;;;;;;
2022-12-21T00:00:00.000Z;;;;;;;;;;;;
2022-12-24T00:00:00.000Z;0.06684999999999999;1.05785;0.07942500000000001;0.11955;0.15474000000000002;0.18563000000000002;0.223485;0.23449000000000003;0.24928000000000003;0.24824000000000002;0.3027;0.24947
2022-12-26T00:00:00.000Z;;;;;;;;;;;;
2022-12-29T00:00:00.000Z;;;;;;;;;;;;
2022-12-31T00:00:00.000Z;0.083;0.74425;0.093715;0.138375;0.178975;0.21212;0.24789000000000003;0.26128;0.28019000000000005;0.27681;0.33975500000000003;0.28438
2023-01-03T00:00:00.000Z;0.083;1.32825;0.083215;0.12061;0.15625;0.18778;0.221975;0.23676500000000003;0.24743000000000004;0.24825500000000003;0.307775;0.25470000000000004
2023-01-05T00:00:00.000Z;0.094;0.8438;0.09739500000000001;0.140755;0.18005000000000002;0.215265;0.24848000000000003;0.26063000000000003;0.273495;0.27621500000000004;0.33040500000000006;0.26974000000000004
2023-01-08T00:00:00.000Z;;;;;;;;;;;;
2023-01-10T00:00:00.000Z;0.07795;1.3526500000000001;0.096365;0.139965;0.182065;0.21534000000000003;0.24983000000000002;0.26393500000000003;0.27411;0.27743;0.34813000000000005;0.29143
2023-01-13T00:00:00.000Z;0.083;0.50315;0.083065;0.12297000000000001;0.1621;0.19035000000000002;0.22791999999999998;0.239535;0.26273;0.25487;0.312235;0.2605
2023-01-15T00:00:00.000Z;0.07200000000000001;0.9862500000000001;0.096905;0.14311;0.186585;0.22198000000000004;0.255995;0.26843000000000006;0.28177;0.285015;0.349405;0.28905000000000003
2023-01-18T00:00:00.000Z;;;;;;;;;;;;
2023-01-20T00:00:00.000Z;0.077;0.879;0.0575;0.0726;0.0874;0.1053;0.1237;0.13;0.12040000000000001;0.1388;0.1557;0.11180000000000001
2023-01-23T00:00:00.000Z;0.07795;0.4584;0.083605;0.12339000000000001;0.16294000000000003;0.190785;0.22468000000000002;0.23737;0.25965;0.25102;0.31134;0.25981
2023-01-25T00:00:00.000Z;;;;;;;;;;;;
2023-01-28T00:00:00.000Z;0.083;0.5619;0.082585;0.12568000000000001;0.16706;0.19773000000000002;0.22953000000000004;0.23931;0.25862;0.25517;0.30928000000000005;0.24882500000000002
2023-01-30T00:00:00.000Z;0.09995000000000001;0.7292000000000001;0.101425;0.14779;0.192805;0.225075;0.25921500000000003;0.27274000000000004;0.290375;0.28865;0.35681500000000005;0.30152
2023-02-02T00:00:00.000Z;0.083;0.7409500000000001;0.08724;0.12759;0.16984000000000002;0.200685;0.23271500000000003;0.24466000000000002;0.26404;0.26028;0.324285;0.269595
2023-02-04T00:00:00.000Z;0.08895;0.3167;0.10119;0.15069500000000002;0.19909500000000002;0.22845000000000001;0.262725;0.274845;0.29575;0.29004;0.356985;0.29457500000000003
2023-02-07T00:00:00.000Z;;;;;;;;;;;;
2023-02-09T00:00:00.000Z;;;;;;;;;;;;
2023-02-12T00:00:00.000Z;;;;;;;;;;;;
2023-02-14T00:00:00.000Z;;;;;;;;;;;;
2023-02-17T00:00:00.000Z;;;;;;;;;;;;
2023-02-19T00:00:00.000Z;0.318;1.15765;0.105005;0.1505;0.19395;0.225825;0.255395;0.267785;0.275845;0.28164;0.34726500000000005;0.29563000000000006
2023-02-22T00:00:00.000Z;0.34525;1.0471;0.094975;0.14069;0.18068;0.211035;0.23953000000000002;0.25088000000000005;0.25918;0.25887;0.32188000000000005;0.268315
2023-02-24T00:00:00.000Z;;;;;;;;;;;;
2023-02-27T00:00:00.000Z;0.07795;0.27845;0.09290000000000001;0.13679000000000002;0.18209000000000003;0.20906;0.238035;0.25185500000000005;0.27383;0.267315;0.33081;0.26887500000000003
2023-03-01T00:00:00.000Z;0.12185;0.5284;0.11391;0.16345;0.21399;0.24580000000000002;0.27569499999999997;0.28982;0.310485;0.303585;0.38448000000000004;0.328185
2023-03-04T00:00:00.000Z;0.105;0.62585;0.09926;0.14192000000000002;0.18833;0.21710000000000002;0.24610500000000002;0.25711;0.27792;0.271245;0.34568000000000004;0.29406
2023-03-06T00:00:00.000Z;;;;;;;;;;;;
2023-03-09T00:00:00.000Z;;;;;;;;;;;;
2023-03-11T00:00:00.000Z;;;;;;;;;;;;
2023-03-14T00:00:00.000Z;;;;;;;;;;;;
2023-03-16T00:00:00.000Z;0.09995000000000001;0.8115;0.11835999999999999;0.17092000000000002;0.22419000000000003;0.257875;0.28795000000000004;0.2989;0.31417;0.31494;0.3966;0.33242
2023-03-19T00:00:00.000Z;0.105;1.0539500000000002;0.10674000000000002;0.15637;0.20393;0.23752500000000001;0.26354;0.27450500000000005;0.28808000000000006;0.28946500000000003;0.36393000000000003;0.2958
2023-03-21T00:00:00.000Z;;;;;;;;;;;;
2023-03-24T00:00:00.000Z;0.09995000000000001;0.8635;0.11203;0.15905;0.20846;0.237195;0.2682;0.280015;0.29609;0.29514;0.373765;0.31544
2023-03-26T00:00:00.000Z;;;;;;;;;;;;
2023-03-29T00:00:00.000Z;0.105;0.7534;0.108755;0.15819000000000003;0.20956999999999998;0.24147500000000002;0.26715;0.279885;0.29659;0.294545;0.369615;0.303055
2023-03-31T00:00:00.000Z;;;;;;;;;;;;
2023-04-03T00:00:00.000Z;0.08895;0.41855000000000003;0.11610000000000001;0.16576;0.21972;0.24562;0.27493;0.286145;0.3116;0.302155;0.38476;0.327095
2023-04-05T00:00:00.000Z;0.149;0.46635000000000004;0.133385;0.19103;0.251145;0.283895;0.310655;0.32465;0.34450500000000006;0.339095;0.4242;0.35375
2023-04-08T00:00:00.000Z;0.116;0.5095500000000001;0.11537000000000001;0.16752;0.22268000000000002;0.25426;0.27818000000000004;0.29106;0.3123;0.30775500000000006;0.38314000000000004;0.314585
2023-04-10T00:00:00.000Z;0.329;1.4633;0.08941;0.11520999999999999;0.13938;0.159685;0.175745;0.18477000000000002;0.1872;0.189845;0.20861500000000002;0.16441
2023-04-13T00:00:00.000Z;;;;;;;;;;;;
2023-04-15T00:00:00.000Z;0.16;0.99875;0.14241;0.20209000000000002;0.26315500000000003;0.29932;0.324585;0.335305;0.346645;0.3512;0.43785;0.36606
2023-04-18T00:00:00.000Z;0.08895;0.85335;0.12145;0.17393;0.22982;0.262705;0.28829000000000005;0.297875;0.31622;0.31402;0.39508000000000004;0.32441000000000003
2023-04-20T00:00:00.000Z;0.1651;0.8855000000000001;0.14852;0.2073;0.271;0.306375;0.33095500000000005;0.34426500000000004;0.361395;0.36065500000000006;0.457305;0.38950500000000005
2023-04-23T00:00:00.000Z;0.12185;0.91235;0.12539;0.17865;0.23659000000000002;0.268185;0.29379;0.30775500000000006;0.32317;0.32128;0.41339;0.35098
2023-04-25T00:00:00.000Z;0.094;1.3268;0.145685;0.20428000000000002;0.26869000000000004;0.30509000000000003;0.328175;0.341405;0.34941;0.358395;0.455975;0.38261
2023-04-28T00:00:00.000Z;;;;;;;;;;;;
2023-04-30T00:00:00.000Z;;;;;;;;;;;;
2023-05-03T00:00:00.000Z;;;;;;;;;;;;
2023-05-05T00:00:00.000Z;0.09995000000000001;1.08125;0.14799500000000002;0.20773000000000003;0.272755;0.30912;0.33198000000000005;0.344885;0.35615;0.35979;0.45983500000000005;0.386
2023-05-08T00:00:00.000Z;;;;;;;;;;;;
2023-05-10T00:00:00.000Z;0.09995000000000001;1.6849;0.15499500000000002;0.21212;0.27599;0.31464000000000003;0.336175;0.35206;0.360455;0.36732;0.47355;0.408455
2023-05-13T00:00:00.000Z;;;;;;;;;;;;
2023-05-15T00:00:00.000Z;0.056;0.6855;0.16975;0.22660000000000002;0.2917;0.33540000000000003;0.3613;0.37625000000000003;0.3946;0.39995;0.48985;0.41550000000000004
2023-05-18T00:00:00.000Z;;;;;;;;;;;;
2023-05-20T00:00:00.000Z;0.19526666666666667;1.2294666666666667;0.13468;0.17194;0.21174666666666667;0.23462;0.2535733333333333;0.26585333333333333;0.2659666666666667;0.2761266666666667;0.33348000000000005;0.24221333333333334
2023-05-23T00:00:00.000Z;;;;;;;;;;;;
2023-05-25T00:00:00.000Z;;;;;;;;;;;;
2023-05-28T00:00:00.000Z;;;;;;;;;;;;
2023-05-30T00:00:00.000Z;0.12185;1.703;0.10656;0.13454000000000002;0.16085000000000002;0.1892;0.213975;0.22699000000000003;0.22616;0.237945;0.264725;0.20588000000000004
2023-06-02T00:00:00.000Z;0.42114999999999997;1.90075;0.107485;0.15847;0.20884000000000003;0.25072500000000003;0.281635;0.297725;0.29958;0.311365;0.37220500000000006;0.28346
2023-06-04T00:00:00.000Z;0.07795;1.9531;0.13532000000000002;0.190635;0.2452;0.28774;0.321535;0.333535;0.33626;0.35125;0.44375000000000003;0.36735
2023-06-07T00:00:00.000Z;;;;;;;;;;;;
2023-06-09T00:00:00.000Z;;;;;;;;;;;;
2023-06-12T00:00:00.000Z;;;;;;;;;;;;
2023-06-14T00:00:00.000Z;0.14350000000000002;1.84405;0.14416500000000002;0.20445000000000002;0.257745;0.29843000000000003;0.33934000000000003;0.35528000000000004;0.358055;0.371345;0.45763000000000004;0.382785
2023-06-17T00:00:00.000Z;0.14350000000000002;1.93455;0.12157000000000001;0.17432;0.2242;0.26226;0.302655;0.319945;0.32282;0.334945;0.41123000000000004;0.33909
2023-06-19T00:00:00.000Z;;;;;;;;;;;;
2023-06-22T00:00:00.000Z;0.21484999999999999;1.794;0.10521500000000002;0.15259;0.19762000000000002;0.23214;0.27814;0.29414;0.30188000000000004;0.308315;0.378815;0.30834
2023-06-24T00:00:00.000Z;0.16;1.6548;0.14316;0.200905;0.25558000000000003;0.29784499999999997;0.340935;0.35791500000000004;0.365495;0.376275;0.458355;0.384315
2023-06-27T00:00:00.000Z;0.356;2.07875;0.11758;0.16307000000000002;0.20307;0.24352500000000002;0.2924;0.3129;0.31376;0.33028;0.40175;0.32656999999999997
2023-06-29T00:00:00.000Z;0.57305;2.1526;0.142465;0.196025;0.247675;0.294745;0.340045;0.365895;0.37143000000000004;0.382875;0.47863000000000006;0.40418000000000004
2023-07-02T00:00:00.000Z;0.149;2.47375;0.12631;0.17576;0.2233;0.26416500000000004;0.30104000000000003;0.321415;0.32097;0.33426500000000003;0.41552;0.35394000000000003
2023-07-04T00:00:00.000Z;0.187;1.7284000000000002;0.15002500000000002;0.207285;0.26309499999999997;0.304735;0.34496;0.36208;0.36631;0.378295;0.463175;0.387095
2023-07-07T00:00:00.000Z;;;;;;;;;;;;
2023-07-09T00:00:00.000Z;0.23645;2.45065;0.14715999999999999;0.20220000000000002;0.25114000000000003;0.29377;0.32871;0.3492;0.347725;0.364035;0.4429100000000001;0.37875500000000006
2023-07-12T00:00:00.000Z;0.24894117647058825;1.363764705882353;0.129;0.18032941176470588;0.23077647058823533;0.2644823529411765;0.30347647058823535;0.3247529411764706;0.32910588235294125;0.3381411764705883;0.40663529411764715;0.3359235294117647
2023-07-14T00:00:00.000Z;0.21484999999999999;1.85405;0.1482;0.20830500000000002;0.26593000000000006;0.30986;0.34205;0.35760000000000003;0.36142;0.37511500000000003;0.459845;0.38218
2023-07-17T00:00:00.000Z;0.242;1.538;0.12022000000000001;0.1759;0.22551;0.26152;0.29356;0.31051500000000004;0.31618;0.324895;0.39772;0.32429
2023-07-19T00:00:00.000Z;;;;;;;;;;;;
2023-07-22T00:00:00.000Z;;;;;;;;;;;;
2023-07-24T00:00:00.000Z;0.32895;1.7272;0.14931;0.20392000000000002;0.24914000000000003;0.29481;0.32721500000000003;0.34271500000000005;0.33972;0.36016000000000004;0.41802;0.34322
2023-07-27T00:00:00.000Z;0.11084999999999999;2.73165;0.12049000000000001;0.16999000000000003;0.21876;0.25895500000000005;0.284895;0.299505;0.29876;0.320475;0.399965;0.326675
2023-07-29T00:00:00.000Z;0.26395;1.6048;0.15114000000000002;0.21103000000000002;0.268525;0.31001;0.337735;0.35635;0.36432;0.37001500000000004;0.46134;0.39272500000000005
2023-08-01T00:00:00.000Z;0.1651;1.34135;0.12490000000000001;0.17557;0.23066;0.26625;0.294665;0.309075;0.32245;0.327525;0.414375;0.35112
2023-08-03T00:00:00.000Z;0.193;1.81335;0.14854;0.208375;0.269635;0.31382;0.338515;0.35264;0.356405;0.36946500000000004;0.462065;0.383445
2023-08-06T00:00:00.000Z;0.15425;1.5047000000000001;0.12358;0.17835;0.23357;0.27471;0.29795;0.31165000000000004;0.32057;0.328295;0.408115;0.331355
2023-08-08T00:00:00.000Z;0.22569999999999998;2.3585000000000003;0.14393;0.19754000000000002;0.24480000000000002;0.2857;0.31173;0.329855;0.32958000000000004;0.34519000000000005;0.42575500000000005;0.35936
2023-08-11T00:00:00.000Z;0.198;1.76505;0.12698;0.17888;0.23491;0.271085;0.29791500000000004;0.31172500000000003;0.31991;0.32726500000000003;0.413395;0.34702500000000003
2023-08-13T00:00:00.000Z;0.2471;2.2752;0.14503;0.205785;0.26623;0.30924;0.33457;0.348395;0.345165;0.36532;0.45415;0.37372500000000003
2023-08-16T00:00:00.000Z;0.116;2.1176500000000003;0.11691;0.16655;0.21575;0.25255500000000003;0.27723000000000003;0.29152500000000003;0.29423000000000005;0.31075;0.386585;0.3144
2023-08-18T00:00:00.000Z;0.193;1.2826;0.147085;0.20605;0.26802;0.30746500000000004;0.33183;0.347045;0.35917;0.363085;0.457425;0.39016
2023-08-21T00:00:00.000Z;0.16;2.05365;0.12271;0.17427;0.23079000000000002;0.26728;0.29000000000000004;0.306475;0.31;0.31831;0.41009;0.34727
2023-08-23T00:00:00.000Z;0.22569999999999998;1.6078;0.140955;0.20076500000000003;0.262625;0.305435;0.327635;0.34213000000000005;0.346795;0.35885500000000004;0.44828000000000007;0.371485
2023-08-26T00:00:00.000Z;0.318;1.824;0.12890000000000001;0.17983000000000002;0.22841;0.26866500000000004;0.290225;0.30287;0.30608;0.319985;0.38076;0.30303
2023-08-28T00:00:00.000Z;0.1651;1.23595;0.13872;0.19691;0.25795500000000005;0.296785;0.319755;0.333735;0.34626;0.34976500000000005;0.446125;0.37779
2023-08-31T00:00:00.000Z;0.171;1.8185;0.11814000000000001;0.16989;0.22582;0.26428;0.284945;0.29794000000000004;0.30696;0.314525;0.402855;0.33693
2023-09-02T00:00:00.000Z;;;;;;;;;;;;
2023-09-05T00:00:00.000Z;0.3345;2.2992500000000002;0.12075000000000001;0.17496;0.22347;0.27055;0.29268500000000003;0.303795;0.3023;0.320845;0.38057;0.301145
2023-09-07T00:00:00.000Z;0.20395;2.63225;0.12835000000000002;0.18133;0.23321999999999998;0.27379000000000003;0.30104000000000003;0.318235;0.31359000000000004;0.333035;0.41347500000000004;0.34561000000000003
2023-09-10T00:00:00.000Z;0.182;2.29775;0.11569000000000002;0.16136;0.21341;0.25051;0.27708000000000005;0.2934;0.29113000000000006;0.30799000000000004;0.389095;0.3282
2023-09-12T00:00:00.000Z;;;;;;;;;;;;
2023-09-15T00:00:00.000Z;0.105;2.711;0.104905;0.14906;0.19427000000000003;0.23912;0.264625;0.27867;0.26352;0.295785;0.36112500000000003;0.286695
2023-09-17T00:00:00.000Z;0.20395;2.80105;0.11759000000000001;0.16809500000000002;0.216225;0.25875000000000004;0.28452500000000003;0.30396500000000004;0.300225;0.31965;0.39649;0.32235
2023-09-20T00:00:00.000Z;0.138;2.09335;0.11134500000000001;0.15783;0.20381;0.24166500000000002;0.266575;0.28410500000000005;0.28594;0.296895;0.38203000000000004;0.31883000000000006
2023-09-22T00:00:00.000Z;0.05525;1.13745;0.117;0.17205;0.22625;0.26609499999999997;0.29729;0.312645;0.32786;0.332245;0.42324;0.356115
2023-09-25T00:00:00.000Z;0.094;1.15415;0.103535;0.15307;0.20136;0.23505;0.259945;0.27026500000000003;0.28341;0.28467;0.36480500000000005;0.29651500000000003
2023-09-27T00:00:00.000Z;0.12185;1.6406500000000002;0.12355000000000001;0.175135;0.22665500000000002;0.263635;0.287235;0.30386;0.308325;0.31768;0.410365;0.350185
2023-09-30T00:00:00.000Z;0.08895;1.4667999999999999;0.10677500000000001;0.15068;0.1998;0.23239;0.25659000000000004;0.26958000000000004;0.27988;0.28302;0.37255;0.31506500000000004
2023-10-02T00:00:00.000Z;0.105;1.0407;0.11802000000000001;0.170705;0.22385000000000002;0.26145500000000005;0.284565;0.297235;0.307435;0.31544;0.40069000000000005;0.333035
2023-10-05T00:00:00.000Z;0.127;1.3015999999999999;0.10335000000000001;0.14992000000000003;0.19641;0.23127;0.254605;0.265985;0.27542;0.281345;0.35785;0.29013000000000005
2023-10-07T00:00:00.000Z;0.14350000000000002;1.3836;0.12145500000000001;0.17194500000000001;0.22331;0.26075000000000004;0.28331500000000004;0.297005;0.30565000000000003;0.312375;0.4036;0.34266500000000005
2023-10-10T00:00:00.000Z;0.11;1.3613333333333333;0.1048;0.14326666666666668;0.18480000000000002;0.2122333333333333;0.23370000000000002;0.2464333333333333;0.2591333333333333;0.25816666666666666;0.33263333333333334;0.27736666666666665
2023-10-12T00:00:00.000Z;0.127;1.1809500000000002;0.113475;0.16456500000000002;0.21680000000000002;0.2551;0.27715500000000004;0.28819;0.29590500000000003;0.30595;0.39163000000000003;0.32393500000000003
2023-10-15T00:00:00.000Z;0.14350000000000002;1.8408499999999999;0.10009;0.14722000000000002;0.19345;0.22891999999999998;0.250285;0.26111500000000004;0.26551;0.27687500000000004;0.353995;0.285015
2023-10-17T00:00:00.000Z;;;;;;;;;;;;
2023-10-20T00:00:00.000Z;0.11084999999999999;1.67625;0.01907;0.024815;0.033350000000000005;0.040010000000000004;0.045805000000000005;0.051065;0.04544;0.05498;0.06731000000000001;0.051895000000000004
2023-10-22T00:00:00.000Z;;;;;;;;;;;;
2023-10-25T00:00:00.000Z;0.06684999999999999;1.57785;0.037595;0.0592;0.07803;0.09334500000000001;0.10483;0.10939000000000002;0.11104000000000001;0.11724000000000001;0.13251500000000002;0.101065
2023-10-27T00:00:00.000Z;;;;;;;;;;;;
2023-10-30T00:00:00.000Z;0.094;1.619;0.11751;0.16561;0.21666;0.252275;0.277845;0.289425;0.30274;0.301545;0.39409000000000005;0.31290500000000004
2023-11-01T00:00:00.000Z;;;;;;;;;;;;
2023-11-04T00:00:00.000Z;;;;;;;;;;;;
2023-11-06T00:00:00.000Z;;;;;;;;;;;;
2023-11-09T00:00:00.000Z;;;;;;;;;;;;
2023-11-11T00:00:00.000Z;0.05525;1.6258;0.09821;0.14064000000000002;0.1835;0.21832500000000002;0.24040500000000004;0.2506;0.248435;0.26602;0.331335;0.274195
2023-11-14T00:00:00.000Z;0.07795;1.1354000000000002;0.09252500000000001;0.13812000000000002;0.18551;0.21904;0.24188000000000004;0.252985;0.26318;0.268085;0.33865;0.269935
2023-11-16T00:00:00.000Z;;;;;;;;;;;;
2023-11-19T00:00:00.000Z;0.07795;1.1245;0.091185;0.13405999999999998;0.18121;0.21405500000000002;0.23800000000000002;0.249045;0.26246;0.262975;0.33872;0.28052
2023-11-21T00:00:00.000Z;0.08895;0.74305;0.101555;0.15149500000000002;0.20285;0.23636500000000002;0.26116;0.269865;0.28532;0.286955;0.36377;0.297195
2023-11-24T00:00:00.000Z;0.07200000000000001;0.76785;0.088955;0.13628;0.18232;0.21394000000000002;0.23600500000000002;0.24773000000000003;0.26348000000000005;0.263685;0.33071;0.263835
2023-11-26T00:00:00.000Z;0.13269999999999998;1.04745;0.09999000000000001;0.14756;0.19363;0.23190000000000002;0.256605;0.26948000000000005;0.27619499999999997;0.281305;0.350595;0.28865500000000005
2023-11-29T00:00:00.000Z;;;;;;;;;;;;
2023-12-01T00:00:00.000Z;;;;;;;;;;;;
2023-12-04T00:00:00.000Z;;;;;;;;;;;;
2023-12-06T00:00:00.000Z;0.05;1.6362;0.0795;0.10321;0.12589;0.14551;0.16317;0.1719;0.1699;0.18614000000000003;0.2165;0.1792
2023-12-09T00:00:00.000Z;;;;;;;;;;;;
2023-12-11T00:00:00.000Z;0.083;1.10955;0.093715;0.13992000000000002;0.18579500000000002;0.22010000000000002;0.24064000000000002;0.24911999999999998;0.257995;0.26373;0.328985;0.2679
2023-12-14T00:00:00.000Z;0.06684999999999999;0.6771;0.08353;0.12711;0.17096;0.20344;0.227325;0.2366;0.25406;0.25231;0.315535;0.24787
2023-12-16T00:00:00.000Z;0.07200000000000001;0.64895;0.10108;0.14885;0.196305;0.22905;0.25403000000000003;0.26360500000000003;0.28398;0.278835;0.35659;0.2957
2023-12-19T00:00:00.000Z;0.06684999999999999;0.4817;0.08769;0.12915000000000001;0.17355;0.20344500000000001;0.22827;0.23813000000000004;0.25929;0.25316;0.323;0.26437
2023-12-21T00:00:00.000Z;0.07200000000000001;0.8447000000000001;0.097565;0.14627;0.19584000000000001;0.23063000000000003;0.25376;0.26461;0.276015;0.27864;0.35142;0.28739000000000003
2023-12-24T00:00:00.000Z;0.06684999999999999;0.6238;0.085635;0.13018;0.17356;0.20599499999999998;0.22831;0.23927500000000002;0.25642;0.25337;0.316575;0.24969000000000002
2023-12-26T00:00:00.000Z;0.07200000000000001;0.41405000000000003;0.10266500000000002;0.1501;0.19904500000000003;0.23060500000000003;0.25604499999999997;0.267635;0.292615;0.28445000000000004;0.360555;0.298535
2023-12-29T00:00:00.000Z;;;;;;;;;;;;
2023-12-31T00:00:00.000Z;;;;;;;;;;;;
2024-01-03T00:00:00.000Z;;;;;;;;;;;;
2024-01-05T00:00:00.000Z;;;;;;;;;;;;
2024-01-08T00:00:00.000Z;0.06684999999999999;0.48214999999999997;0.087955;0.12949000000000002;0.17492000000000002;0.204075;0.229585;0.23919;0.26089;0.252445;0.32258000000000003;0.265735
2024-01-10T00:00:00.000Z;;;;;;;;;;;;
2024-01-13T00:00:00.000Z;;;;;;;;;;;;
2024-01-18T00:00:00.000Z;0.055;1.417;0.1356;0.1428;0.1588;0.1865;0.2023;0.21080000000000002;0.2182;0.2187;0.25070000000000003;0.20570000000000002
2024-01-20T00:00:00.000Z;;;;;;;;;;;;
2024-01-23T00:00:00.000Z;0.08895;1.3689000000000002;0.08406000000000001;0.12695;0.16878;0.20139;0.223035;0.23142;0.23813000000000004;0.24649000000000001;0.307925;0.245475
2024-01-25T00:00:00.000Z;;;;;;;;;;;;
2024-01-28T00:00:00.000Z;;;;;;;;;;;;
2024-01-30T00:00:00.000Z;;;;;;;;;;;;
2024-02-02T00:00:00.000Z;0.083;1.1187500000000001;0.09003;0.13188;0.17771;0.20970500000000003;0.22784000000000001;0.23760500000000004;0.24877;0.25441;0.32399;0.260295
2024-02-04T00:00:00.000Z;0.083;0.5695;0.110735;0.161675;0.21454499999999999;0.2456;0.26987500000000003;0.27983;0.301695;0.299215;0.38545;0.327075
2024-02-07T00:00:00.000Z;0.09995000000000001;1.0342;0.09511;0.13612000000000002;0.18346;0.21261500000000003;0.23217;0.24334000000000003;0.25736;0.25578;0.335735;0.28142500000000004
2024-02-09T00:00:00.000Z;;;;;;;;;;;;
2024-02-12T00:00:00.000Z;0.083;1.19805;0.07435;0.11726;0.15758;0.19034;0.21106500000000003;0.22061500000000003;0.22991;0.23469;0.28836;0.217875
2024-02-14T00:00:00.000Z;;;;;;;;;;;;
2024-02-17T00:00:00.000Z;0.07795;1.12625;0.09553500000000001;0.14082;0.18662;0.217045;0.24072500000000002;0.25157;0.26439;0.263175;0.34057;0.286645
2024-02-19T00:00:00.000Z;;;;;;;;;;;;
2024-02-22T00:00:00.000Z;;;;;;;;;;;;
2024-02-24T00:00:00.000Z;0.05525;0.7591;0.14121;0.18825;0.24320500000000003;0.27942500000000003;0.30666;0.31977500000000003;0.33586;0.335785;0.420395;0.349115
2024-02-27T00:00:00.000Z;;;;;;;;;;;;
2024-02-29T00:00:00.000Z;0.105;0.71245;0.11534000000000001;0.1694;0.22386999999999999;0.25704499999999997;0.27940000000000004;0.289115;0.30475;0.30601;0.38980000000000004;0.32598000000000005
2024-03-03T00:00:00.000Z;0.083;0.5680000000000001;0.09884;0.14796;0.1958;0.22485000000000002;0.24693000000000004;0.25671;0.27622;0.274065;0.345195;0.276945
2024-03-05T00:00:00.000Z;0.11084999999999999;0.7527;0.12289000000000001;0.172665;0.229365;0.26189;0.28497;0.297835;0.314645;0.31384;0.40441;0.34302
2024-03-08T00:00:00.000Z;0.05525;1.19845;0.084635;0.1184;0.15565;0.184425;0.20449;0.21223000000000003;0.21073000000000003;0.22324000000000002;0.26371500000000003;0.21163000000000004
2024-03-10T00:00:00.000Z;;;;;;;;;;;;
2024-03-13T00:00:00.000Z;0.083;0.686;0.104855;0.15211;0.20351;0.23292;0.25672;0.267845;0.28507;0.283515;0.356035;0.28972
2024-03-15T00:00:00.000Z;0.116;0.9827;0.1278;0.18056500000000003;0.237825;0.27209;0.295675;0.306795;0.32228;0.322795;0.41556499999999996;0.354775
2024-03-18T00:00:00.000Z;;;;;;;;;;;;
2024-03-20T00:00:00.000Z;;;;;;;;;;;;
2024-03-23T00:00:00.000Z;;;;;;;;;;;;
2024-03-25T00:00:00.000Z;;;;;;;;;;;;
2024-03-28T00:00:00.000Z;;;;;;;;;;;;
2024-03-30T00:00:00.000Z;;;;;;;;;;;;
2024-04-02T00:00:00.000Z;;;;;;;;;;;;
2024-04-04T00:00:00.000Z;;;;;;;;;;;;
2024-04-07T00:00:00.000Z;;;;;;;;;;;;
2024-04-09T00:00:00.000Z;0.138;0.46505;0.13835;0.19876500000000002;0.25989;0.29157;0.31541;0.32825000000000004;0.34725;0.34253500000000003;0.43615000000000004;0.366165
2024-04-12T00:00:00.000Z;0.094;0.8364;0.11802000000000001;0.16647;0.21898000000000004;0.24939000000000003;0.2711;0.28360500000000005;0.29994000000000004;0.29935;0.38455;0.31857
2024-04-14T00:00:00.000Z;0.15425;0.74875;0.145965;0.20459500000000003;0.26695500000000005;0.300795;0.321735;0.33633;0.35517;0.348345;0.452015;0.38904000000000005
2024-04-17T00:00:00.000Z;0.138;1.3415000000000001;0.12663;0.17813;0.23775000000000002;0.2684;0.290735;0.30249000000000004;0.31253000000000003;0.31474;0.418005;0.35426
2024-04-19T00:00:00.000Z;;;;;;;;;;;;
2024-04-22T00:00:00.000Z;0.094;1.1429411764705883;0.16187058823529413;0.20142352941176472;0.2516235294117647;0.28794705882352944;0.3123823529411765;0.3249705882352941;0.3350823529411765;0.34345882352941176;0.42248235294117653;0.33985882352941177
2024-04-24T00:00:00.000Z;0.12185;0.37610000000000005;0.15171500000000002;0.211135;0.277305;0.307555;0.329425;0.341085;0.3682;0.357615;0.46223000000000003;0.398295
2024-04-27T00:00:00.000Z;;;;;;;;;;;;
2024-04-29T00:00:00.000Z;;;;;;;;;;;;
2024-05-02T00:00:00.000Z;0.08895;0.59845;0.13090000000000002;0.18666;0.24886;0.27892500000000003;0.29799000000000003;0.307605;0.33039;0.32611;0.41683000000000003;0.34456000000000003
2024-05-04T00:00:00.000Z;0.13269999999999998;1.1778499999999998;0.15826500000000002;0.21834499999999998;0.28414;0.31982;0.34028;0.352785;0.36664;0.365835;0.47659;0.4122350000000001
2024-05-07T00:00:00.000Z;0.11084999999999999;1.12995;0.14921;0.20512;0.27032;0.306835;0.328415;0.345495;0.36144000000000004;0.36030500000000004;0.470365;0.398545
2024-05-09T00:00:00.000Z;;;;;;;;;;;;
2024-05-12T00:00:00.000Z;0.08895;1.2092;0.13415000000000002;0.18941;0.25211;0.28632;0.30273500000000003;0.31648000000000004;0.32622;0.32901;0.42698;0.352405
2024-05-14T00:00:00.000Z;0.05525;0.93715;0.15918000000000002;0.21720500000000004;0.28491500000000003;0.320315;0.34107;0.35405000000000003;0.37178500000000003;0.36938000000000004;0.482695;0.418545
2024-05-17T00:00:00.000Z;0.05529411764705883;1.18;0.18054117647058826;0.2419529411764706;0.3178470588235294;0.3587588235294118;0.38578823529411765;0.4055235294117647;0.42103529411764706;0.4250235294117647;0.5509058823529412;0.4566411764705882
2024-05-19T00:00:00.000Z;0.12185;1.2586;0.16629000000000002;0.22996;0.30051;0.339915;0.357645;0.369595;0.380765;0.3855;0.495475;0.41591000000000006
2024-05-22T00:00:00.000Z;0.08895;1.0743;0.13737000000000002;0.19436;0.26043000000000005;0.29480500000000004;0.311765;0.324675;0.33778;0.34016;0.43817500000000004;0.362325
2024-05-24T00:00:00.000Z;0.131;1.315;0.16632000000000002;0.22822;0.29548;0.332815;0.35167;0.36479;0.37577;0.37920000000000004;0.488375;0.41868500000000003
2024-05-27T00:00:00.000Z;0.176;1.95815;0.13996;0.19054000000000001;0.25046;0.283485;0.30243000000000003;0.315155;0.32082;0.32937500000000003;0.43216000000000004;0.36897
2024-05-29T00:00:00.000Z;0.12185;1.51405;0.161385;0.221885;0.292425;0.33015500000000003;0.34774000000000005;0.35895;0.367115;0.3765;0.490245;0.41111000000000003
2024-06-01T00:00:00.000Z;;;;;;;;;;;;
2024-06-03T00:00:00.000Z;;;;;;;;;;;;
2024-06-06T00:00:00.000Z;;;;;;;;;;;;
2024-06-08T00:00:00.000Z;0.41595;2.3318499999999998;0.16489;0.22986;0.293045;0.332695;0.34738;0.35846;0.35592;0.373165;0.46670500000000004;0.38283500000000004
2024-06-11T00:00:00.000Z;;;;;;;;;;;;
2024-06-13T00:00:00.000Z;0.083;1.6521500000000002;0.13698;0.18336;0.23420000000000002;0.276865;0.299565;0.31485500000000005;0.3239;0.335095;0.41961000000000004;0.330585
2024-06-16T00:00:00.000Z;0.06684999999999999;1.5338;0.13546;0.18878;0.24656999999999998;0.281165;0.303775;0.319195;0.32876;0.332885;0.440915;0.38367500000000004
2024-06-18T00:00:00.000Z;0.12185;1.7215;0.16002000000000002;0.220785;0.285135;0.32407;0.348895;0.36277;0.368045;0.37878000000000006;0.48575;0.409385
2024-06-21T00:00:00.000Z;0.08895;1.3571;0.13637000000000002;0.19342;0.25191;0.287595;0.311205;0.324345;0.33609;0.34164;0.437095;0.36524
2024-06-23T00:00:00.000Z;0.127;2.7735;0.166865;0.22715500000000002;0.29081;0.328195;0.35301;0.373265;0.370345;0.38627500000000003;0.5032350000000001;0.43890500000000005
2024-06-26T00:00:00.000Z;0.34525;2.23285;0.14962;0.20143;0.25170000000000003;0.284295;0.31361500000000003;0.33322;0.33036;0.34814;0.42360000000000003;0.358045
2024-06-28T00:00:00.000Z;;;;;;;;;;;;
2024-07-01T00:00:00.000Z;0.105;2.3091999999999997;0.13945000000000002;0.19134;0.24856;0.28914;0.31569;0.33208000000000004;0.33318000000000003;0.351175;0.4484350000000001;0.36963
2024-07-03T00:00:00.000Z;0.061;1.8907;0.159885;0.21796000000000001;0.280065;0.31777500000000003;0.34335000000000004;0.36386;0.36906;0.37865000000000004;0.49140500000000004;0.427445
2024-07-06T00:00:00.000Z;0.088;1.8784500000000002;0.13278;0.18398;0.23957;0.271615;0.29915;0.31476;0.32178;0.33110500000000004;0.43268999999999996;0.37366
2024-07-08T00:00:00.000Z;0.094;2.18075;0.15199000000000001;0.20941;0.27106;0.31085500000000005;0.336975;0.35252500000000003;0.35314;0.370875;0.478675;0.402025
2024-07-11T00:00:00.000Z;0.09970000000000001;1.73395;0.13157000000000002;0.18451;0.24154000000000003;0.276125;0.30192;0.315765;0.32177;0.332965;0.42568000000000006;0.351405
2024-07-23T00:00:00.000Z;0.061;1.8738;0.15996;0.218035;0.280935;0.31633000000000006;0.33810500000000004;0.358595;0.36401500000000003;0.37390500000000004;0.48855000000000004;0.42370500000000005
2024-07-26T00:00:00.000Z;0.083;1.7771500000000002;0.13524000000000003;0.18753;0.24617;0.27775;0.29973500000000003;0.315075;0.32220000000000004;0.330755;0.4359;0.37192
2024-07-28T00:00:00.000Z;0.17595;1.9973;0.15087;0.207145;0.266915;0.30441500000000005;0.32654000000000005;0.34181500000000004;0.344015;0.35962;0.459345;0.38407
2024-07-31T00:00:00.000Z;0.149;1.75125;0.13217;0.18506;0.24237;0.27615;0.29881;0.312285;0.31686000000000003;0.32837;0.420625;0.344235
2024-08-02T00:00:00.000Z;0.06684999999999999;1.57525;0.15255000000000002;0.20685500000000004;0.270565;0.307185;0.32882;0.345835;0.35669;0.364875;0.481445;0.41607500000000003
2024-08-05T00:00:00.000Z;0.105;2.19835;0.13223000000000001;0.18201;0.24029000000000003;0.27595000000000003;0.296245;0.31246999999999997;0.31501;0.32967;0.43709;0.37383000000000005
2024-08-07T00:00:00.000Z;0.11084999999999999;1.6671500000000001;0.15115;0.20976;0.2757;0.31465000000000004;0.33591;0.34823000000000004;0.353795;0.36530500000000005;0.475225;0.39894
2024-08-10T00:00:00.000Z;0.07795;1.4756500000000001;0.12945;0.18089000000000002;0.23816;0.274245;0.29409;0.307795;0.31566;0.322575;0.41851499999999997;0.34428000000000003
2024-08-12T00:00:00.000Z;0.06684999999999999;2.02855;0.15357500000000002;0.210235;0.27196;0.31133000000000005;0.32945;0.34594;0.350515;0.36297;0.47437500000000005;0.40811000000000003
2024-08-15T00:00:00.000Z;0.08895;1.64205;0.12355000000000001;0.17337000000000002;0.2311;0.26449;0.28435;0.29691500000000004;0.30770000000000003;0.315745;0.419325;0.35575500000000004
2024-08-17T00:00:00.000Z;0.116;1.8969500000000001;0.14466;0.20383;0.267565;0.309535;0.32473;0.33821;0.34171500000000005;0.35774;0.466525;0.390985
2024-08-20T00:00:00.000Z;0.11084999999999999;2.78085;0.12339000000000001;0.17426;0.23267;0.27058000000000004;0.28525500000000004;0.29709;0.29727;0.31695;0.41612;0.34045000000000003
2024-08-22T00:00:00.000Z;0.15425;3.1685;0.13384000000000001;0.17802;0.22927;0.265;0.283485;0.30376000000000003;0.29579;0.31655500000000003;0.41514;0.35471
2024-08-25T00:00:00.000Z;0.39985000000000004;2.7066999999999997;0.12446;0.17661;0.23019000000000003;0.26427500000000004;0.28174000000000005;0.29886500000000005;0.29645;0.31486000000000003;0.40092500000000003;0.33320500000000003
2024-08-27T00:00:00.000Z;;;;;;;;;;;;
2024-08-30T00:00:00.000Z;;;;;;;;;;;;
2024-09-01T00:00:00.000Z;0.187;2.7793;0.14511;0.19743;0.25232;0.290385;0.30507;0.323965;0.3175;0.33670500000000003;0.43298000000000003;0.365335
2024-09-04T00:00:00.000Z;0.105;2.00515;0.099235;0.14171;0.19282000000000002;0.22504000000000002;0.24390500000000004;0.25899;0.26667;0.27555;0.362085;0.29048
2024-09-06T00:00:00.000Z;;;;;;;;;;;;
2024-09-09T00:00:00.000Z;0.127;1.1501;0.11463;0.16573000000000002;0.2207;0.25522500000000004;0.27753000000000005;0.28979000000000005;0.30234;0.306825;0.394305;0.32128
2024-09-11T00:00:00.000Z;0.06684999999999999;2.17795;0.132205;0.18058;0.23461;0.271355;0.29490500000000003;0.31146999999999997;0.314205;0.328495;0.432745;0.3718
2024-09-14T00:00:00.000Z;0.09995000000000001;1.8566;0.14211;0.17020000000000002;0.20611;0.23617500000000002;0.26125000000000004;0.276175;0.28021;0.29168000000000005;0.33981500000000003;0.27570500000000003
2024-09-16T00:00:00.000Z;0.13269999999999998;1.16705;0.13126;0.18512;0.24631;0.282625;0.30235;0.31656;0.32718;0.333795;0.43194;0.36007500000000003
2024-09-19T00:00:00.000Z;;;;;;;;;;;;
2024-09-21T00:00:00.000Z;0.1375714285714286;2.229714285714286;0.07291428571428571;0.10121428571428573;0.1286571428571429;0.14968571428571428;0.16334285714285712;0.1730428571428571;0.17474285714285712;0.17981428571428573;0.22131428571428574;0.16384285714285712
2024-09-24T00:00:00.000Z;;;;;;;;;;;;
2024-09-26T00:00:00.000Z;0.11084999999999999;1.7496;0.12211;0.175455;0.23049000000000003;0.26587;0.289545;0.3039;0.30490500000000004;0.31805;0.41493;0.34663000000000005
2024-09-29T00:00:00.000Z;0.08895;1.42905;0.107885;0.1549;0.20600000000000002;0.23670500000000003;0.259795;0.271855;0.27997;0.28813500000000003;0.370585;0.300265
2024-10-01T00:00:00.000Z;0.12185;1.69215;0.125455;0.17649;0.23065000000000002;0.26332500000000003;0.287935;0.303335;0.30760000000000004;0.31687;0.41735500000000003;0.35600000000000004
2024-10-04T00:00:00.000Z;0.105;1.6219000000000001;0.11004000000000001;0.15554;0.2091;0.2374;0.25928;0.27313000000000004;0.28049;0.285275;0.38248000000000004;0.32563000000000003
2024-10-06T00:00:00.000Z;0.16;2.06435;0.12104000000000001;0.173745;0.226735;0.26174000000000003;0.282675;0.29597;0.29341500000000004;0.30979;0.40562;0.33802
2024-10-09T00:00:00.000Z;;;;;;;;;;;;
2024-10-11T00:00:00.000Z;;;;;;;;;;;;
2024-10-14T00:00:00.000Z;0.318;2.704;0.11180000000000001;0.13376666666666667;0.15436666666666668;0.17606666666666668;0.19196666666666667;0.2003;0.17823333333333333;0.20696666666666666;0.2326333333333333;0.21080000000000002
2024-10-16T00:00:00.000Z;;;;;;;;;;;;
2024-10-19T00:00:00.000Z;;;;;;;;;;;;
2024-10-21T00:00:00.000Z;0.11084999999999999;2.29035;0.117095;0.166685;0.217545;0.25399499999999997;0.27382500000000004;0.28931;0.286335;0.302135;0.40195500000000006;0.34275
2024-10-24T00:00:00.000Z;;;;;;;;;;;;
2024-10-26T00:00:00.000Z;;;;;;;;;;;;
2024-10-29T00:00:00.000Z;;;;;;;;;;;;
2024-10-31T00:00:00.000Z;0.105;1.2440588235294117;0.15987058823529413;0.17930588235294118;0.1979764705882353;0.23040000000000002;0.26836470588235295;0.28538823529411766;0.28436470588235296;0.2973823529411765;0.3093529411764706;0.25126470588235295
2024-11-03T00:00:00.000Z;;;;;;;;;;;;
2024-11-05T00:00:00.000Z;0.149;1.54635;0.09374500000000001;0.137505;0.18158;0.217245;0.2466;0.260085;0.263345;0.275335;0.345575;0.27737500000000004
2024-11-08T00:00:00.000Z;;;;;;;;;;;;
2024-11-10T00:00:00.000Z;;;;;;;;;;;;
2024-11-13T00:00:00.000Z;;;;;;;;;;;;
2024-11-15T00:00:00.000Z;;;;;;;;;;;;
2024-11-18T00:00:00.000Z;0.083;1.4342000000000001;0.07767500000000001;0.11756;0.15445;0.185485;0.21438000000000001;0.2257;0.23225;0.23957;0.29738000000000003;0.23339000000000001
2024-11-20T00:00:00.000Z;0.07795;1.45755;0.09812000000000001;0.14406500000000003;0.18633;0.216785;0.25186000000000003;0.26707;0.27308000000000004;0.28105500000000005;0.35576;0.298145
2024-11-23T00:00:00.000Z;0.083;1.5661500000000002;0.11468;0.14326;0.17161;0.20549499999999998;0.24031500000000003;0.25579;0.25398000000000004;0.2664;0.30579;0.248935
2024-11-25T00:00:00.000Z;;;;;;;;;;;;
2024-11-28T00:00:00.000Z;;;;;;;;;;;;
2024-11-30T00:00:00.000Z;0.105;1.452;0.097665;0.13945000000000002;0.18059000000000003;0.21286;0.2459;0.26048000000000004;0.265735;0.275545;0.34561000000000003;0.29038
2024-12-03T00:00:00.000Z;0.083;1.2520499999999999;0.085905;0.12038;0.15578;0.182345;0.21549000000000001;0.22809000000000001;0.23686000000000001;0.24186500000000002;0.304185;0.24965
2024-12-05T00:00:00.000Z;0.05525;1.19845;0.09689500000000001;0.13872;0.17962;0.21532500000000002;0.24884499999999998;0.262625;0.26453000000000004;0.27583;0.33164000000000005;0.272785
2024-12-08T00:00:00.000Z;0.061;0.54825;0.08321;0.12577000000000002;0.16354000000000002;0.19234500000000002;0.22616999999999998;0.23780500000000002;0.25548000000000004;0.252745;0.310705;0.24520500000000003
2024-12-10T00:00:00.000Z;0.06684999999999999;0.8160000000000001;0.10229500000000001;0.14464000000000002;0.18701;0.21931;0.25287;0.267295;0.28026500000000004;0.28223000000000004;0.35296500000000003;0.29361
2024-12-13T00:00:00.000Z;0.06684999999999999;1.0221;0.08608500000000001;0.12272000000000001;0.16256;0.18999500000000002;0.22327;0.23699499999999998;0.24952;0.249945;0.31325000000000003;0.25765
2024-12-15T00:00:00.000Z;0.06684999999999999;0.6075499999999999;0.09352;0.13851500000000003;0.181985;0.21280000000000002;0.24773000000000003;0.2604;0.27603500000000003;0.275275;0.33827;0.276635
2024-12-18T00:00:00.000Z;;;;;;;;;;;;
2024-12-20T00:00:00.000Z;0.06684999999999999;0.42945;0.09899500000000001;0.143025;0.18707500000000002;0.21418000000000004;0.250195;0.26371;0.28771;0.28121;0.34757;0.2876
2024-12-23T00:00:00.000Z;0.061;0.65795;0.08549500000000002;0.12419000000000001;0.16474000000000003;0.19022;0.22437500000000002;0.235885;0.25389;0.25066;0.31293000000000004;0.258325
2024-12-25T00:00:00.000Z;0.06684999999999999;0.9964;0.09359500000000001;0.13761;0.18322000000000002;0.21529;0.24726;0.26065;0.268225;0.27394;0.34190000000000004;0.280325
2024-12-28T00:00:00.000Z;0.07200000000000001;0.6108823529411764;0.054264705882352944;0.07024117647058824;0.08550588235294118;0.1004529411764706;0.1176764705882353;0.12468823529411767;0.12910588235294118;0.13416470588235296;0.15005882352941177;0.12344117647058825
2024-12-30T00:00:00.000Z;0.07795;1.14685;0.09758;0.13717500000000002;0.178515;0.20802500000000002;0.23891;0.25013;0.264245;0.26666;0.321835;0.26659000000000005
2025-01-02T00:00:00.000Z;0.07200000000000001;0.7742000000000001;0.075285;0.11382;0.15153;0.178405;0.21005000000000001;0.221195;0.23853000000000002;0.23593000000000003;0.28995000000000004;0.23061500000000001
2025-01-04T00:00:00.000Z;0.07795;0.6875;0.07351;0.10823;0.14295;0.167415;0.19418;0.20437000000000002;0.210015;0.21541500000000002;0.24616500000000002;0.195525
2025-01-09T00:00:00.000Z;0.05;1.46195;0.09367500000000001;0.13151;0.17153000000000002;0.203385;0.23056000000000001;0.24352;0.24716;0.25439;0.32433;0.27371
2025-01-12T00:00:00.000Z;;;;;;;;;;;;
2025-01-14T00:00:00.000Z;0.07200000000000001;0.3452;0.09658;0.14276;0.189855;0.21703000000000003;0.250755;0.26396000000000003;0.28428000000000003;0.28108000000000005;0.345545;0.282295
2025-01-17T00:00:00.000Z;;;;;;;;;;;;
2025-01-19T00:00:00.000Z;0.07795;0.5640000000000001;0.10303;0.14636500000000002;0.193655;0.2223;0.25449;0.26857;0.285875;0.28221;0.35551;0.29765500000000006
2025-01-22T00:00:00.000Z;;;;;;;;;;;;
2025-01-24T00:00:00.000Z;0.07795;1.1665999999999999;0.101055;0.14749500000000001;0.19471;0.22981000000000001;0.25760500000000003;0.26842;0.27799;0.285715;0.35409;0.285235
2025-01-27T00:00:00.000Z;;;;;;;;;;;;
2025-01-29T00:00:00.000Z;;;;;;;;;;;;
2025-02-01T00:00:00.000Z;0.06684999999999999;0.79065;0.09044;0.12983;0.17341;0.199945;0.22954000000000002;0.241375;0.25889;0.254605;0.33016;0.274735
2025-02-03T00:00:00.000Z;0.083;0.80025;0.11248;0.15829000000000001;0.204155;0.236345;0.26503000000000004;0.27581500000000003;0.29203;0.29391;0.36551;0.29776
2025-02-06T00:00:00.000Z;0.07795;0.73;0.091145;0.13656;0.17897000000000002;0.20702500000000001;0.23491;0.24431;0.26334;0.25895;0.33161500000000005;0.265355
2025-02-08T00:00:00.000Z;0.083;0.74405;0.11314500000000001;0.16248;0.21109000000000003;0.24163000000000004;0.27226500000000003;0.28374499999999997;0.30121;0.29875;0.38362;0.320965
2025-02-11T00:00:00.000Z;0.07795;0.9227500000000001;0.097555;0.13964000000000001;0.18435;0.21185500000000002;0.24015500000000004;0.253635;0.26933;0.267355;0.34321;0.28612
2025-02-13T00:00:00.000Z;0.083;0.82675;0.11046;0.16165000000000002;0.211635;0.242745;0.26932500000000004;0.2803;0.295055;0.29685500000000004;0.37211500000000003;0.30518
2025-02-16T00:00:00.000Z;0.083;0.8984;0.10099500000000002;0.14899;0.19412000000000001;0.22466500000000003;0.252535;0.26266;0.28025;0.27987500000000004;0.35714;0.28676500000000005
2025-02-18T00:00:00.000Z;;;;;;;;;;;;
2025-02-21T00:00:00.000Z;;;;;;;;;;;;
2025-02-23T00:00:00.000Z;0.11084999999999999;1.0127000000000002;0.11635000000000001;0.17053000000000001;0.22202;0.25445;0.27986;0.289385;0.30162;0.305735;0.387125;0.31634
2025-02-26T00:00:00.000Z;0.07795;0.38405;0.10269500000000001;0.14858;0.19391;0.22018000000000004;0.24706;0.256865;0.27953000000000006;0.27291;0.34385;0.27587
2025-02-28T00:00:00.000Z;0.25295;1.3069000000000002;0.13634000000000002;0.18307;0.23513000000000003;0.27512;0.3048;0.321635;0.32213;0.34107;0.41107;0.34758000000000006
2025-03-03T00:00:00.000Z;;;;;;;;;;;;
2025-03-05T00:00:00.000Z;;;;;;;;;;;;
2025-03-08T00:00:00.000Z;;;;;;;;;;;;
2025-03-10T00:00:00.000Z;0.06684999999999999;1.27175;0.099655;0.1388;0.17464000000000002;0.20880500000000002;0.23601500000000003;0.24727;0.26799;0.26137;0.31599499999999997;0.23893000000000003
2025-03-13T00:00:00.000Z;;;;;;;;;;;;
2025-03-15T00:00:00.000Z;;;;;;;;;;;;
2025-03-17T00:00:00.000Z;;;;;;;;;;;;
2025-03-18T00:00:00.000Z;;;;;;;;;;;;
2025-03-20T00:00:00.000Z;;;;;;;;;;;;
2025-03-23T00:00:00.000Z;;;;;;;;;;;;
2025-03-25T00:00:00.000Z;0.07793333333333334;1.1221333333333334;0.1978266666666667;0.21993333333333331;0.24200000000000002;0.27848;0.30934;0.3179133333333333;0.33149333333333336;0.3338066666666667;0.3681533333333333;0.26955333333333337
2025-03-27T00:00:00.000Z;;;;;;;;;;;;
2025-03-28T00:00:00.000Z;;;;;;;;;;;;
2025-03-30T00:00:00.000Z;0.07795;0.4789;0.10880000000000001;0.15771;0.20339000000000002;0.23328000000000004;0.26702;0.28004;0.29993000000000003;0.2924;0.362725;0.295035
2025-04-02T00:00:00.000Z;0.094;1.3259;0.11207000000000002;0.15673;0.199;0.23117500000000002;0.26406;0.27971500000000005;0.29059;0.29185500000000003;0.36856500000000003;0.310475
2025-04-04T00:00:00.000Z;0.149;1.5055;0.13033;0.18667;0.234485;0.27615500000000004;0.31070000000000003;0.321935;0.32784;0.337915;0.41613500000000003;0.338465
2025-04-06T00:00:00.000Z;;;;;;;;;;;;
2025-04-07T00:00:00.000Z;0.08895;1.0526;0.11189000000000002;0.16345;0.20682;0.24101;0.277545;0.289545;0.30466;0.30451;0.37461;0.30289000000000005
2025-04-09T00:00:00.000Z;0.08895;0.852;0.11175;0.15899000000000002;0.20282000000000003;0.23596999999999999;0.27312;0.28646;0.30372;0.300845;0.361145;0.2911
2025-04-12T00:00:00.000Z;;;;;;;;;;;;
2025-04-14T00:00:00.000Z;0.138;1.6389;0.14644000000000001;0.20663000000000004;0.25378;0.302045;0.34549;0.359485;0.36602;0.378475;0.44690500000000005;0.35915500000000006
2025-04-16T00:00:00.000Z;;;;;;;;;;;;
2025-04-17T00:00:00.000Z;;;;;;;;;;;;
2025-04-19T00:00:00.000Z;0.055;0.933;0.0926;0.12560000000000002;0.1484;0.1841;0.2066;0.2121;0.23700000000000002;0.2034;0.229;0.16010000000000002
2025-04-22T00:00:00.000Z;;;;;;;;;;;;
2025-04-24T00:00:00.000Z;0.127;1.13365;0.13257000000000002;0.19168000000000002;0.23975000000000002;0.28352;0.326785;0.34058000000000005;0.352375;0.35646500000000003;0.421865;0.34418000000000004
2025-04-26T00:00:00.000Z;;;;;;;;;;;;
2025-04-27T00:00:00.000Z;0.105;0.81555;0.116355;0.17139000000000001;0.21561999999999998;0.25348000000000004;0.301475;0.314845;0.33528;0.32981;0.38635500000000006;0.308545
2025-04-29T00:00:00.000Z;;;;;;;;;;;;
2025-05-02T00:00:00.000Z;0.42114999999999997;2.28165;0.14465;0.20154000000000002;0.24508000000000002;0.28646;0.33760500000000004;0.35753;0.37044000000000005;0.36793000000000003;0.401515;0.316105
2025-05-04T00:00:00.000Z;;;;;;;;;;;;
2025-05-06T00:00:00.000Z;;;;;;;;;;;;
2025-05-07T00:00:00.000Z;;;;;;;;;;;;
2025-05-09T00:00:00.000Z;;;;;;;;;;;;
2025-05-12T00:00:00.000Z;0.09995000000000001;0.9963500000000001;0.09678;0.13676500000000003;0.17258;0.206885;0.2519;0.27111999999999997;0.29154;0.287645;0.31538000000000005;0.238215
2025-05-14T00:00:00.000Z;0.242;1.4489500000000002;0.15732000000000002;0.22223000000000004;0.27346;0.33366500000000004;0.38527500000000003;0.40615500000000004;0.4189;0.43200500000000003;0.47008000000000005;0.3512
2025-05-16T00:00:00.000Z;0.16;1.4207;0.11233;0.16506500000000002;0.21043000000000003;0.25795;0.30608;0.32636;0.335245;0.34676;0.397065;0.30233000000000004
2025-05-17T00:00:00.000Z;0.116;1.26815;0.12053;0.17486;0.21758000000000002;0.265315;0.312275;0.32854;0.3466;0.3516;0.39941;0.312765
2025-05-19T00:00:00.000Z;0.116;1.1517000000000002;0.11911;0.17081;0.21928000000000003;0.26149;0.30648000000000003;0.32518;0.34078;0.34752500000000003;0.400785;0.319745
2025-05-22T00:00:00.000Z;;;;;;;;;;;;
2025-05-24T00:00:00.000Z;0.149;0.9263;0.12183000000000001;0.18030000000000002;0.2278;0.276585;0.32039;0.339305;0.35712;0.362585;0.4131;0.319815
2025-05-26T00:00:00.000Z;0.13269999999999998;1.5282;0.14113;0.19776;0.250735;0.29601500000000003;0.34062;0.36029;0.37026000000000003;0.380845;0.45323;0.370155
2025-05-27T00:00:00.000Z;0.138;1.3742;0.12308;0.17854;0.22536;0.27131500000000003;0.31365000000000004;0.329995;0.34636;0.34983000000000003;0.41534;0.32969000000000004
2025-05-29T00:00:00.000Z;0.15425;1.45845;0.12181;0.17411;0.22186999999999998;0.26379;0.30726000000000003;0.3272;0.3401;0.34747;0.40557;0.321195
2025-06-01T00:00:00.000Z;;;;;;;;;;;;
2025-06-03T00:00:00.000Z;;;;;;;;;;;;
2025-06-05T00:00:00.000Z;0.187;1.6182222222222222;0.1385777777777778;0.1902111111111111;0.2401111111111112;0.28326666666666667;0.32882222222222224;0.34985555555555564;0.3592111111111112;0.3749444444444444;0.45251111111111114;0.36983333333333335
2025-06-06T00:00:00.000Z;0.176;1.6200999999999999;0.12283;0.17844000000000002;0.2258;0.26972;0.31484;0.33058000000000004;0.3437;0.35329000000000005;0.421555;0.333845
2025-06-08T00:00:00.000Z;0.2471;1.6067;0.12332000000000001;0.17594;0.22168000000000002;0.263915;0.307095;0.32739;0.3342;0.346835;0.40088;0.31598000000000004
2025-06-11T00:00:00.000Z;0.454;2.35705;0.13327;0.195;0.249;0.288625;0.33234;0.3558;0.36412;0.37956500000000004;0.42706000000000005;0.34297
2025-06-13T00:00:00.000Z;;;;;;;;;;;;
2025-06-15T00:00:00.000Z;0.44310000000000005;2.2548000000000004;0.15246500000000002;0.216585;0.273795;0.32180000000000003;0.36425500000000005;0.381635;0.383325;0.401395;0.46468000000000004;0.36840500000000004
2025-06-16T00:00:00.000Z;0.35095;2.3699000000000003;0.13398000000000002;0.19746;0.24895;0.296775;0.3421;0.36001500000000003;0.36722;0.384045;0.450755;0.3531
2025-06-18T00:00:00.000Z;0.193;2.46045;0.12833;0.18115;0.23057;0.27316;0.31056;0.33071;0.33428;0.354985;0.418415;0.32875000000000004
2025-06-21T00:00:00.000Z;0.193;2.1295;0.12897;0.17974;0.23044000000000003;0.270775;0.306225;0.32836;0.33468000000000003;0.34833000000000003;0.4232600000000001;0.34999
2025-06-23T00:00:00.000Z;0.20395;1.4724000000000002;0.14593;0.20424000000000003;0.25836;0.30220500000000006;0.33765;0.354995;0.36668000000000006;0.378;0.452425;0.366665
2025-06-25T00:00:00.000Z;0.1651;1.7999500000000002;0.14406;0.20017000000000001;0.25588000000000005;0.299395;0.335695;0.35376500000000005;0.36161;0.37701500000000004;0.455475;0.36898000000000003
2025-06-26T00:00:00.000Z;0.127;1.11545;0.12945;0.18816;0.24264000000000002;0.28324000000000005;0.319425;0.33463000000000004;0.35356;0.35577;0.43304;0.34296
2025-06-28T00:00:00.000Z;0.231;1.5193;0.12819000000000003;0.18567;0.24176;0.28316;0.3183;0.33598000000000006;0.34768000000000004;0.35764;0.4262850000000001;0.335045
2025-07-01T00:00:00.000Z;0.242;2.0339;0.13324000000000003;0.18606;0.24338000000000004;0.28297500000000003;0.317585;0.338615;0.34566;0.358115;0.43675;0.35702500000000004
2025-07-03T00:00:00.000Z;0.13269999999999998;2.5200500000000003;0.14611;0.20256500000000002;0.26254;0.31171;0.34320500000000004;0.36085;0.36141500000000004;0.383975;0.4746;0.38125000000000003
2025-07-05T00:00:00.000Z;0.127;1.9304000000000001;0.148555;0.20812;0.268725;0.313495;0.346245;0.364295;0.370595;0.385945;0.47398000000000007;0.38277
2025-07-06T00:00:00.000Z;0.27485000000000004;2.43945;0.12302;0.1814;0.23725000000000002;0.281875;0.31550500000000004;0.33176;0.33816;0.35580500000000004;0.43261000000000005;0.337945
2025-07-08T00:00:00.000Z;0.138;3.0320500000000004;0.13095;0.17495000000000002;0.22573000000000004;0.26976;0.300985;0.31977;0.32029;0.346065;0.42705000000000004;0.336945
2025-07-11T00:00:00.000Z;0.09995000000000001;1.6473;0.12738;0.17776;0.23444;0.27516500000000005;0.30490500000000004;0.32343000000000005;0.33792;0.34521;0.42758500000000005;0.35113500000000003
2025-07-13T00:00:00.000Z;0.07795;1.63225;0.148925;0.210195;0.27089;0.31585500000000005;0.34857;0.362045;0.37414000000000003;0.386255;0.47053000000000006;0.379315
2025-07-15T00:00:00.000Z;0.1;1.5254;0.14740999999999999;0.20786;0.26845;0.31282;0.34438;0.36361;0.37430500000000005;0.383755;0.470275;0.37998000000000004
2025-07-16T00:00:00.000Z;0.231;1.94565;0.13154000000000002;0.19275;0.24956;0.29418500000000003;0.32617;0.33973000000000003;0.34862;0.360745;0.439015;0.34435
2025-07-18T00:00:00.000Z;0.242;2.12115;0.12704000000000001;0.1841;0.24080000000000001;0.28593;0.31246;0.32924000000000003;0.33468000000000003;0.35084000000000004;0.42575500000000005;0.332305
2025-07-21T00:00:00.000Z;0.171;1.8079500000000002;0.13027000000000002;0.18444000000000002;0.24344000000000002;0.284375;0.312915;0.33193000000000006;0.34146;0.350355;0.43340500000000004;0.35516000000000003
2025-07-23T00:00:00.000Z;;;;;;;;;;;;
2025-07-25T00:00:00.000Z;;;;;;;;;;;;
2025-07-26T00:00:00.000Z;0.182;1.7497;0.1221;0.18198;0.23669;0.28284000000000004;0.31475000000000003;0.32902;0.34218000000000004;0.35270500000000005;0.42775500000000005;0.33382500000000004
2025-07-28T00:00:00.000Z;0.21484999999999999;1.9372;0.12226;0.1773;0.23273000000000002;0.27651;0.30647;0.32551;0.33169000000000004;0.345545;0.42216499999999996;0.33295
2025-07-31T00:00:00.000Z;0.209;2.10825;0.12539;0.17774;0.23412;0.27565500000000004;0.307155;0.326465;0.335;0.345635;0.426445;0.35141500000000003
2025-08-02T00:00:00.000Z;0.22569999999999998;1.819;0.13242500000000001;0.19257000000000002;0.24943000000000004;0.298085;0.32844;0.34569000000000005;0.35176;0.36818000000000006;0.439425;0.344615
2025-08-04T00:00:00.000Z;0.27485000000000004;2.3587;0.13975;0.19944;0.25722;0.304845;0.33512;0.35275500000000004;0.35442;0.37460000000000004;0.456445;0.365315
2025-08-05T00:00:00.000Z;0.302;1.96305;0.12198;0.17903;0.23041;0.27401000000000003;0.305665;0.318875;0.32816;0.34070500000000004;0.4131;0.325185
2025-08-07T00:00:00.000Z;0.25295;1.2141;0.11984000000000002;0.17521;0.22934000000000002;0.26758000000000004;0.300105;0.31598000000000004;0.32886;0.33644;0.40315500000000004;0.31706500000000004
2025-08-10T00:00:00.000Z;0.198;1.95285;0.12435;0.17617000000000002;0.22974000000000003;0.269225;0.29894000000000004;0.31608;0.32577;0.33501000000000003;0.41958000000000006;0.34495000000000003
2025-08-12T00:00:00.000Z;0.25295;2.3687;0.14094500000000001;0.20151500000000003;0.259975;0.30423500000000003;0.33275;0.34769;0.34948;0.36985500000000004;0.455075;0.36341500000000004
2025-08-14T00:00:00.000Z;0.15425;1.8148;0.13577;0.19043000000000002;0.246985;0.29035;0.31870000000000004;0.335995;0.341395;0.35645000000000004;0.44548000000000004;0.36012
2025-08-15T00:00:00.000Z;0.269;1.5816;0.12342000000000002;0.18429;0.23993000000000003;0.282945;0.313045;0.32610500000000003;0.33948000000000006;0.34654;0.427825;0.335525
2025-08-17T00:00:00.000Z;0.30710000000000004;1.5928;0.11467000000000001;0.16353;0.21502;0.254825;0.28296;0.30118000000000006;0.31112;0.32254000000000005;0.397685;0.311395
2025-08-20T00:00:00.000Z;0.34525;1.7276;0.11652000000000001;0.16067;0.21331999999999998;0.253245;0.2826;0.30095;0.31269;0.322285;0.41560500000000006;0.33940000000000003
2025-08-22T00:00:00.000Z;;;;;;;;;;;;
2025-08-24T00:00:00.000Z;0.28545;1.97035;0.13118;0.18958;0.245145;0.2902;0.31741;0.332385;0.337435;0.35524;0.43458;0.348965
2025-08-25T00:00:00.000Z;;;;;;;;;;;;
2025-08-27T00:00:00.000Z;0.378;2.4945500000000003;0.11308;0.16542;0.21336;0.25285;0.27632;0.29096500000000003;0.29207;0.31187;0.36938000000000004;0.285835
2025-08-30T00:00:00.000Z;0.1651;1.8946500000000002;0.11729000000000002;0.16928;0.22440000000000002;0.263335;0.28762;0.30481;0.31463;0.323245;0.40822;0.33343000000000006
2025-09-01T00:00:00.000Z;0.182;0.8534;0.13452;0.19667500000000002;0.2561;0.29647;0.32469000000000003;0.336595;0.355935;0.35947;0.43907;0.349395
2025-09-03T00:00:00.000Z;0.176;1.25175;0.13525500000000001;0.19418;0.253795;0.29652;0.32223;0.33733;0.34858500000000003;0.35654;0.439615;0.35323000000000004
2025-09-04T00:00:00.000Z;0.193;1.3536;0.12063;0.17995;0.23585;0.27669000000000005;0.30304000000000003;0.316535;0.33188;0.33758000000000005;0.41605000000000003;0.32441000000000003
2025-09-06T00:00:00.000Z;;;;;;;;;;;;
2025-09-09T00:00:00.000Z;0.22;2.3771500000000003;0.14191;0.17833000000000002;0.22651;0.2771;0.31032;0.33123;0.31478000000000006;0.351775;0.41501499999999997;0.332085
2025-09-11T00:00:00.000Z;0.15425;2.13215;0.12901500000000002;0.189315;0.246985;0.29083000000000003;0.314655;0.327075;0.32874000000000003;0.34703000000000006;0.43762500000000004;0.34506000000000003
2025-09-13T00:00:00.000Z;;;;;;;;;;;;
2025-09-14T00:00:00.000Z;0.15425;1.72425;0.11402000000000001;0.17098;0.22325;0.26426;0.2883;0.299545;0.30972;0.31745;0.402945;0.31511
2025-09-16T00:00:00.000Z;0.1651;1.9378499999999999;0.11133;0.16423000000000001;0.21692;0.258135;0.28075;0.29489000000000004;0.29997;0.31514000000000003;0.38739;0.300215
2025-09-19T00:00:00.000Z;0.171;2.1502;0.11301;0.16307000000000002;0.21419000000000002;0.252335;0.27566500000000005;0.292145;0.29751;0.31021;0.390535;0.31406
2025-09-21T00:00:00.000Z;;;;;;;;;;;;
2025-09-23T00:00:00.000Z;;;;;;;;;;;;
2025-09-24T00:00:00.000Z;;;;;;;;;;;;
2025-09-26T00:00:00.000Z;0.187;1.41355;0.11184000000000001;0.16507000000000002;0.21784;0.257345;0.27903000000000006;0.291905;0.30419;0.31084;0.378475;0.292635
2025-09-29T00:00:00.000Z;;;;;;;;;;;;
