TIMESTAMP_UTC;AOT;TCWV;B02;B03;B04;B05;B06;B07;B08;B8A;B11;B12
2015-10-04T00:00:00.000Z;;;;;;;;;;;;
2015-11-13T00:00:00.000Z;0.11082692307692309;1.0565384615384614;0.05740576923076923;0.08257307692307693;0.08711538461538462;0.1181923076923077;0.17564615384615387;0.19323076923076923;0.2052038461538461;0.20977884615384612;0.21625961538461538;0.15386923076923076
2015-11-16T00:00:00.000Z;0.07790384615384616;0.8376153846153847;0.043936538461538464;0.07089423076923078;0.07708846153846154;0.10865192307692308;0.16754038461538462;0.18442884615384614;0.20166923076923082;0.20069807692307695;0.2018192307692308;0.13711538461538464
2015-11-26T00:00:00.000Z;0.06678846153846153;0.7741923076923077;0.043036538461538466;0.07075961538461538;0.0766923076923077;0.10853846153846157;0.16856346153846158;0.18459038461538466;0.20209615384615384;0.2024019230769231;0.19795961538461537;0.13585769230769232
2015-12-03T00:00:00.000Z;0.0889423076923077;1.2292115384615385;0.04839230769230769;0.07774423076923077;0.08560384615384616;0.11960000000000001;0.17907692307692308;0.19545;0.20576346153846153;0.21241346153846152;0.21609038461538463;0.1525423076923077
2015-12-06T00:00:00.000Z;;;;;;;;;;;;
2015-12-16T00:00:00.000Z;;;;;;;;;;;;
2015-12-23T00:00:00.000Z;;;;;;;;;;;;
2015-12-26T00:00:00.000Z;;;;;;;;;;;;
2016-01-02T00:00:00.000Z;;;;;;;;;;;;
2016-01-05T00:00:00.000Z;;;;;;;;;;;;
2016-01-12T00:00:00.000Z;0.07200000000000001;1.0836538461538463;0.04875384615384616;0.07738653846153846;0.08741346153846154;0.11873461538461538;0.17424615384615386;0.18968076923076924;0.202;0.2069769230769231;0.21727692307692312;0.15606538461538463
2016-01-22T00:00:00.000Z;;;;;;;;;;;;
2016-01-25T00:00:00.000Z;0.07790384615384616;1.0833269230769231;0.21741538461538462;0.23564615384615387;0.24779615384615386;0.286825;0.3238596153846154;0.33824615384615386;0.3440615384615385;0.35701346153846153;0.3900346153846154;0.3388596153846154
2016-02-01T00:00:00.000Z;0.07790384615384616;0.8574038461538462;0.051686538461538464;0.07945961538461538;0.09184807692307692;0.12093461538461539;0.1726923076923077;0.1883019230769231;0.20237884615384613;0.2072288461538461;0.2256519230769231;0.1641
2016-02-04T00:00:00.000Z;0.07790384615384616;0.6321730769230769;0.04653269230769231;0.07359423076923077;0.08284038461538462;0.11103461538461538;0.16169038461538462;0.17712692307692307;0.19525769230769233;0.19324038461538465;0.2047384615384616;0.14284423076923078
2016-02-11T00:00:00.000Z;0.056;1.615;0.042800000000000005;0.055400000000000005;0.06405000000000001;0.07930000000000001;0.095;0.10160000000000001;0.0838;0.1048;0.113;0.1058
2016-02-14T00:00:00.000Z;;;;;;;;;;;;
2016-02-21T00:00:00.000Z;;;;;;;;;;;;
2016-03-02T00:00:00.000Z;;;;;;;;;;;;
2016-03-05T00:00:00.000Z;0.083;0.4805;0.05255192307692307;0.08261346153846154;0.09618846153846154;0.12493076923076925;0.17122307692307695;0.18528076923076925;0.2066576923076923;0.2034423076923077;0.2278288461538461;0.16237307692307693
2016-03-12T00:00:00.000Z;0.105;0.4969038461538461;0.06443269230769232;0.09605961538461538;0.11281923076923077;0.14433653846153843;0.1890769230769231;0.20458269230769233;0.22411346153846154;0.22569615384615388;0.2634346153846154;0.19632307692307693
2016-03-15T00:00:00.000Z;;;;;;;;;;;;
2016-03-22T00:00:00.000Z;;;;;;;;;;;;
2016-03-25T00:00:00.000Z;0.083;0.6848076923076922;0.0662673076923077;0.09589423076923077;0.10806346153846158;0.13890576923076925;0.18270384615384613;0.19662307692307693;0.21401923076923082;0.214425;0.24097115384615386;0.17404038461538462
2016-04-01T00:00:00.000Z;0.116;0.6340769230769231;0.07250769230769231;0.10804423076923077;0.12506153846153845;0.1592;0.20724038461538463;0.2226346153846154;0.24079615384615388;0.24322692307692312;0.28269038461538465;0.21187115384615388
2016-04-04T00:00:00.000Z;;;;;;;;;;;;
2016-04-11T00:00:00.000Z;;;;;;;;;;;;
2016-04-14T00:00:00.000Z;0.083;0.8382307692307693;0.06344230769230769;0.096275;0.10933846153846158;0.14162884615384616;0.19224038461538465;0.20793846153846154;0.22429615384615387;0.2266596153846154;0.2551730769230769;0.18556923076923082
2016-04-21T00:00:00.000Z;0.116;0.9222307692307692;0.07778461538461538;0.11503846153846158;0.1310173076923077;0.16828846153846158;0.22341538461538463;0.2403980769230769;0.25659615384615386;0.2633461538461539;0.3057076923076923;0.2304346153846154
2016-04-24T00:00:00.000Z;0.094;0.6705192307692307;0.06408846153846154;0.09844615384615385;0.11143269230769232;0.14413653846153843;0.19854807692307694;0.21603846153846154;0.2349615384615385;0.23457115384615387;0.2621673076923077;0.18854615384615384
2016-05-01T00:00:00.000Z;0.105;0.5332115384615385;0.07655;0.11408076923076925;0.12936153846153844;0.16422884615384614;0.2199519230769231;0.23757115384615388;0.25706730769230773;0.2584538461538461;0.2956326923076923;0.22307692307692312
2016-05-04T00:00:00.000Z;0.0889423076923077;0.5901346153846154;0.0713;0.10562115384615386;0.11828269230769231;0.1537673076923077;0.21202307692307693;0.22936346153846154;0.2505269230769231;0.24884423076923082;0.2743615384615385;0.19978461538461537
2016-05-11T00:00:00.000Z;0.105;1.1288461538461538;0.09358461538461539;0.1324923076923077;0.14133076923076923;0.18680384615384613;0.25830000000000003;0.2798076923076923;0.29524230769230775;0.3046192307692308;0.32812115384615387;0.2315442307692308
2016-05-14T00:00:00.000Z;;;;;;;;;;;;
2016-05-21T00:00:00.000Z;0.138;1.3535769230769232;0.08115961538461539;0.11938846153846158;0.13356153846153843;0.17400192307692308;0.2315326923076923;0.24793846153846152;0.25967115384615386;0.2679615384615385;0.31136346153846156;0.23595000000000002
2016-05-24T00:00:00.000Z;0.3128269230769231;1.4479423076923077;0.070325;0.10982884615384615;0.12046153846153844;0.15974615384615387;0.21826346153846155;0.23463846153846155;0.2489230769230769;0.25385;0.2732019230769231;0.19725769230769233
2016-06-10T00:00:00.000Z;;;;;;;;;;;;
2016-06-13T00:00:00.000Z;0.094;1.9855576923076925;0.0737923076923077;0.11056346153846157;0.12641346153846159;0.16590961538461538;0.21079230769230772;0.22731153846153848;0.23604615384615388;0.24686730769230772;0.2902826923076923;0.20969038461538464
2016-06-20T00:00:00.000Z;0.055480769230769236;1.37125;0.09081923076923076;0.13254423076923078;0.15234615384615385;0.19196153846153843;0.23721923076923082;0.2541903846153846;0.2663576923076923;0.27734615384615385;0.33465384615384614;0.25325000000000003
2016-06-23T00:00:00.000Z;0.138;1.1342307692307694;0.0744173076923077;0.11264807692307693;0.13112115384615386;0.16979038461538462;0.21290576923076926;0.2290230769230769;0.24419615384615387;0.24899230769230773;0.29302692307692313;0.2116846153846154
2016-06-30T00:00:00.000Z;0.3724807692307692;2.468865384615385;0.09160769230769232;0.13356153846153843;0.15631346153846157;0.19900961538461537;0.2391326923076923;0.2551865384615385;0.2607865384615385;0.2795980769230769;0.3379365384615385;0.24952307692307693
2016-07-03T00:00:00.000Z;0.242;2.069326923076923;0.07665961538461538;0.11548846153846158;0.13616923076923076;0.1753173076923077;0.2144538461538461;0.23085961538461539;0.2376038461538461;0.25218076923076926;0.29532115384615387;0.20970961538461538
2016-07-10T00:00:00.000Z;0.149;1.824692307692308;0.08994038461538462;0.13189807692307692;0.15626153846153842;0.19874615384615385;0.23801346153846153;0.25413846153846154;0.2634;0.2777615384615385;0.3399538461538461;0.2507173076923077
2016-07-13T00:00:00.000Z;;;;;;;;;;;;
2016-07-20T00:00:00.000Z;;;;;;;;;;;;
2016-07-23T00:00:00.000Z;0.231;2.310288461538461;0.07386153846153846;0.11148461538461539;0.13261346153846157;0.1761346153846154;0.2116980769230769;0.22819423076923082;0.2350615384615385;0.25124615384615384;0.2961769230769231;0.2063096153846154
2016-07-30T00:00:00.000Z;0.2964807692307692;1.915942307692308;0.08420769230769232;0.12823653846153843;0.15348461538461539;0.19684807692307693;0.2352038461538461;0.2514230769230769;0.2578538461538461;0.2748423076923077;0.3278153846153846;0.2384038461538461
2016-08-02T00:00:00.000Z;0.0889423076923077;1.3760769230769232;0.07466153846153847;0.11095384615384615;0.1321846153846154;0.17220000000000002;0.2078980769230769;0.22265000000000001;0.23693076923076925;0.24587307692307692;0.28725;0.20208461538461536
2016-08-09T00:00:00.000Z;0.055480769230769236;1.3558846153846158;0.088475;0.1287096153846154;0.15306153846153844;0.193725;0.23066730769230773;0.24596923076923083;0.2579461538461539;0.2688115384615385;0.3258192307692308;0.2372596153846154
2016-08-12T00:00:00.000Z;0.11090697674418604;1.779511627906977;0.08403255813953489;0.12306511627906978;0.14136976744186047;0.18790697674418605;0.2253395348837209;0.24223023255813955;0.2529860465116279;0.2676139534883721;0.304193023255814;0.21250465116279071
2016-08-19T00:00:00.000Z;0.083;1.8447884615384613;0.08053846153846154;0.12057692307692308;0.14273653846153844;0.18547307692307693;0.22124615384615387;0.2365846153846154;0.2447865384615385;0.2595865384615385;0.3146096153846154;0.2297846153846154
2016-08-22T00:00:00.000Z;0.094;2.235115384615385;0.07059807692307693;0.10793653846153843;0.12583846153846157;0.16934807692307693;0.20325192307692308;0.2162326923076923;0.2247115384615385;0.2391038461538461;0.2778115384615385;0.1944326923076923
2016-08-29T00:00:00.000Z;0.16540384615384615;1.5114807692307692;0.07709038461538462;0.11930769230769231;0.14215192307692306;0.18660192307692308;0.2223769230769231;0.23669615384615386;0.2476596153846154;0.26088076923076925;0.31009615384615385;0.2228865384615385
2016-09-01T00:00:00.000Z;;;;;;;;;;;;
2016-09-08T00:00:00.000Z;0.06886538461538462;1.4781923076923076;0.07747884615384616;0.11882115384615387;0.14053076923076924;0.1839423076923077;0.21804038461538464;0.2323519230769231;0.24439615384615387;0.2577538461538461;0.30274230769230775;0.21828846153846154
2016-09-11T00:00:00.000Z;0.149;2.166019230769231;0.06822115384615385;0.10554423076923077;0.12369423076923076;0.16754038461538462;0.20191153846153845;0.21589038461538462;0.22306153846153848;0.23646153846153847;0.2688403846153846;0.18590769230769233
2016-09-18T00:00:00.000Z;0.09990384615384616;1.4487307692307694;0.07272115384615385;0.11387115384615386;0.13510384615384616;0.17802884615384615;0.2112538461538461;0.22588269230769228;0.23724807692307692;0.24854423076923082;0.2925673076923077;0.2117846153846154
2016-09-21T00:00:00.000Z;0.11082692307692309;1.4845384615384614;0.06644423076923078;0.10289807692307694;0.12031538461538463;0.16220192307692308;0.197225;0.2103615384615385;0.22176923076923083;0.23062115384615386;0.2625480769230769;0.18192692307692307
2016-09-28T00:00:00.000Z;;;;;;;;;;;;
2016-10-01T00:00:00.000Z;0.12178846153846153;1.4459423076923077;0.06273846153846153;0.09907115384615385;0.11611538461538462;0.1583173076923077;0.1924134615384616;0.2054019230769231;0.2189346153846154;0.2262480769230769;0.2551115384615385;0.1758
2016-10-08T00:00:00.000Z;0.149;1.302;0.0890888888888889;0.13593333333333332;0.15937777777777778;0.19876666666666667;0.2356777777777778;0.2510222222222222;0.26663333333333333;0.2672111111111112;0.29694444444444446;0.22238888888888889
2016-10-11T00:00:00.000Z;0.11082692307692309;0.8247307692307693;0.058701923076923075;0.09566730769230769;0.11382500000000001;0.1525673076923077;0.18854423076923083;0.20066538461538466;0.21999615384615387;0.22142884615384612;0.2467538461538461;0.16867500000000002
2016-10-18T00:00:00.000Z;;;;;;;;;;;;
2016-10-21T00:00:00.000Z;;;;;;;;;;;;
2016-10-28T00:00:00.000Z;;;;;;;;;;;;
2016-10-31T00:00:00.000Z;0.09990384615384616;1.0906153846153843;0.05419038461538462;0.08313653846153847;0.09011153846153847;0.12582307692307693;0.17118846153846157;0.18378461538461538;0.19970000000000002;0.20153846153846158;0.2151096153846154;0.1482269230769231
2016-11-07T00:00:00.000Z;0.0779375;0.6857083333333334;0.06261458333333333;0.09406875;0.10413541666666667;0.13965625;0.19282708333333334;0.20643958333333332;0.2244375;0.22595833333333332;0.24140625000000002;0.17213958333333335
2016-11-10T00:00:00.000Z;0.07790384615384616;0.7385192307692308;0.048023076923076925;0.07746346153846154;0.08596730769230769;0.11871153846153844;0.1682076923076923;0.1815634615384616;0.19943461538461538;0.19854807692307694;0.20748846153846154;0.14278653846153844
2016-11-17T00:00:00.000Z;0.07200000000000001;0.9444807692307692;0.052475;0.08468269230769232;0.09447884615384616;0.12828653846153842;0.1769673076923077;0.19063653846153844;0.20457692307692307;0.20868653846153848;0.22661730769230773;0.1627346153846154
2016-11-20T00:00:00.000Z;;;;;;;;;;;;
2016-11-27T00:00:00.000Z;;;;;;;;;;;;
2016-11-30T00:00:00.000Z;;;;;;;;;;;;
2016-12-07T00:00:00.000Z;0.0889423076923077;1.0713076923076923;0.040286538461538464;0.06780769230769232;0.07340961538461538;0.10536153846153844;0.156525;0.17024423076923076;0.18077884615384612;0.1865576923076923;0.18934807692307692;0.1299846153846154
2016-12-10T00:00:00.000Z;;;;;;;;;;;;
2016-12-17T00:00:00.000Z;;;;;;;;;;;;
2016-12-20T00:00:00.000Z;0.07200000000000001;0.9275;0.03248653846153846;0.057563461538461536;0.06228269230769231;0.09279038461538462;0.14359807692307694;0.15694807692307694;0.17194615384615386;0.17145576923076924;0.16640384615384615;0.10958269230769231
2016-12-27T00:00:00.000Z;;;;;;;;;;;;
2016-12-30T00:00:00.000Z;0.07200000000000001;0.33;0.041100000000000005;0.04825;0.0456;0.061000000000000006;0.0908;0.09910000000000001;0.1063;0.1067;0.0966;0.07060000000000001
2017-01-16T00:00:00.000Z;0.06678846153846153;0.9222115384615385;0.04893653846153847;0.0754826923076923;0.08482884615384616;0.11531730769230769;0.16574807692307694;0.17999038461538464;0.19420192307692308;0.19690576923076925;0.2105865384615385;0.15301923076923077
2017-01-19T00:00:00.000Z;;;;;;;;;;;;
2017-01-26T00:00:00.000Z;;;;;;;;;;;;
2017-01-29T00:00:00.000Z;;;;;;;;;;;;
2017-02-05T00:00:00.000Z;;;;;;;;;;;;
2017-02-08T00:00:00.000Z;0.061;0.5382692307692307;0.04844423076923077;0.07235192307692308;0.08055576923076924;0.10804807692307693;0.15922115384615387;0.17264423076923077;0.1924076923076923;0.18857500000000002;0.20075576923076924;0.14310192307692307
2017-02-15T00:00:00.000Z;0.0889423076923077;0.7110769230769232;0.06732500000000001;0.09035769230769232;0.09844038461538462;0.1273826923076923;0.1760923076923077;0.19009615384615383;0.20471923076923082;0.20802307692307692;0.22081923076923082;0.16136153846153845
2017-02-18T00:00:00.000Z;;;;;;;;;;;;
2017-02-25T00:00:00.000Z;0.105;0.7858269230769231;0.055409615384615384;0.08439807692307694;0.09475576923076924;0.12501346153846157;0.17743076923076925;0.19218846153846159;0.20674807692307692;0.2097846153846154;0.2323480769230769;0.17009423076923078
2017-02-28T00:00:00.000Z;0.07790384615384616;0.9211538461538462;0.050471153846153846;0.07742307692307693;0.08641153846153847;0.11448653846153843;0.16659423076923077;0.18188076923076923;0.19665384615384612;0.1974384615384616;0.21151346153846154;0.15045576923076925
2017-03-07T00:00:00.000Z;;;;;;;;;;;;
2017-03-10T00:00:00.000Z;0.06678846153846153;0.5925384615384616;0.050313461538461536;0.07839807692307693;0.08795;0.11528461538461539;0.16917692307692309;0.18421346153846158;0.20233076923076926;0.20134807692307694;0.21859807692307692;0.1558634615384616
2017-03-17T00:00:00.000Z;;;;;;;;;;;;
2017-03-19T00:00:00.000Z;;;;;;;;;;;;
2017-03-20T00:00:00.000Z;0.11082692307692309;1.3235961538461538;0.05800576923076923;0.08784038461538463;0.09649807692307692;0.12941153846153844;0.18878076923076925;0.2070442307692308;0.21964615384615388;0.22633846153846154;0.2399788461538461;0.16975576923076924
2017-03-25T00:00:00.000Z;0.083;0.80825;0.061294230769230774;0.08814038461538462;0.09652115384615385;0.12787500000000002;0.18416730769230769;0.19939038461538466;0.2190076923076923;0.21731923076923082;0.23450384615384612;0.17265769230769232
2017-03-27T00:00:00.000Z;;;;;;;;;;;;
2017-03-30T00:00:00.000Z;0.05;0.6408269230769231;0.064975;0.09242307692307693;0.10160576923076925;0.13227115384615387;0.18829807692307693;0.20373653846153844;0.22083846153846154;0.2211942307692308;0.23356538461538462;0.1676269230769231
2017-04-01T00:00:00.000Z;0.105;0.6294423076923078;0.07057115384615385;0.10196346153846154;0.11341153846153844;0.14486730769230768;0.20377307692307695;0.2219692307692308;0.24249615384615386;0.24143846153846155;0.27306538461538465;0.204925
2017-04-06T00:00:00.000Z;0.061;1.039;0.0969;0.133825;0.14845;0.1795875;0.2340875;0.248725;0.2740375;0.2689125;0.28671250000000004;0.2167
2017-04-09T00:00:00.000Z;0.06678846153846153;0.9523461538461538;0.06714038461538462;0.09983269230769233;0.11087115384615386;0.14799615384615386;0.2111423076923077;0.23024615384615388;0.24969615384615387;0.25223076923076926;0.27197307692307693;0.19493653846153844
2017-04-11T00:00:00.000Z;0.13271153846153846;0.9231923076923076;0.07462115384615385;0.10603846153846158;0.11900000000000001;0.15397692307692307;0.21147115384615386;0.2314576923076923;0.2480288461538461;0.25128076923076925;0.2876980769230769;0.21536730769230772
2017-04-14T00:00:00.000Z;;;;;;;;;;;;
2017-04-16T00:00:00.000Z;;;;;;;;;;;;
2017-04-19T00:00:00.000Z;;;;;;;;;;;;
2017-04-21T00:00:00.000Z;0.0889423076923077;0.5391346153846154;0.08124807692307694;0.11240384615384615;0.12646153846153843;0.1595;0.21804807692307693;0.23544038461538463;0.2588076923076923;0.2576596153846154;0.2927461538461539;0.22059038461538463
2017-04-24T00:00:00.000Z;0.25840384615384615;1.5654615384615387;0.06715;0.10083653846153846;0.11238846153846158;0.14828653846153844;0.20748076923076925;0.2268288461538461;0.23883846153846153;0.24483846153846153;0.2679769230769231;0.19792307692307695
2017-04-26T00:00:00.000Z;;;;;;;;;;;;
2017-04-29T00:00:00.000Z;;;;;;;;;;;;
2017-05-01T00:00:00.000Z;0.12178846153846153;0.9834423076923077;0.07477500000000001;0.10900769230769232;0.11939038461538462;0.15465;0.2121346153846154;0.2302519230769231;0.24582115384615386;0.2481692307692308;0.2869442307692308;0.2153346153846154
2017-05-04T00:00:00.000Z;0.171;1.205326923076923;0.07187115384615385;0.10445384615384615;0.11417307692307693;0.14891538461538462;0.2069019230769231;0.22460576923076925;0.23771153846153847;0.2403980769230769;0.2664961538461539;0.19933269230769232
2017-05-06T00:00:00.000Z;0.116;0.8350961538461539;0.07663653846153846;0.11486538461538462;0.12846923076923078;0.16501538461538462;0.22182307692307693;0.2393615384615385;0.2558615384615385;0.26044423076923084;0.2972769230769231;0.22389423076923082
2017-05-09T00:00:00.000Z;0.105;1.4025192307692307;0.06504807692307693;0.10031923076923077;0.11250961538461539;0.1482673076923077;0.20615576923076925;0.22277115384615387;0.23313461538461538;0.24254423076923082;0.26864038461538464;0.19711153846153845
2017-05-11T00:00:00.000Z;;;;;;;;;;;;
2017-05-14T00:00:00.000Z;0.0889423076923077;1.4258653846153844;0.0745923076923077;0.10783653846153844;0.11974230769230769;0.15564807692307694;0.2145576923076923;0.2338326923076923;0.24884615384615386;0.25204038461538464;0.28578846153846155;0.21437307692307692
2017-05-16T00:00:00.000Z;;;;;;;;;;;;
2017-05-19T00:00:00.000Z;0.105;1.1574615384615385;0.07199615384615385;0.10679423076923077;0.11972884615384614;0.15804807692307693;0.2133826923076923;0.23044807692307692;0.24653076923076925;0.25129807692307693;0.28031346153846154;0.20287307692307693
2017-05-21T00:00:00.000Z;;;;;;;;;;;;
2017-05-24T00:00:00.000Z;0.11082692307692309;1.2686153846153843;0.07420961538461539;0.10726153846153844;0.12108076923076924;0.15606923076923077;0.20804615384615385;0.22604230769230774;0.24208846153846153;0.24514038461538462;0.28145576923076926;0.21160576923076924
2017-05-26T00:00:00.000Z;0.30740384615384614;1.4856346153846158;0.08065384615384616;0.12580769230769231;0.14360576923076923;0.185275;0.23854807692307692;0.2553846153846154;0.266525;0.2787557692307692;0.3205019230769231;0.23970192307692312
2017-05-29T00:00:00.000Z;0.094;1.5515576923076924;0.07739423076923077;0.110825;0.12499615384615387;0.1621846153846154;0.2096596153846154;0.226075;0.23747307692307693;0.24660384615384612;0.27999807692307693;0.20310384615384613
2017-06-03T00:00:00.000Z;;;;;;;;;;;;
2017-06-05T00:00:00.000Z;0.055480769230769236;1.0228076923076923;0.08498076923076923;0.12413846153846157;0.14210576923076926;0.1808673076923077;0.2289865384615385;0.24661730769230772;0.2610365384615385;0.2674826923076923;0.320675;0.24104615384615385
2017-06-08T00:00:00.000Z;0.094;1.43875;0.07413269230769232;0.10936538461538463;0.12479615384615386;0.16222692307692307;0.20579615384615388;0.2226346153846154;0.2362346153846154;0.24286730769230772;0.28375;0.2060076923076923
2017-06-10T00:00:00.000Z;0.231;2.073673076923077;0.09497307692307692;0.1310173076923077;0.14792115384615387;0.18466538461538465;0.23301346153846153;0.25389038461538466;0.26074615384615385;0.27333076923076927;0.32583076923076926;0.2474846153846154
2017-06-13T00:00:00.000Z;0.09990384615384616;1.90825;0.079375;0.113;0.1285519230769231;0.1634384615384616;0.2085846153846154;0.22530961538461539;0.2353846153846154;0.24475576923076925;0.29184038461538464;0.22063846153846153
2017-06-15T00:00:00.000Z;0.18715384615384617;1.6663653846153843;0.08893269230769231;0.1299326923076923;0.14971538461538464;0.18983461538461538;0.23384038461538462;0.2506846153846154;0.2587884615384615;0.2733365384615385;0.3283269230769231;0.24861923076923081
2017-06-18T00:00:00.000Z;0.13271153846153846;2.0202692307692307;0.0787576923076923;0.11343076923076924;0.13015192307692308;0.1675346153846154;0.2098730769230769;0.22509038461538464;0.2327076923076923;0.2459538461538461;0.2909192307692308;0.2104480769230769
2017-06-20T00:00:00.000Z;0.21478846153846154;2.2115576923076925;0.09312115384615385;0.13229423076923078;0.15253076923076925;0.19364807692307695;0.2368980769230769;0.25641153846153847;0.26501923076923084;0.27981538461538463;0.3423038461538461;0.2597942307692308
2017-06-23T00:00:00.000Z;0.182;1.9627692307692308;0.07960384615384616;0.11294038461538462;0.1308576923076923;0.16804807692307694;0.2099519230769231;0.22817115384615386;0.23767692307692312;0.24784423076923082;0.29828653846153846;0.22232307692307693
2017-06-25T00:00:00.000Z;;;;;;;;;;;;
2017-06-28T00:00:00.000Z;0.0889423076923077;1.4312115384615387;0.07588653846153846;0.11238653846153844;0.13157115384615387;0.16980769230769233;0.2102538461538461;0.2255480769230769;0.23822307692307693;0.24734615384615388;0.2933;0.21155000000000002
2017-06-30T00:00:00.000Z;0.055480769230769236;0.9014230769230768;0.09539038461538463;0.132525;0.1548634615384616;0.19317115384615385;0.2365942307692308;0.2522673076923077;0.27276538461538463;0.2753115384615385;0.3380096153846154;0.25843653846153847
2017-07-03T00:00:00.000Z;0.0889423076923077;1.2212307692307693;0.07781923076923078;0.11317692307692308;0.13224615384615387;0.16865576923076925;0.21066730769230774;0.22733461538461538;0.24421153846153848;0.24762115384615388;0.2964423076923077;0.22062500000000002
2017-07-05T00:00:00.000Z;0.182;1.5274423076923076;0.09120192307692308;0.13203653846153843;0.15425384615384616;0.19614807692307692;0.2355442307692308;0.2524615384615385;0.2620269230769231;0.2763365384615385;0.3293653846153846;0.2434
2017-07-10T00:00:00.000Z;0.116;1.682076923076923;0.09348076923076924;0.132025;0.15305576923076925;0.192;0.2326;0.2518076923076923;0.2632288461538461;0.27301730769230775;0.3371596153846154;0.2562173076923077
2017-07-13T00:00:00.000Z;0.26390384615384616;1.9038269230769231;0.07838269230769232;0.11486538461538462;0.1352173076923077;0.17315576923076925;0.21306538461538463;0.22993846153846154;0.23970000000000002;0.2503769230769231;0.2963980769230769;0.21763846153846153
2017-07-15T00:00:00.000Z;0.19809615384615384;1.7525961538461539;0.0881923076923077;0.1306;0.15329038461538463;0.19523269230769233;0.23398076923076924;0.2500596153846154;0.2580615384615385;0.27389807692307694;0.3274115384615385;0.24138076923076926
2017-07-18T00:00:00.000Z;0.30720512820512824;1.398871794871795;0.08595897435897436;0.11778461538461539;0.1474769230769231;0.1947923076923077;0.2393948717948718;0.2594;0.2523435897435897;0.28474871794871803;0.3193538461538461;0.2294641025641026
2017-07-20T00:00:00.000Z;0.0889423076923077;1.797923076923077;0.09264807692307692;0.13191538461538463;0.15389038461538462;0.19455576923076925;0.23356346153846153;0.2516269230769231;0.2624096153846154;0.27440000000000003;0.3385115384615385;0.25557115384615386
2017-07-23T00:00:00.000Z;0.2583125;1.548125;0.042987500000000005;0.06203125;0.06950625;0.08848125;0.11445625000000001;0.13218125;0.1349625;0.1544375;0.16718125;0.12498125
2017-07-25T00:00:00.000Z;0.13271153846153846;2.3310961538461537;0.08889423076923078;0.12845769230769233;0.15103653846153844;0.19575192307692307;0.23399615384615388;0.2497538461538461;0.25451346153846155;0.2732442307692308;0.3321692307692308;0.24249615384615386
2017-07-28T00:00:00.000Z;0.231;1.4830384615384615;0.06984615384615385;0.10619038461538462;0.12688461538461537;0.16683846153846157;0.20486346153846152;0.21975;0.23266538461538464;0.2433269230769231;0.28981923076923083;0.20459038461538465
2017-07-30T00:00:00.000Z;0.116;1.4378269230769232;0.09192115384615385;0.13025384615384614;0.15245192307692307;0.19258269230769232;0.23121538461538463;0.2490076923076923;0.2624192307692308;0.2711730769230769;0.33131346153846153;0.2486980769230769
2017-08-02T00:00:00.000Z;;;;;;;;;;;;
2017-08-04T00:00:00.000Z;0.19809615384615384;1.6247307692307693;0.08416923076923077;0.12830384615384616;0.15195576923076926;0.1971173076923077;0.23399807692307692;0.24966538461538462;0.2595596153846154;0.27423846153846154;0.33019615384615386;0.2413846153846154
2017-08-07T00:00:00.000Z;0.242;2.312942307692308;0.07230769230769231;0.11193076923076924;0.13297884615384614;0.1754826923076923;0.2108365384615385;0.22623846153846153;0.23185;0.24928461538461538;0.28642500000000004;0.19985961538461536
2017-08-09T00:00:00.000Z;0.19815384615384615;2.048269230769231;0.09334615384615386;0.13425576923076923;0.15644423076923078;0.20205192307692307;0.24094038461538464;0.2590038461538461;0.269025;0.2819538461538461;0.3389153846153846;0.24862884615384612
2017-08-12T00:00:00.000Z;0.182;1.8289615384615383;0.071425;0.10991346153846157;0.1299846153846154;0.17147884615384615;0.20946538461538464;0.22478076923076926;0.23746923076923082;0.2458865384615385;0.288775;0.2104538461538461
2017-08-14T00:00:00.000Z;0.27326923076923076;2.238403846153846;0.08153461538461539;0.12634615384615386;0.14991538461538462;0.1946942307692308;0.2313076923076923;0.24719615384615387;0.2523730769230769;0.27126538461538463;0.318625;0.23037115384615386
2017-08-17T00:00:00.000Z;0.18715384615384617;2.5189230769230773;0.07094423076923077;0.10813653846153844;0.12756346153846157;0.1705076923076923;0.20428076923076924;0.21766538461538462;0.22378076923076926;0.2411730769230769;0.2784923076923077;0.19565961538461538
2017-08-19T00:00:00.000Z;0.19809615384615384;2.643846153846154;0.08950769230769232;0.1264923076923077;0.14705000000000001;0.19053846153846157;0.22494038461538463;0.24330576923076924;0.24738846153846153;0.26584807692307694;0.3201307692307693;0.23622884615384612
2017-08-22T00:00:00.000Z;0.09990384615384616;1.9379807692307693;0.07542115384615385;0.11001153846153844;0.1286673076923077;0.1685846153846154;0.20407115384615385;0.21979423076923083;0.23068076923076924;0.2405076923076923;0.28208653846153847;0.20496923076923082
2017-08-24T00:00:00.000Z;0.105;1.7676153846153844;0.08415769230769231;0.12368846153846158;0.14572884615384615;0.18648076923076926;0.22201538461538464;0.23720000000000002;0.2451288461538461;0.2599153846153846;0.3092711538461539;0.22694230769230772
2017-08-27T00:00:00.000Z;;;;;;;;;;;;
2017-08-29T00:00:00.000Z;;;;;;;;;;;;
2017-09-01T00:00:00.000Z;0.258;2.6462222222222223;0.058055555555555555;0.07974444444444445;0.09348888888888889;0.12375555555555558;0.14728888888888889;0.16094444444444445;0.16340000000000002;0.17835555555555557;0.2315333333333333;0.1605666666666667
2017-09-03T00:00:00.000Z;0.2582307692307692;1.6670192307692306;0.08623653846153846;0.12471153846153843;0.1383423076923077;0.18390961538461537;0.2294865384615385;0.24622115384615387;0.2534730769230769;0.26748653846153847;0.2935673076923077;0.21069038461538464
2017-09-06T00:00:00.000Z;;;;;;;;;;;;
2017-09-08T00:00:00.000Z;0.5082307692307693;1.8373076923076923;0.07790576923076924;0.11513653846153843;0.13188846153846157;0.17693846153846157;0.22763846153846154;0.24862307692307692;0.2580076923076923;0.27001153846153847;0.3182153846153846;0.22899230769230772
2017-09-11T00:00:00.000Z;0.105;1.4169807692307692;0.06326730769230769;0.09598461538461539;0.10865000000000001;0.14476538461538463;0.18930384615384613;0.20288269230769232;0.2173846153846154;0.2196865384615385;0.2598288461538461;0.19279038461538464
2017-09-13T00:00:00.000Z;0.16;1.7612115384615386;0.06927692307692307;0.10798269230769232;0.12358269230769231;0.16305769230769232;0.2073980769230769;0.22255;0.22909615384615387;0.24318076923076926;0.2867019230769231;0.21155000000000002
2017-09-16T00:00:00.000Z;0.138;1.4158076923076923;0.06730576923076922;0.10111346153846154;0.11263076923076924;0.15073846153846157;0.19215576923076924;0.2050788461538461;0.2174230769230769;0.22384615384615386;0.25551538461538464;0.18122307692307693
2017-09-18T00:00:00.000Z;0.16540384615384615;1.1406153846153844;0.07430961538461539;0.10914423076923077;0.12530961538461538;0.16131346153846157;0.20491153846153848;0.22258653846153847;0.2362346153846154;0.2406519230769231;0.2899923076923077;0.21725
2017-09-21T00:00:00.000Z;0.171;1.5897692307692308;0.06491538461538462;0.09688076923076924;0.10985192307692308;0.1465173076923077;0.18966538461538465;0.20499615384615386;0.21817307692307691;0.22255961538461538;0.26069038461538463;0.19023269230769232
2017-09-23T00:00:00.000Z;;;;;;;;;;;;
2017-09-26T00:00:00.000Z;0.15448076923076923;1.5658461538461539;0.06069230769230769;0.09550576923076924;0.10942307692307693;0.14743269230769232;0.18995384615384614;0.20319423076923082;0.21432307692307692;0.22243846153846153;0.2556769230769231;0.17874615384615386
2017-09-28T00:00:00.000Z;0.18715384615384617;2.352461538461539;0.08295000000000001;0.12064423076923077;0.13583076923076925;0.18032115384615385;0.22905;0.24786923076923081;0.25568846153846153;0.269725;0.3262326923076923;0.23991730769230774
2017-10-01T00:00:00.000Z;;;;;;;;;;;;
2017-10-03T00:00:00.000Z;0.138;2.181692307692308;0.06514423076923077;0.10236346153846154;0.11794807692307693;0.15895769230769233;0.19823076923076924;0.21155576923076924;0.21679423076923082;0.2328576923076923;0.27668846153846155;0.20055769230769233
2017-10-06T00:00:00.000Z;0.105;1.0718076923076925;0.057069230769230775;0.09154423076923077;0.10442115384615386;0.1403596153846154;0.18002115384615386;0.19458653846153845;0.20907307692307692;0.2133076923076923;0.24365576923076926;0.17083269230769232
2017-10-08T00:00:00.000Z;0.1436346153846154;1.5325576923076925;0.07189807692307693;0.10465576923076925;0.11887692307692307;0.15678653846153845;0.19658461538461536;0.21281923076923082;0.22401923076923083;0.2308826923076923;0.2757;0.20187884615384613
2017-10-11T00:00:00.000Z;0.1436346153846154;1.4225192307692307;0.061225;0.09160192307692308;0.10446153846153844;0.13902115384615385;0.1800326923076923;0.1941826923076923;0.20835;0.21191153846153848;0.24516346153846152;0.17718076923076925
2017-10-13T00:00:00.000Z;0.182;1.8013846153846158;0.06275384615384616;0.09990384615384616;0.11503269230769231;0.15295576923076926;0.19346153846153843;0.2068519230769231;0.2136365384615385;0.22702115384615387;0.2651230769230769;0.19282115384615384
2017-10-16T00:00:00.000Z;0.127;1.1242115384615385;0.05433269230769231;0.08776538461538462;0.09950769230769232;0.13542307692307692;0.1745134615384616;0.1871923076923077;0.20194615384615383;0.20522500000000002;0.23520192307692311;0.16389423076923076
2017-10-18T00:00:00.000Z;;;;;;;;;;;;
2017-10-21T00:00:00.000Z;0.094;1.9095;0.05639423076923077;0.08673653846153846;0.09823846153846154;0.1339826923076923;0.17468076923076925;0.1878826923076923;0.1992423076923077;0.20476538461538465;0.23902500000000002;0.17206153846153843
2017-10-23T00:00:00.000Z;0.11043750000000001;1.236;0.11748750000000001;0.13326875000000002;0.1386375;0.1620375;0.18528750000000002;0.1899;0.20063125;0.20075;0.2302625;0.1721375
2017-10-26T00:00:00.000Z;0.0889423076923077;0.774;0.051953846153846156;0.08545;0.09694615384615385;0.13169615384615385;0.17259038461538462;0.18428461538461538;0.20348461538461537;0.20355961538461537;0.2275538461538461;0.15822307692307694
2017-10-28T00:00:00.000Z;0.0889423076923077;1.4065384615384615;0.06528461538461539;0.09223076923076924;0.10380576923076924;0.13858846153846158;0.17702115384615386;0.19095192307692307;0.2024923076923077;0.2068365384615385;0.24654038461538463;0.17954038461538463
2017-10-31T00:00:00.000Z;;;;;;;;;;;;
2017-11-02T00:00:00.000Z;;;;;;;;;;;;
2017-11-05T00:00:00.000Z;0.0889423076923077;1.2357500000000001;0.04924807692307692;0.08192884615384616;0.09304423076923077;0.12849807692307694;0.16804038461538462;0.18048846153846157;0.1954384615384616;0.1992384615384616;0.22252115384615387;0.15408076923076924
2017-11-07T00:00:00.000Z;0.083;0.6764038461538462;0.06123076923076923;0.09184423076923076;0.1041423076923077;0.13570576923076924;0.17889423076923078;0.19015961538461537;0.20948653846153847;0.20902884615384612;0.24380576923076924;0.17859807692307694
2017-11-10T00:00:00.000Z;0.07790384615384616;0.7387115384615385;0.05225769230769231;0.08135769230769231;0.09196923076923076;0.12464807692307693;0.16684615384615387;0.17973269230769232;0.20019615384615386;0.19606153846153843;0.21960384615384612;0.15936346153846156
2017-11-12T00:00:00.000Z;0.083;0.5967307692307693;0.053886538461538465;0.08886730769230769;0.10185769230769233;0.13547884615384614;0.1747826923076923;0.18768076923076923;0.2058423076923077;0.20637115384615387;0.23369038461538463;0.1692346153846154
2017-11-15T00:00:00.000Z;0.07790384615384616;0.4670769230769231;0.0485;0.08076923076923077;0.09079038461538462;0.12280769230769231;0.16535769230769232;0.17631153846153844;0.19844615384615386;0.19419615384615385;0.21137115384615388;0.14621923076923077
2017-11-17T00:00:00.000Z;0.09990384615384616;0.9011923076923076;0.05886923076923078;0.08940961538461538;0.10153653846153847;0.133475;0.17733076923076924;0.19151346153846158;0.207375;0.2081538461538461;0.2388288461538461;0.17340576923076925
2017-11-20T00:00:00.000Z;0.07790384615384616;0.7261538461538461;0.05075384615384616;0.08013269230769231;0.08974038461538462;0.1234173076923077;0.16702307692307694;0.17818076923076925;0.19885384615384613;0.19646538461538465;0.2159769230769231;0.15252307692307693
2017-11-22T00:00:00.000Z;0.09990384615384616;0.5807307692307693;0.058600000000000006;0.09257884615384616;0.10618461538461539;0.14080192307692307;0.1820884615384616;0.19453846153846158;0.2124788461538461;0.21232307692307692;0.2331096153846154;0.17018846153846157
2017-11-25T00:00:00.000Z;;;;;;;;;;;;
2017-11-27T00:00:00.000Z;;;;;;;;;;;;
2017-11-30T00:00:00.000Z;0.083;0.748;0.05116857142857143;0.08074285714285714;0.08763428571428572;0.12625428571428574;0.17619142857142858;0.18961142857142857;0.21263428571428572;0.20850000000000002;0.2028;0.13934000000000002
2017-12-02T00:00:00.000Z;0.07790384615384616;0.5766923076923077;0.05013653846153847;0.08379038461538463;0.09548461538461539;0.13089615384615386;0.17378653846153844;0.18456538461538466;0.20395384615384612;0.20380192307692307;0.21699615384615387;0.1566326923076923
2017-12-05T00:00:00.000Z;0.07790384615384616;0.4180961538461539;0.04555192307692308;0.07607692307692307;0.08495;0.11881538461538463;0.16196923076923078;0.17542115384615387;0.1967423076923077;0.19222692307692307;0.19498076923076924;0.13414038461538463
2017-12-07T00:00:00.000Z;0.094;0.4888461538461539;0.07202307692307693;0.10023269230769233;0.11135;0.14597884615384615;0.19281923076923083;0.20549230769230772;0.22771730769230772;0.22643076923076924;0.24625576923076925;0.19518461538461537
2017-12-10T00:00:00.000Z;;;;;;;;;;;;
2017-12-12T00:00:00.000Z;0.083;0.5144230769230769;0.04907692307692308;0.08160192307692307;0.09352307692307692;0.13056153846153842;0.17418461538461538;0.18570961538461536;0.20545000000000002;0.20536346153846152;0.213975;0.1525673076923077
2017-12-15T00:00:00.000Z;0.0889423076923077;1.3588076923076924;0.045155769230769235;0.07661538461538463;0.08546346153846154;0.12439038461538462;0.16880384615384614;0.17894807692307693;0.19366923076923082;0.19661153846153845;0.20255;0.1397923076923077
2017-12-17T00:00:00.000Z;0.07790384615384616;0.5610192307692308;0.05435961538461538;0.08224807692307694;0.09335961538461539;0.1278269230769231;0.17477115384615385;0.18571538461538464;0.2075692307692308;0.2049769230769231;0.2192769230769231;0.1570673076923077
2017-12-20T00:00:00.000Z;0.083;0.9886538461538462;0.049175;0.07641923076923078;0.08502307692307694;0.12125384615384614;0.168875;0.181375;0.1989884615384616;0.1982076923076923;0.2039423076923077;0.14315576923076925
2017-12-22T00:00:00.000Z;0.07790384615384616;1.0689038461538463;0.05098269230769231;0.0831423076923077;0.09380192307692309;0.13010384615384615;0.17336538461538462;0.18588653846153844;0.19822692307692308;0.2052942307692308;0.2176769230769231;0.15524615384615387
2017-12-25T00:00:00.000Z;0.0889423076923077;1.0381923076923076;0.04569038461538461;0.07496538461538463;0.08335769230769231;0.11804615384615386;0.1610346153846154;0.17242307692307693;0.18814615384615385;0.1901384615384616;0.19460961538461538;0.13177307692307694
2017-12-27T00:00:00.000Z;0.06678846153846153;0.7916730769230769;0.06501923076923077;0.09278461538461538;0.10158653846153846;0.1382596153846154;0.18721346153846158;0.19963461538461535;0.2179769230769231;0.21825961538461539;0.23594038461538464;0.16885
2017-12-30T00:00:00.000Z;0.06678846153846153;1.3209038461538463;0.051263461538461536;0.07555192307692307;0.08330576923076922;0.11775192307692307;0.16229807692307693;0.17482307692307694;0.18871153846153843;0.19101153846153843;0.2050442307692308;0.1435134615384616
2018-01-01T00:00:00.000Z;0.07200000000000001;0.5729423076923077;0.05102884615384616;0.08325192307692307;0.09453461538461538;0.12921346153846158;0.17414615384615387;0.18573269230769232;0.20305384615384614;0.20421538461538466;0.2193596153846154;0.15658846153846157
2018-01-04T00:00:00.000Z;0.07200000000000001;1.2164038461538462;0.04513846153846154;0.07500192307692308;0.08366346153846153;0.11840192307692307;0.16219615384615385;0.17304615384615388;0.18647692307692307;0.19033461538461538;0.19890961538461538;0.13563076923076925
2018-01-06T00:00:00.000Z;;;;;;;;;;;;
2018-01-09T00:00:00.000Z;;;;;;;;;;;;
2018-01-11T00:00:00.000Z;0.089;0.707;0.0864;0.129;0.1388;0.1824;0.23190000000000002;0.24300000000000002;0.2742;0.26280000000000003;0.2594;0.18080000000000002
2018-01-14T00:00:00.000Z;;;;;;;;;;;;
2018-01-16T00:00:00.000Z;0.083;1.2073076923076924;0.052950000000000004;0.08135576923076923;0.09174038461538463;0.12608846153846157;0.17328653846153844;0.18584423076923082;0.1992942307692308;0.20366153846153845;0.21989038461538463;0.15735192307692308
2018-01-19T00:00:00.000Z;;;;;;;;;;;;
2018-01-21T00:00:00.000Z;0.07790384615384616;1.2716538461538462;0.05161346153846154;0.08393269230769232;0.09493846153846154;0.13183846153846157;0.1754519230769231;0.1877519230769231;0.19908653846153843;0.20638076923076926;0.2239596153846154;0.16184423076923077
2018-01-24T00:00:00.000Z;0.083;0.7540961538461538;0.04606346153846154;0.07452692307692307;0.08277307692307694;0.11597692307692307;0.1609596153846154;0.1729826923076923;0.18973076923076926;0.19007307692307693;0.19557307692307693;0.13528076923076923
2018-01-26T00:00:00.000Z;0.055480769230769236;0.797;0.06299807692307693;0.0891923076923077;0.10019615384615385;0.13233269230769232;0.18169807692307693;0.1935673076923077;0.2116346153846154;0.21249230769230773;0.2352942307692308;0.17181538461538462
2018-01-29T00:00:00.000Z;0.11082692307692309;1.0700384615384615;0.06502692307692308;0.08752884615384617;0.0900423076923077;0.12525;0.174025;0.18920192307692307;0.2055923076923077;0.20470961538461538;0.20134807692307694;0.13513076923076925
2018-01-31T00:00:00.000Z;0.12178846153846153;0.6928653846153846;0.055244230769230775;0.085875;0.09657307692307693;0.13351538461538462;0.18101538461538466;0.19567884615384612;0.2117326923076923;0.2157038461538461;0.226575;0.15701153846153842
2018-02-05T00:00:00.000Z;;;;;;;;;;;;
2018-02-08T00:00:00.000Z;0.094;0.54225;0.04905;0.07599615384615385;0.08439038461538462;0.11808076923076924;0.16660384615384616;0.1792576923076923;0.20110769230769232;0.197;0.20795961538461538;0.14847115384615386
2018-02-10T00:00:00.000Z;;;;;;;;;;;;
2018-02-13T00:00:00.000Z;0.09990384615384616;0.680923076923077;0.045809615384615386;0.07653076923076924;0.08635576923076924;0.12005961538461539;0.16670192307692308;0.17827692307692308;0.1968769230769231;0.1951826923076923;0.20650576923076924;0.14334230769230769
2018-02-15T00:00:00.000Z;0.094;1.3638653846153843;0.06125384615384616;0.09149038461538463;0.10220769230769232;0.1365;0.18280384615384612;0.1964634615384616;0.20829038461538463;0.214975;0.24368846153846155;0.17953076923076924
2018-02-18T00:00:00.000Z;;;;;;;;;;;;
2018-02-20T00:00:00.000Z;0.09990384615384616;1.3191538461538461;0.05836730769230769;0.091425;0.10379423076923076;0.13943653846153845;0.1884673076923077;0.20113269230769232;0.2111365384615385;0.21979423076923083;0.2436538461538461;0.17901538461538463
2018-02-23T00:00:00.000Z;0.083;0.21098076923076922;0.04974423076923077;0.08032692307692307;0.09084038461538463;0.12118846153846158;0.16915;0.18235;0.2071730769230769;0.1991923076923077;0.2119826923076923;0.1501923076923077
2018-02-25T00:00:00.000Z;0.138;0.42061538461538467;0.06652884615384616;0.09455961538461538;0.10756538461538462;0.14015;0.18848653846153843;0.20303461538461537;0.22472115384615388;0.22165576923076924;0.24996730769230774;0.18387884615384614
2018-02-28T00:00:00.000Z;0.116;1.7509038461538462;0.05182307692307693;0.07359615384615385;0.07865;0.11227115384615387;0.16105769230769232;0.1768923076923077;0.18865769230769233;0.19518653846153844;0.19029423076923083;0.12221923076923077
2018-03-02T00:00:00.000Z;;;;;;;;;;;;
2018-03-05T00:00:00.000Z;;;;;;;;;;;;
2018-03-07T00:00:00.000Z;0.09985714285714287;0.6144857142857143;0.06790857142857143;0.09920857142857145;0.11035428571428572;0.14765142857142854;0.2033057142857143;0.22029428571428572;0.24293142857142858;0.2434514285714285;0.2844514285714285;0.20833142857142858
2018-03-10T00:00:00.000Z;0.09990384615384616;1.4403653846153843;0.06911923076923078;0.09826538461538463;0.10576346153846157;0.1403096153846154;0.19543076923076924;0.2137038461538461;0.2274576923076923;0.2313538461538461;0.2612615384615385;0.18830769230769231
2018-03-12T00:00:00.000Z;;;;;;;;;;;;
2018-03-15T00:00:00.000Z;;;;;;;;;;;;
2018-03-17T00:00:00.000Z;;;;;;;;;;;;
2018-03-20T00:00:00.000Z;0.09990384615384616;0.5840961538461539;0.06483461538461538;0.09087692307692309;0.09984230769230769;0.13198076923076923;0.18742115384615385;0.20125576923076924;0.2247269230769231;0.22144230769230772;0.23736730769230774;0.17127692307692308
2018-03-22T00:00:00.000Z;0.12178846153846153;0.3515769230769231;0.06498846153846154;0.10098846153846154;0.11357500000000001;0.14609807692307694;0.1971423076923077;0.21125192307692311;0.23182115384615387;0.23012307692307693;0.2608423076923077;0.1940423076923077
2018-03-25T00:00:00.000Z;;;;;;;;;;;;
2018-03-27T00:00:00.000Z;0.11082692307692309;1.28675;0.07196153846153847;0.10529038461538462;0.11770961538461538;0.1504096153846154;0.20406153846153843;0.21944038461538462;0.23203846153846153;0.23610576923076926;0.2779076923076923;0.2115269230769231
2018-03-30T00:00:00.000Z;0.07200000000000001;1.0309615384615385;0.07954230769230769;0.10782692307692307;0.11696730769230769;0.15277307692307693;0.2112076923076923;0.22825;0.2488846153846154;0.2474192307692308;0.27355576923076924;0.20138076923076925
2018-04-01T00:00:00.000Z;;;;;;;;;;;;
2018-04-04T00:00:00.000Z;0.16;0.7468269230769231;0.0665;0.09966538461538463;0.11238653846153844;0.1472173076923077;0.20105769230769233;0.21652307692307693;0.23516923076923082;0.23495000000000002;0.25898461538461537;0.18793076923076923
2018-04-06T00:00:00.000Z;;;;;;;;;;;;
2018-04-09T00:00:00.000Z;;;;;;;;;;;;
2018-04-11T00:00:00.000Z;;;;;;;;;;;;
2018-04-14T00:00:00.000Z;0.094;0.7232307692307693;0.06437692307692308;0.09710192307692309;0.10827500000000001;0.1420326923076923;0.19386346153846157;0.20793653846153848;0.22549615384615387;0.22616346153846154;0.2499480769230769;0.1803134615384616
2018-04-16T00:00:00.000Z;0.13271153846153846;0.9554615384615385;0.09054807692307693;0.12550769230769232;0.1388346153846154;0.17770769230769232;0.23879807692307692;0.25552115384615387;0.2749923076923077;0.27764230769230774;0.3232538461538461;0.2441365384615385
2018-04-19T00:00:00.000Z;0.19809615384615384;1.3297307692307694;0.07960384615384616;0.1116173076923077;0.12357307692307694;0.15946538461538462;0.21669038461538462;0.23472884615384612;0.24913076923076924;0.25155384615384613;0.28200576923076925;0.21009230769230772
2018-04-21T00:00:00.000Z;;;;;;;;;;;;
2018-04-24T00:00:00.000Z;0.2800192307692308;1.3876538461538461;0.06333653846153847;0.10124615384615385;0.11463653846153843;0.15087692307692308;0.20396538461538466;0.21992115384615388;0.2319576923076923;0.2389788461538461;0.26446923076923085;0.19033653846153845
2018-04-26T00:00:00.000Z;0.3997884615384616;1.950826923076923;0.1143423076923077;0.16456153846153843;0.17881923076923076;0.2361576923076923;0.31319615384615385;0.33787500000000004;0.34106153846153847;0.3626961538461539;0.3930846153846154;0.28799615384615385
2018-04-29T00:00:00.000Z;0.105;0.8164615384615385;0.08051153846153847;0.11406538461538462;0.12654615384615386;0.16259807692307693;0.22078653846153848;0.23741346153846155;0.2612038461538461;0.2573076923076923;0.28503076923076925;0.2065980769230769
2018-05-01T00:00:00.000Z;;;;;;;;;;;;
2018-05-04T00:00:00.000Z;0.083;1.0521538461538462;0.07375961538461538;0.1069673076923077;0.1210173076923077;0.15658461538461538;0.2072596153846154;0.22298076923076926;0.23891538461538464;0.24330000000000002;0.2751230769230769;0.201075
2018-05-06T00:00:00.000Z;;;;;;;;;;;;
2018-05-09T00:00:00.000Z;0.22563461538461538;1.9895961538461535;0.08653846153846154;0.11867692307692308;0.13109423076923077;0.17044038461538463;0.224475;0.24475000000000002;0.2545769230769231;0.262625;0.3040192307692308;0.22244615384615388
2018-05-11T00:00:00.000Z;0.26915384615384613;1.4498846153846157;0.07946153846153847;0.11812500000000001;0.1335346153846154;0.17326538461538463;0.22509807692307693;0.24147692307692312;0.25139230769230775;0.2623596153846154;0.2974307692307693;0.21768076923076926
2018-05-14T00:00:00.000Z;;;;;;;;;;;;
2018-05-16T00:00:00.000Z;0.13271153846153846;1.4162692307692308;0.08838846153846154;0.12540384615384614;0.14262115384615387;0.17907692307692308;0.22875576923076926;0.2469096153846154;0.2587615384615385;0.2647096153846154;0.3229096153846154;0.2502942307692308
2018-05-19T00:00:00.000Z;;;;;;;;;;;;
2018-05-21T00:00:00.000Z;0.105;1.3703461538461539;0.09694423076923077;0.1365673076923077;0.15497115384615387;0.19692115384615386;0.24609038461538463;0.26459230769230774;0.277325;0.2885576923076923;0.3428076923076923;0.2584
2018-05-24T00:00:00.000Z;;;;;;;;;;;;
2018-05-26T00:00:00.000Z;0.22;1.8262121212121207;0.25974848484848484;0.2729121212121212;0.2881939393939394;0.32225454545454546;0.3560060606060606;0.3758121212121212;0.3599757575757576;0.3929848484848485;0.4364515151515152;0.3506151515151515
2018-05-29T00:00:00.000Z;0.3780384615384616;1.9150384615384612;0.08173461538461539;0.12095;0.13670961538461537;0.18247307692307693;0.23929423076923081;0.2592115384615385;0.2727307692307693;0.28239615384615385;0.32646153846153847;0.23793076923076925
2018-05-31T00:00:00.000Z;;;;;;;;;;;;
2018-06-03T00:00:00.000Z;;;;;;;;;;;;
2018-06-05T00:00:00.000Z;;;;;;;;;;;;
2018-06-08T00:00:00.000Z;0.171;2.011076923076923;0.09490576923076924;0.13661346153846157;0.1528576923076923;0.19942884615384612;0.26353846153846155;0.2859826923076923;0.29726538461538465;0.3085442307692308;0.34931346153846154;0.2585807692307692
2018-06-10T00:00:00.000Z;0.2806923076923077;1.5095;0.08687500000000001;0.1360596153846154;0.15389807692307694;0.2015;0.25732307692307693;0.2747769230769231;0.2860576923076923;0.29623846153846156;0.3485442307692308;0.259875
2018-06-13T00:00:00.000Z;0.061;1.2960769230769231;0.07757884615384616;0.11474038461538462;0.12895;0.16802692307692307;0.21815576923076924;0.2337519230769231;0.2469269230769231;0.2532903846153846;0.2895192307692308;0.21344038461538464
2018-06-15T00:00:00.000Z;0.055480769230769236;1.8230192307692308;0.09442692307692309;0.13226538461538462;0.14884615384615385;0.18965;0.2413769230769231;0.26164038461538464;0.2708769230769231;0.2804923076923077;0.33859423076923084;0.2616692307692308
2018-06-18T00:00:00.000Z;0.13271153846153846;1.6896153846153843;0.08472884615384615;0.12001538461538462;0.13475576923076923;0.1707846153846154;0.22219230769230772;0.24121538461538464;0.2520807692307693;0.25948653846153846;0.29581538461538465;0.22403846153846155
2018-06-20T00:00:00.000Z;0.083;1.5980576923076923;0.09082884615384616;0.13275769230769233;0.15107884615384615;0.19430769230769232;0.24502307692307693;0.2629038461538461;0.27274615384615386;0.2862480769230769;0.33434807692307694;0.25254615384615386
2018-06-23T00:00:00.000Z;0.11082692307692309;1.46075;0.07943461538461538;0.11643846153846157;0.1318153846153846;0.1699326923076923;0.2209096153846154;0.2375826923076923;0.24874230769230773;0.25720000000000004;0.2891153846153846;0.21119615384615387
2018-06-25T00:00:00.000Z;0.302;1.83875;0.09421923076923076;0.13344423076923076;0.15108076923076924;0.19129615384615384;0.24254423076923082;0.2641923076923077;0.2738326923076923;0.28390000000000004;0.3312903846153846;0.2525365384615385
2018-06-28T00:00:00.000Z;;;;;;;;;;;;
2018-06-30T00:00:00.000Z;0.26915384615384613;2.200769230769231;0.08970769230769231;0.13279423076923078;0.15214423076923078;0.19609615384615384;0.24500576923076925;0.2639403846153846;0.268475;0.28568461538461537;0.33332307692307694;0.24728653846153847
2018-07-03T00:00:00.000Z;0.193;1.2627692307692306;0.07539807692307693;0.11457307692307693;0.13219615384615385;0.17048653846153844;0.219175;0.23540961538461538;0.2488038461538461;0.2562673076923077;0.28826346153846155;0.21002500000000002
2018-07-05T00:00:00.000Z;0.055480769230769236;1.5893461538461537;0.09499038461538463;0.1333923076923077;0.15181923076923076;0.19202307692307694;0.24224615384615386;0.260025;0.2726615384615385;0.28116153846153846;0.33861730769230775;0.2624230769230769
2018-07-08T00:00:00.000Z;0.24740384615384617;1.3526538461538462;0.0749423076923077;0.11528269230769231;0.13279038461538462;0.17218269230769231;0.2220576923076923;0.2401288461538461;0.25508846153846154;0.26004230769230774;0.30031730769230774;0.22479615384615387
2018-07-10T00:00:00.000Z;0.0889423076923077;1.2489423076923076;0.09208076923076924;0.134225;0.15391346153846158;0.19534615384615384;0.24307884615384612;0.2602288461538461;0.2732769230769231;0.28274615384615387;0.3347480769230769;0.25201346153846155
2018-07-13T00:00:00.000Z;0.4052307692307692;2.233288461538461;0.0763173076923077;0.12185384615384615;0.14200384615384615;0.1851442307692308;0.2277019230769231;0.2449;0.24888846153846153;0.26719038461538464;0.294625;0.21178076923076924
2018-07-15T00:00:00.000Z;0.2800192307692308;2.1276730769230774;0.09597692307692308;0.1375596153846154;0.157675;0.19863653846153845;0.24431923076923082;0.26678076923076927;0.27145576923076925;0.2862980769230769;0.33440000000000003;0.2535730769230769
2018-07-18T00:00:00.000Z;0.26915384615384613;1.7155;0.07868653846153847;0.11880961538461539;0.13715961538461538;0.17637307692307694;0.22254423076923083;0.24041923076923083;0.25068076923076926;0.2600288461538461;0.29988076923076923;0.2239096153846154
2018-07-20T00:00:00.000Z;0.3780384615384616;1.4517115384615387;0.08229423076923077;0.13369615384615385;0.1588;0.20300384615384612;0.2500557692307693;0.2675461538461539;0.2760576923076923;0.2905134615384615;0.3326615384615385;0.2448692307692308
2018-07-23T00:00:00.000Z;0.105;1.7221538461538461;0.07758846153846154;0.11469807692307693;0.1327846153846154;0.17438269230769232;0.21539807692307691;0.23219038461538463;0.24200769230769228;0.2522692307692308;0.2924846153846154;0.20936346153846153
2018-07-25T00:00:00.000Z;0.149;1.2548653846153843;0.0942519230769231;0.13423846153846158;0.15600769230769232;0.19679807692307694;0.23948846153846154;0.25907115384615387;0.27384807692307694;0.2813423076923077;0.3403923076923077;0.25693076923076924
2018-07-28T00:00:00.000Z;0.094;1.037826923076923;0.07956153846153846;0.11585961538461538;0.13549615384615385;0.17242307692307693;0.2144096153846154;0.23144807692307692;0.2496346153846154;0.25090961538461537;0.2986384615384615;0.2209846153846154
2018-07-30T00:00:00.000Z;0.083;1.2555192307692307;0.09127884615384615;0.13352884615384614;0.15550769230769232;0.19765961538461538;0.2368442307692308;0.2539865384615385;0.26718846153846154;0.2773;0.3311365384615385;0.24760384615384612
2018-08-02T00:00:00.000Z;0.11082692307692309;1.7914807692307693;0.08060769230769231;0.11793269230769232;0.13653269230769233;0.17650000000000002;0.2151576923076923;0.2307269230769231;0.23983846153846153;0.2522096153846154;0.2931442307692308;0.20969230769230773
2018-08-04T00:00:00.000Z;0.18715384615384617;1.9005384615384613;0.09401730769230768;0.13494038461538463;0.156025;0.19902884615384614;0.24039038461538462;0.2589326923076923;0.26780576923076926;0.27983076923076927;0.3410576923076923;0.25607884615384613
2018-08-07T00:00:00.000Z;0.32909615384615387;2.313769230769231;0.08145769230769231;0.12026346153846157;0.14072884615384615;0.18225961538461535;0.22246346153846153;0.24098076923076925;0.2462038461538461;0.2600769230769231;0.3009576923076923;0.22075
2018-08-09T00:00:00.000Z;0.06678846153846153;1.8393461538461535;0.08739807692307694;0.12556923076923077;0.14502115384615386;0.18855961538461538;0.22606923076923083;0.24254230769230772;0.25097884615384614;0.2659346153846154;0.31512115384615386;0.23021538461538463
2018-08-12T00:00:00.000Z;0.11082692307692309;2.2720000000000002;0.07625769230769232;0.11365384615384615;0.12982307692307693;0.1717346153846154;0.20984230769230772;0.2241865384615385;0.23076538461538462;0.2456615384615385;0.28435;0.20254615384615385
2018-08-14T00:00:00.000Z;0.171;2.1785;0.089925;0.13088653846153844;0.15057500000000001;0.1948519230769231;0.23453076923076924;0.25246730769230774;0.2606923076923077;0.2732519230769231;0.334;0.24915576923076924
2018-08-17T00:00:00.000Z;;;;;;;;;;;;
2018-08-19T00:00:00.000Z;;;;;;;;;;;;
2018-08-22T00:00:00.000Z;0.18715384615384617;2.1338846153846154;0.07405961538461539;0.11231346153846157;0.12899615384615387;0.17243076923076925;0.20971923076923082;0.22484615384615386;0.23241538461538463;0.24600576923076925;0.2831961538461539;0.2006019230769231
2018-08-24T00:00:00.000Z;0.22;1.836576923076923;0.08427692307692308;0.12430576923076925;0.14486153846153843;0.1887173076923077;0.22719807692307692;0.24609807692307692;0.25559230769230773;0.26753653846153846;0.3264115384615385;0.2418769230769231
2018-08-27T00:00:00.000Z;0.19809615384615384;2.1734230769230773;0.07204038461538462;0.10785192307692308;0.12529807692307693;0.16839615384615386;0.2088442307692308;0.2253038461538461;0.2338230769230769;0.24510384615384612;0.28507307692307693;0.20645000000000002
2018-08-29T00:00:00.000Z;0.193;2.1494615384615385;0.08056538461538462;0.12157692307692308;0.14242307692307693;0.18720384615384614;0.22654038461538464;0.24218653846153848;0.24731346153846154;0.26387307692307693;0.31254615384615386;0.22766346153846154
2018-09-01T00:00:00.000Z;0.193;2.492596153846154;0.07167884615384616;0.10877115384615386;0.12496153846153843;0.16921538461538463;0.20638076923076926;0.220275;0.22648076923076924;0.24228846153846154;0.2772269230769231;0.19455961538461536
2018-09-03T00:00:00.000Z;0.47000000000000003;2.120518518518519;0.047959259259259264;0.08358148148148148;0.10352222222222222;0.1428222222222222;0.18284074074074078;0.20406666666666667;0.20742962962962963;0.2281555555555556;0.2704777777777778;0.19832222222222226
2018-09-06T00:00:00.000Z;;;;;;;;;;;;
2018-09-08T00:00:00.000Z;;;;;;;;;;;;
2018-09-11T00:00:00.000Z;;;;;;;;;;;;
2018-09-13T00:00:00.000Z;0.193;2.2409615384615384;0.07818461538461538;0.11558461538461538;0.12753461538461539;0.1704884615384616;0.2143076923076923;0.2338269230769231;0.23846538461538463;0.2502038461538461;0.29668076923076925;0.2216615384615385
2018-09-16T00:00:00.000Z;0.16;2.268828571428572;0.0654257142857143;0.09631428571428573;0.10480857142857142;0.14399714285714282;0.19190000000000002;0.20914857142857146;0.21409142857142857;0.2255428571428572;0.25600285714285714;0.18654
2018-09-18T00:00:00.000Z;;;;;;;;;;;;
2018-09-21T00:00:00.000Z;0.1436346153846154;2.1683076923076925;0.06198653846153847;0.09602115384615385;0.10661730769230769;0.14499423076923076;0.19012115384615386;0.20421153846153844;0.2112230769230769;0.2220038461538461;0.2522096153846154;0.17989615384615387
2018-09-23T00:00:00.000Z;0.16;2.3731538461538464;0.07502500000000001;0.10923269230769231;0.12182307692307694;0.15920192307692307;0.2053673076923077;0.22494038461538463;0.2279019230769231;0.24104230769230772;0.2888615384615385;0.21730192307692311
2018-09-26T00:00:00.000Z;;;;;;;;;;;;
2018-09-28T00:00:00.000Z;0.055480769230769236;1.0697884615384614;0.07144615384615385;0.10580769230769231;0.11982115384615387;0.15628076923076925;0.20145576923076924;0.2161019230769231;0.2288230769230769;0.23715;0.2742942307692308;0.20277115384615385
2018-10-01T00:00:00.000Z;0.16567307692307695;1.6494807692307694;0.06260961538461539;0.09485769230769232;0.10603461538461538;0.14276153846153844;0.18756538461538466;0.20192115384615383;0.21174230769230773;0.21913846153846153;0.24654423076923082;0.17286153846153843
2018-10-03T00:00:00.000Z;0.11082692307692309;1.547923076923077;0.07270961538461539;0.10602884615384615;0.11919807692307693;0.15458076923076924;0.20122500000000001;0.21730961538461538;0.22806538461538464;0.23689615384615387;0.2797307692307692;0.20941730769230774
2018-10-06T00:00:00.000Z;0.13271153846153846;1.5793846153846158;0.06490576923076923;0.09466730769230769;0.10610384615384615;0.14102884615384614;0.1864192307692308;0.20143653846153844;0.2136846153846154;0.21855192307692312;0.2506903846153846;0.18309807692307695
2018-10-08T00:00:00.000Z;0.127;1.3777884615384615;0.06573846153846154;0.09962115384615385;0.11184615384615386;0.1465923076923077;0.19142884615384612;0.2041769230769231;0.21409230769230772;0.22354423076923083;0.26214230769230773;0.19112500000000002
2018-10-11T00:00:00.000Z;;;;;;;;;;;;
2018-10-13T00:00:00.000Z;0.116;1.925692307692308;0.06849615384615385;0.10152692307692308;0.11304807692307693;0.14910192307692308;0.19530576923076925;0.21176538461538463;0.21900961538461539;0.22789423076923082;0.2699673076923077;0.19988461538461536
2018-10-16T00:00:00.000Z;0.11082692307692309;1.8810576923076925;0.062259615384615385;0.092725;0.10254615384615386;0.13918076923076925;0.18765961538461537;0.20344615384615383;0.21436538461538462;0.21972115384615387;0.25061346153846153;0.18146153846153845
2018-10-18T00:00:00.000Z;;;;;;;;;;;;
2018-10-21T00:00:00.000Z;;;;;;;;;;;;
2018-10-23T00:00:00.000Z;;;;;;;;;;;;
2018-10-26T00:00:00.000Z;0.1436346153846154;0.9825576923076924;0.031851923076923076;0.05266538461538462;0.05889807692307693;0.07951923076923077;0.10965384615384614;0.119525;0.12728076923076925;0.12888846153846156;0.1265;0.09609230769230769
2018-10-28T00:00:00.000Z;;;;;;;;;;;;
2018-10-31T00:00:00.000Z;;;;;;;;;;;;
2018-11-02T00:00:00.000Z;;;;;;;;;;;;
2018-11-05T00:00:00.000Z;;;;;;;;;;;;
2018-11-07T00:00:00.000Z;0.0889423076923077;1.5929807692307694;0.056659615384615385;0.09131730769230768;0.09999038461538462;0.13889423076923077;0.18500384615384613;0.19901153846153843;0.2067038461538461;0.2170019230769231;0.2361326923076923;0.17137115384615387
2018-11-10T00:00:00.000Z;;;;;;;;;;;;
2018-11-12T00:00:00.000Z;;;;;;;;;;;;
2018-11-15T00:00:00.000Z;;;;;;;;;;;;
2018-11-17T00:00:00.000Z;;;;;;;;;;;;
2018-11-20T00:00:00.000Z;;;;;;;;;;;;
2018-11-22T00:00:00.000Z;;;;;;;;;;;;
2018-11-25T00:00:00.000Z;0.07790384615384616;1.39525;0.045732692307692314;0.07088076923076923;0.07451538461538462;0.10888461538461539;0.16126153846153843;0.17684423076923078;0.18892307692307694;0.19262115384615383;0.19251153846153843;0.13251153846153843
2018-11-27T00:00:00.000Z;0.0889423076923077;0.6227307692307693;0.05146538461538462;0.08051153846153847;0.08814038461538462;0.12099615384615386;0.1727634615384616;0.18744230769230769;0.20210769230769232;0.203;0.2071596153846154;0.1473346153846154
2018-11-30T00:00:00.000Z;0.07200000000000001;0.8681538461538462;0.04655192307692308;0.0756076923076923;0.08032692307692307;0.11501538461538463;0.17070000000000002;0.18430961538461538;0.20091153846153845;0.20065000000000002;0.19664423076923082;0.13458653846153842
2018-12-02T00:00:00.000Z;;;;;;;;;;;;
2018-12-05T00:00:00.000Z;0.061;1.0812115384615386;0.04678461538461539;0.07281153846153847;0.07835;0.11033076923076925;0.16626538461538462;0.18040192307692307;0.19724615384615385;0.19725576923076923;0.19933846153846158;0.1388596153846154
2018-12-07T00:00:00.000Z;0.07200000000000001;0.47853846153846163;0.049475000000000005;0.07894423076923078;0.08713653846153847;0.12038461538461538;0.17581346153846159;0.19005961538461535;0.2095269230769231;0.2078692307692308;0.21063076923076926;0.15023653846153845
2018-12-10T00:00:00.000Z;;;;;;;;;;;;
2018-12-12T00:00:00.000Z;0.07790384615384616;1.0291923076923077;0.05622115384615385;0.08181730769230769;0.08765384615384617;0.12052115384615386;0.17594423076923077;0.192175;0.2068115384615385;0.2111115384615385;0.2185076923076923;0.15647307692307694
2018-12-15T00:00:00.000Z;0.055480769230769236;1.5419038461538461;0.05247115384615385;0.07271153846153847;0.07563846153846154;0.10369807692307693;0.1533076923076923;0.16861153846153845;0.17636538461538462;0.18054423076923082;0.17624807692307692;0.12141923076923077
2018-12-17T00:00:00.000Z;0.07200000000000001;0.5633653846153847;0.04745192307692308;0.07674038461538463;0.08536923076923078;0.11743076923076924;0.17397500000000002;0.18904038461538464;0.2073692307692308;0.2077038461538461;0.2063673076923077;0.14651153846153844
2018-12-20T00:00:00.000Z;0.07200000000000001;1.2508846153846158;0.043830769230769236;0.069575;0.07585384615384616;0.10905384615384615;0.164775;0.1795423076923077;0.19241923076923081;0.19598461538461537;0.18754807692307693;0.1277
2018-12-25T00:00:00.000Z;0.055480769230769236;0.6044038461538462;0.04906538461538461;0.07132115384615385;0.07503653846153847;0.10251153846153843;0.15550769230769232;0.17039038461538464;0.18875;0.18538653846153844;0.17507307692307694;0.12305
2018-12-27T00:00:00.000Z;0.083;0.7259;0.05532000000000001;0.09031666666666667;0.09989666666666669;0.1383766666666667;0.19505666666666666;0.20961666666666667;0.22875666666666666;0.22963000000000003;0.22104666666666667;0.16034333333333334
2018-12-30T00:00:00.000Z;0.07790384615384616;0.7285576923076923;0.042325;0.06983653846153846;0.07602115384615385;0.10806923076923076;0.1645653846153846;0.17987115384615388;0.19740000000000002;0.19613653846153845;0.187975;0.12719807692307694
2019-01-01T00:00:00.000Z;0.06678846153846153;0.46611538461538465;0.053809615384615386;0.07931346153846154;0.08744807692307693;0.11756346153846157;0.17493461538461538;0.18973846153846158;0.2118788461538461;0.20843846153846154;0.2161365384615385;0.15492692307692307
2019-01-04T00:00:00.000Z;0.061;0.42038461538461536;0.04719423076923077;0.07140192307692307;0.07745192307692307;0.10658846153846158;0.1645673076923077;0.17927307692307692;0.2032692307692308;0.19602307692307694;0.19243076923076924;0.13394423076923076
2019-01-06T00:00:00.000Z;0.07200000000000001;0.5036538461538461;0.051005769230769236;0.07952692307692308;0.08922692307692308;0.12159807692307693;0.17573846153846157;0.18985576923076924;0.20929230769230772;0.20857307692307692;0.2135865384615385;0.15276538461538464
2019-01-09T00:00:00.000Z;0.061;0.7584807692307693;0.04165192307692308;0.06954615384615385;0.07769615384615385;0.10963653846153844;0.16397884615384614;0.17937692307692307;0.19675384615384614;0.19546538461538465;0.1907442307692308;0.13109615384615386
2019-01-11T00:00:00.000Z;0.07200000000000001;0.36173076923076924;0.05549038461538462;0.08190192307692308;0.09139230769230769;0.11983461538461539;0.17617307692307693;0.19238076923076924;0.21476538461538464;0.20927884615384612;0.21796923076923083;0.15841153846153844
2019-01-16T00:00:00.000Z;0.09990384615384616;0.9642692307692309;0.05311730769230769;0.08036923076923078;0.09078846153846154;0.12403461538461538;0.17599038461538463;0.1899673076923077;0.20533846153846153;0.21027115384615386;0.21358846153846153;0.15193653846153843
2019-01-19T00:00:00.000Z;0.07790384615384616;0.7446153846153847;0.04612692307692308;0.07230576923076923;0.08125384615384616;0.11185384615384615;0.16405769230769232;0.1790596153846154;0.19699615384615385;0.19617115384615386;0.194025;0.13376346153846158
2019-01-21T00:00:00.000Z;0.07790384615384616;0.7824615384615384;0.056128846153846154;0.082425;0.09252692307692309;0.1232923076923077;0.1756346153846154;0.1920173076923077;0.21125576923076925;0.21066730769230774;0.22354038461538464;0.1611076923076923
2019-01-24T00:00:00.000Z;;;;;;;;;;;;
2019-01-26T00:00:00.000Z;0.07200000000000001;0.5819423076923077;0.05131923076923078;0.08206346153846154;0.09286346153846153;0.1239346153846154;0.17681153846153844;0.19228846153846157;0.2105596153846154;0.2118865384615385;0.2202269230769231;0.15864423076923076
2019-01-29T00:00:00.000Z;0.0889423076923077;1.1919038461538463;0.05443846153846154;0.0849923076923077;0.09444038461538462;0.13185769230769231;0.19129807692307693;0.20943461538461539;0.22415384615384612;0.2304326923076923;0.22643076923076924;0.15687115384615385
2019-01-31T00:00:00.000Z;;;;;;;;;;;;
2019-02-03T00:00:00.000Z;0.07200000000000001;0.4499318181818182;0.04566818181818182;0.06627272727272727;0.0718;0.09681590909090908;0.14446136363636367;0.15629772727272728;0.19139545454545454;0.1698090909090909;0.17705681818181818;0.12212500000000001
2019-02-05T00:00:00.000Z;0.07790384615384616;0.9614807692307692;0.05471923076923078;0.08508846153846154;0.09711538461538462;0.12851153846153843;0.18033461538461537;0.19562884615384613;0.2100576923076923;0.2147096153846154;0.23006923076923083;0.16756538461538462
2019-02-08T00:00:00.000Z;0.07200000000000001;0.6311923076923077;0.0482;0.07594423076923078;0.08587115384615385;0.11555;0.16724038461538462;0.18185192307692308;0.20125384615384612;0.19935769230769232;0.2045076923076923;0.14271923076923076
2019-02-10T00:00:00.000Z;0.105;0.7352500000000001;0.06420384615384615;0.08814615384615385;0.09821346153846154;0.12499423076923077;0.17365769230769232;0.18851538461538464;0.20796923076923082;0.20489038461538464;0.2196269230769231;0.16070769230769233
2019-02-13T00:00:00.000Z;0.07200000000000001;0.5614807692307693;0.055071153846153846;0.08136153846153847;0.09144423076923076;0.1202673076923077;0.17579423076923076;0.1929173076923077;0.2155038461538461;0.21134807692307692;0.22112500000000002;0.16030769230769232
2019-02-15T00:00:00.000Z;;;;;;;;;;;;
2019-02-18T00:00:00.000Z;0.18715384615384617;0.8584423076923078;0.06722307692307693;0.09475384615384616;0.10568076923076924;0.13618846153846156;0.18562115384615385;0.20035576923076925;0.2162269230769231;0.21873846153846155;0.2230288461538461;0.16036153846153844
2019-02-20T00:00:00.000Z;0.12178846153846153;0.7328269230769231;0.06410769230769231;0.09074038461538463;0.10257307692307693;0.13149615384615387;0.1848423076923077;0.20173461538461537;0.2197192307692308;0.2185038461538461;0.24489038461538462;0.17979038461538463
2019-02-23T00:00:00.000Z;0.083;0.33405769230769233;0.05531730769230769;0.08203846153846155;0.09330384615384615;0.12063461538461538;0.17265769230769232;0.18773846153846158;0.2123846153846154;0.20522500000000002;0.22165576923076924;0.16
2019-02-25T00:00:00.000Z;0.105;0.6051538461538462;0.06055384615384616;0.09231538461538462;0.10657307692307694;0.13869423076923076;0.18955961538461535;0.205275;0.22330576923076925;0.22343076923076924;0.24702115384615386;0.1810826923076923
2019-02-28T00:00:00.000Z;0.083;0.4945769230769231;0.05490769230769231;0.08255576923076922;0.09317307692307693;0.1200673076923077;0.1669384615384616;0.18082115384615385;0.20040384615384613;0.19859615384615384;0.20868461538461539;0.14917884615384616
2019-03-02T00:00:00.000Z;0.07790384615384616;0.6043653846153847;0.07384807692307693;0.10072307692307692;0.11431346153846157;0.14362115384615387;0.1935519230769231;0.20989615384615387;0.2300480769230769;0.22940000000000002;0.2547788461538461;0.19004807692307693
2019-03-05T00:00:00.000Z;0.127;1.6760192307692308;0.06539423076923077;0.09093846153846154;0.10119615384615385;0.13154423076923077;0.18263461538461537;0.19988076923076925;0.21055384615384612;0.21644615384615387;0.23798076923076925;0.1724576923076923
2019-03-07T00:00:00.000Z;0.05;0.6251538461538462;0.07048076923076924;0.10165769230769232;0.11635576923076925;0.14822884615384616;0.19800192307692308;0.21459038461538463;0.2315115384615385;0.23381346153846153;0.2617865384615385;0.19259615384615383
2019-03-10T00:00:00.000Z;0.07790384615384616;1.039826923076923;0.05874423076923078;0.08720192307692308;0.10005769230769232;0.13046923076923078;0.17811538461538462;0.19309423076923082;0.2086115384615385;0.211425;0.23243461538461538;0.1651326923076923
2019-03-12T00:00:00.000Z;0.116;0.9338076923076924;0.07174038461538462;0.10192307692307692;0.11681538461538463;0.14827692307692308;0.19757307692307693;0.21464230769230772;0.23179038461538462;0.23333076923076926;0.2715538461538461;0.20095961538461538
2019-03-15T00:00:00.000Z;0.07790384615384616;0.691923076923077;0.06086346153846154;0.08936538461538462;0.10362307692307693;0.13234423076923077;0.18113461538461537;0.19772307692307695;0.2174576923076923;0.2143769230769231;0.2429038461538461;0.17779038461538463
2019-03-17T00:00:00.000Z;0.12178846153846153;0.7831538461538462;0.07012115384615385;0.10327692307692307;0.12034038461538463;0.15324038461538464;0.19920192307692308;0.2152288461538461;0.23108846153846155;0.23595769230769228;0.27108076923076924;0.20069615384615383
2019-03-20T00:00:00.000Z;;;;;;;;;;;;
2019-03-22T00:00:00.000Z;0.116;1.0278695652173913;0.12799130434782607;0.13990434782608696;0.15572608695652176;0.185;0.21684347826086955;0.2315521739130435;0.20914347826086957;0.24612608695652172;0.25750869565217394;0.2164826086956521
2019-03-25T00:00:00.000Z;0.0889423076923077;0.7075576923076923;0.06777692307692308;0.09661923076923076;0.11162884615384615;0.1403673076923077;0.18764615384615385;0.20355384615384614;0.22419615384615388;0.22345576923076924;0.25351730769230774;0.18742307692307694
2019-03-27T00:00:00.000Z;0.1436346153846154;0.4755769230769231;0.07333653846153847;0.10868076923076925;0.12799423076923078;0.16069615384615388;0.2067826923076923;0.22389807692307692;0.2451596153846154;0.24569423076923083;0.28118846153846155;0.2078596153846154
2019-03-30T00:00:00.000Z;0.19809615384615384;1.1328076923076924;0.06113076923076923;0.09601153846153847;0.11193269230769232;0.14497307692307693;0.19056923076923082;0.20554807692307692;0.22185000000000002;0.2264769230769231;0.2529711538461539;0.17955192307692308
2019-04-01T00:00:00.000Z;;;;;;;;;;;;
2019-04-04T00:00:00.000Z;0.0889423076923077;0.602423076923077;0.06458846153846154;0.09657115384615385;0.1094923076923077;0.1394846153846154;0.18764038461538465;0.20394615384615383;0.22562307692307693;0.2212076923076923;0.25191923076923084;0.18563461538461537
2019-04-06T00:00:00.000Z;;;;;;;;;;;;
2019-04-09T00:00:00.000Z;0.105;0.8597115384615385;0.07474807692307693;0.10907692307692307;0.12132692307692308;0.15968653846153844;0.21365;0.2290519230769231;0.25336923076923085;0.2503519230769231;0.2714653846153846;0.1870576923076923
2019-04-11T00:00:00.000Z;0.116;0.7226538461538462;0.07416923076923078;0.10804615384615386;0.12349038461538463;0.1562346153846154;0.2081288461538461;0.2230788461538461;0.2438692307692308;0.2438788461538461;0.2824403846153846;0.2105365384615385
2019-04-14T00:00:00.000Z;0.055480769230769236;1.2613653846153843;0.06858269230769232;0.09471346153846154;0.10524038461538462;0.13348846153846158;0.178175;0.1929423076923077;0.20415;0.20776923076923082;0.23019423076923082;0.1723346153846154
2019-04-16T00:00:00.000Z;0.127;0.6423653846153846;0.07632884615384616;0.11515192307692308;0.1321826923076923;0.16783076923076926;0.2180865384615385;0.23525384615384612;0.25338846153846156;0.25572307692307694;0.2949307692307693;0.22034807692307692
2019-04-19T00:00:00.000Z;;;;;;;;;;;;
2019-04-21T00:00:00.000Z;;;;;;;;;;;;
2019-04-24T00:00:00.000Z;0.116;1.1898269230769232;0.06289807692307693;0.09280384615384615;0.10363653846153843;0.1364846153846154;0.1873576923076923;0.2036519230769231;0.2174730769230769;0.2196019230769231;0.24597115384615387;0.17849423076923077
2019-04-26T00:00:00.000Z;0.12178846153846153;0.7746923076923078;0.07598076923076923;0.11353076923076924;0.12854423076923077;0.16376538461538462;0.21608846153846153;0.2315673076923077;0.24704807692307693;0.2501923076923077;0.28802115384615384;0.2159788461538461
2019-04-29T00:00:00.000Z;0.13271153846153846;1.205403846153846;0.07508461538461539;0.11020384615384615;0.12286153846153844;0.15768846153846158;0.21036538461538462;0.22623846153846153;0.23989615384615387;0.24506923076923082;0.269175;0.19770192307692308
2019-05-01T00:00:00.000Z;;;;;;;;;;;;
2019-05-04T00:00:00.000Z;0.094;0.8111730769230769;0.07133076923076923;0.10416923076923076;0.11713846153846158;0.15000769230769231;0.20348461538461537;0.2196865384615385;0.24014230769230774;0.2379038461538461;0.27081346153846153;0.20409038461538465
2019-05-06T00:00:00.000Z;;;;;;;;;;;;
2019-05-09T00:00:00.000Z;0.12178846153846153;1.9903846153846156;0.08755;0.12041346153846158;0.13135769230769231;0.1703346153846154;0.22784423076923083;0.24675961538461538;0.2533769230769231;0.26515;0.289125;0.21005384615384612
2019-05-11T00:00:00.000Z;0.116;1.6451538461538462;0.08826346153846154;0.1247423076923077;0.13988269230769232;0.1749423076923077;0.23001538461538462;0.2506653846153846;0.2610576923076923;0.2680788461538461;0.31634230769230776;0.24334230769230772
2019-05-14T00:00:00.000Z;0.0889423076923077;0.8832115384615384;0.07498653846153847;0.10840000000000001;0.1216423076923077;0.15473846153846157;0.2106480769230769;0.2281038461538461;0.24725000000000003;0.24592115384615387;0.27595000000000003;0.20749038461538463
2019-05-16T00:00:00.000Z;0.16;1.5380192307692306;0.08787307692307693;0.126225;0.14293846153846157;0.18246538461538464;0.23864423076923083;0.2550365384615385;0.2648769230769231;0.2762115384615385;0.3136326923076923;0.23569038461538463
2019-05-19T00:00:00.000Z;0.055480769230769236;0.8833076923076922;0.08759807692307693;0.12077500000000001;0.1322096153846154;0.1684634615384616;0.22646730769230772;0.24477307692307693;0.2628076923076923;0.26380576923076926;0.2853057692307692;0.20729423076923081
2019-05-24T00:00:00.000Z;;;;;;;;;;;;
2019-05-26T00:00:00.000Z;0.083;1.422423076923077;0.09084230769230768;0.13258653846153845;0.14845576923076925;0.18956538461538466;0.24558076923076924;0.26388076923076925;0.274825;0.284175;0.32751730769230775;0.24770576923076926
2019-05-29T00:00:00.000Z;0.094;0.9474230769230768;0.07334230769230769;0.11045961538461539;0.12519423076923078;0.1607;0.21473846153846154;0.23046730769230772;0.24725000000000003;0.25004615384615386;0.27659423076923084;0.2030076923076923
2019-05-31T00:00:00.000Z;0.127;1.063;0.09169038461538462;0.13023076923076923;0.1472923076923077;0.18517884615384614;0.2406788461538461;0.2597096153846154;0.2757115384615385;0.27986346153846153;0.3273903846153846;0.2525846153846154
2019-06-03T00:00:00.000Z;0.127;1.3496538461538463;0.08235576923076923;0.11639615384615386;0.13115961538461537;0.16620000000000001;0.21959230769230773;0.23787115384615387;0.25235;0.2562865384615385;0.29075;0.21986538461538463
2019-06-05T00:00:00.000Z;;;;;;;;;;;;
2019-06-08T00:00:00.000Z;0.18715384615384617;1.6096346153846157;0.1157923076923077;0.15494615384615387;0.17540384615384616;0.2155288461538461;0.2617692307692308;0.2783019230769231;0.27613461538461537;0.29909807692307694;0.301275;0.2181788461538461
2019-06-13T00:00:00.000Z;0.231;2.0059038461538465;0.08223269230769231;0.117425;0.13458653846153842;0.17164038461538464;0.2214692307692308;0.24023653846153847;0.2479192307692308;0.2583634615384615;0.294325;0.22006346153846154
2019-06-15T00:00:00.000Z;0.05;0.7871730769230769;0.09159038461538463;0.13193653846153844;0.1531076923076923;0.19132884615384613;0.24033076923076924;0.2583442307692308;0.27516538461538464;0.2789615384615385;0.328675;0.2491865384615385
2019-06-18T00:00:00.000Z;0.11082692307692309;1.0719807692307692;0.07574230769230769;0.11393269230769232;0.1319923076923077;0.1692423076923077;0.2149288461538461;0.23184230769230774;0.24678076923076925;0.2525076923076923;0.28823846153846155;0.20911538461538462
2019-06-20T00:00:00.000Z;0.11082692307692309;1.1791153846153843;0.09627307692307692;0.13715576923076925;0.15788076923076924;0.19538653846153844;0.24319615384615387;0.26173846153846153;0.2782019230769231;0.28314038461538465;0.34164038461538465;0.2616615384615385
2019-06-23T00:00:00.000Z;0.1436346153846154;1.4284423076923076;0.0795;0.11674807692307694;0.13492500000000002;0.17131730769230769;0.2176730769230769;0.2349576923076923;0.2489;0.2549576923076923;0.2979865384615385;0.22389807692307692
2019-06-25T00:00:00.000Z;0.13271153846153846;1.7131346153846156;0.09315961538461538;0.1352346153846154;0.15703269230769232;0.19630192307692307;0.24179807692307692;0.25846923076923084;0.2670461538461539;0.2798653846153846;0.33429807692307695;0.2513711538461539
2019-06-28T00:00:00.000Z;0.17632692307692308;1.3896153846153843;0.07987115384615386;0.11746346153846157;0.13845000000000002;0.17429423076923076;0.21598461538461539;0.2338288461538461;0.2450076923076923;0.2543461538461539;0.2910673076923077;0.21106538461538463
2019-06-30T00:00:00.000Z;0.17632692307692308;1.1368846153846157;0.09716923076923077;0.1367423076923077;0.15944807692307694;0.19627692307692307;0.23969230769230773;0.25971346153846153;0.2765846153846154;0.2813173076923077;0.33882307692307695;0.2593711538461539
2019-07-03T00:00:00.000Z;0.16;1.4162307692307694;0.0801423076923077;0.11702884615384615;0.13770192307692308;0.17266538461538464;0.2172826923076923;0.23486730769230774;0.24907307692307692;0.2548365384615385;0.30126153846153847;0.22334230769230773
2019-07-05T00:00:00.000Z;0.2800192307692308;2.031461538461538;0.08872307692307693;0.13472307692307695;0.15917692307692308;0.20033461538461536;0.24256923076923081;0.2602365384615385;0.26549230769230775;0.2815038461538461;0.33464423076923083;0.2469826923076923
2019-07-08T00:00:00.000Z;;;;;;;;;;;;
2019-07-10T00:00:00.000Z;0.127;1.440346153846154;0.09656538461538462;0.13695192307692308;0.15909423076923077;0.19842307692307692;0.24027307692307692;0.25937307692307693;0.2726615384615385;0.2804192307692308;0.3412615384615385;0.2592019230769231
2019-07-13T00:00:00.000Z;0.5249310344827586;1.3110344827586207;0.07788275862068965;0.112;0.1261655172413793;0.16417586206896553;0.2140620689655173;0.2425655172413793;0.263751724137931;0.2654827586206897;0.2800758620689656;0.20314137931034484
2019-07-15T00:00:00.000Z;0.127;1.9902307692307692;0.09055961538461539;0.13553269230769233;0.16001538461538461;0.2026423076923077;0.24351538461538463;0.25948653846153846;0.2663961538461539;0.28129038461538464;0.34061923076923084;0.2515480769230769
2019-07-18T00:00:00.000Z;0.11082692307692309;2.067173076923077;0.08177884615384616;0.11809038461538462;0.13906730769230768;0.17839038461538462;0.214625;0.2299615384615385;0.2369769230769231;0.2507903846153846;0.29444615384615386;0.20923076923076925
2019-07-20T00:00:00.000Z;0.41588461538461535;2.2244615384615387;0.09345961538461539;0.13754807692307694;0.160675;0.20232692307692307;0.24254230769230772;0.264975;0.2690038461538461;0.28471346153846155;0.33377115384615386;0.24853461538461538
2019-07-23T00:00:00.000Z;0.30740384615384614;1.7335576923076925;0.07864230769230769;0.11784807692307693;0.14096153846153844;0.17903653846153844;0.21951346153846155;0.2365115384615385;0.2471692307692308;0.25644038461538465;0.29985576923076923;0.2211519230769231
2019-07-25T00:00:00.000Z;0.22;1.6825192307692307;0.09067692307692309;0.1348403846153846;0.15996346153846158;0.20222307692307695;0.2408615384615385;0.2568153846153846;0.26577307692307695;0.28008076923076924;0.3334365384615385;0.24585384615384612
2019-07-28T00:00:00.000Z;;;;;;;;;;;;
2019-07-30T00:00:00.000Z;0.18715384615384617;1.4135;0.09574615384615386;0.13638076923076925;0.160925;0.20102884615384614;0.2392076923076923;0.2576326923076923;0.27101346153846156;0.28018846153846155;0.3349634615384615;0.24976538461538464
2019-08-02T00:00:00.000Z;0.09990384615384616;1.9281538461538466;0.08125;0.11500576923076924;0.13686538461538464;0.17507307692307694;0.21174615384615386;0.22813076923076925;0.23851538461538463;0.24874423076923083;0.29486346153846155;0.2156
2019-08-04T00:00:00.000Z;0.22563461538461538;1.582596153846154;0.08689038461538462;0.13109423076923077;0.15717692307692308;0.20145576923076924;0.23819230769230773;0.25440576923076924;0.2639576923076923;0.2780269230769231;0.3305019230769231;0.23979230769230772
2019-08-07T00:00:00.000Z;;;;;;;;;;;;
2019-08-09T00:00:00.000Z;0.061;0.6937692307692307;0.09298076923076924;0.1331423076923077;0.15881538461538464;0.19637500000000002;0.23497884615384612;0.24987115384615388;0.2729846153846154;0.2737365384615385;0.3328576923076923;0.24759615384615385
2019-08-12T00:00:00.000Z;;;;;;;;;;;;
2019-08-14T00:00:00.000Z;0.21478846153846154;1.9322884615384612;0.0858923076923077;0.12968653846153844;0.15556923076923077;0.20024038461538465;0.23672307692307692;0.25320576923076926;0.2604038461538461;0.276;0.32482500000000003;0.2356576923076923
2019-08-17T00:00:00.000Z;0.23655769230769233;1.9885192307692308;0.07166346153846154;0.11256346153846157;0.13571153846153844;0.17904038461538463;0.21472115384615387;0.22876730769230771;0.2376346153846154;0.2502288461538461;0.28924038461538465;0.20126538461538465
2019-08-19T00:00:00.000Z;0.23655769230769233;1.81275;0.08822884615384616;0.13092884615384615;0.15584423076923076;0.19891153846153845;0.23498846153846153;0.252375;0.2629980769230769;0.27482115384615385;0.33196923076923085;0.24486346153846153
2019-08-22T00:00:00.000Z;0.231;1.835;0.06964615384615384;0.10797115384615386;0.12746538461538462;0.17110384615384616;0.20763846153846152;0.22226346153846155;0.23434615384615387;0.24192115384615387;0.2812730769230769;0.20238076923076925
2019-08-24T00:00:00.000Z;0.22;1.2519423076923077;0.07865769230769232;0.12337884615384614;0.1456346153846154;0.18901923076923083;0.2286615384615385;0.24474230769230773;0.25527115384615384;0.26408076923076923;0.3122403846153846;0.22863076923076925
2019-08-27T00:00:00.000Z;0.4378461538461539;2.0318653846153842;0.06542692307692308;0.11046923076923076;0.1299596153846154;0.17666923076923077;0.2156519230769231;0.23041730769230773;0.23864615384615387;0.2506865384615385;0.28266923076923084;0.19672307692307694
2019-08-29T00:00:00.000Z;;;;;;;;;;;;
2019-09-01T00:00:00.000Z;0.21478846153846154;2.1661346153846153;0.07081923076923077;0.10738076923076924;0.12603269230769232;0.16756923076923078;0.2041769230769231;0.21989807692307692;0.22903846153846152;0.2387038461538461;0.2830865384615385;0.2057269230769231
2019-09-03T00:00:00.000Z;0.26390384615384616;2.365326923076923;0.07747115384615384;0.12077115384615386;0.14207307692307694;0.18803461538461536;0.22382307692307693;0.2388673076923077;0.2427826923076923;0.2622576923076923;0.30923076923076925;0.22456346153846155
2019-09-06T00:00:00.000Z;;;;;;;;;;;;
2019-09-08T00:00:00.000Z;;;;;;;;;;;;
2019-09-11T00:00:00.000Z;;;;;;;;;;;;
2019-09-13T00:00:00.000Z;;;;;;;;;;;;
2019-09-16T00:00:00.000Z;;;;;;;;;;;;
2019-09-18T00:00:00.000Z;0.209;1.9062115384615383;0.06731153846153846;0.10125961538461539;0.1147423076923077;0.15509038461538463;0.1971634615384616;0.21403269230769228;0.2200538461538461;0.2313288461538461;0.2719519230769231;0.19823269230769233
2019-09-21T00:00:00.000Z;;;;;;;;;;;;
2019-09-26T00:00:00.000Z;0.116;2.031826923076923;0.05845;0.09120961538461539;0.10243461538461539;0.1380423076923077;0.18523653846153845;0.19986346153846157;0.20641153846153848;0.21597115384615387;0.24238076923076926;0.17151538461538463
2019-09-28T00:00:00.000Z;;;;;;;;;;;;
2019-10-01T00:00:00.000Z;0.12178846153846153;1.4242692307692308;0.061640384615384625;0.09077307692307691;0.10171153846153846;0.13323076923076924;0.18270961538461536;0.19916923076923082;0.21221538461538464;0.2146192307692308;0.24573076923076925;0.17808269230769233
2019-10-03T00:00:00.000Z;0.127;1.0350576923076924;0.06488461538461539;0.10047115384615385;0.11475769230769231;0.14788076923076923;0.19950384615384614;0.2156826923076923;0.22649230769230771;0.23349615384615388;0.2649538461538461;0.1946942307692308
2019-10-06T00:00:00.000Z;0.116;1.3832884615384615;0.057275;0.08898653846153846;0.10035576923076925;0.13252692307692307;0.1820173076923077;0.19741538461538466;0.2101538461538461;0.21584807692307692;0.23624807692307692;0.16496923076923076
2019-10-08T00:00:00.000Z;0.138;2.374942307692308;0.06915576923076923;0.09861730769230768;0.11068461538461538;0.1459519230769231;0.1982692307692308;0.2168269230769231;0.22106538461538464;0.23320576923076924;0.26929615384615385;0.19803653846153843
2019-10-11T00:00:00.000Z;0.105;1.5905111111111112;0.06894222222222222;0.09832222222222223;0.10883777777777776;0.14146222222222227;0.1951155555555556;0.21446444444444449;0.2244177777777778;0.23272444444444446;0.25324444444444444;0.1839088888888889
2019-10-13T00:00:00.000Z;0.15448076923076923;1.6026923076923076;0.06121153846153847;0.09475961538461539;0.10837307692307693;0.14281346153846158;0.19453846153846158;0.2107;0.2189019230769231;0.22875576923076926;0.2561326923076923;0.1845923076923077
2019-10-16T00:00:00.000Z;0.09990384615384616;1.131096153846154;0.05261730769230769;0.08365;0.09463076923076924;0.12608846153846157;0.17912115384615387;0.19407884615384613;0.20871153846153848;0.2108730769230769;0.2264576923076923;0.15775192307692307
2019-10-18T00:00:00.000Z;;;;;;;;;;;;
2019-10-21T00:00:00.000Z;0.1436346153846154;1.1848461538461539;0.056367307692307696;0.08464807692307694;0.09390769230769233;0.12563653846153844;0.18318653846153843;0.20062884615384613;0.21726923076923083;0.21716538461538462;0.2314365384615385;0.16378269230769232
2019-10-23T00:00:00.000Z;;;;;;;;;;;;
2019-10-26T00:00:00.000Z;0.09990384615384616;1.0632692307692306;0.044750000000000005;0.07519807692307694;0.08330576923076922;0.11566538461538463;0.17031923076923078;0.18465961538461537;0.19977692307692307;0.20202884615384614;0.20755384615384612;0.140375
2019-10-28T00:00:00.000Z;;;;;;;;;;;;
2019-10-31T00:00:00.000Z;;;;;;;;;;;;
2019-11-02T00:00:00.000Z;0.138;1.7338269230769232;0.07014038461538462;0.10106538461538463;0.11051153846153844;0.14636153846153843;0.20871730769230773;0.22774038461538462;0.2354538461538461;0.24786346153846153;0.26346923076923084;0.1853019230769231
2019-11-05T00:00:00.000Z;0.09990384615384616;0.91125;0.05495576923076923;0.08349423076923078;0.09117692307692309;0.12450769230769232;0.18427500000000002;0.20132115384615384;0.2184076923076923;0.2206942307692308;0.22001538461538464;0.14914038461538462
2019-11-07T00:00:00.000Z;0.11082692307692309;1.6933269230769232;0.06747692307692307;0.09445192307692309;0.10349807692307693;0.1378653846153846;0.2021423076923077;0.22250576923076926;0.2315346153846154;0.24028846153846153;0.2588942307692308;0.18601346153846157
2019-11-10T00:00:00.000Z;0.11082692307692309;0.7358846153846154;0.051642307692307696;0.07800576923076923;0.08484038461538462;0.11537307692307694;0.17498653846153844;0.1928519230769231;0.2126;0.20793846153846154;0.21109038461538462;0.14674423076923077
2019-11-12T00:00:00.000Z;0.094;1.0050769230769232;0.05082692307692308;0.08305384615384616;0.09306346153846154;0.12511346153846156;0.18127115384615383;0.19720192307692308;0.21161538461538462;0.2164230769230769;0.22310000000000002;0.15939615384615385
2019-11-15T00:00:00.000Z;;;;;;;;;;;;
2019-11-17T00:00:00.000Z;0.09990384615384616;1.3162884615384614;0.06256346153846154;0.09071153846153847;0.09920576923076924;0.1334384615384616;0.19651346153846158;0.2145076923076923;0.2290115384615385;0.23369230769230773;0.2440038461538461;0.17543846153846157
2019-11-20T00:00:00.000Z;;;;;;;;;;;;
2019-11-22T00:00:00.000Z;;;;;;;;;;;;
2019-11-25T00:00:00.000Z;0.055641025641025646;1.3476410256410256;0.07217179487179487;0.09267948717948718;0.09174358974358976;0.12363846153846157;0.17802051282051282;0.19435128205128208;0.2041948717948718;0.20933076923076924;0.19024358974358974;0.1281923076923077
2019-11-27T00:00:00.000Z;;;;;;;;;;;;
2019-11-30T00:00:00.000Z;0.07790384615384616;1.5484615384615386;0.04486153846153847;0.07051346153846154;0.07544423076923078;0.10727500000000001;0.16710769230769232;0.1851442307692308;0.19571538461538465;0.2004423076923077;0.19727115384615385;0.135275
2019-12-02T00:00:00.000Z;;;;;;;;;;;;
2019-12-05T00:00:00.000Z;;;;;;;;;;;;
2019-12-07T00:00:00.000Z;0.138;1.4705576923076924;0.04499423076923077;0.06716346153846153;0.07302115384615385;0.10485;0.16289038461538463;0.17935384615384614;0.18830769230769231;0.19406923076923083;0.1899192307692308;0.128025
2019-12-10T00:00:00.000Z;0.06678846153846153;0.4488461538461539;0.04255961538461539;0.06616538461538463;0.07088653846153847;0.09904038461538463;0.15924615384615387;0.17482307692307694;0.1968923076923077;0.19064807692307695;0.1839673076923077;0.1256576923076923
2019-12-12T00:00:00.000Z;0.105;1.0172307692307692;0.04531538461538461;0.07267884615384616;0.07936923076923078;0.11153846153846157;0.16925576923076924;0.18341346153846158;0.1942923076923077;0.19910769230769232;0.19350192307692307;0.1356173076923077
2019-12-15T00:00:00.000Z;0.07200000000000001;1.0177115384615385;0.041153846153846166;0.06698846153846154;0.07271346153846155;0.10426153846153843;0.162825;0.17828653846153844;0.19255384615384613;0.1944134615384616;0.183675;0.12204423076923077
2019-12-17T00:00:00.000Z;;;;;;;;;;;;
2019-12-20T00:00:00.000Z;;;;;;;;;;;;
2019-12-22T00:00:00.000Z;0.083;1.3335576923076924;0.04502692307692308;0.072575;0.07906153846153847;0.112225;0.17012884615384616;0.18543076923076926;0.1940769230769231;0.20054807692307694;0.20099615384615385;0.14134615384615387
2019-12-25T00:00:00.000Z;0.061;0.6042692307692308;0.03821923076923077;0.06390576923076922;0.06999615384615385;0.09873653846153847;0.15883653846153845;0.1760346153846154;0.1952;0.19301346153846158;0.17915192307692307;0.11911923076923077
2019-12-27T00:00:00.000Z;0.09990384615384616;1.1774423076923077;0.051825;0.07257307692307693;0.07897115384615384;0.10635384615384615;0.1615096153846154;0.17741923076923077;0.18805000000000002;0.19210961538461538;0.18950192307692307;0.13433653846153842
2019-12-30T00:00:00.000Z;;;;;;;;;;;;
2020-01-01T00:00:00.000Z;0.07200000000000001;0.4704423076923077;0.04884038461538461;0.07379038461538462;0.08018076923076924;0.11092307692307693;0.1673769230769231;0.18426538461538466;0.20337307692307693;0.20362307692307693;0.19367884615384612;0.1411
2020-01-04T00:00:00.000Z;0.116;0.9292692307692308;0.04251538461538461;0.06571923076923078;0.07098846153846154;0.10065384615384616;0.158575;0.17382307692307694;0.18959615384615383;0.19035576923076925;0.1798096153846154;0.11935576923076924
2020-01-06T00:00:00.000Z;0.083;0.6394423076923077;0.050725;0.07339615384615385;0.08053269230769232;0.10753846153846157;0.16574615384615388;0.18301923076923082;0.20193076923076925;0.20065000000000002;0.2019326923076923;0.1421423076923077
2020-01-09T00:00:00.000Z;0.09990384615384616;1.1209423076923077;0.05326923076923078;0.07465961538461538;0.07858846153846154;0.10805576923076925;0.16763076923076925;0.18460192307692308;0.19940384615384613;0.19991346153846157;0.19440961538461538;0.13307692307692306
2020-01-11T00:00:00.000Z;0.0889423076923077;0.8403653846153847;0.04690961538461539;0.07533461538461539;0.08315192307692308;0.11429230769230769;0.17057307692307694;0.18658076923076924;0.20101538461538465;0.20541538461538464;0.2051788461538461;0.14501538461538463
2020-01-14T00:00:00.000Z;0.07200000000000001;0.34013461538461537;0.04026730769230769;0.06555;0.07333269230769231;0.10068461538461539;0.1583;0.17448653846153844;0.19651538461538465;0.19125961538461536;0.18279807692307692;0.12374423076923077
2020-01-16T00:00:00.000Z;0.09990384615384616;0.9441923076923077;0.05256923076923078;0.07566923076923078;0.0843923076923077;0.11479615384615387;0.17191923076923077;0.18723076923076926;0.2024884615384616;0.2048365384615385;0.2125076923076923;0.1517423076923077
2020-01-19T00:00:00.000Z;;;;;;;;;;;;
2020-01-21T00:00:00.000Z;;;;;;;;;;;;
2020-01-24T00:00:00.000Z;;;;;;;;;;;;
2020-01-26T00:00:00.000Z;0.116;1.10468;0.06548;0.09240000000000001;0.098792;0.136404;0.20036800000000002;0.219396;0.236672;0.24054000000000003;0.22757600000000003;0.14769600000000002
2020-01-29T00:00:00.000Z;;;;;;;;;;;;
2020-01-31T00:00:00.000Z;0.094;1.5501818181818183;0.01321818181818182;0.017854545454545453;0.019345454545454548;0.02510909090909091;0.037181818181818184;0.04238181818181818;0.0434;0.04651818181818182;0.05014545454545455;0.035963636363636364
2020-02-03T00:00:00.000Z;0.083;0.7259423076923077;0.04663846153846154;0.072475;0.0795;0.10783076923076924;0.16309807692307693;0.17732115384615388;0.19390000000000002;0.19470576923076924;0.1920423076923077;0.1325673076923077
2020-02-05T00:00:00.000Z;;;;;;;;;;;;
2020-02-08T00:00:00.000Z;;;;;;;;;;;;
2020-02-10T00:00:00.000Z;0.09990384615384616;1.6036346153846157;0.05040384615384616;0.07840192307692308;0.08831538461538463;0.11965192307692307;0.17384615384615387;0.19038653846153844;0.19767884615384612;0.2091519230769231;0.22032692307692311;0.15857307692307693
2020-02-13T00:00:00.000Z;0.12126666666666669;1.2231333333333334;0.07480666666666667;0.09062;0.09599333333333332;0.12475333333333334;0.1757466666666667;0.19144666666666668;0.20489333333333334;0.20938000000000004;0.21849333333333334;0.15367333333333333
2020-02-15T00:00:00.000Z;0.116;1.174346153846154;0.06041346153846154;0.08363461538461539;0.09205384615384615;0.12140384615384615;0.17883269230769233;0.19520576923076924;0.2083980769230769;0.21331538461538463;0.23071346153846153;0.16674615384615388
2020-02-18T00:00:00.000Z;;;;;;;;;;;;
2020-02-20T00:00:00.000Z;0.11082692307692309;0.5449423076923078;0.05349230769230769;0.08278076923076923;0.09301730769230768;0.12299230769230769;0.17787307692307694;0.19464615384615383;0.2132288461538461;0.21402307692307693;0.2262;0.16287884615384615
2020-02-23T00:00:00.000Z;0.0889423076923077;0.4765961538461539;0.045792307692307695;0.07296730769230769;0.08085769230769231;0.10956923076923077;0.16532692307692307;0.18069615384615384;0.20066538461538466;0.1968423076923077;0.20220384615384612;0.14065961538461538
2020-02-25T00:00:00.000Z;0.13271153846153846;0.7554038461538463;0.06296923076923078;0.0900673076923077;0.09961346153846154;0.12984038461538464;0.19128653846153845;0.2105269230769231;0.2257769230769231;0.22829615384615387;0.2469115384615385;0.17979038461538463
2020-02-28T00:00:00.000Z;0.11082692307692309;0.6505192307692307;0.07098076923076924;0.09309807692307692;0.09946538461538462;0.12560192307692308;0.17687692307692307;0.1936942307692308;0.2088576923076923;0.2069096153846154;0.21291538461538462;0.15576346153846157
2020-03-01T00:00:00.000Z;;;;;;;;;;;;
2020-03-04T00:00:00.000Z;;;;;;;;;;;;
2020-03-06T00:00:00.000Z;;;;;;;;;;;;
2020-03-09T00:00:00.000Z;;;;;;;;;;;;
2020-03-11T00:00:00.000Z;0.127;1.2803076923076924;0.06080576923076923;0.09221538461538463;0.10501346153846157;0.13705;0.19158076923076925;0.2100596153846154;0.21927115384615387;0.22790576923076925;0.2514326923076923;0.18399423076923083
2020-03-14T00:00:00.000Z;0.094;1.375;0.06902115384615384;0.09416538461538462;0.10249038461538462;0.13267692307692308;0.18303461538461538;0.19963461538461535;0.2104076923076923;0.21796923076923083;0.22482692307692312;0.15855576923076925
2020-03-16T00:00:00.000Z;;;;;;;;;;;;
2020-03-19T00:00:00.000Z;;;;;;;;;;;;
2020-03-21T00:00:00.000Z;;;;;;;;;;;;
2020-03-24T00:00:00.000Z;;;;;;;;;;;;
2020-03-26T00:00:00.000Z;0.19809615384615384;0.47655769230769235;0.056909615384615385;0.08682115384615385;0.09640961538461539;0.12625576923076925;0.18485000000000001;0.2015923076923077;0.22147115384615387;0.2204538461538461;0.2388615384615385;0.16945576923076924
2020-03-29T00:00:00.000Z;0.1436346153846154;1.0667692307692307;0.053121153846153846;0.07935192307692307;0.08713653846153847;0.11715;0.17291538461538464;0.18886923076923082;0.20374615384615385;0.20452884615384612;0.2188038461538461;0.15512692307692308
2020-03-31T00:00:00.000Z;;;;;;;;;;;;
2020-04-03T00:00:00.000Z;;;;;;;;;;;;
2020-04-05T00:00:00.000Z;0.193;1.3499423076923076;0.06836153846153847;0.09935192307692309;0.10855384615384615;0.1441096153846154;0.20093653846153844;0.21884615384615386;0.23113076923076925;0.23736923076923083;0.2658153846153846;0.19607307692307693
2020-04-08T00:00:00.000Z;0.17632692307692308;1.3871346153846158;0.06254807692307693;0.09160961538461539;0.09896730769230769;0.13312884615384615;0.19264807692307695;0.21102115384615386;0.22383461538461538;0.2282596153846154;0.24650192307692312;0.18093269230769232
2020-04-10T00:00:00.000Z;;;;;;;;;;;;
2020-04-13T00:00:00.000Z;0.23655769230769233;1.4777307692307693;0.05808846153846154;0.08761730769230769;0.09540192307692309;0.13237307692307693;0.191675;0.2088923076923077;0.22023846153846152;0.2285;0.2285192307692308;0.1563173076923077
2020-04-15T00:00:00.000Z;;;;;;;;;;;;
2020-04-18T00:00:00.000Z;;;;;;;;;;;;
2020-04-20T00:00:00.000Z;;;;;;;;;;;;
2020-04-23T00:00:00.000Z;;;;;;;;;;;;
2020-04-25T00:00:00.000Z;;;;;;;;;;;;
2020-04-28T00:00:00.000Z;;;;;;;;;;;;
2020-04-30T00:00:00.000Z;0.15448076923076923;1.2940576923076923;0.08011153846153847;0.11393269230769232;0.12276346153846157;0.15974423076923078;0.22212307692307692;0.2384019230769231;0.2481615384615385;0.25850576923076923;0.28514423076923084;0.2148365384615385
2020-05-03T00:00:00.000Z;0.127;0.8009423076923078;0.06446153846153847;0.09230192307692309;0.10144615384615385;0.13138076923076925;0.183925;0.19994423076923082;0.21344230769230774;0.21535576923076924;0.22685961538461538;0.16549615384615388
2020-05-05T00:00:00.000Z;;;;;;;;;;;;
2020-05-08T00:00:00.000Z;;;;;;;;;;;;
2020-05-10T00:00:00.000Z;;;;;;;;;;;;
2020-05-13T00:00:00.000Z;0.105;1.1543076923076925;0.07621538461538463;0.10760192307692308;0.11358076923076925;0.15242884615384614;0.2154730769230769;0.23289038461538464;0.2486115384615385;0.2528038461538461;0.2667538461538461;0.18699615384615384
2020-05-15T00:00:00.000Z;;;;;;;;;;;;
2020-05-18T00:00:00.000Z;0.16;1.0766538461538462;0.06233269230769231;0.09311538461538463;0.10035961538461538;0.13404615384615387;0.19398076923076923;0.21180000000000002;0.22763846153846154;0.2293346153846154;0.2536788461538461;0.18457500000000002
2020-05-20T00:00:00.000Z;0.13271153846153846;1.4140576923076924;0.07590961538461538;0.11246538461538462;0.12405769230769231;0.1628826923076923;0.22003653846153848;0.23741730769230773;0.24837307692307692;0.25823846153846153;0.29736346153846155;0.2231865384615385
2020-05-23T00:00:00.000Z;0.23655769230769233;1.8757115384615384;0.07175576923076923;0.10586538461538463;0.11313076923076924;0.15158653846153844;0.20861346153846153;0.2281076923076923;0.2351269230769231;0.2446769230769231;0.2645615384615385;0.191475
2020-05-25T00:00:00.000Z;;;;;;;;;;;;
2020-05-28T00:00:00.000Z;0.24740384615384617;1.6580192307692307;0.06738653846153847;0.10099038461538462;0.1094423076923077;0.14552884615384615;0.20445000000000002;0.22407115384615386;0.23564230769230773;0.2405692307692308;0.2683038461538461;0.20002307692307694
2020-05-30T00:00:00.000Z;0.15448076923076923;1.0304807692307694;0.07942115384615385;0.11837115384615386;0.13071538461538462;0.16942884615384615;0.22910576923076925;0.2460038461538461;0.2596480769230769;0.2664769230769231;0.3042173076923077;0.2299519230769231
2020-06-02T00:00:00.000Z;;;;;;;;;;;;
2020-06-04T00:00:00.000Z;;;;;;;;;;;;
2020-06-07T00:00:00.000Z;;;;;;;;;;;;
2020-06-09T00:00:00.000Z;;;;;;;;;;;;
2020-06-12T00:00:00.000Z;0.116;1.1561153846153844;0.067925;0.10267307692307694;0.11399423076923076;0.152;0.2056346153846154;0.22108076923076925;0.23473076923076924;0.23990576923076926;0.2678846153846154;0.19448653846153843
2020-06-14T00:00:00.000Z;0.16;1.401076923076923;0.08746730769230769;0.1244673076923077;0.13742115384615386;0.17676538461538463;0.2304346153846154;0.249625;0.2626846153846154;0.26914230769230774;0.3174596153846154;0.24351923076923082
2020-06-17T00:00:00.000Z;0.149;1.9293653846153844;0.08665576923076923;0.11880384615384615;0.12766923076923076;0.16632692307692307;0.22217884615384612;0.24308076923076924;0.25209615384615386;0.2619096153846154;0.2977269230769231;0.22134807692307693
2020-06-19T00:00:00.000Z;0.149;1.5919347826086956;0.20314347826086962;0.2232978260869565;0.23403260869565212;0.2747891304347826;0.31916086956521744;0.3360217391304348;0.3410065217391305;0.35931956521739133;0.39614565217391307;0.2755543478260869
2020-06-22T00:00:00.000Z;0.17632692307692308;1.7243076923076923;0.06958846153846154;0.10494423076923076;0.1177;0.15664423076923076;0.20446346153846157;0.22078461538461538;0.23069615384615386;0.24071923076923082;0.2730096153846154;0.19629807692307694
2020-06-24T00:00:00.000Z;;;;;;;;;;;;
2020-06-27T00:00:00.000Z;;;;;;;;;;;;
2020-06-29T00:00:00.000Z;0.19809615384615384;1.3925192307692307;0.08318461538461538;0.12340384615384616;0.14233653846153843;0.18373076923076925;0.23141730769230773;0.2481788461538461;0.2592576923076923;0.2713788461538461;0.3215980769230769;0.2388019230769231
2020-07-02T00:00:00.000Z;0.11082692307692309;1.0064807692307691;0.07287307692307693;0.10818846153846158;0.1235423076923077;0.15990384615384615;0.20398461538461538;0.2199769230769231;0.2355076923076923;0.2407826923076923;0.27559038461538465;0.19820576923076924
2020-07-04T00:00:00.000Z;0.12178846153846153;1.6660192307692308;0.09041346153846154;0.12652884615384616;0.14425961538461538;0.18429807692307693;0.22994038461538463;0.24904230769230773;0.2612692307692308;0.2707576923076923;0.3267846153846154;0.24409807692307692
2020-07-07T00:00:00.000Z;0.20390384615384616;1.51675;0.07513269230769232;0.10930000000000001;0.12467500000000001;0.16218653846153844;0.20795000000000002;0.2253019230769231;0.23885;0.24465576923076926;0.2872596153846154;0.2101980769230769
2020-07-09T00:00:00.000Z;0.32371153846153844;2.540596153846154;0.05336538461538462;0.09112884615384616;0.1089673076923077;0.144075;0.18057115384615385;0.19181346153846157;0.19609423076923083;0.21270576923076925;0.2461730769230769;0.1689634615384616
2020-07-12T00:00:00.000Z;0.3835576923076923;2.159865384615385;0.06436346153846154;0.10729423076923077;0.12476923076923077;0.1686269230769231;0.21226153846153847;0.2300846153846154;0.23536153846153848;0.25145576923076923;0.28335576923076927;0.19748461538461537
2020-07-14T00:00:00.000Z;;;;;;;;;;;;
2020-07-17T00:00:00.000Z;0.209;2.369192307692308;0.07474423076923077;0.11122115384615386;0.12636538461538463;0.16646153846153844;0.2097076923076923;0.2277980769230769;0.23486923076923083;0.24677500000000002;0.2896288461538461;0.2136692307692308
2020-07-19T00:00:00.000Z;0.26390384615384616;2.061076923076923;0.08070000000000001;0.12225192307692308;0.1418673076923077;0.18597692307692307;0.2297865384615385;0.24569038461538464;0.251825;0.2658403846153846;0.31975192307692313;0.23351346153846153
2020-07-22T00:00:00.000Z;0.16;1.2656538461538462;0.08005384615384616;0.12375192307692308;0.15744038461538462;0.20155;0.2417865384615385;0.26478076923076926;0.15534615384615386;0.2816865384615385;0.2708038461538461;0.23177307692307692
2020-07-24T00:00:00.000Z;0.193;2.3000000000000003;0.08158269230769231;0.08778653846153847;0.10107692307692309;0.111125;0.1130173076923077;0.12009615384615387;0.1208923076923077;0.1270173076923077;0.22616538461538463;0.2490769230769231
2020-07-27T00:00:00.000Z;0.2746730769230769;1.8162307692307693;0.0633673076923077;0.07468269230769231;0.09244423076923076;0.10019423076923077;0.10351346153846157;0.11271346153846158;0.11969423076923076;0.12449807692307693;0.2232288461538461;0.2381480769230769
2020-07-29T00:00:00.000Z;0.182;1.8847500000000001;0.06672884615384615;0.08131153846153846;0.09968269230769232;0.11002500000000001;0.11258461538461538;0.11922692307692308;0.12388269230769232;0.13140961538461537;0.2380980769230769;0.2527903846153846
2020-08-01T00:00:00.000Z;;;;;;;;;;;;
2020-08-03T00:00:00.000Z;0.19809615384615384;2.4551346153846154;0.07075192307692307;0.08030769230769232;0.09872307692307693;0.10797884615384615;0.10901730769230769;0.11736923076923077;0.12039615384615386;0.12811538461538463;0.2506076923076923;0.27390000000000003
2020-08-06T00:00:00.000Z;0.231;1.9207115384615383;0.05393076923076923;0.06541538461538463;0.08611153846153846;0.094125;0.09512115384615386;0.10191923076923076;0.10893461538461538;0.11335;0.2321576923076923;0.2532153846153846
2020-08-08T00:00:00.000Z;0.2964807692307692;1.5590961538461539;0.06048653846153847;0.07920769230769231;0.10272884615384614;0.11265576923076924;0.115775;0.12411153846153844;0.1305403846153846;0.1389846153846154;0.2558096153846154;0.26653846153846156
2020-08-11T00:00:00.000Z;;;;;;;;;;;;
2020-08-13T00:00:00.000Z;0.23655769230769233;1.3694807692307693;0.06132692307692308;0.0755923076923077;0.09994038461538463;0.10877692307692308;0.11134615384615386;0.11984038461538463;0.1295673076923077;0.13385576923076925;0.26909230769230774;0.28924230769230774
2020-08-16T00:00:00.000Z;0.149;1.0984807692307692;0.05534423076923078;0.06973076923076924;0.09283653846153847;0.10038461538461539;0.10368076923076924;0.11193461538461538;0.12210384615384615;0.12353461538461538;0.24652500000000002;0.2665480769230769
2020-08-18T00:00:00.000Z;0.055480769230769236;1.4231346153846158;0.06901153846153847;0.08655192307692308;0.11030000000000001;0.12158461538461539;0.12423461538461539;0.13232115384615387;0.1397576923076923;0.14627115384615386;0.270275;0.2850788461538461
2020-08-21T00:00:00.000Z;0.15448076923076923;1.3665;0.05739038461538462;0.07612307692307693;0.09965769230769232;0.10922115384615386;0.11421923076923077;0.12124230769230769;0.1301673076923077;0.13473653846153844;0.2464173076923077;0.25140961538461537
2020-08-23T00:00:00.000Z;0.13271153846153846;2.156;0.08519230769230769;0.09825384615384616;0.12080384615384615;0.13405;0.1357134615384616;0.14646153846153845;0.15265192307692307;0.1590769230769231;0.2939076923076923;0.30608076923076927
2020-08-26T00:00:00.000Z;0.171;1.488096153846154;0.05718076923076923;0.07243846153846153;0.0971;0.10550000000000001;0.10908461538461539;0.11549807692307694;0.12583076923076925;0.12875769230769232;0.25296730769230774;0.27154423076923084
2020-08-28T00:00:00.000Z;0.2964807692307692;1.9086538461538465;0.060690384615384625;0.08174615384615384;0.10902500000000001;0.12063846153846157;0.12198269230769232;0.13089038461538463;0.13564423076923077;0.14552307692307692;0.2729096153846154;0.28369423076923084
2020-08-31T00:00:00.000Z;0.138;0.9825769230769232;0.05647692307692308;0.07390000000000001;0.09904615384615385;0.10722884615384615;0.1107423076923077;0.11763269230769231;0.12862884615384615;0.130925;0.2494096153846154;0.2566365384615385
2020-09-02T00:00:00.000Z;0.18715384615384617;2.0189807692307693;0.079875;0.09531923076923077;0.12105;0.1335923076923077;0.13670192307692308;0.14683653846153844;0.15201923076923077;0.15956923076923077;0.30142115384615387;0.3148711538461539
2020-09-05T00:00:00.000Z;0.15448076923076923;1.5556346153846157;0.05690192307692307;0.07298653846153846;0.09835;0.10557692307692308;0.10938461538461539;0.11628461538461539;0.12616346153846159;0.12886346153846157;0.2553173076923077;0.2715038461538461
2020-09-07T00:00:00.000Z;0.209;2.187538461538461;0.06964423076923078;0.0893423076923077;0.11500961538461539;0.12813076923076924;0.13100192307692307;0.138025;0.14252692307692308;0.15287692307692308;0.2808615384615385;0.29028076923076923
2020-09-10T00:00:00.000Z;0.193;1.6595384615384614;0.05479807692307693;0.07442692307692307;0.10072692307692309;0.10998269230769231;0.11192692307692308;0.11814615384615386;0.12617692307692308;0.13148846153846158;0.25191346153846156;0.2573519230769231
2020-09-12T00:00:00.000Z;0.21478846153846154;1.8662115384615383;0.06850576923076923;0.0852423076923077;0.11281153846153844;0.12351923076923077;0.12676153846153843;0.1362846153846154;0.14143653846153845;0.1480326923076923;0.2821461538461539;0.2965692307692308
2020-09-15T00:00:00.000Z;;;;;;;;;;;;
2020-09-17T00:00:00.000Z;;;;;;;;;;;;
2020-09-20T00:00:00.000Z;;;;;;;;;;;;
2020-09-22T00:00:00.000Z;0.24740384615384617;1.6324038461538461;0.06962307692307693;0.08816346153846154;0.11592884615384615;0.12897307692307694;0.13604230769230768;0.14752692307692308;0.15251346153846157;0.16108653846153845;0.2891365384615385;0.2942980769230769
2020-09-25T00:00:00.000Z;0.16540384615384615;1.1927307692307694;0.058296153846153845;0.07747692307692308;0.10513269230769232;0.11424615384615386;0.11911923076923077;0.12706153846153845;0.13868076923076925;0.14107115384615387;0.2694519230769231;0.2805019230769231
2020-09-27T00:00:00.000Z;0.149;0.8911538461538462;0.060775;0.08460000000000001;0.11543269230769232;0.1262096153846154;0.130275;0.1390596153846154;0.15018076923076926;0.1553076923076923;0.28623846153846155;0.2902326923076923
2020-09-30T00:00:00.000Z;;;;;;;;;;;;
2020-10-02T00:00:00.000Z;;;;;;;;;;;;
2020-10-05T00:00:00.000Z;;;;;;;;;;;;
2020-10-07T00:00:00.000Z;0.171;0.8388846153846153;0.06233076923076923;0.08937884615384616;0.1225173076923077;0.13706153846153843;0.14205576923076924;0.15169423076923078;0.16015192307692308;0.1676826923076923;0.2974365384615385;0.29093076923076927
2020-10-10T00:00:00.000Z;;;;;;;;;;;;
2020-10-12T00:00:00.000Z;0.127;0.6798653846153847;0.06920192307692308;0.09231153846153847;0.12517115384615388;0.13810769230769232;0.1431403846153846;0.15117115384615387;0.16351538461538462;0.16775192307692308;0.30065576923076925;0.3006153846153846
2020-10-15T00:00:00.000Z;0.105;0.7345961538461538;0.06356538461538462;0.08539038461538462;0.11689038461538462;0.12905769230769232;0.13449038461538462;0.14258653846153843;0.15387307692307695;0.15658461538461538;0.27963076923076924;0.28068846153846155
2020-10-17T00:00:00.000Z;;;;;;;;;;;;
2020-10-20T00:00:00.000Z;;;;;;;;;;;;
2020-10-25T00:00:00.000Z;0.193;0.9602692307692309;0.06108076923076923;0.08467884615384616;0.11663653846153843;0.12899807692307694;0.13521923076923076;0.14357115384615388;0.15279615384615386;0.15672115384615387;0.27915961538461537;0.27925
2020-10-27T00:00:00.000Z;0.116;1.2187884615384614;0.06261538461538463;0.08940576923076923;0.12283846153846158;0.13857307692307694;0.14232884615384614;0.15075;0.15658076923076925;0.16733846153846157;0.29368653846153847;0.28939038461538463
2020-10-30T00:00:00.000Z;0.116;0.8291153846153847;0.05897884615384616;0.08416153846153847;0.11614038461538462;0.1285673076923077;0.1323423076923077;0.14005;0.15101153846153845;0.15357500000000002;0.27031346153846153;0.2600596153846154
2020-11-01T00:00:00.000Z;0.127;1.1599807692307693;0.07230769230769231;0.09515769230769233;0.12726923076923077;0.14081153846153843;0.14552692307692308;0.15609038461538463;0.16305769230769232;0.1675673076923077;0.2967326923076923;0.29617307692307693
2020-11-04T00:00:00.000Z;;;;;;;;;;;;
2020-11-06T00:00:00.000Z;;;;;;;;;;;;
2020-11-09T00:00:00.000Z;0.105;1.4330961538461537;0.05545576923076923;0.08255576923076922;0.11640576923076924;0.1314326923076923;0.13431923076923077;0.14412692307692307;0.15497692307692307;0.16004615384615387;0.27414423076923083;0.24410384615384612
2020-11-11T00:00:00.000Z;0.105;1.17052;0.12207200000000001;0.147284;0.181532;0.19992000000000001;0.21106;0.22240000000000001;0.23566;0.240904;0.351196;0.318312
2020-11-14T00:00:00.000Z;;;;;;;;;;;;
2020-11-16T00:00:00.000Z;;;;;;;;;;;;
2020-11-19T00:00:00.000Z;0.127;1.6167500000000001;0.1095423076923077;0.11873653846153844;0.13270384615384614;0.1458846153846154;0.14483653846153843;0.14794423076923077;0.14517307692307693;0.1563826923076923;0.20825576923076924;0.18474038461538464
2020-11-21T00:00:00.000Z;0.09990384615384616;0.7960192307692308;0.09068461538461539;0.11885192307692308;0.1561846153846154;0.17058846153846158;0.1773423076923077;0.18788076923076924;0.20378269230769233;0.20438269230769232;0.3359134615384615;0.3229980769230769
2020-11-24T00:00:00.000Z;;;;;;;;;;;;
2020-11-26T00:00:00.000Z;;;;;;;;;;;;
2020-11-29T00:00:00.000Z;0.083;1.3364807692307694;0.05237884615384616;0.07959615384615384;0.11430576923076924;0.128725;0.13307692307692306;0.14214615384615387;0.15337307692307695;0.15670769230769233;0.2656807692307693;0.2345692307692308
2020-12-01T00:00:00.000Z;0.09990384615384616;1.1760384615384614;0.0710673076923077;0.09916730769230768;0.13899423076923076;0.15460192307692308;0.16123269230769233;0.1700173076923077;0.18321153846153843;0.18693846153846158;0.31395384615384614;0.29107500000000003
2020-12-04T00:00:00.000Z;;;;;;;;;;;;
2020-12-06T00:00:00.000Z;0.083;0.5650384615384616;0.07814615384615385;0.11207307692307693;0.1532769230769231;0.16833269230769232;0.17443846153846157;0.18266346153846158;0.20035769230769232;0.20203653846153843;0.3278596153846154;0.3066942307692308
2020-12-09T00:00:00.000Z;0.06678846153846153;0.6253269230769231;0.05618076923076923;0.08604807692307694;0.12142692307692307;0.13384807692307693;0.13929615384615388;0.14736923076923078;0.16433846153846157;0.16387884615384615;0.2714519230769231;0.23972692307692312
2020-12-11T00:00:00.000Z;;;;;;;;;;;;
2020-12-16T00:00:00.000Z;0.083;0.8267692307692307;0.08128653846153847;0.11524807692307694;0.15460192307692308;0.17223653846153844;0.17724038461538463;0.1859442307692308;0.20022500000000001;0.20399615384615385;0.3285846153846154;0.3073038461538461
2020-12-19T00:00:00.000Z;0.09990384615384616;1.3767884615384616;0.07625384615384616;0.10697307692307693;0.14310576923076923;0.1588884615384616;0.16327115384615387;0.17089807692307693;0.18175;0.18525;0.30274423076923085;0.2777980769230769
2020-12-21T00:00:00.000Z;;;;;;;;;;;;
2020-12-24T00:00:00.000Z;0.0889423076923077;0.9466923076923076;0.07965384615384616;0.1074423076923077;0.13924807692307695;0.15174038461538464;0.15902307692307693;0.16742692307692308;0.18124615384615383;0.18105576923076924;0.28737115384615386;0.2705288461538461
2020-12-26T00:00:00.000Z;0.07200000000000001;0.31769230769230766;0.08161538461538462;0.116;0.15800769230769232;0.1715596153846154;0.17880576923076924;0.18759615384615383;0.2079288461538461;0.20456153846153843;0.32737307692307693;0.3061076923076923
2020-12-29T00:00:00.000Z;0.07200000000000001;0.7716538461538462;0.08251538461538463;0.11260769230769231;0.15001538461538463;0.16445384615384614;0.16924423076923076;0.1768;0.19324615384615385;0.19223076923076926;0.3123769230769231;0.28679423076923083
2020-12-31T00:00:00.000Z;0.07790384615384616;0.59175;0.08736153846153846;0.11930576923076924;0.16081538461538464;0.17561923076923078;0.18343846153846158;0.19081346153846157;0.2097826923076923;0.2071038461538461;0.33742500000000003;0.3213865384615385
2021-01-03T00:00:00.000Z;0.06678846153846153;0.48880769230769233;0.06418653846153846;0.08858269230769232;0.11883461538461539;0.12816538461538463;0.134225;0.1394;0.15572115384615387;0.15013076923076923;0.24039423076923083;0.22853653846153849
2021-01-05T00:00:00.000Z;0.083;0.4321923076923077;0.08407692307692308;0.12025000000000001;0.16366153846153844;0.1780384615384616;0.18520769230769232;0.19452884615384614;0.2136480769230769;0.20991923076923083;0.3351019230769231;0.31235576923076924
2021-01-08T00:00:00.000Z;;;;;;;;;;;;
2021-01-10T00:00:00.000Z;;;;;;;;;;;;
2021-01-13T00:00:00.000Z;0.11082692307692309;0.6095384615384616;0.063625;0.09160576923076924;0.12847692307692307;0.13989423076923077;0.14552884615384615;0.15343269230769233;0.17147692307692308;0.1669634615384616;0.27987500000000004;0.2546903846153846
2021-01-15T00:00:00.000Z;0.105;0.3626153846153847;0.07952884615384616;0.11623461538461538;0.15944038461538462;0.17259423076923078;0.17809423076923078;0.18729423076923082;0.208175;0.20393076923076925;0.3258711538461539;0.3019442307692308
2021-01-18T00:00:00.000Z;0.11082692307692309;0.6855192307692307;0.07103461538461539;0.10506538461538463;0.14472115384615386;0.1594076923076923;0.1646326923076923;0.17018653846153844;0.18834615384615383;0.18598461538461536;0.3053076923076923;0.278525
2021-01-20T00:00:00.000Z;;;;;;;;;;;;
2021-01-23T00:00:00.000Z;;;;;;;;;;;;
2021-01-25T00:00:00.000Z;0.09819230769230769;1.5770192307692308;0.06287307692307693;0.08285384615384615;0.10744038461538462;0.11969615384615387;0.12203461538461538;0.12663076923076924;0.13510576923076925;0.13721153846153844;0.20234807692307694;0.18807692307692309
2021-01-28T00:00:00.000Z;0.0889423076923077;1.138346153846154;0.07533461538461539;0.10640769230769231;0.14315;0.15858846153846157;0.16250384615384614;0.17022307692307695;0.18139615384615385;0.18453461538461538;0.2917826923076923;0.267
2021-01-30T00:00:00.000Z;;;;;;;;;;;;
2021-02-02T00:00:00.000Z;0.07200000000000001;0.8315961538461538;0.0871673076923077;0.11813269230769231;0.15846153846153843;0.17195192307692309;0.18025961538461538;0.18778076923076925;0.2050076923076923;0.2024923076923077;0.3304153846153846;0.31468076923076926
2021-02-04T00:00:00.000Z;0.12178846153846153;1.1210384615384614;0.08660961538461538;0.12484807692307694;0.16871923076923076;0.1881173076923077;0.19466923076923082;0.20472115384615383;0.2130576923076923;0.22181153846153848;0.3475423076923077;0.326125
2021-02-07T00:00:00.000Z;;;;;;;;;;;;
2021-02-09T00:00:00.000Z;;;;;;;;;;;;
2021-02-12T00:00:00.000Z;;;;;;;;;;;;
2021-02-14T00:00:00.000Z;0.105;0.9181153846153847;0.094725;0.13602115384615387;0.18198269230769232;0.1985;0.20632115384615388;0.214875;0.22812692307692312;0.23089230769230773;0.35921538461538466;0.33721730769230773
2021-02-17T00:00:00.000Z;;;;;;;;;;;;
2021-02-19T00:00:00.000Z;0.12178846153846153;0.7400769230769231;0.10061153846153847;0.13628269230769233;0.18172307692307693;0.19752692307692307;0.20596923076923082;0.21550961538461538;0.23229230769230771;0.23042307692307692;0.3607807692307693;0.34344807692307694
2021-02-22T00:00:00.000Z;;;;;;;;;;;;
2021-02-24T00:00:00.000Z;;;;;;;;;;;;
2021-02-27T00:00:00.000Z;;;;;;;;;;;;
2021-03-01T00:00:00.000Z;;;;;;;;;;;;
2021-03-04T00:00:00.000Z;;;;;;;;;;;;
2021-03-06T00:00:00.000Z;;;;;;;;;;;;
2021-03-09T00:00:00.000Z;;;;;;;;;;;;
2021-03-11T00:00:00.000Z;0.116;1.4532692307692308;0.09654038461538463;0.13416538461538463;0.17991538461538462;0.19958269230769232;0.20922500000000002;0.22007115384615386;0.2312980769230769;0.2373538461538461;0.37162115384615385;0.3426519230769231
2021-03-14T00:00:00.000Z;0.0889423076923077;0.7637115384615385;0.09527307692307692;0.13208076923076925;0.1776923076923077;0.193275;0.20433076923076926;0.2143115384615385;0.2323269230769231;0.22834615384615387;0.35833076923076923;0.3382480769230769
2021-03-16T00:00:00.000Z;0.138;0.8589423076923077;0.1061;0.1492;0.19806346153846158;0.21752115384615386;0.22891538461538463;0.2383096153846154;0.2523826923076923;0.2551365384615385;0.38512115384615386;0.3547038461538461
2021-03-19T00:00:00.000Z;;;;;;;;;;;;
2021-03-21T00:00:00.000Z;0.13271153846153846;0.5390769230769231;0.11007307692307694;0.15143653846153843;0.2008923076923077;0.21860384615384612;0.23068846153846154;0.24224230769230773;0.2628326923076923;0.2586;0.3957192307692308;0.37036730769230775
2021-03-24T00:00:00.000Z;0.116;0.9;0.101025;0.13961153846153843;0.18561153846153844;0.20277692307692308;0.2149288461538461;0.22465384615384612;0.2416538461538461;0.2391288461538461;0.3692384615384615;0.3482615384615385
2021-03-26T00:00:00.000Z;0.17632692307692308;0.8413269230769231;0.11248846153846158;0.15660384615384615;0.2081576923076923;0.2295;0.24090576923076926;0.2520557692307692;0.2666692307692308;0.2693596153846154;0.39958269230769233;0.3679807692307693
2021-03-29T00:00:00.000Z;;;;;;;;;;;;
2021-03-31T00:00:00.000Z;0.3617115384615385;0.8850384615384616;0.12301923076923077;0.16155;0.19277692307692307;0.21591346153846153;0.24084038461538462;0.25391730769230775;0.26554038461538465;0.2673788461538461;0.3472326923076923;0.31654230769230773
2021-04-03T00:00:00.000Z;;;;;;;;;;;;
2021-04-05T00:00:00.000Z;0.171;1.2264615384615385;0.11143653846153843;0.1534923076923077;0.20227115384615385;0.22612115384615386;0.23944230769230773;0.25136730769230775;0.26358076923076923;0.26982115384615385;0.4065288461538461;0.372
2021-04-08T00:00:00.000Z;;;;;;;;;;;;
2021-04-10T00:00:00.000Z;;;;;;;;;;;;
2021-04-13T00:00:00.000Z;;;;;;;;;;;;
2021-04-15T00:00:00.000Z;;;;;;;;;;;;
2021-04-18T00:00:00.000Z;0.13271153846153846;0.5288846153846154;0.10308269230769232;0.14523461538461538;0.19293076923076924;0.2128576923076923;0.2311019230769231;0.24200576923076925;0.26244230769230775;0.2585365384615385;0.37686153846153847;0.33872115384615387
2021-04-20T00:00:00.000Z;0.19375;1.5190384615384616;0.14654807692307695;0.19013076923076924;0.24195576923076925;0.26711730769230774;0.2855634615384615;0.2990673076923077;0.3097846153846154;0.3158826923076923;0.45815192307692315;0.42379807692307697
2021-04-23T00:00:00.000Z;;;;;;;;;;;;
2021-04-25T00:00:00.000Z;;;;;;;;;;;;
2021-04-28T00:00:00.000Z;0.171;1.8783750000000001;0.069575;0.0936;0.123325;0.1395625;0.1486875;0.15825;0.1338;0.1733625;0.20241250000000002;0.174375
2021-04-30T00:00:00.000Z;0.209;1.3781153846153844;0.13774423076923076;0.1865519230769231;0.23741153846153848;0.2641076923076923;0.2829942307692308;0.2981192307692308;0.3090076923076923;0.3129;0.4508788461538462;0.41720576923076924
2021-05-03T00:00:00.000Z;;;;;;;;;;;;
2021-05-05T00:00:00.000Z;;;;;;;;;;;;
2021-05-08T00:00:00.000Z;0.138;0.8647307692307693;0.12670384615384614;0.17050384615384614;0.2162230769230769;0.24218076923076925;0.26669615384615386;0.27866346153846155;0.2954076923076923;0.29563076923076925;0.3958096153846154;0.3520596153846154
2021-05-10T00:00:00.000Z;;;;;;;;;;;;
2021-05-13T00:00:00.000Z;;;;;;;;;;;;
2021-05-15T00:00:00.000Z;0.116;1.2293653846153842;0.13614807692307693;0.18463846153846158;0.2365846153846154;0.2664115384615385;0.28973461538461537;0.30349038461538463;0.3138538461538461;0.3225480769230769;0.4427634615384615;0.4024653846153846
2021-05-18T00:00:00.000Z;0.12178846153846153;1.2001923076923076;0.11662307692307694;0.16446538461538462;0.21424230769230773;0.2405596153846154;0.26016538461538463;0.27274038461538463;0.2842846153846154;0.288375;0.40487692307692313;0.3613115384615385
2021-05-20T00:00:00.000Z;0.16;1.6473269230769232;0.13902307692307694;0.1879192307692308;0.23980384615384612;0.2675865384615385;0.2864038461538461;0.3015423076923077;0.3099807692307692;0.3163769230769231;0.45101346153846156;0.4175173076923077
2021-05-23T00:00:00.000Z;;;;;;;;;;;;
2021-05-25T00:00:00.000Z;;;;;;;;;;;;
2021-05-28T00:00:00.000Z;;;;;;;;;;;;
2021-05-30T00:00:00.000Z;;;;;;;;;;;;
2021-06-02T00:00:00.000Z;0.127;1.3520263157894739;0.1308526315789474;0.17856315789473684;0.23333157894736842;0.26289210526315787;0.2896684210526316;0.30690789473684216;0.31770526315789477;0.3229;0.45158421052631575;0.40750000000000003
2021-06-04T00:00:00.000Z;;;;;;;;;;;;
2021-06-07T00:00:00.000Z;0.138;1.6606923076923077;0.11593269230769232;0.16426538461538462;0.21607307692307692;0.24563076923076924;0.26551153846153847;0.2775769230769231;0.2878769230769231;0.2959019230769231;0.4137942307692308;0.36129423076923084
2021-06-09T00:00:00.000Z;0.18715384615384617;1.6514423076923077;0.1402634615384616;0.19035576923076925;0.24521153846153848;0.2759576923076923;0.29599807692307695;0.3123769230769231;0.3237596153846154;0.3311230769230769;0.46545576923076926;0.4273865384615385
2021-06-12T00:00:00.000Z;0.22;1.9644000000000001;0.15999000000000002;0.20021;0.23932;0.27033;0.296565;0.31573;0.32158000000000003;0.329855;0.42416000000000004;0.36637
2021-06-14T00:00:00.000Z;0.3182307692307692;1.9122884615384612;0.13585961538461538;0.18978461538461536;0.23995192307692312;0.27142307692307693;0.29419423076923085;0.3073019230769231;0.3098769230769231;0.3236346153846154;0.4261942307692308;0.3746346153846154
2021-06-17T00:00:00.000Z;;;;;;;;;;;;
2021-06-19T00:00:00.000Z;;;;;;;;;;;;
2021-06-22T00:00:00.000Z;;;;;;;;;;;;
2021-06-24T00:00:00.000Z;0.171;1.7087307692307694;0.1410173076923077;0.1966;0.2536788461538461;0.2867288461538461;0.3074596153846154;0.3209096153846154;0.3269096153846154;0.3391461538461539;0.4644192307692308;0.4126576923076923
2021-06-27T00:00:00.000Z;0.15448076923076923;1.7548076923076925;0.12307692307692308;0.17522692307692309;0.22874230769230772;0.2593326923076923;0.2796730769230769;0.2929538461538461;0.30062307692307694;0.310025;0.42321346153846157;0.36786538461538465
2021-06-29T00:00:00.000Z;0.105;1.2158076923076924;0.14517307692307693;0.19770384615384612;0.25590576923076924;0.28679038461538464;0.308575;0.3236788461538461;0.3377576923076923;0.3403692307692308;0.4711153846153846;0.42853076923076927
2021-07-02T00:00:00.000Z;0.13271153846153846;1.249423076923077;0.12871538461538462;0.17750000000000002;0.23343076923076925;0.2599269230769231;0.2822519230769231;0.2964269230769231;0.3117346153846154;0.31264807692307695;0.434975;0.3936519230769231
2021-07-04T00:00:00.000Z;0.061;1.546096153846154;0.14381346153846158;0.19943076923076924;0.2581846153846154;0.2896538461538461;0.30831538461538466;0.32314038461538463;0.3308923076923077;0.34087115384615385;0.4696076923076923;0.4174076923076923
2021-07-07T00:00:00.000Z;;;;;;;;;;;;
2021-07-09T00:00:00.000Z;0.27478846153846154;2.2023076923076923;0.1711923076923077;0.22704038461538462;0.28414038461538466;0.3217903846153846;0.3442557692307693;0.3630326923076923;0.36672307692307693;0.38022115384615385;0.5054538461538463;0.4496038461538462
2021-07-12T00:00:00.000Z;0.3584807692307692;1.1676538461538462;0.12642692307692308;0.1813076923076923;0.23746538461538463;0.26415384615384613;0.28718653846153847;0.3020615384615385;0.3153576923076923;0.3165;0.4268403846153846;0.3803076923076923
2021-07-14T00:00:00.000Z;0.11082692307692309;1.7605;0.14286346153846158;0.19884615384615384;0.2580769230769231;0.2897826923076923;0.30736730769230775;0.32003076923076923;0.3250846153846154;0.3378538461538461;0.4669288461538462;0.4133826923076923
2021-07-17T00:00:00.000Z;0.13271153846153846;1.7426346153846157;0.12399615384615387;0.17351923076923076;0.22566538461538463;0.2557961538461539;0.27433076923076927;0.2883615384615385;0.2939538461538461;0.3050942307692308;0.4130673076923077;0.3581153846153846
2021-07-19T00:00:00.000Z;0.291;2.0788076923076924;0.14868269230769232;0.20376153846153844;0.2666365384615385;0.2978807692307692;0.3147269230769231;0.3317923076923077;0.33699807692307693;0.3464346153846154;0.48036923076923077;0.42999230769230773
2021-07-22T00:00:00.000Z;0.21478846153846154;1.1718461538461538;0.12924038461538462;0.18196538461538464;0.2413923076923077;0.269525;0.2880442307692308;0.3009307692307693;0.3154;0.3172384615384615;0.43986346153846156;0.3958826923076923
2021-07-24T00:00:00.000Z;0.4106346153846154;1.5899423076923076;0.14443076923076925;0.20646730769230773;0.26504423076923084;0.2967711538461539;0.3128115384615385;0.3246576923076923;0.3292192307692308;0.3415134615384615;0.4505903846153846;0.3895576923076923
2021-07-27T00:00:00.000Z;0.23655769230769233;1.8930576923076925;0.11937692307692307;0.17595769230769231;0.2333;0.26315;0.27753076923076925;0.29020961538461537;0.29605000000000004;0.3065865384615385;0.42383076923076923;0.3639076923076923
2021-07-29T00:00:00.000Z;0.24740384615384617;1.9789038461538464;0.14129807692307694;0.1965423076923077;0.25206730769230773;0.28248076923076926;0.29780576923076924;0.31438846153846156;0.31864615384615386;0.3283173076923077;0.4557115384615385;0.4097288461538462
2021-08-01T00:00:00.000Z;0.209;1.5236153846153844;0.12533653846153844;0.17631538461538462;0.2344576923076923;0.2623788461538461;0.2789923076923077;0.29229423076923083;0.3033769230769231;0.30781538461538466;0.4331615384615385;0.3898692307692308
2021-08-03T00:00:00.000Z;;;;;;;;;;;;
2021-08-06T00:00:00.000Z;0.18715384615384617;1.9077692307692307;0.1226673076923077;0.17736538461538462;0.2355692307692308;0.2643115384615385;0.27785576923076927;0.2895076923076923;0.2956038461538461;0.30644423076923083;0.42367115384615384;0.3690192307692308
2021-08-08T00:00:00.000Z;0.116;2.372788461538461;0.14442115384615387;0.19784615384615384;0.2572865384615385;0.2904538461538461;0.3028615384615385;0.3188846153846154;0.3200980769230769;0.33356153846153846;0.4682076923076923;0.4237788461538462
2021-08-11T00:00:00.000Z;;;;;;;;;;;;
2021-08-13T00:00:00.000Z;0.32909615384615387;1.5628653846153844;0.13557692307692307;0.19156346153846157;0.24882500000000002;0.27837500000000004;0.29350000000000004;0.30634423076923084;0.3122961538461539;0.32310384615384613;0.43374230769230776;0.37790961538461537
2021-08-16T00:00:00.000Z;0.3784038461538461;1.4836153846153843;0.12078461538461539;0.17613076923076926;0.23166153846153847;0.2607019230769231;0.27637307692307694;0.2884326923076923;0.2953115384615385;0.3043076923076923;0.4046826923076923;0.3466519230769231
2021-08-18T00:00:00.000Z;0.2639019607843137;2.3492745098039216;0.15145294117647062;0.17382745098039215;0.1978607843137255;0.22303921568627452;0.23702156862745097;0.2517254901960785;0.23477450980392156;0.2594764705882353;0.3198843137254902;0.26877254901960784
2021-08-21T00:00:00.000Z;;;;;;;;;;;;
2021-08-23T00:00:00.000Z;;;;;;;;;;;;
2021-08-26T00:00:00.000Z;0.24740384615384617;2.3705576923076923;0.11693846153846157;0.1700423076923077;0.2267192307692308;0.25755384615384613;0.27015;0.2814673076923077;0.2838115384615385;0.2983865384615385;0.41146346153846153;0.3508
2021-08-28T00:00:00.000Z;0.28555769230769235;2.059403846153846;0.13700576923076924;0.19227115384615384;0.2523980769230769;0.2825076923076923;0.29419230769230775;0.30906538461538463;0.3132903846153846;0.3232826923076923;0.4505653846153846;0.4033096153846154
2021-08-31T00:00:00.000Z;0.33455769230769233;2.8733846153846154;0.13478076923076923;0.18918461538461537;0.24846153846153848;0.2791769230769231;0.29213076923076925;0.30943076923076923;0.30925;0.32551923076923084;0.4454;0.3950230769230769
2021-09-02T00:00:00.000Z;0.12178846153846153;2.660423076923077;0.10917884615384615;0.15322692307692307;0.2037692307692308;0.2363019230769231;0.25177307692307693;0.2649461538461539;0.2633923076923077;0.28269230769230774;0.39111538461538464;0.31970192307692313
2021-09-05T00:00:00.000Z;0.1436346153846154;2.1516923076923082;0.1239346153846154;0.17761923076923078;0.2337846153846154;0.2674826923076923;0.28395000000000004;0.2965442307692308;0.30231923076923084;0.31509038461538463;0.4327269230769232;0.3758538461538461
2021-09-07T00:00:00.000Z;0.2582307692307692;1.9843076923076923;0.12007307692307694;0.1683423076923077;0.2166346153846154;0.2453576923076923;0.26293653846153847;0.278125;0.2812615384615385;0.29104807692307694;0.3969961538461539;0.3536346153846154
2021-09-10T00:00:00.000Z;0.171;2.181365384615385;0.12404038461538462;0.17206153846153843;0.22474615384615387;0.25515;0.2732346153846154;0.2873807692307693;0.29521538461538466;0.303025;0.4205423076923077;0.37604615384615386
2021-09-12T00:00:00.000Z;0.22;1.7136346153846158;0.12275192307692308;0.17723461538461538;0.23666153846153848;0.26901153846153847;0.2855846153846154;0.2976269230769231;0.3024730769230769;0.3139826923076923;0.43586346153846156;0.38161346153846154
2021-09-15T00:00:00.000Z;0.19814285714285718;1.8322;0.11798857142857144;0.1658;0.21288000000000004;0.2404771428571429;0.2563114285714286;0.26874000000000003;0.27614857142857147;0.28168285714285723;0.38143714285714286;0.32052285714285716
2021-09-17T00:00:00.000Z;0.21478846153846154;2.393038461538461;0.11498269230769231;0.16441538461538463;0.21882115384615386;0.2484538461538461;0.26577692307692313;0.2814442307692308;0.28361923076923085;0.29412307692307693;0.4153403846153846;0.3579788461538461
2021-09-20T00:00:00.000Z;0.16540384615384615;1.8432115384615384;0.1136173076923077;0.16089615384615386;0.21401923076923082;0.24389615384615387;0.2647;0.27937500000000004;0.28928076923076923;0.29486730769230773;0.41892692307692314;0.3722596153846154
2021-09-22T00:00:00.000Z;;;;;;;;;;;;
2021-09-25T00:00:00.000Z;;;;;;;;;;;;
2021-09-27T00:00:00.000Z;;;;;;;;;;;;
2021-09-30T00:00:00.000Z;0.2800192307692308;2.309326923076923;0.12361346153846157;0.16485;0.21276538461538463;0.2441596153846154;0.27101538461538466;0.28807307692307693;0.2922730769230769;0.30086730769230774;0.41916730769230776;0.3646538461538461
2021-10-02T00:00:00.000Z;;;;;;;;;;;;
2021-10-05T00:00:00.000Z;0.09990384615384616;1.9074038461538465;0.10307884615384615;0.15198461538461538;0.2000923076923077;0.22860192307692312;0.25370000000000004;0.26559423076923083;0.2724961538461539;0.2820346153846154;0.3775865384615385;0.3191326923076923
2021-10-07T00:00:00.000Z;0.127;1.4577884615384615;0.16286538461538463;0.20075384615384614;0.24121923076923082;0.2754596153846154;0.3096403846153846;0.3280211538461539;0.33465384615384614;0.3429538461538461;0.4123307692307693;0.34550000000000003
2021-10-10T00:00:00.000Z;;;;;;;;;;;;
2021-10-12T00:00:00.000Z;0.20400000000000001;1.367625;0.30815000000000003;0.3181;0.33325;0.359375;0.39027500000000004;0.3962875;0.43385;0.4090625;0.47405;0.387525
2021-10-15T00:00:00.000Z;0.127;1.3948653846153842;0.1033923076923077;0.15136538461538462;0.19827307692307694;0.2272115384615385;0.2569076923076923;0.2687;0.2782;0.2828865384615385;0.3732769230769231;0.3125557692307693
2021-10-17T00:00:00.000Z;0.0889423076923077;2.141576923076923;0.12878269230769232;0.17915769230769232;0.23236538461538464;0.2676826923076923;0.2969596153846154;0.31604038461538464;0.31609230769230773;0.33046923076923085;0.4508076923076923;0.3942192307692308
2021-10-20T00:00:00.000Z;0.094;1.0917307692307694;0.10423269230769232;0.15002692307692309;0.19753076923076926;0.22140576923076924;0.25095576923076923;0.26415384615384613;0.2803269230769231;0.2769711538461539;0.37414615384615385;0.3277
2021-10-22T00:00:00.000Z;;;;;;;;;;;;
2021-10-25T00:00:00.000Z;;;;;;;;;;;;
2021-10-27T00:00:00.000Z;;;;;;;;;;;;
2021-10-30T00:00:00.000Z;;;;;;;;;;;;
2021-11-01T00:00:00.000Z;0.0667843137254902;2.081764705882353;0.04346274509803922;0.053709803921568634;0.06222745098039216;0.07187843137254903;0.08357450980392157;0.08783725490196079;0.08733529411764707;0.0937686274509804;0.09955686274509805;0.08094901960784315
2021-11-04T00:00:00.000Z;0.094;0.9229807692307692;0.10953846153846157;0.1514923076923077;0.19291153846153844;0.22128461538461539;0.2549519230769231;0.2690961538461539;0.2849153846153846;0.2856788461538461;0.35271153846153847;0.29379230769230774
2021-11-06T00:00:00.000Z;0.055480769230769236;0.5351730769230769;0.11311923076923076;0.1534346153846154;0.1959576923076923;0.2186115384615385;0.24914615384615388;0.2621826923076923;0.2840846153846154;0.27819615384615387;0.3513615384615385;0.3058096153846154
2021-11-09T00:00:00.000Z;0.094;1.0505;0.10203846153846154;0.1460576923076923;0.19150769230769232;0.215725;0.24494230769230774;0.2558134615384615;0.27354230769230775;0.26940576923076925;0.3592788461538461;0.31338076923076924
2021-11-11T00:00:00.000Z;0.09990384615384616;1.1187307692307693;0.10475769230769232;0.15371538461538461;0.20314423076923083;0.23239423076923083;0.25738653846153847;0.27000576923076924;0.2806269230769231;0.28589615384615386;0.3773269230769231;0.3234711538461539
2021-11-14T00:00:00.000Z;0.094;1.2701923076923076;0.09394423076923077;0.13965576923076925;0.18531923076923082;0.2128769230769231;0.2378519230769231;0.2513846153846154;0.2627615384615385;0.2634961538461539;0.3477115384615385;0.28959807692307693
2021-11-16T00:00:00.000Z;0.094;1.0201538461538462;0.10836538461538463;0.15651923076923077;0.20625000000000002;0.23273076923076924;0.26015;0.2723673076923077;0.28764423076923085;0.28708076923076925;0.3821057692307693;0.333725
2021-11-19T00:00:00.000Z;;;;;;;;;;;;
2021-11-21T00:00:00.000Z;;;;;;;;;;;;
2021-11-24T00:00:00.000Z;0.12156;0.93408;0.08937200000000001;0.117156;0.14616400000000002;0.16512400000000002;0.19332000000000002;0.20096;0.22602800000000003;0.21152800000000002;0.245808;0.19021600000000002
2021-11-26T00:00:00.000Z;;;;;;;;;;;;
2021-11-29T00:00:00.000Z;0.07200000000000001;1.3664615384615386;0.0985;0.1393423076923077;0.18323461538461536;0.21165576923076926;0.2397038461538461;0.2532846153846154;0.2663538461538461;0.2651019230769231;0.35498846153846153;0.30875576923076925
2021-12-01T00:00:00.000Z;0.0889423076923077;1.0802692307692308;0.10097500000000001;0.1503326923076923;0.19750192307692307;0.2268076923076923;0.25220000000000004;0.2636346153846154;0.2748038461538461;0.27847307692307693;0.36326923076923084;0.3116096153846154
2021-12-04T00:00:00.000Z;0.07200000000000001;0.7924038461538462;0.09205192307692309;0.1365596153846154;0.18019615384615384;0.2063730769230769;0.23337115384615387;0.24524038461538464;0.2630846153846154;0.25757115384615387;0.3348673076923077;0.27870576923076923
2021-12-06T00:00:00.000Z;0.07790384615384616;1.099173076923077;0.10699423076923077;0.15392115384615387;0.20086153846153845;0.22833461538461539;0.2545826923076923;0.26714038461538464;0.2797269230769231;0.28011730769230775;0.37212307692307695;0.3255480769230769
2021-12-09T00:00:00.000Z;0.07790384615384616;1.2746153846153843;0.09834807692307693;0.14118076923076925;0.18531923076923082;0.21125769230769229;0.24141730769230774;0.2522865384615385;0.2669;0.2659826923076923;0.35100192307692313;0.30494038461538464
2021-12-11T00:00:00.000Z;0.07790384615384616;1.308673076923077;0.10254423076923076;0.15048269230769232;0.19949038461538465;0.23220384615384612;0.2575846153846154;0.26808846153846155;0.2752442307692308;0.2826038461538461;0.37029038461538466;0.31873076923076926
2021-12-14T00:00:00.000Z;0.06678846153846153;0.8451538461538463;0.09068076923076925;0.13480192307692307;0.1782846153846154;0.20534038461538462;0.23289807692307693;0.24334807692307692;0.26129615384615384;0.25849230769230774;0.33081346153846153;0.2738346153846154
2021-12-16T00:00:00.000Z;;;;;;;;;;;;
2021-12-19T00:00:00.000Z;;;;;;;;;;;;
2021-12-21T00:00:00.000Z;;;;;;;;;;;;
2021-12-24T00:00:00.000Z;;;;;;;;;;;;
2021-12-26T00:00:00.000Z;;;;;;;;;;;;
2021-12-29T00:00:00.000Z;;;;;;;;;;;;
2021-12-31T00:00:00.000Z;0.07200000000000001;0.77875;0.10216923076923076;0.15144038461538462;0.19943076923076924;0.2252192307692308;0.2522442307692308;0.2649980769230769;0.2784884615384615;0.278625;0.36410000000000003;0.3138711538461539
2022-01-03T00:00:00.000Z;0.061;0.8411153846153847;0.09115384615384615;0.13551153846153843;0.17896923076923077;0.20413461538461536;0.2290480769230769;0.24000576923076924;0.2578846153846154;0.25293846153846156;0.33175576923076927;0.27631346153846154
2022-01-05T00:00:00.000Z;0.07790384615384616;0.6733461538461538;0.11862115384615386;0.16708846153846157;0.2167019230769231;0.2423346153846154;0.2708769230769231;0.282225;0.305275;0.2997211538461539;0.3981615384615385;0.3445211538461539
2022-01-08T00:00:00.000Z;;;;;;;;;;;;
2022-01-10T00:00:00.000Z;0.0889423076923077;1.461596153846154;0.08466346153846153;0.11886538461538462;0.1518846153846154;0.17280384615384614;0.19013461538461537;0.19948076923076924;0.19943461538461538;0.2097326923076923;0.26050576923076924;0.2245
2022-01-13T00:00:00.000Z;0.059000000000000004;0.519;0.1996;0.2141;0.233;0.2783;0.3164;0.336;0.325;0.3599;0.36260000000000003;0.3211
2022-01-15T00:00:00.000Z;0.094;0.6819423076923078;0.111275;0.15630384615384615;0.2044519230769231;0.2292615384615385;0.25596730769230774;0.26682307692307694;0.28742692307692314;0.2818865384615385;0.37529807692307693;0.3274788461538461
2022-01-18T00:00:00.000Z;0.07200000000000001;0.3651346153846154;0.09580384615384616;0.13754038461538462;0.18258461538461537;0.20338846153846157;0.2323038461538461;0.2422038461538461;0.2702769230769231;0.2552596153846154;0.3422076923076923;0.29424230769230775
2022-01-20T00:00:00.000Z;0.09990384615384616;0.6493461538461538;0.10500769230769232;0.15046923076923077;0.1996173076923077;0.22680576923076926;0.24998076923076926;0.2616192307692308;0.27911923076923084;0.2768884615384615;0.36223653846153847;0.3106576923076923
2022-01-23T00:00:00.000Z;;;;;;;;;;;;
2022-01-25T00:00:00.000Z;;;;;;;;;;;;
2022-01-28T00:00:00.000Z;0.116;0.6867115384615384;0.09442500000000001;0.1378423076923077;0.18396538461538464;0.2064576923076923;0.23309230769230774;0.24271153846153848;0.26353846153846155;0.25593846153846156;0.3442019230769231;0.2973980769230769
2022-01-30T00:00:00.000Z;0.094;0.2740769230769231;0.10530769230769231;0.15281153846153844;0.20410961538461536;0.2250230769230769;0.2501846153846154;0.2629788461538461;0.2858230769230769;0.2784865384615385;0.3631519230769231;0.31439038461538465
2022-02-02T00:00:00.000Z;0.06678846153846153;0.5572307692307693;0.09442692307692309;0.14066923076923077;0.18755000000000002;0.2099480769230769;0.23388461538461539;0.24442115384615387;0.2654153846153846;0.2570019230769231;0.34098076923076925;0.28583846153846154
2022-02-04T00:00:00.000Z;;;;;;;;;;;;
2022-02-07T00:00:00.000Z;0.07200000000000001;0.7551730769230769;0.10054038461538463;0.14514615384615387;0.19120384615384614;0.21361346153846153;0.2370692307692308;0.247725;0.26865;0.26104230769230774;0.3530884615384615;0.3104615384615385
2022-02-09T00:00:00.000Z;;;;;;;;;;;;
2022-02-12T00:00:00.000Z;;;;;;;;;;;;
2022-02-14T00:00:00.000Z;;;;;;;;;;;;
2022-02-17T00:00:00.000Z;0.07200000000000001;0.7224807692307693;0.1027673076923077;0.14732884615384614;0.1976;0.21971346153846152;0.24396346153846155;0.2547576923076923;0.2755346153846154;0.2658346153846154;0.3635673076923077;0.3191865384615385
2022-02-19T00:00:00.000Z;;;;;;;;;;;;
2022-02-22T00:00:00.000Z;0.07790384615384616;0.42951923076923076;0.10173461538461538;0.15091153846153843;0.20082307692307694;0.22365384615384612;0.2453692307692308;0.2559230769230769;0.2805576923076923;0.2697519230769231;0.3586288461538461;0.30278653846153847
2022-02-24T00:00:00.000Z;0.171;1.0224423076923077;0.10465769230769231;0.14344807692307693;0.18195769230769232;0.2031923076923077;0.22189423076923082;0.23166538461538463;0.2442038461538461;0.24100000000000002;0.3072826923076923;0.25767115384615386
2022-02-27T00:00:00.000Z;;;;;;;;;;;;
2022-03-01T00:00:00.000Z;0.11082692307692309;0.7325576923076923;0.11567307692307693;0.1668673076923077;0.22119807692307691;0.24682307692307692;0.26773846153846154;0.2790346153846154;0.29575;0.2936538461538461;0.39299230769230775;0.3420365384615385
2022-03-04T00:00:00.000Z;;;;;;;;;;;;
2022-03-06T00:00:00.000Z;;;;;;;;;;;;
2022-03-09T00:00:00.000Z;0.105;1.0409423076923077;0.09382884615384617;0.1374923076923077;0.18517307692307694;0.21007115384615388;0.2329288461538461;0.24445576923076925;0.2608846153846154;0.2569769230769231;0.3416076923076923;0.2864038461538461
2022-03-11T00:00:00.000Z;;;;;;;;;;;;
2022-03-14T00:00:00.000Z;;;;;;;;;;;;
2022-03-16T00:00:00.000Z;;;;;;;;;;;;
2022-03-19T00:00:00.000Z;;;;;;;;;;;;
2022-03-21T00:00:00.000Z;;;;;;;;;;;;
2022-03-24T00:00:00.000Z;;;;;;;;;;;;
2022-03-26T00:00:00.000Z;;;;;;;;;;;;
2022-03-29T00:00:00.000Z;;;;;;;;;;;;
2022-03-31T00:00:00.000Z;;;;;;;;;;;;
2022-04-03T00:00:00.000Z;0.09990384615384616;0.3805192307692308;0.11196923076923077;0.16436538461538464;0.21532307692307692;0.24094615384615387;0.2707826923076923;0.2821788461538461;0.3110615384615385;0.2939673076923077;0.37461346153846153;0.3162846153846154
2022-04-05T00:00:00.000Z;;;;;;;;;;;;
2022-04-08T00:00:00.000Z;;;;;;;;;;;;
2022-04-10T00:00:00.000Z;;;;;;;;;;;;
2022-04-13T00:00:00.000Z;;;;;;;;;;;;
2022-04-15T00:00:00.000Z;;;;;;;;;;;;
2022-04-18T00:00:00.000Z;;;;;;;;;;;;
2022-04-20T00:00:00.000Z;;;;;;;;;;;;
2022-04-23T00:00:00.000Z;0.116;0.7936730769230769;0.13835769230769232;0.1983423076923077;0.25143076923076924;0.2929519230769231;0.34016923076923083;0.3560173076923077;0.37786923076923085;0.37462307692307695;0.44898076923076924;0.3628230769230769
2022-04-25T00:00:00.000Z;0.116;1.0493846153846158;0.13477692307692307;0.19267115384615385;0.24426346153846154;0.2799846153846154;0.32044423076923084;0.33732500000000004;0.3513807692307693;0.34965576923076924;0.4394942307692308;0.383575
2022-04-28T00:00:00.000Z;;;;;;;;;;;;
2022-04-30T00:00:00.000Z;;;;;;;;;;;;
2022-05-03T00:00:00.000Z;0.13266666666666665;1.6362222222222222;0.11652222222222222;0.16473777777777776;0.20678222222222223;0.2509644444444445;0.30482888888888887;0.3194555555555556;0.32983555555555555;0.33579333333333333;0.3789133333333333;0.29216222222222227
2022-05-05T00:00:00.000Z;;;;;;;;;;;;
2022-05-08T00:00:00.000Z;0.11082692307692309;1.1213269230769232;0.11732692307692308;0.17040384615384616;0.2147;0.25285;0.30530576923076924;0.32155384615384613;0.33703076923076924;0.3339346153846154;0.3983153846153846;0.33940576923076926
2022-05-10T00:00:00.000Z;0.149;1.137923076923077;0.13234807692307693;0.19256346153846157;0.24058076923076924;0.2842326923076923;0.33473846153846154;0.35092115384615385;0.3613096153846154;0.3640173076923077;0.4314096153846155;0.3631442307692308
2022-05-13T00:00:00.000Z;0.171;1.8761153846153844;0.11553653846153844;0.16932307692307694;0.21071923076923083;0.2532942307692308;0.30533846153846156;0.3214269230769231;0.3252076923076923;0.33600576923076925;0.38685;0.318075
2022-05-15T00:00:00.000Z;0.209;1.651076923076923;0.14043846153846157;0.19630192307692307;0.23947692307692311;0.2822096153846154;0.3373423076923077;0.35829423076923084;0.3645403846153846;0.369875;0.433798076923077;0.3724307692307693
2022-05-18T00:00:00.000Z;0.16540384615384615;1.5642884615384616;0.12000384615384616;0.1724269230769231;0.21408846153846153;0.2537153846153846;0.3082346153846154;0.32707884615384614;0.33597307692307693;0.33811730769230774;0.3963576923076923;0.33815
2022-05-20T00:00:00.000Z;0.28500000000000003;1.456;0.13226666666666667;0.18463333333333334;0.23181666666666667;0.2712333333333333;0.3279666666666667;0.34500000000000003;0.35073333333333334;0.35846666666666666;0.3980666666666667;0.3290666666666667
2022-05-23T00:00:00.000Z;0.16;1.6054038461538462;0.11727692307692308;0.17317307692307693;0.2189192307692308;0.26356923076923083;0.313325;0.32940576923076925;0.33783076923076927;0.3451326923076923;0.39956923076923084;0.32699230769230775
2022-05-25T00:00:00.000Z;0.127;1.171266666666667;0.07466666666666667;0.11300666666666667;0.15634;0.18539333333333333;0.22290000000000001;0.24010666666666666;0.20306666666666667;0.25718;0.26750666666666667;0.22225333333333333
2022-05-28T00:00:00.000Z;0.11082692307692309;1.4714423076923075;0.12434423076923076;0.17807307692307695;0.2254692307692308;0.26589807692307693;0.31456730769230773;0.33232692307692313;0.3443230769230769;0.3449326923076923;0.4100576923076923;0.3499365384615385
2022-05-30T00:00:00.000Z;0.138;1.1140384615384615;0.14329038461538463;0.20593076923076925;0.2596442307692308;0.30417307692307693;0.3500711538461539;0.3667153846153846;0.3781096153846154;0.3812576923076923;0.45242115384615383;0.3787269230769231
2022-06-02T00:00:00.000Z;;;;;;;;;;;;
2022-06-04T00:00:00.000Z;0.18715384615384617;1.6333076923076923;0.14829423076923076;0.20798269230769229;0.26396730769230775;0.30754615384615386;0.3477365384615385;0.3660557692307693;0.37534038461538466;0.38057115384615386;0.4615;0.39490000000000003
2022-06-07T00:00:00.000Z;0.11082692307692309;1.7154038461538463;0.12895576923076923;0.18276923076923082;0.2364538461538461;0.2765269230769231;0.3152923076923077;0.3342057692307693;0.34342692307692313;0.34884038461538464;0.4259403846153846;0.3627461538461539
2022-06-09T00:00:00.000Z;0.17632692307692308;2.233076923076923;0.14803846153846156;0.21078076923076924;0.27109230769230774;0.3168038461538461;0.3509576923076923;0.36726923076923085;0.3669846153846154;0.3829538461538461;0.46797115384615384;0.38996538461538466
2022-06-12T00:00:00.000Z;0.127;1.4319038461538462;0.12400961538461538;0.17721923076923077;0.2283;0.2682;0.3060019230769231;0.3232596153846154;0.3325;0.3398692307692308;0.4038442307692308;0.33016730769230773
2022-06-14T00:00:00.000Z;0.24740384615384617;1.3681153846153844;0.14723653846153845;0.205525;0.25907115384615387;0.3001326923076923;0.3351769230769231;0.35457307692307694;0.3654057692307693;0.36889230769230774;0.4473692307692308;0.38222307692307694
2022-06-17T00:00:00.000Z;0.12178846153846153;1.6417115384615386;0.12828269230769232;0.17849615384615386;0.2289038461538461;0.26651346153846156;0.30268076923076925;0.3211057692307693;0.3289576923076923;0.3361826923076923;0.41040961538461546;0.3482519230769231
2022-06-19T00:00:00.000Z;0.28555769230769235;1.4946153846153842;0.14692307692307693;0.21100961538461538;0.2677115384615385;0.3102442307692308;0.3421076923076923;0.3583096153846154;0.3644115384615385;0.3742615384615385;0.44593461538461543;0.3679346153846154
2022-06-22T00:00:00.000Z;0.11082692307692309;0.843173076923077;0.12163653846153843;0.1798846153846154;0.23868076923076925;0.2766076923076923;0.30936153846153847;0.3251615384615385;0.3434923076923077;0.3426865384615385;0.4189153846153846;0.34156730769230775
2022-06-24T00:00:00.000Z;0.171;1.6005;0.14847115384615386;0.21050769230769228;0.2743115384615385;0.3159980769230769;0.34531346153846154;0.3621961538461539;0.3727076923076923;0.3783961538461539;0.4776288461538462;0.4092019230769231
2022-06-27T00:00:00.000Z;0.127;1.3662115384615385;0.12831153846153845;0.1839423076923077;0.24394615384615387;0.2806076923076923;0.31261538461538463;0.3289711538461539;0.34283076923076927;0.3450211538461539;0.4342615384615385;0.36929230769230775
2022-06-29T00:00:00.000Z;0.22;1.9465576923076924;0.14801538461538463;0.21180384615384612;0.2774153846153846;0.3217346153846154;0.34923846153846155;0.3636288461538461;0.3669980769230769;0.38046346153846156;0.4727653846153846;0.3923365384615385
2022-07-02T00:00:00.000Z;0.36723076923076925;2.076538461538461;0.12379615384615386;0.18503846153846157;0.2394230769230769;0.2810076923076923;0.30969807692307694;0.32564230769230773;0.32775000000000004;0.34256923076923085;0.40470384615384614;0.32205576923076923
2022-07-04T00:00:00.000Z;0.2351346153846154;2.2411153846153846;0.15031923076923076;0.20946346153846154;0.26843076923076925;0.3112115384615385;0.33869615384615387;0.35824423076923084;0.3595153846153846;0.3739307692307693;0.4586038461538462;0.38796538461538466
2022-07-07T00:00:00.000Z;;;;;;;;;;;;
2022-07-09T00:00:00.000Z;0.209;1.7389038461538462;0.14393076923076925;0.2088096153846154;0.27558076923076924;0.3179846153846154;0.34326538461538464;0.35880384615384614;0.3647711538461539;0.37614807692307695;0.474098076923077;0.39656538461538465
2022-07-12T00:00:00.000Z;0.19809615384615384;1.55375;0.12634615384615386;0.18636538461538465;0.2481115384615385;0.28897307692307694;0.3148711538461539;0.32904230769230775;0.3381269230769231;0.3450096153846154;0.43115576923076926;0.35241538461538463
2022-07-14T00:00:00.000Z;0.291;1.5451923076923078;0.14396923076923077;0.205625;0.2717769230769231;0.3122038461538461;0.3385134615384615;0.3563846153846154;0.3678076923076923;0.3727980769230769;0.4762365384615385;0.40738846153846153
2022-07-17T00:00:00.000Z;0.16540384615384615;1.1731346153846158;0.12929807692307693;0.18629615384615383;0.2490769230769231;0.2855519230769231;0.3127653846153846;0.32804230769230774;0.3442346153846154;0.3443480769230769;0.4376788461538462;0.3717096153846154
2022-07-19T00:00:00.000Z;0.15448076923076923;1.796596153846154;0.14031538461538462;0.19917692307692308;0.26133076923076926;0.30265576923076926;0.3274326923076923;0.3430596153846154;0.3468346153846154;0.3594846153846154;0.4558634615384615;0.38346346153846156
2022-07-22T00:00:00.000Z;0.182;2.1226923076923083;0.12465961538461538;0.18135769230769233;0.2418346153846154;0.2841288461538461;0.3066538461538461;0.32149038461538465;0.3249269230769231;0.3393326923076923;0.423123076923077;0.3457980769230769
2022-07-24T00:00:00.000Z;0.2800192307692308;1.1750769230769231;0.1526846153846154;0.21701730769230773;0.2828480769230769;0.3210576923076923;0.34494807692307694;0.36229038461538465;0.3773346153846154;0.37719807692307694;0.47408461538461544;0.40375384615384613
2022-07-27T00:00:00.000Z;0.2529423076923077;2.5523076923076924;0.12937500000000002;0.1874192307692308;0.25049615384615387;0.29113076923076925;0.3130442307692308;0.3307038461538461;0.3328884615384615;0.34620576923076923;0.43999230769230774;0.3692596153846154
2022-07-29T00:00:00.000Z;0.20390384615384616;2.3624615384615386;0.14205576923076924;0.2052596153846154;0.2699615384615385;0.31264615384615385;0.33372115384615386;0.3484846153846154;0.34844615384615385;0.3680692307692308;0.4646903846153846;0.3868326923076923
2022-08-01T00:00:00.000Z;0.182;2.611884615384615;0.12375000000000001;0.18063076923076923;0.24116153846153848;0.2829326923076923;0.3037961538461539;0.3187115384615385;0.3195615384615385;0.33767884615384614;0.4227903846153846;0.3434326923076923
2022-08-03T00:00:00.000Z;0.26390384615384616;1.78925;0.14693269230769232;0.2090096153846154;0.27323846153846154;0.31386346153846156;0.3352826923076923;0.3526846153846154;0.35830576923076923;0.36728846153846156;0.46435576923076927;0.39451153846153847
2022-08-06T00:00:00.000Z;0.193;1.5306923076923076;0.1278423076923077;0.18417692307692307;0.24578076923076925;0.2835538461538461;0.3076038461538461;0.32246730769230775;0.33378076923076927;0.3395134615384615;0.428648076923077;0.3613980769230769
2022-08-08T00:00:00.000Z;0.2582307692307692;1.3560769230769232;0.1460846153846154;0.2139980769230769;0.28361923076923085;0.3246076923076923;0.34642692307692313;0.35941346153846154;0.3684980769230769;0.37560192307692314;0.4699019230769232;0.3888769230769231
2022-08-11T00:00:00.000Z;0.116;1.7901346153846158;0.12199807692307693;0.17715;0.23643076923076925;0.27416923076923083;0.2955442307692308;0.3103769230769231;0.3171115384615385;0.3271442307692308;0.41172692307692316;0.33614423076923083
2022-08-13T00:00:00.000Z;;;;;;;;;;;;
2022-08-16T00:00:00.000Z;0.18715384615384617;1.6421346153846157;0.12091153846153843;0.17967692307692307;0.2430346153846154;0.28094615384615385;0.30295;0.3174865384615385;0.32885000000000003;0.33432500000000004;0.43058846153846153;0.3639730769230769
2022-08-18T00:00:00.000Z;0.22;1.3731346153846158;0.14093653846153845;0.20909038461538462;0.2784384615384615;0.3184519230769231;0.33966346153846155;0.3517846153846154;0.3597711538461539;0.3674365384615385;0.4637307692307693;0.3851096153846154
2022-08-21T00:00:00.000Z;0.20390384615384616;1.6529423076923078;0.12468846153846158;0.19169615384615385;0.2623384615384615;0.30503076923076927;0.32701153846153846;0.34278846153846154;0.35278076923076923;0.3634826923076923;0.4423942307692308;0.36034230769230774
2022-08-23T00:00:00.000Z;0.2529423076923077;2.777961538461539;0.14093076923076925;0.2060096153846154;0.2716826923076923;0.3149576923076923;0.3322307692307693;0.3516;0.34861923076923085;0.3638519230769231;0.46771730769230774;0.3963673076923077
2022-08-26T00:00:00.000Z;;;;;;;;;;;;
2022-08-28T00:00:00.000Z;0.27478846153846154;2.376384615384615;0.12800769230769232;0.19253653846153843;0.2551673076923077;0.3007769230769231;0.32101730769230774;0.33429615384615385;0.3341365384615385;0.3528788461538461;0.44196730769230774;0.36274230769230775
2022-08-31T00:00:00.000Z;0.3182307692307692;2.676923076923077;0.12195192307692308;0.18450384615384613;0.2428923076923077;0.2892038461538461;0.31579807692307693;0.3311365384615385;0.32977692307692313;0.35409807692307693;0.42910961538461545;0.3404826923076923
2022-09-02T00:00:00.000Z;0.209;2.092403846153846;0.13544615384615386;0.19668653846153844;0.2588076923076923;0.29657115384615385;0.32272692307692313;0.3405711538461539;0.34366923076923084;0.3524115384615385;0.45374807692307695;0.38701730769230774
2022-09-05T00:00:00.000Z;0.1436346153846154;1.458826923076923;0.11833653846153844;0.17256153846153843;0.23165000000000002;0.26521538461538463;0.29193846153846154;0.30743846153846155;0.3208692307692308;0.3215519230769231;0.41313653846153847;0.3507211538461539
2022-09-07T00:00:00.000Z;0.18715384615384617;1.1251923076923076;0.13275769230769233;0.19641153846153844;0.2618538461538461;0.29726538461538465;0.3229538461538461;0.33709038461538465;0.349775;0.35300000000000004;0.44564615384615386;0.3707134615384615
2022-09-10T00:00:00.000Z;0.17632692307692308;1.6835576923076925;0.11585384615384615;0.1738423076923077;0.23344615384615386;0.27077115384615386;0.2944442307692308;0.3074942307692308;0.31638076923076924;0.3227576923076923;0.4053788461538461;0.3288442307692308
2022-09-12T00:00:00.000Z;;;;;;;;;;;;
2022-09-15T00:00:00.000Z;0.15448076923076923;2.319903846153846;0.11498076923076925;0.16970000000000002;0.22637692307692311;0.2619461538461539;0.2864788461538461;0.301675;0.30555;0.31609615384615386;0.40709230769230775;0.3439173076923077
2022-09-17T00:00:00.000Z;0.22;2.308326923076923;0.12629038461538464;0.18853076923076925;0.2511096153846154;0.2915653846153846;0.3147903846153846;0.32712115384615387;0.32756730769230774;0.3453673076923077;0.4369288461538462;0.36269807692307693
2022-09-20T00:00:00.000Z;0.18715384615384617;2.1365;0.1106173076923077;0.16547307692307694;0.2221346153846154;0.2603538461538461;0.2832480769230769;0.2976769230769231;0.3016269230769231;0.31284038461538466;0.3926596153846154;0.31722692307692313
2022-09-22T00:00:00.000Z;0.21478846153846154;2.476903846153846;0.13107307692307693;0.19205961538461536;0.2516923076923077;0.2915903846153846;0.31262692307692314;0.3313692307692308;0.3298903846153846;0.34294807692307694;0.441373076923077;0.374475
2022-09-25T00:00:00.000Z;;;;;;;;;;;;
2022-09-27T00:00:00.000Z;0.1436346153846154;1.0908076923076924;0.12113653846153843;0.18136538461538465;0.24245;0.2790115384615385;0.3040057692307693;0.3168519230769231;0.3276846153846154;0.3336019230769231;0.42176346153846156;0.3513269230769231
2022-09-30T00:00:00.000Z;0.11082692307692309;0.9235;0.10726346153846157;0.16313076923076925;0.21898846153846155;0.25225576923076926;0.27770384615384613;0.2880115384615385;0.3079846153846154;0.3056365384615385;0.381025;0.30804038461538463
2022-10-02T00:00:00.000Z;0.17632692307692308;1.1216538461538461;0.12566923076923076;0.18470961538461536;0.24343653846153848;0.27863076923076924;0.3043326923076923;0.3188461538461539;0.332675;0.33300576923076924;0.424375;0.3589076923076923
2022-10-05T00:00:00.000Z;0.17632692307692308;1.7595;0.16763076923076925;0.19455;0.2286076923076923;0.26425576923076927;0.28745000000000004;0.3027826923076923;0.3036961538461539;0.31570192307692313;0.357175;0.2898826923076923
2022-10-07T00:00:00.000Z;0.242;2.358596153846154;0.11097692307692307;0.16878269230769233;0.22228461538461539;0.26456923076923083;0.29099615384615385;0.3017134615384615;0.2997096153846154;0.3151788461538461;0.3843096153846154;0.30588076923076923
2022-10-10T00:00:00.000Z;;;;;;;;;;;;
2022-10-12T00:00:00.000Z;0.16540384615384615;2.4955576923076923;0.09851538461538463;0.13780384615384614;0.17649038461538463;0.20921923076923082;0.23184615384615387;0.24421538461538464;0.24985384615384612;0.25394230769230774;0.3101288461538461;0.246975
2022-10-15T00:00:00.000Z;0.171;1.6158653846153843;0.10326153846153843;0.1528384615384616;0.1994423076923077;0.23202115384615388;0.2649153846153846;0.2784826923076923;0.28836538461538463;0.29076538461538465;0.36441538461538464;0.3075519230769231
2022-10-17T00:00:00.000Z;0.18715384615384617;1.9427307692307694;0.10912884615384615;0.16541346153846156;0.21525;0.25140961538461537;0.2812230769230769;0.2933230769230769;0.29519423076923085;0.3088346153846154;0.3844576923076923;0.32022500000000004
2022-10-20T00:00:00.000Z;;;;;;;;;;;;
2022-10-22T00:00:00.000Z;;;;;;;;;;;;
2022-10-25T00:00:00.000Z;;;;;;;;;;;;
2022-10-27T00:00:00.000Z;;;;;;;;;;;;
2022-10-30T00:00:00.000Z;;;;;;;;;;;;
2022-11-01T00:00:00.000Z;0.138;1.8550384615384612;0.10968269230769231;0.15839423076923076;0.2050826923076923;0.23695769230769229;0.2653711538461539;0.2829576923076923;0.2859403846153846;0.2936846153846154;0.3826096153846154;0.32461346153846155
2022-11-04T00:00:00.000Z;0.055480769230769236;1.1074038461538462;0.11338269230769231;0.15729615384615386;0.20093846153846157;0.22821346153846153;0.2613942307692308;0.2768096153846154;0.29397692307692314;0.289775;0.36635769230769233;0.3080096153846154
2022-11-06T00:00:00.000Z;0.09990384615384616;0.5709807692307693;0.10183269230769233;0.15198653846153845;0.2007692307692308;0.22658076923076925;0.25798846153846156;0.2722269230769231;0.29086730769230773;0.2863576923076923;0.3609;0.30035
2022-11-09T00:00:00.000Z;;;;;;;;;;;;
2022-11-11T00:00:00.000Z;;;;;;;;;;;;
2022-11-14T00:00:00.000Z;0.127;1.9054230769230769;0.09846538461538462;0.14346923076923077;0.18556538461538466;0.21811538461538463;0.25294230769230774;0.26804038461538465;0.2752230769230769;0.2805653846153846;0.34929038461538464;0.2914826923076923
2022-11-16T00:00:00.000Z;;;;;;;;;;;;
2022-11-19T00:00:00.000Z;;;;;;;;;;;;
2022-11-21T00:00:00.000Z;;;;;;;;;;;;
2022-11-24T00:00:00.000Z;0.0889423076923077;1.6331153846153843;0.08973076923076923;0.13176153846153843;0.17337692307692307;0.20112884615384613;0.23510576923076926;0.248175;0.2592192307692308;0.25845;0.3248346153846154;0.2722557692307693
2022-11-26T00:00:00.000Z;;;;;;;;;;;;
2022-11-29T00:00:00.000Z;0.07200000000000001;0.8364038461538462;0.08814423076923078;0.13389038461538463;0.17575576923076924;0.20339423076923083;0.23820576923076925;0.24889807692307692;0.2671076923076923;0.2634076923076923;0.3223519230769231;0.25704615384615387
2022-12-01T00:00:00.000Z;;;;;;;;;;;;
2022-12-04T00:00:00.000Z;;;;;;;;;;;;
2022-12-06T00:00:00.000Z;;;;;;;;;;;;
2022-12-09T00:00:00.000Z;;;;;;;;;;;;
2022-12-11T00:00:00.000Z;;;;;;;;;;;;
2022-12-14T00:00:00.000Z;;;;;;;;;;;;
2022-12-16T00:00:00.000Z;;;;;;;;;;;;
2022-12-19T00:00:00.000Z;;;;;;;;;;;;
2022-12-21T00:00:00.000Z;;;;;;;;;;;;
2022-12-24T00:00:00.000Z;0.06678846153846153;1.1154615384615385;0.08663846153846154;0.12894615384615385;0.16669423076923076;0.1975673076923077;0.23547115384615386;0.2476615384615385;0.2644423076923077;0.259925;0.32088076923076925;0.2656115384615385
2022-12-26T00:00:00.000Z;;;;;;;;;;;;
2022-12-29T00:00:00.000Z;;;;;;;;;;;;
2022-12-31T00:00:00.000Z;0.083;0.7465576923076923;0.10153269230769232;0.14790384615384616;0.19119807692307694;0.2194096153846154;0.25668846153846153;0.2712230769230769;0.2901269230769231;0.28511923076923085;0.35373846153846156;0.29532115384615387
2023-01-03T00:00:00.000Z;0.083;1.3605576923076923;0.09240961538461538;0.13342884615384615;0.17038461538461538;0.20019423076923082;0.23656346153846153;0.2488942307692308;0.26260384615384613;0.2612115384615385;0.32518846153846154;0.26972115384615386
2023-01-05T00:00:00.000Z;0.094;0.8695384615384616;0.10228269230769232;0.15005000000000002;0.19206346153846157;0.2237269230769231;0.2599576923076923;0.27261923076923084;0.28523076923076923;0.2852615384615385;0.3416480769230769;0.27924615384615387
2023-01-08T00:00:00.000Z;;;;;;;;;;;;
2023-01-10T00:00:00.000Z;0.07790384615384616;1.3776346153846157;0.10148076923076925;0.1482519230769231;0.1918884615384616;0.2230826923076923;0.25818846153846153;0.2708365384615385;0.2813923076923077;0.28495576923076926;0.36097115384615386;0.3031615384615385
2023-01-13T00:00:00.000Z;0.083;0.5196923076923078;0.09031153846153847;0.13426730769230769;0.17512307692307694;0.20015384615384613;0.23888846153846155;0.2513096153846154;0.2778538461538461;0.2633538461538461;0.3310038461538461;0.2763403846153846
2023-01-15T00:00:00.000Z;0.07200000000000001;0.97575;0.10110961538461538;0.14945769230769232;0.19569038461538465;0.22693846153846153;0.26041923076923085;0.2737442307692308;0.28711923076923085;0.28776730769230774;0.3561288461538461;0.29436538461538464
2023-01-18T00:00:00.000Z;;;;;;;;;;;;
2023-01-20T00:00:00.000Z;;;;;;;;;;;;
2023-01-23T00:00:00.000Z;0.07790384615384616;0.4849423076923077;0.08915769230769231;0.13255576923076925;0.17658846153846158;0.2012942307692308;0.2382038461538461;0.25080576923076925;0.27618076923076923;0.2635576923076923;0.3319096153846154;0.27573846153846154
2023-01-25T00:00:00.000Z;;;;;;;;;;;;
2023-01-28T00:00:00.000Z;0.083;0.5708269230769231;0.08735769230769232;0.13334807692307693;0.17746538461538464;0.2058788461538461;0.23893076923076925;0.2511403846153846;0.2726230769230769;0.2648134615384615;0.3254461538461539;0.26154230769230774
2023-01-30T00:00:00.000Z;0.09990384615384616;0.7150384615384615;0.10580769230769231;0.1542423076923077;0.20194807692307692;0.22985;0.2643923076923077;0.27686346153846153;0.29650576923076927;0.2909346153846154;0.3692596153846154;0.3110019230769231
2023-02-02T00:00:00.000Z;0.083;0.7480961538461538;0.09270384615384616;0.13609423076923077;0.17976923076923076;0.2066538461538461;0.24157115384615388;0.2538134615384615;0.27483846153846153;0.2654288461538461;0.33704038461538466;0.2813846153846154
2023-02-04T00:00:00.000Z;0.0889423076923077;0.31630769230769235;0.10381153846153844;0.15607307692307693;0.20598269230769228;0.2328288461538461;0.2655;0.27790192307692313;0.3033288461538461;0.2924326923076923;0.36324230769230775;0.3010326923076923
2023-02-07T00:00:00.000Z;;;;;;;;;;;;
2023-02-09T00:00:00.000Z;;;;;;;;;;;;
2023-02-12T00:00:00.000Z;;;;;;;;;;;;
2023-02-14T00:00:00.000Z;;;;;;;;;;;;
2023-02-17T00:00:00.000Z;;;;;;;;;;;;
2023-02-19T00:00:00.000Z;0.3182307692307692;1.1572884615384615;0.10705;0.1584923076923077;0.20387307692307693;0.23424230769230772;0.2641230769230769;0.27637307692307694;0.28616538461538465;0.28786346153846154;0.36383846153846156;0.3091692307692308
2023-02-22T00:00:00.000Z;0.34548076923076926;1.077423076923077;0.10105576923076924;0.15011153846153844;0.1936884615384616;0.2241942307692308;0.25295;0.26556923076923084;0.27656538461538466;0.27516730769230774;0.3427615384615385;0.28658076923076925
2023-02-24T00:00:00.000Z;;;;;;;;;;;;
2023-02-27T00:00:00.000Z;0.07790384615384616;0.30473076923076925;0.09763653846153847;0.14580384615384614;0.19411923076923082;0.21851923076923083;0.2501865384615385;0.2615019230769231;0.28813076923076925;0.2759384615384615;0.3467596153846154;0.28314230769230775
2023-03-01T00:00:00.000Z;0.12178846153846153;0.5458461538461539;0.11772692307692308;0.17016923076923077;0.22233653846153847;0.24981923076923082;0.28042500000000004;0.2931365384615385;0.315425;0.308;0.39616346153846155;0.33863846153846155
2023-03-04T00:00:00.000Z;0.105;0.6392884615384615;0.10391923076923076;0.15075;0.20016153846153845;0.22693846153846153;0.2566423076923077;0.26909230769230774;0.2916576923076923;0.28329615384615386;0.3655576923076923;0.3090326923076923
2023-03-06T00:00:00.000Z;;;;;;;;;;;;
2023-03-09T00:00:00.000Z;;;;;;;;;;;;
2023-03-11T00:00:00.000Z;;;;;;;;;;;;
2023-03-14T00:00:00.000Z;;;;;;;;;;;;
2023-03-16T00:00:00.000Z;0.09990384615384616;0.8141153846153847;0.11966923076923076;0.17472884615384615;0.23011538461538464;0.26001153846153846;0.2893788461538461;0.3012192307692308;0.3173173076923077;0.31739423076923085;0.40311346153846156;0.33921538461538464
2023-03-19T00:00:00.000Z;0.105;1.0763076923076924;0.10979807692307693;0.16252307692307694;0.21416538461538462;0.24424807692307693;0.2729173076923077;0.2840365384615385;0.29936538461538464;0.2970173076923077;0.3776346153846154;0.3084326923076923
2023-03-21T00:00:00.000Z;;;;;;;;;;;;
2023-03-24T00:00:00.000Z;0.09990384615384616;0.8958846153846154;0.11656923076923077;0.16785384615384616;0.2204192307692308;0.24759230769230772;0.2773865384615385;0.2911442307692308;0.30938461538461537;0.30394615384615387;0.3914346153846154;0.3322788461538461
2023-03-26T00:00:00.000Z;;;;;;;;;;;;
2023-03-29T00:00:00.000Z;0.105;0.7659038461538462;0.11136923076923076;0.16553076923076926;0.21996153846153849;0.24864038461538462;0.27506923076923084;0.2884576923076923;0.30693076923076923;0.3027576923076923;0.38451538461538465;0.31494230769230774
2023-03-31T00:00:00.000Z;;;;;;;;;;;;
2023-04-03T00:00:00.000Z;0.0889423076923077;0.4364807692307692;0.11816923076923076;0.1716423076923077;0.22829615384615387;0.25294230769230774;0.28261923076923084;0.29441730769230773;0.32188076923076925;0.3072346153846154;0.4011519230769231;0.3419942307692308
2023-04-05T00:00:00.000Z;0.149;0.4878461538461539;0.13110769230769231;0.19260961538461538;0.2553346153846154;0.28575576923076923;0.3130538461538461;0.3261326923076923;0.3457557692307692;0.34001923076923085;0.4334403846153846;0.3627346153846154
2023-04-08T00:00:00.000Z;0.116;0.5348846153846154;0.11803653846153843;0.1731423076923077;0.23166538461538463;0.2607346153846154;0.28645000000000004;0.2993461538461539;0.32046538461538465;0.3131788461538461;0.3998115384615385;0.3271326923076923
2023-04-10T00:00:00.000Z;0.32909615384615387;1.4668076923076925;0.09030576923076925;0.1187423076923077;0.14518461538461538;0.1652423076923077;0.18197884615384613;0.19096153846153843;0.19262307692307692;0.19560961538461535;0.21945576923076926;0.17249038461538463
2023-04-13T00:00:00.000Z;;;;;;;;;;;;
2023-04-15T00:00:00.000Z;0.16;1.0164615384615385;0.13957884615384614;0.2028173076923077;0.2672826923076923;0.3010865384615385;0.3255615384615385;0.33665384615384614;0.34747500000000003;0.3499884615384615;0.44865192307692314;0.37617307692307694
2023-04-18T00:00:00.000Z;0.0889423076923077;0.8555576923076923;0.12174038461538463;0.17773076923076925;0.23653076923076924;0.268025;0.2918115384615385;0.3041846153846154;0.32118076923076927;0.31859038461538464;0.4080096153846154;0.33604230769230775
2023-04-20T00:00:00.000Z;0.16540384615384615;0.8888076923076923;0.14520769230769232;0.20665961538461539;0.27193076923076925;0.30560192307692313;0.3295826923076923;0.3428576923076923;0.3596653846153846;0.3558;0.4640153846153846;0.3975557692307693
2023-04-23T00:00:00.000Z;0.12178846153846153;0.9330192307692309;0.12960384615384615;0.18682692307692308;0.2482576923076923;0.2767442307692308;0.3019326923076923;0.31401923076923083;0.33415384615384613;0.3285211538461539;0.42978461538461543;0.3676711538461539
2023-04-25T00:00:00.000Z;0.094;1.3171538461538461;0.1418;0.20397307692307695;0.2690788461538461;0.30465576923076926;0.32708846153846155;0.339025;0.3480173076923077;0.3556576923076923;0.46240576923076926;0.3898807692307693
2023-04-28T00:00:00.000Z;;;;;;;;;;;;
2023-04-30T00:00:00.000Z;;;;;;;;;;;;
2023-05-03T00:00:00.000Z;;;;;;;;;;;;
2023-05-05T00:00:00.000Z;0.09990384615384616;1.0950961538461539;0.14532884615384614;0.20708076923076923;0.2740826923076923;0.3090480769230769;0.3296019230769231;0.3418269230769231;0.3550769230769231;0.35847500000000004;0.4666288461538462;0.3930307692307693
2023-05-08T00:00:00.000Z;;;;;;;;;;;;
2023-05-10T00:00:00.000Z;0.09990384615384616;1.6858461538461538;0.15194615384615387;0.21167115384615387;0.2781076923076923;0.3149865384615385;0.3338076923076923;0.3497769230769231;0.35821538461538466;0.3641442307692308;0.4809173076923077;0.41537692307692314
2023-05-13T00:00:00.000Z;;;;;;;;;;;;
2023-05-15T00:00:00.000Z;0.05553191489361702;0.6842340425531914;0.17261276595744682;0.2333404255319149;0.30011063829787243;0.3381808510638298;0.36646382978723413;0.3813404255319149;0.4010638297872341;0.4005170212765957;0.494131914893617;0.41692127659574474
2023-05-18T00:00:00.000Z;;;;;;;;;;;;
2023-05-20T00:00:00.000Z;0.194;1.296;0.11753333333333334;0.15333333333333332;0.19693333333333332;0.2199;0.23270000000000002;0.24020000000000002;0.24676666666666666;0.2426;0.3017;0.218
2023-05-23T00:00:00.000Z;;;;;;;;;;;;
2023-05-25T00:00:00.000Z;;;;;;;;;;;;
2023-05-28T00:00:00.000Z;;;;;;;;;;;;
2023-05-30T00:00:00.000Z;0.12178846153846153;1.773346153846154;0.11777307692307694;0.15212692307692308;0.18693076923076923;0.21613846153846153;0.24238846153846152;0.257425;0.2560115384615385;0.26716538461538464;0.30798846153846154;0.2396576923076923
2023-06-02T00:00:00.000Z;0.4214807692307692;1.9713846153846157;0.12136730769230769;0.18083461538461537;0.2378846153846154;0.27706346153846156;0.3086096153846154;0.3252115384615385;0.33060384615384614;0.33690000000000003;0.41332692307692315;0.3234096153846154
2023-06-04T00:00:00.000Z;0.07790384615384616;1.9903461538461535;0.1339846153846154;0.19236346153846157;0.2494826923076923;0.28900192307692313;0.3197384615384615;0.3322923076923077;0.33466923076923083;0.347725;0.44798269230769233;0.37299038461538464
2023-06-07T00:00:00.000Z;;;;;;;;;;;;
2023-06-09T00:00:00.000Z;;;;;;;;;;;;
2023-06-12T00:00:00.000Z;;;;;;;;;;;;
2023-06-14T00:00:00.000Z;0.1436346153846154;1.8740384615384613;0.14340769230769232;0.20795192307692312;0.26532307692307694;0.30541538461538464;0.3414942307692308;0.35631538461538464;0.3578807692307693;0.3691403846153846;0.46540000000000004;0.39280000000000004
2023-06-17T00:00:00.000Z;0.1436346153846154;1.9538076923076924;0.12301730769230769;0.1781923076923077;0.23208846153846155;0.26837115384615384;0.307575;0.3249711538461539;0.3272538461538461;0.3374423076923077;0.4211288461538462;0.349725
2023-06-19T00:00:00.000Z;;;;;;;;;;;;
2023-06-22T00:00:00.000Z;0.21478846153846154;1.860442307692308;0.1127673076923077;0.1649923076923077;0.21396153846153848;0.2505923076923077;0.2933846153846154;0.3117423076923077;0.31713846153846154;0.3240980769230769;0.40185000000000004;0.3322307692307693
2023-06-24T00:00:00.000Z;0.16;1.6575384615384614;0.13954615384615388;0.20002692307692307;0.25661730769230773;0.2980423076923077;0.33969038461538464;0.35666538461538466;0.36024038461538466;0.37076346153846157;0.4611961538461538;0.3885807692307693
2023-06-27T00:00:00.000Z;0.35623076923076924;2.107769230769231;0.11824038461538462;0.1662423076923077;0.2104038461538461;0.2501788461538461;0.2969423076923077;0.3173134615384615;0.31809615384615386;0.33313076923076923;0.4130269230769232;0.3361480769230769
2023-06-29T00:00:00.000Z;0.5733461538461538;2.183673076923077;0.14046538461538463;0.19653269230769232;0.25117500000000004;0.2935346153846154;0.3382057692307692;0.36251346153846153;0.36555000000000004;0.3789557692307693;0.4828403846153846;0.40894807692307694
2023-07-02T00:00:00.000Z;0.149;2.495634615384615;0.12788461538461537;0.18281153846153844;0.23368076923076925;0.2704826923076923;0.30855;0.3272826923076923;0.3278923076923077;0.3387519230769231;0.42790961538461547;0.3655653846153846
2023-07-04T00:00:00.000Z;0.18715384615384617;1.7928846153846156;0.14605192307692308;0.2088096153846154;0.2678326923076923;0.30691923076923083;0.3445269230769231;0.35980576923076923;0.36432884615384614;0.37444230769230774;0.4669634615384615;0.3919307692307693
2023-07-07T00:00:00.000Z;;;;;;;;;;;;
2023-07-09T00:00:00.000Z;0.23655769230769233;2.4629807692307693;0.14465;0.20331538461538465;0.25521346153846153;0.2947461538461539;0.32785576923076926;0.3477019230769231;0.34611153846153847;0.3587769230769231;0.44973846153846153;0.3843596153846154
2023-07-12T00:00:00.000Z;;;;;;;;;;;;
2023-07-14T00:00:00.000Z;0.21478846153846154;1.8724807692307692;0.14594038461538464;0.20997307692307693;0.2704884615384615;0.3120576923076923;0.34189615384615385;0.35779038461538465;0.3591442307692308;0.3694307692307693;0.46609230769230775;0.38819615384615386
2023-07-17T00:00:00.000Z;0.242;1.5527692307692307;0.12209038461538463;0.17973076923076925;0.2335115384615385;0.2684615384615385;0.3006961538461539;0.31625000000000003;0.3226538461538461;0.33059230769230774;0.40892307692307694;0.3343865384615385
2023-07-19T00:00:00.000Z;;;;;;;;;;;;
2023-07-22T00:00:00.000Z;;;;;;;;;;;;
2023-07-24T00:00:00.000Z;0.329;1.7961346153846158;0.14801923076923076;0.2052615384615385;0.2558615384615385;0.2991615384615385;0.33125;0.347125;0.34315;0.3619307692307693;0.4318038461538462;0.3569076923076923
2023-07-27T00:00:00.000Z;0.11082692307692309;2.77325;0.12207115384615386;0.17456153846153843;0.22690000000000002;0.26648653846153847;0.29300192307692313;0.30722307692307693;0.3050692307692308;0.3230865384615385;0.41267692307692316;0.3372615384615385
2023-07-29T00:00:00.000Z;0.26390384615384616;1.6091923076923076;0.15009423076923076;0.21441538461538462;0.2761865384615385;0.31436923076923085;0.3413269230769231;0.3581096153846154;0.36594038461538464;0.3707384615384615;0.47022692307692315;0.4016
2023-08-01T00:00:00.000Z;0.16540384615384615;1.3813076923076923;0.12647884615384614;0.18155000000000002;0.24016538461538464;0.2753576923076923;0.30460192307692313;0.3183769230769231;0.3311076923076923;0.3314711538461539;0.4275076923076923;0.36381346153846156
2023-08-03T00:00:00.000Z;0.193;1.8096730769230769;0.14618461538461539;0.21081730769230772;0.276225;0.3175615384615385;0.34093076923076926;0.3546596153846154;0.35770576923076924;0.36801538461538463;0.4708423076923077;0.3918519230769231
2023-08-06T00:00:00.000Z;0.15448076923076923;1.5199423076923078;0.1249923076923077;0.18580000000000002;0.2452269230769231;0.2819634615384615;0.3078480769230769;0.32075576923076926;0.3280269230769231;0.33429038461538463;0.42237692307692315;0.34542115384615385
2023-08-08T00:00:00.000Z;0.22563461538461538;2.388269230769231;0.14359615384615387;0.20093076923076925;0.25200384615384613;0.2900903846153846;0.31663846153846154;0.3353153846153846;0.3323884615384615;0.34798076923076926;0.43706346153846154;0.369475
2023-08-11T00:00:00.000Z;0.19809615384615384;1.7712692307692308;0.12876538461538461;0.1863076923076923;0.24564230769230772;0.2824423076923077;0.3068711538461539;0.3215769230769231;0.3302269230769231;0.33410576923076923;0.42907115384615385;0.36154807692307694
2023-08-13T00:00:00.000Z;0.24740384615384617;2.273769230769231;0.14395769230769231;0.209375;0.2729673076923077;0.31489230769230775;0.33751538461538466;0.3508519230769231;0.34784230769230773;0.3642365384615385;0.46411730769230775;0.3833961538461539
2023-08-16T00:00:00.000Z;0.116;2.157576923076923;0.12083846153846158;0.1737923076923077;0.22640000000000002;0.2653769230769231;0.28771730769230774;0.30104807692307695;0.30358846153846153;0.31644230769230774;0.4030730769230769;0.3276980769230769
2023-08-18T00:00:00.000Z;0.193;1.266673076923077;0.14801538461538463;0.21253846153846154;0.2770403846153846;0.31451538461538464;0.33829615384615386;0.3536769230769231;0.3655019230769231;0.3667173076923077;0.4718403846153846;0.4019596153846154
2023-08-21T00:00:00.000Z;0.16;2.078423076923077;0.12617307692307694;0.1821423076923077;0.2415076923076923;0.2793673076923077;0.3016365384615385;0.31722500000000003;0.3213846153846154;0.32945576923076925;0.4283461538461538;0.3618480769230769
2023-08-23T00:00:00.000Z;0.22563461538461538;1.6505384615384615;0.1408596153846154;0.2044269230769231;0.27070384615384613;0.3116076923076923;0.33306923076923084;0.34673846153846155;0.3509615384615385;0.3604692307692308;0.4600038461538462;0.3818769230769231
2023-08-26T00:00:00.000Z;0.3182307692307692;1.8417692307692308;0.13314615384615386;0.18866538461538465;0.24054615384615388;0.2785846153846154;0.3012173076923077;0.31541346153846156;0.3167153846153846;0.3302596153846154;0.39696923076923085;0.31541346153846156
2023-08-28T00:00:00.000Z;0.16540384615384615;1.2551346153846157;0.1412673076923077;0.20437884615384613;0.2687865384615385;0.3061692307692308;0.3276846153846154;0.34124615384615387;0.3544576923076923;0.35470576923076924;0.4597557692307693;0.3916807692307693
2023-08-31T00:00:00.000Z;0.171;1.8323846153846157;0.12279807692307694;0.1780346153846154;0.2382846153846154;0.2748346153846154;0.29723076923076924;0.3111692307692308;0.31993846153846156;0.32399423076923084;0.42052500000000004;0.3535596153846154
2023-09-02T00:00:00.000Z;;;;;;;;;;;;
2023-09-05T00:00:00.000Z;0.33455769230769233;2.3381923076923083;0.12911153846153844;0.18780384615384613;0.2403538461538461;0.2843096153846154;0.3080346153846154;0.32067115384615386;0.3193153846153846;0.3360730769230769;0.4014403846153846;0.3181538461538461
2023-09-07T00:00:00.000Z;0.20390384615384616;2.724615384615385;0.1322;0.1920423076923077;0.2488115384615385;0.28932115384615387;0.31462115384615386;0.33242307692307693;0.3293423076923077;0.34515961538461537;0.4389846153846155;0.3681807692307693
2023-09-10T00:00:00.000Z;0.182;2.3512115384615386;0.11725961538461539;0.17168076923076925;0.22973846153846153;0.2652326923076923;0.29219230769230775;0.3075942307692308;0.31053846153846154;0.3205346153846154;0.40954423076923085;0.3409673076923077
2023-09-12T00:00:00.000Z;;;;;;;;;;;;
2023-09-15T00:00:00.000Z;0.105;2.6911538461538465;0.12580769230769231;0.17981923076923076;0.2315538461538461;0.2742942307692308;0.3043711538461539;0.3174596153846154;0.3193423076923077;0.3373192307692308;0.42078076923076924;0.3375538461538461
2023-09-17T00:00:00.000Z;0.20390384615384616;2.875269230769231;0.12778846153846157;0.1850576923076923;0.2378673076923077;0.27913461538461537;0.3061576923076923;0.32601923076923084;0.322;0.34065;0.426123076923077;0.35039038461538463
2023-09-20T00:00:00.000Z;0.138;2.1304807692307692;0.11572884615384615;0.16675384615384614;0.21568846153846152;0.2507096153846154;0.2786846153846154;0.29345576923076927;0.29894230769230773;0.3054115384615385;0.3967307692307693;0.3319288461538461
2023-09-22T00:00:00.000Z;0.055480769230769236;1.1365769230769232;0.10825576923076924;0.1612;0.21624615384615387;0.2540365384615385;0.28721923076923084;0.30355192307692314;0.29502307692307694;0.32345576923076924;0.4049903846153846;0.34611346153846156
2023-09-25T00:00:00.000Z;0.094;1.1859038461538463;0.10900961538461539;0.16316923076923076;0.21453846153846154;0.24636538461538462;0.2739461538461539;0.2848019230769231;0.29807692307692313;0.2994615384615385;0.38144230769230775;0.3127019230769231
2023-09-27T00:00:00.000Z;0.12178846153846153;1.6438269230769231;0.12701153846153843;0.1835019230769231;0.23714230769230774;0.27287115384615385;0.2976961538461539;0.3132076923076923;0.32004615384615387;0.3250076923076923;0.425273076923077;0.36174423076923085
2023-09-30T00:00:00.000Z;0.0889423076923077;1.5430576923076924;0.111875;0.1623;0.21446538461538464;0.24618653846153848;0.2730134615384615;0.2864346153846154;0.29653076923076926;0.2978038461538461;0.3920096153846154;0.3324519230769231
2023-10-02T00:00:00.000Z;0.105;1.0629615384615385;0.12304038461538462;0.1803384615384616;0.23732307692307691;0.2707788461538461;0.296625;0.30938461538461537;0.32125192307692313;0.32340576923076925;0.4145769230769232;0.3472615384615385
2023-10-05T00:00:00.000Z;0.127;1.3185384615384614;0.10945961538461539;0.16235384615384615;0.2134;0.24607884615384612;0.2712788461538461;0.2819634615384615;0.29443846153846154;0.29675;0.3787326923076923;0.3067519230769231
2023-10-07T00:00:00.000Z;0.1436346153846154;1.4183076923076925;0.1263846153846154;0.18146153846153845;0.23667307692307693;0.27114423076923083;0.2974826923076923;0.31075576923076925;0.3188961538461539;0.3217673076923077;0.422073076923077;0.35831538461538465
2023-10-10T00:00:00.000Z;0.11076923076923076;1.3274615384615387;0.10672051282051283;0.14893846153846158;0.19281538461538464;0.22235897435897442;0.24695897435897443;0.259774358974359;0.2723333333333333;0.27076666666666666;0.3485974358974359;0.2926948717948718
2023-10-12T00:00:00.000Z;0.127;1.2095384615384615;0.11751538461538462;0.17467115384615386;0.22982115384615387;0.2654538461538461;0.2884692307692308;0.3000923076923077;0.3097634615384615;0.3153134615384615;0.4068615384615385;0.33833846153846153
2023-10-15T00:00:00.000Z;0.1436346153846154;1.8878653846153843;0.10698269230769232;0.16066538461538463;0.2110846153846154;0.24536730769230772;0.2699538461538461;0.2808019230769231;0.28538846153846154;0.2933846153846154;0.3773961538461539;0.3035942307692308
2023-10-17T00:00:00.000Z;;;;;;;;;;;;
2023-10-20T00:00:00.000Z;0.11082692307692309;1.5534615384615387;0.026840384615384613;0.03956730769230769;0.05445769230769231;0.06551153846153847;0.07640384615384616;0.08360576923076923;0.06551153846153847;0.09048269230769232;0.1042923076923077;0.09249230769230768
2023-10-22T00:00:00.000Z;;;;;;;;;;;;
2023-10-25T00:00:00.000Z;0.06678846153846153;1.60625;0.04110192307692308;0.06569423076923078;0.08717692307692308;0.10274423076923077;0.11648076923076925;0.1215673076923077;0.12351153846153844;0.12806538461538464;0.1474673076923077;0.11066346153846157
2023-10-27T00:00:00.000Z;;;;;;;;;;;;
2023-10-30T00:00:00.000Z;0.094;1.6795384615384614;0.12785192307692309;0.17938846153846158;0.23204615384615387;0.2714769230769231;0.3027384615384615;0.3197288461538461;0.32018846153846153;0.33666730769230774;0.42900384615384624;0.3557980769230769
2023-11-01T00:00:00.000Z;;;;;;;;;;;;
2023-11-04T00:00:00.000Z;;;;;;;;;;;;
2023-11-06T00:00:00.000Z;;;;;;;;;;;;
2023-11-09T00:00:00.000Z;;;;;;;;;;;;
2023-11-11T00:00:00.000Z;0.055480769230769236;1.5850192307692308;0.10396538461538463;0.1477884615384616;0.19144615384615385;0.22066730769230772;0.24477307692307693;0.2556615384615385;0.2568711538461539;0.2677692307692308;0.3322288461538461;0.2734769230769231
2023-11-14T00:00:00.000Z;0.07790384615384616;1.1699230769230768;0.09534807692307692;0.14550576923076924;0.1943269230769231;0.22766538461538463;0.25206346153846154;0.26328076923076926;0.2769461538461539;0.2755596153846154;0.3495576923076923;0.27936346153846153
2023-11-16T00:00:00.000Z;;;;;;;;;;;;
2023-11-19T00:00:00.000Z;0.07790384615384616;1.1322884615384614;0.09907115384615385;0.1469;0.19411153846153845;0.2227115384615385;0.2499269230769231;0.26208076923076923;0.2795192307692308;0.2738826923076923;0.3527288461538461;0.2926788461538461
2023-11-21T00:00:00.000Z;0.0889423076923077;0.7752307692307693;0.10523076923076924;0.16105384615384616;0.2149538461538461;0.24685576923076924;0.2732730769230769;0.2846538461538461;0.2998596153846154;0.2969788461538461;0.37467692307692313;0.30980576923076925
2023-11-24T00:00:00.000Z;0.07200000000000001;0.7877692307692308;0.09369038461538462;0.14471923076923077;0.19301538461538464;0.22198076923076926;0.2469730769230769;0.2585480769230769;0.2775115384615385;0.2703596153846154;0.3430615384615385;0.27400576923076925
2023-11-26T00:00:00.000Z;0.13271153846153846;1.0949038461538463;0.12156538461538463;0.17255769230769233;0.22513269230769228;0.2617153846153846;0.290675;0.30443846153846155;0.31322307692307694;0.317375;0.39144423076923085;0.32541538461538466
2023-11-29T00:00:00.000Z;;;;;;;;;;;;
2023-12-01T00:00:00.000Z;;;;;;;;;;;;
2023-12-04T00:00:00.000Z;;;;;;;;;;;;
2023-12-06T00:00:00.000Z;;;;;;;;;;;;
2023-12-09T00:00:00.000Z;;;;;;;;;;;;
2023-12-11T00:00:00.000Z;0.083;1.1578846153846156;0.09634038461538462;0.14780576923076924;0.1957923076923077;0.22853846153846152;0.25043846153846155;0.25980576923076926;0.2684211538461539;0.2741;0.34019038461538464;0.2790269230769231
2023-12-14T00:00:00.000Z;0.06678846153846153;0.7348653846153846;0.09037307692307692;0.13952307692307694;0.1868076923076923;0.2167096153846154;0.24248076923076925;0.25160576923076927;0.2730230769230769;0.2658826923076923;0.33205961538461537;0.2621307692307692
2023-12-16T00:00:00.000Z;0.07200000000000001;0.6814615384615385;0.10797692307692308;0.15906538461538464;0.21030000000000001;0.23874615384615386;0.2661519230769231;0.27624615384615386;0.29809807692307694;0.2892038461538461;0.3716403846153846;0.3098211538461539
2023-12-19T00:00:00.000Z;0.06678846153846153;0.5207884615384616;0.09379423076923077;0.14053076923076924;0.18736538461538466;0.2152480769230769;0.2428326923076923;0.25379807692307693;0.27933846153846154;0.26526346153846153;0.3411365384615385;0.2819038461538461
2023-12-21T00:00:00.000Z;0.07200000000000001;0.89775;0.10110961538461538;0.1550519230769231;0.20751730769230772;0.24002884615384612;0.26514615384615386;0.2768673076923077;0.28852500000000003;0.2887846153846154;0.3619673076923077;0.29812307692307694
2023-12-24T00:00:00.000Z;0.06678846153846153;0.6834230769230769;0.09048653846153847;0.14106538461538462;0.18783846153846157;0.21659807692307692;0.2429019230769231;0.25148846153846155;0.27335000000000004;0.2645576923076923;0.3315980769230769;0.2626807692307693
2023-12-26T00:00:00.000Z;0.07200000000000001;0.39875;0.10656923076923076;0.15724423076923078;0.2076346153846154;0.23379807692307691;0.2631;0.2726730769230769;0.2998480769230769;0.28824038461538465;0.3670038461538461;0.3041288461538461
2023-12-29T00:00:00.000Z;;;;;;;;;;;;
2023-12-31T00:00:00.000Z;;;;;;;;;;;;
2024-01-03T00:00:00.000Z;;;;;;;;;;;;
2024-01-05T00:00:00.000Z;;;;;;;;;;;;
2024-01-08T00:00:00.000Z;0.06678846153846153;0.5030576923076924;0.09267307692307693;0.13870576923076924;0.1873576923076923;0.2141730769230769;0.24207115384615388;0.25118076923076926;0.2769615384615385;0.26350576923076924;0.3392480769230769;0.28186538461538463
2024-01-10T00:00:00.000Z;;;;;;;;;;;;
2024-01-13T00:00:00.000Z;;;;;;;;;;;;
2024-01-18T00:00:00.000Z;0.055480769230769236;0.8724423076923078;0.10609807692307693;0.12274230769230769;0.14227307692307695;0.15919807692307694;0.1791673076923077;0.19366923076923082;0.19591153846153844;0.20502307692307692;0.22890192307692311;0.18652115384615384
2024-01-20T00:00:00.000Z;;;;;;;;;;;;
2024-01-23T00:00:00.000Z;0.0889423076923077;1.4198461538461538;0.08726153846153847;0.13388461538461538;0.17837307692307694;0.21011730769230771;0.23249807692307692;0.24197692307692312;0.2517961538461539;0.2532673076923077;0.3213326923076923;0.2545807692307693
2024-01-25T00:00:00.000Z;;;;;;;;;;;;
2024-01-28T00:00:00.000Z;;;;;;;;;;;;
2024-01-30T00:00:00.000Z;;;;;;;;;;;;
2024-02-02T00:00:00.000Z;0.083;1.15175;0.09380000000000001;0.14056153846153843;0.18770384615384614;0.21721153846153848;0.23968076923076925;0.24931346153846154;0.2621076923076923;0.2623653846153846;0.33654423076923085;0.27217115384615387
2024-02-04T00:00:00.000Z;0.083;0.5963076923076923;0.1121173076923077;0.1671884615384616;0.2223326923076923;0.25167500000000004;0.2772307692307692;0.2878519230769231;0.30941730769230774;0.30176346153846156;0.3981269230769231;0.3379673076923077
2024-02-07T00:00:00.000Z;0.09990384615384616;1.1012692307692307;0.09712692307692308;0.14283076923076923;0.19008461538461538;0.2177576923076923;0.24109615384615388;0.2513596153846154;0.2673576923076923;0.2621980769230769;0.34791346153846153;0.2939076923076923
2024-02-09T00:00:00.000Z;;;;;;;;;;;;
2024-02-12T00:00:00.000Z;0.083;1.2551153846153844;0.08164423076923077;0.1285673076923077;0.17296923076923076;0.20380961538461537;0.2271576923076923;0.23594423076923082;0.2477576923076923;0.24764807692307692;0.30669807692307693;0.2354326923076923
2024-02-14T00:00:00.000Z;;;;;;;;;;;;
2024-02-17T00:00:00.000Z;0.07790384615384616;1.1784807692307693;0.09870769230769233;0.14768076923076925;0.19550769230769233;0.22589423076923082;0.2510942307692308;0.26109423076923083;0.2757769230769231;0.2727326923076923;0.35471538461538465;0.29952500000000004
2024-02-19T00:00:00.000Z;;;;;;;;;;;;
2024-02-22T00:00:00.000Z;;;;;;;;;;;;
2024-02-24T00:00:00.000Z;0.055480769230769236;0.7526538461538462;0.14888846153846158;0.20188076923076925;0.2612903846153846;0.29864807692307693;0.32914038461538464;0.3427019230769231;0.3639692307692308;0.35983846153846155;0.4639288461538462;0.38422307692307694
2024-02-27T00:00:00.000Z;;;;;;;;;;;;
2024-02-29T00:00:00.000Z;0.105;0.7297884615384616;0.11554615384615387;0.17392884615384616;0.2310576923076923;0.26195576923076924;0.2849884615384615;0.2965769230769231;0.31208846153846154;0.3107288461538461;0.4007576923076923;0.3362730769230769
2024-03-03T00:00:00.000Z;0.083;0.5893076923076923;0.10176346153846154;0.15427307692307693;0.2060076923076923;0.2332519230769231;0.25751923076923083;0.26696923076923085;0.28875;0.281525;0.3584692307692308;0.2904423076923077
2024-03-05T00:00:00.000Z;0.11082692307692309;0.7754423076923077;0.12413269230769232;0.17842307692307693;0.23611346153846152;0.2680019230769231;0.29273076923076924;0.3047980769230769;0.3223153846153846;0.31855384615384613;0.41810576923076925;0.35568846153846156
2024-03-08T00:00:00.000Z;0.055148148148148154;0.9944444444444444;0.049648148148148157;0.06015555555555556;0.07461481481481481;0.08514444444444445;0.09720370370370372;0.1009925925925926;0.10879259259259262;0.10517037037037037;0.1254148148148148;0.0933851851851852
2024-03-10T00:00:00.000Z;;;;;;;;;;;;
2024-03-13T00:00:00.000Z;0.083;0.7200384615384615;0.10592115384615386;0.15705;0.21000769230769228;0.23946538461538464;0.2635076923076923;0.27426346153846154;0.29353076923076926;0.2884019230769231;0.3657826923076923;0.29886346153846155
2024-03-15T00:00:00.000Z;0.116;0.9975384615384616;0.12772307692307694;0.18416730769230769;0.2428826923076923;0.2757730769230769;0.30031153846153846;0.3138480769230769;0.3275;0.32594038461538466;0.42454038461538457;0.36371346153846157
2024-03-18T00:00:00.000Z;;;;;;;;;;;;
2024-03-20T00:00:00.000Z;;;;;;;;;;;;
2024-03-23T00:00:00.000Z;;;;;;;;;;;;
2024-03-25T00:00:00.000Z;;;;;;;;;;;;
2024-03-28T00:00:00.000Z;;;;;;;;;;;;
2024-03-30T00:00:00.000Z;;;;;;;;;;;;
2024-04-02T00:00:00.000Z;;;;;;;;;;;;
2024-04-04T00:00:00.000Z;;;;;;;;;;;;
2024-04-07T00:00:00.000Z;;;;;;;;;;;;
2024-04-09T00:00:00.000Z;0.138;0.4713076923076923;0.13472307692307695;0.19784807692307693;0.26256730769230774;0.2926173076923077;0.3175980769230769;0.3290019230769231;0.34813076923076924;0.34243076923076926;0.44005961538461547;0.37236153846153847
2024-04-12T00:00:00.000Z;0.094;0.8617307692307693;0.1178673076923077;0.17036538461538464;0.22445384615384611;0.2544519230769231;0.27964038461538465;0.2906769230769231;0.3068576923076923;0.305475;0.3944269230769231;0.3284326923076923
2024-04-14T00:00:00.000Z;0.15448076923076923;0.7660192307692307;0.14154038461538462;0.20196923076923082;0.2662269230769231;0.2975846153846154;0.3219538461538461;0.3338538461538461;0.3521230769230769;0.3470134615384615;0.4562;0.3935
2024-04-17T00:00:00.000Z;0.138;1.389673076923077;0.12481346153846158;0.1792269230769231;0.23996538461538464;0.2706038461538461;0.2937519230769231;0.3065269230769231;0.3176269230769231;0.31743461538461537;0.4240942307692308;0.3630807692307693
2024-04-19T00:00:00.000Z;;;;;;;;;;;;
2024-04-22T00:00:00.000Z;0.094;1.1913076923076924;0.15943076923076924;0.1830923076923077;0.2082615384615385;0.2375923076923077;0.2543846153846154;0.26343076923076925;0.278;0.27365384615384614;0.34321538461538464;0.2662615384615385
2024-04-24T00:00:00.000Z;0.12178846153846153;0.37463461538461534;0.14605384615384615;0.20851730769230772;0.2749442307692308;0.30404615384615385;0.32814038461538464;0.34018846153846155;0.3647788461538461;0.3531461538461539;0.4659134615384615;0.4028365384615385
2024-04-27T00:00:00.000Z;;;;;;;;;;;;
2024-04-29T00:00:00.000Z;;;;;;;;;;;;
2024-05-02T00:00:00.000Z;0.0889423076923077;0.6134038461538462;0.12742692307692308;0.18707692307692309;0.24937307692307692;0.27919615384615387;0.2996173076923077;0.3108480769230769;0.3317076923076923;0.3246826923076923;0.4242038461538462;0.3524326923076923
2024-05-04T00:00:00.000Z;0.13271153846153846;1.185596153846154;0.1497826923076923;0.21225192307692312;0.2796461538461539;0.31454230769230773;0.33456153846153847;0.34857307692307693;0.35965576923076925;0.35976153846153847;0.47800000000000004;0.41597307692307695
2024-05-07T00:00:00.000Z;0.11082692307692309;1.1292884615384615;0.1482;0.2068;0.27369615384615387;0.3086923076923077;0.3320538461538461;0.34619423076923084;0.3625923076923077;0.3605423076923077;0.476048076923077;0.4060096153846154
2024-05-09T00:00:00.000Z;;;;;;;;;;;;
2024-05-12T00:00:00.000Z;0.0889423076923077;1.207;0.13071923076923078;0.18861923076923082;0.2533076923076923;0.28602307692307694;0.3050038461538461;0.31633076923076925;0.3288038461538461;0.3296326923076923;0.43436730769230775;0.36036538461538464
2024-05-14T00:00:00.000Z;0.055480769230769236;0.9363269230769232;0.15226153846153845;0.21329230769230773;0.2815846153846154;0.3164519230769231;0.33683846153846153;0.3499115384615385;0.3655346153846154;0.36334038461538465;0.4853826923076923;0.4212326923076923
2024-05-17T00:00:00.000Z;;;;;;;;;;;;
2024-05-19T00:00:00.000Z;0.12178846153846153;1.2775;0.1584346153846154;0.22531538461538464;0.2968230769230769;0.3348538461538461;0.3533519230769231;0.36553846153846153;0.373575;0.3809076923076923;0.4966903846153846;0.41948076923076927
2024-05-22T00:00:00.000Z;0.0889423076923077;1.0743461538461538;0.13411153846153845;0.19405769230769232;0.26054230769230774;0.29352115384615385;0.3127096153846154;0.323475;0.3375961538461539;0.3382576923076923;0.443373076923077;0.36909615384615385
2024-05-24T00:00:00.000Z;0.13040384615384618;1.328576923076923;0.15848269230769232;0.22261538461538463;0.29084038461538464;0.32651153846153846;0.345825;0.35883846153846155;0.3690346153846154;0.3727442307692308;0.4881865384615385;0.42099807692307695
2024-05-27T00:00:00.000Z;0.17632692307692308;1.9858269230769232;0.1365076923076923;0.1898884615384616;0.2501884615384615;0.2834692307692308;0.30179038461538465;0.31499423076923083;0.3202692307692308;0.3284538461538461;0.4382115384615385;0.3747326923076923
2024-05-29T00:00:00.000Z;0.12178846153846153;1.5077307692307693;0.15317884615384614;0.21649038461538464;0.28715;0.3243115384615385;0.342725;0.3546826923076923;0.3594826923076923;0.3692769230769231;0.48992692307692315;0.41395961538461545
2024-06-01T00:00:00.000Z;;;;;;;;;;;;
2024-06-03T00:00:00.000Z;;;;;;;;;;;;
2024-06-06T00:00:00.000Z;;;;;;;;;;;;
2024-06-08T00:00:00.000Z;0.4160961538461539;2.3614615384615387;0.15645769230769233;0.22301153846153848;0.28800576923076926;0.3257019230769231;0.3415461538461539;0.3523942307692308;0.3479692307692308;0.3662153846153846;0.46702115384615384;0.3854807692307693
2024-06-11T00:00:00.000Z;;;;;;;;;;;;
2024-06-13T00:00:00.000Z;0.083;1.6793653846153844;0.13802307692307694;0.19081538461538466;0.24689615384615388;0.28642115384615385;0.3095596153846154;0.32572115384615385;0.3356346153846154;0.34156538461538466;0.443398076923077;0.35715
2024-06-16T00:00:00.000Z;0.06678846153846153;1.5617307692307694;0.13427307692307694;0.19023461538461536;0.2516423076923077;0.28513653846153847;0.30962307692307695;0.3245826923076923;0.3347692307692308;0.33779615384615386;0.4508153846153846;0.391675
2024-06-18T00:00:00.000Z;0.12178846153846153;1.7430192307692307;0.15217307692307694;0.21687884615384612;0.2829403846153846;0.32241923076923085;0.34656923076923085;0.35969038461538466;0.3632538461538461;0.37461538461538463;0.48722115384615383;0.4119903846153846
2024-06-21T00:00:00.000Z;0.0889423076923077;1.3636923076923078;0.1331269230769231;0.19283846153846157;0.2552038461538461;0.28931730769230773;0.31490961538461537;0.32904230769230775;0.3383538461538461;0.3430153846153846;0.4439961538461538;0.36945
2024-06-23T00:00:00.000Z;0.127;2.7893846153846154;0.15903846153846157;0.2225230769230769;0.2876096153846154;0.3266557692307693;0.35082115384615387;0.3704307692307693;0.3646076923076923;0.3808134615384615;0.5045442307692308;0.4396903846153846
2024-06-26T00:00:00.000Z;0.34548076923076926;2.3034038461538464;0.15019615384615387;0.20128076923076924;0.2530269230769231;0.28731730769230773;0.3190230769230769;0.33733846153846153;0.3342;0.3503307692307693;0.4311288461538462;0.3637076923076923
2024-06-28T00:00:00.000Z;;;;;;;;;;;;
2024-07-01T00:00:00.000Z;0.105;2.2926923076923083;0.13759615384615387;0.19403846153846158;0.25277307692307693;0.2920288461538461;0.3233288461538461;0.3386576923076923;0.34055;0.35502500000000003;0.45625192307692314;0.3768711538461539
2024-07-03T00:00:00.000Z;0.061;1.8953461538461536;0.1542423076923077;0.21507884615384612;0.2782923076923077;0.31519807692307694;0.34426346153846155;0.36250192307692314;0.3681173076923077;0.3755826923076923;0.49260000000000004;0.42682307692307697
2024-07-06T00:00:00.000Z;0.08721153846153847;1.8689615384615383;0.13262307692307693;0.18626153846153845;0.2440576923076923;0.2776711538461539;0.3069846153846154;0.3237403846153846;0.3302;0.3367615384615385;0.44011346153846154;0.3775615384615385
2024-07-08T00:00:00.000Z;0.094;2.190923076923077;0.14745769230769232;0.20802307692307692;0.2704884615384615;0.30915000000000004;0.33776730769230773;0.3524038461538461;0.3527576923076923;0.3692057692307693;0.48028076923076923;0.4024403846153846
2024-07-11T00:00:00.000Z;0.0995576923076923;1.723;0.13047884615384614;0.18765;0.24518076923076926;0.2809365384615385;0.3072826923076923;0.32305384615384614;0.3273884615384615;0.3370326923076923;0.43201730769230773;0.3570346153846154
2024-07-23T00:00:00.000Z;0.061;1.8745576923076923;0.15406923076923076;0.2146096153846154;0.2786769230769231;0.315475;0.3396076923076923;0.3567711538461539;0.36212307692307694;0.37090384615384614;0.48929230769230775;0.4230326923076923
2024-07-26T00:00:00.000Z;0.083;1.7737115384615385;0.13494615384615385;0.18947307692307694;0.24983076923076925;0.2823846153846154;0.3066865384615385;0.3224576923076923;0.33156538461538465;0.33571346153846154;0.44375961538461545;0.37938846153846156
2024-07-28T00:00:00.000Z;0.17411538461538462;2.0099615384615386;0.14486538461538462;0.20398653846153844;0.265175;0.30408076923076927;0.32704230769230774;0.34142692307692313;0.34185576923076927;0.357325;0.46042500000000003;0.3854096153846154
2024-07-31T00:00:00.000Z;0.149;1.7614038461538462;0.13113461538461538;0.18787692307692308;0.24757307692307692;0.28211538461538466;0.3041288461538461;0.3181538461538461;0.3242576923076923;0.3336019230769231;0.4286903846153846;0.3518269230769231
2024-08-02T00:00:00.000Z;0.06678846153846153;1.5999615384615387;0.1463423076923077;0.20263269230769232;0.2668115384615385;0.30397115384615386;0.3276730769230769;0.3447115384615385;0.353675;0.36064807692307693;0.48168846153846157;0.41650000000000004
2024-08-05T00:00:00.000Z;0.105;2.232326923076923;0.13134807692307693;0.18418846153846158;0.24429230769230773;0.2799346153846154;0.3027269230769231;0.31993846153846156;0.3220769230769231;0.3340211538461539;0.44545;0.37991923076923084
2024-08-07T00:00:00.000Z;0.11082692307692309;1.6863076923076925;0.14565192307692307;0.2068692307692308;0.2742557692307693;0.31334423076923085;0.33456730769230775;0.3490653846153846;0.35184615384615386;0.36459807692307694;0.47771346153846156;0.4001461538461539
2024-08-10T00:00:00.000Z;0.07790384615384616;1.5078846153846157;0.1298173076923077;0.18366153846153843;0.24451923076923082;0.2780980769230769;0.2988230769230769;0.31341346153846156;0.3227423076923077;0.32830192307692313;0.42660000000000003;0.350575
2024-08-12T00:00:00.000Z;0.06678846153846153;2.030923076923077;0.14891538461538462;0.2077615384615385;0.2716730769230769;0.3099346153846154;0.3296576923076923;0.3464961538461539;0.3505653846153846;0.35973653846153847;0.47753076923076926;0.4105692307692308
2024-08-15T00:00:00.000Z;0.0889423076923077;1.6551346153846158;0.12737307692307692;0.17960769230769233;0.2403076923076923;0.2729826923076923;0.29404615384615385;0.30786346153846156;0.31988846153846157;0.3226923076923077;0.4306115384615385;0.3659057692307693
2024-08-17T00:00:00.000Z;0.116;1.9135384615384612;0.1417826923076923;0.2038192307692308;0.2702538461538461;0.3104519230769231;0.3279730769230769;0.34137692307692313;0.3433096153846154;0.35698076923076927;0.47108461538461543;0.3946019230769231
2024-08-20T00:00:00.000Z;0.11082692307692309;2.841365384615385;0.1244173076923077;0.1798346153846154;0.2396769230769231;0.2777615384615385;0.29449807692307695;0.30762692307692313;0.3063;0.32403846153846155;0.42710576923076926;0.34861923076923085
2024-08-22T00:00:00.000Z;0.15448076923076923;3.2394038461538464;0.13366153846153844;0.18128076923076925;0.23513846153846155;0.27256153846153847;0.2906480769230769;0.3094480769230769;0.30299615384615386;0.3232826923076923;0.42628461538461543;0.3621884615384615
2024-08-25T00:00:00.000Z;0.3997884615384616;2.717;0.12639038461538463;0.18336538461538465;0.2403615384615385;0.2747192307692308;0.29476923076923084;0.3105192307692308;0.3083730769230769;0.3246596153846154;0.41378846153846155;0.3446519230769231
2024-08-27T00:00:00.000Z;;;;;;;;;;;;
2024-08-30T00:00:00.000Z;;;;;;;;;;;;
2024-09-01T00:00:00.000Z;0.18715384615384617;2.823596153846154;0.14405;0.19903653846153843;0.25680576923076925;0.29415576923076925;0.3117942307692308;0.32979807692307694;0.32363846153846154;0.3423269230769231;0.4422403846153846;0.37290384615384614
2024-09-04T00:00:00.000Z;0.105;2.0737115384615388;0.10414615384615386;0.15167307692307694;0.20330384615384614;0.23726346153846153;0.2589826923076923;0.2732557692307693;0.2796;0.28821153846153846;0.3783846153846154;0.3059576923076923
2024-09-06T00:00:00.000Z;;;;;;;;;;;;
2024-09-09T00:00:00.000Z;0.127;1.188826923076923;0.11294230769230769;0.16863846153846157;0.22483076923076925;0.25922692307692313;0.2844942307692308;0.29730769230769233;0.31041923076923084;0.31249230769230774;0.4007557692307693;0.327525
2024-09-11T00:00:00.000Z;0.06678846153846153;2.1767115384615385;0.13020576923076924;0.18188461538461537;0.2367769230769231;0.27298076923076925;0.29986923076923083;0.3171596153846154;0.3191307692307693;0.33113076923076923;0.43759615384615386;0.3738576923076923
2024-09-14T00:00:00.000Z;0.09990384615384616;1.987923076923077;0.16386538461538463;0.20541923076923083;0.25880000000000003;0.30196730769230773;0.33872884615384613;0.3615673076923077;0.3568;0.3829769230769231;0.47778846153846155;0.40582692307692314
2024-09-16T00:00:00.000Z;0.13271153846153846;1.153576923076923;0.12584807692307692;0.18385192307692308;0.24537307692307692;0.2811480769230769;0.30809615384615385;0.321575;0.3301019230769231;0.33635000000000004;0.4335211538461538;0.36094615384615386
2024-09-19T00:00:00.000Z;;;;;;;;;;;;
2024-09-21T00:00:00.000Z;0.13778846153846155;2.204788461538461;0.10684038461538463;0.15901923076923077;0.21351923076923082;0.2504230769230769;0.28076538461538464;0.2975576923076923;0.2984923076923077;0.31197884615384613;0.394475;0.3139211538461539
2024-09-24T00:00:00.000Z;;;;;;;;;;;;
2024-09-26T00:00:00.000Z;0.11082692307692309;1.7687307692307692;0.12091923076923076;0.17812115384615387;0.23486538461538464;0.2698923076923077;0.2976192307692308;0.31169615384615385;0.3139480769230769;0.3262538461538461;0.4199038461538462;0.3514538461538461
2024-09-29T00:00:00.000Z;0.0889423076923077;1.4639230769230769;0.10878076923076924;0.15968076923076924;0.21116153846153848;0.24196923076923083;0.2708923076923077;0.2837211538461539;0.29439230769230773;0.2981942307692308;0.3786807692307693;0.30691730769230774
2024-10-01T00:00:00.000Z;0.12178846153846153;1.7084615384615387;0.12479038461538462;0.178975;0.2340980769230769;0.26745;0.29546346153846154;0.3131076923076923;0.31622307692307694;0.32328076923076926;0.425298076923077;0.3611461538461539
2024-10-04T00:00:00.000Z;0.105;1.66675;0.11249615384615386;0.16312692307692309;0.21596538461538464;0.24574615384615386;0.27298076923076925;0.2872480769230769;0.2962346153846154;0.2992346153846154;0.3939788461538461;0.33345
2024-10-06T00:00:00.000Z;0.16;2.117173076923077;0.11978846153846158;0.17772307692307693;0.2333;0.2685230769230769;0.2931019230769231;0.30547115384615386;0.3049596153846154;0.3201;0.41490384615384623;0.34493076923076926
2024-10-09T00:00:00.000Z;;;;;;;;;;;;
2024-10-11T00:00:00.000Z;;;;;;;;;;;;
2024-10-14T00:00:00.000Z;;;;;;;;;;;;
2024-10-16T00:00:00.000Z;;;;;;;;;;;;
2024-10-19T00:00:00.000Z;0.116;1.8436400000000002;0.042456;0.054464;0.06114400000000001;0.069748;0.078552;0.082648;0.086316;0.087748;0.116972;0.09852000000000001
2024-10-21T00:00:00.000Z;0.11082692307692309;2.3260961538461538;0.11765576923076924;0.171075;0.22219038461538462;0.2567538461538461;0.2827730769230769;0.29936538461538464;0.2985326923076923;0.3105;0.4096846153846154;0.3465596153846154
2024-10-24T00:00:00.000Z;;;;;;;;;;;;
2024-10-26T00:00:00.000Z;;;;;;;;;;;;
2024-10-29T00:00:00.000Z;;;;;;;;;;;;
2024-10-31T00:00:00.000Z;0.105;1.318;0.17488;0.19292;0.21929333333333334;0.2545866666666667;0.2947133333333333;0.31248000000000004;0.3177333333333333;0.32372;0.34331333333333336;0.27291333333333334
2024-11-03T00:00:00.000Z;;;;;;;;;;;;
2024-11-05T00:00:00.000Z;0.149;1.5235384615384615;0.09227692307692309;0.13725576923076924;0.1796096153846154;0.21321923076923083;0.2479038461538461;0.26222115384615385;0.26673846153846154;0.27667884615384614;0.3317057692307693;0.2622826923076923
2024-11-08T00:00:00.000Z;;;;;;;;;;;;
2024-11-10T00:00:00.000Z;;;;;;;;;;;;
2024-11-13T00:00:00.000Z;;;;;;;;;;;;
2024-11-15T00:00:00.000Z;;;;;;;;;;;;
2024-11-18T00:00:00.000Z;0.083;1.48825;0.08107884615384615;0.12438653846153844;0.1607346153846154;0.19087115384615383;0.22849807692307691;0.24197307692307693;0.25127307692307693;0.2538461538461539;0.30210000000000004;0.23479615384615388
2024-11-20T00:00:00.000Z;0.07790384615384616;1.454846153846154;0.09972692307692309;0.14635769230769233;0.1870826923076923;0.215875;0.2558730769230769;0.2727730769230769;0.2822807692307692;0.2859019230769231;0.35271923076923084;0.29121538461538465
2024-11-23T00:00:00.000Z;0.083;1.763157894736842;0.1147842105263158;0.14346315789473685;0.17210526315789473;0.2045894736842105;0.2538894736842105;0.27050526315789475;0.26940000000000003;0.28187894736842106;0.3052526315789474;0.254421052631579
2024-11-25T00:00:00.000Z;;;;;;;;;;;;
2024-11-28T00:00:00.000Z;;;;;;;;;;;;
2024-11-30T00:00:00.000Z;0.105;1.4932884615384614;0.10017307692307692;0.14496538461538463;0.18514615384615385;0.21730192307692311;0.2591442307692308;0.2758826923076923;0.2816865384615385;0.28676923076923083;0.3506480769230769;0.2916153846153846
2024-12-03T00:00:00.000Z;0.083;1.2853653846153843;0.09084230769230768;0.13025;0.16451153846153843;0.19297115384615385;0.2337826923076923;0.24962884615384612;0.26209615384615387;0.2626326923076923;0.31493846153846156;0.254475
2024-12-05T00:00:00.000Z;0.055480769230769236;1.2588653846153843;0.10335769230769232;0.15055384615384615;0.1931884615384616;0.22856538461538464;0.2715711538461539;0.28679038461538464;0.29438846153846154;0.3019557692307693;0.35244807692307695;0.283725
2024-12-08T00:00:00.000Z;0.061;0.5734038461538462;0.08610192307692308;0.13146538461538462;0.17072307692307695;0.19750192307692307;0.2411480769230769;0.2565115384615385;0.2783;0.2683692307692308;0.3129846153846154;0.24767115384615387
2024-12-10T00:00:00.000Z;0.06678846153846153;0.8699423076923077;0.10403461538461539;0.15067692307692307;0.1924173076923077;0.22289230769230772;0.2668365384615385;0.28303076923076925;0.29698076923076927;0.2941711538461539;0.358625;0.2971769230769231
2024-12-13T00:00:00.000Z;0.06678846153846153;1.0906153846153843;0.08968461538461539;0.13038846153846156;0.1687846153846154;0.19662307692307693;0.2407576923076923;0.2555615384615385;0.27103846153846156;0.26668846153846154;0.3220326923076923;0.26296538461538466
2024-12-15T00:00:00.000Z;0.06678846153846153;0.6047307692307693;0.09544230769230769;0.14368846153846157;0.187;0.2154596153846154;0.2573423076923077;0.2722192307692308;0.291875;0.28750000000000003;0.3359384615384615;0.2727019230769231
2024-12-18T00:00:00.000Z;0.242;1.589;0.0742;0.11817272727272728;0.15823636363636365;0.18301818181818186;0.2250090909090909;0.24465454545454546;0.2570727272727273;0.25470000000000004;0.27553636363636363;0.2077181818181818
2024-12-20T00:00:00.000Z;0.06678846153846153;0.42346153846153844;0.09911153846153847;0.14414423076923077;0.18652307692307693;0.21226923076923082;0.2557288461538461;0.27019038461538464;0.2956519230769231;0.2845942307692308;0.3426211538461539;0.2805038461538461
2024-12-23T00:00:00.000Z;0.061;0.6947692307692307;0.08848653846153846;0.12944038461538462;0.16902115384615388;0.1956269230769231;0.24000000000000002;0.2542442307692308;0.27547307692307693;0.26501153846153847;0.31832307692307693;0.2619134615384615
2024-12-25T00:00:00.000Z;0.06678846153846153;1.0637307692307694;0.09374423076923076;0.14242884615384616;0.18751346153846157;0.2209826923076923;0.2615346153846154;0.27630576923076927;0.28433846153846154;0.28771538461538465;0.34437115384615385;0.28179230769230773
2024-12-28T00:00:00.000Z;;;;;;;;;;;;
2024-12-30T00:00:00.000Z;0.07790384615384616;1.1048461538461538;0.09987692307692309;0.1422576923076923;0.18403461538461538;0.2139576923076923;0.25435576923076925;0.2709538461538461;0.2845173076923077;0.28420576923076923;0.34759423076923085;0.2875288461538461
2025-01-02T00:00:00.000Z;0.07200000000000001;0.8058461538461539;0.07827307692307693;0.1182;0.1554673076923077;0.18202500000000002;0.22329423076923083;0.23693846153846154;0.2570038461538461;0.2499326923076923;0.2935192307692308;0.2326788461538461
2025-01-04T00:00:00.000Z;0.07790384615384616;0.7191346153846154;0.06860576923076923;0.10380192307692308;0.13525769230769233;0.15845192307692307;0.18856538461538466;0.20014807692307693;0.2057519230769231;0.20791153846153848;0.2260038461538461;0.17735384615384614
2025-01-09T00:00:00.000Z;0.05;1.4878461538461538;0.093875;0.13299423076923078;0.1710923076923077;0.2023769230769231;0.23719615384615386;0.2530923076923077;0.2555576923076923;0.2642884615384615;0.32577500000000004;0.2710269230769231
2025-01-12T00:00:00.000Z;;;;;;;;;;;;
2025-01-14T00:00:00.000Z;0.07200000000000001;0.3440961538461539;0.09586730769230768;0.14365769230769232;0.18890384615384612;0.2155846153846154;0.25505;0.2691365384615385;0.29197307692307695;0.2834942307692308;0.3348634615384615;0.2724538461538461
2025-01-17T00:00:00.000Z;;;;;;;;;;;;
2025-01-19T00:00:00.000Z;0.07790384615384616;0.5836923076923077;0.10030384615384616;0.14713846153846158;0.19289038461538466;0.2207788461538461;0.26006923076923083;0.2764384615384615;0.29519230769230775;0.28747500000000004;0.3561711538461539;0.2950788461538461
2025-01-22T00:00:00.000Z;;;;;;;;;;;;
2025-01-24T00:00:00.000Z;0.07790384615384616;1.1935;0.09568846153846154;0.14600384615384615;0.19142692307692308;0.22665576923076924;0.2612038461538461;0.2733923076923077;0.2829596153846154;0.28905576923076925;0.3503480769230769;0.2812326923076923
2025-01-27T00:00:00.000Z;;;;;;;;;;;;
2025-01-29T00:00:00.000Z;;;;;;;;;;;;
2025-02-01T00:00:00.000Z;0.06678846153846153;0.8282884615384616;0.09159615384615385;0.13510769230769232;0.17867307692307693;0.20508846153846153;0.24224807692307693;0.25588076923076924;0.27518076923076923;0.26855;0.33506730769230775;0.2776480769230769
2025-02-03T00:00:00.000Z;0.083;0.8329230769230769;0.10836153846153844;0.15527115384615386;0.19958653846153843;0.23391346153846154;0.26905;0.2803326923076923;0.2950115384615385;0.29613076923076925;0.3628615384615385;0.2934057692307693
2025-02-06T00:00:00.000Z;0.07790384615384616;0.7605576923076923;0.09238076923076924;0.13997307692307692;0.18315;0.21176730769230773;0.24769038461538462;0.25814038461538463;0.2797115384615385;0.2733096153846154;0.33961346153846156;0.2694346153846154
2025-02-08T00:00:00.000Z;0.083;0.7570576923076923;0.11073076923076924;0.16179615384615387;0.21051538461538463;0.24081730769230772;0.27518846153846155;0.2901365384615385;0.3087653846153846;0.3056442307692308;0.38236923076923085;0.31790576923076924
2025-02-11T00:00:00.000Z;0.07790384615384616;0.9590384615384616;0.09757115384615385;0.14232692307692307;0.18778076923076925;0.21549038461538464;0.2507038461538461;0.26501153846153847;0.2830038461538461;0.27876538461538464;0.3470326923076923;0.2880326923076923
2025-02-13T00:00:00.000Z;0.083;0.846173076923077;0.10796538461538463;0.16225192307692307;0.2115942307692308;0.24400961538461538;0.27717884615384614;0.2882576923076923;0.3026576923076923;0.3026961538461539;0.37651730769230773;0.30538076923076923
2025-02-16T00:00:00.000Z;0.083;0.9217115384615385;0.09880192307692309;0.1495423076923077;0.19447307692307694;0.2233865384615385;0.25885;0.2688673076923077;0.28865;0.2838269230769231;0.356625;0.2826346153846154
2025-02-18T00:00:00.000Z;;;;;;;;;;;;
2025-02-21T00:00:00.000Z;;;;;;;;;;;;
2025-02-23T00:00:00.000Z;0.11082692307692309;1.0289615384615385;0.11208461538461538;0.1684846153846154;0.21954615384615386;0.2532519230769231;0.28238076923076927;0.2930615384615385;0.3053846153846154;0.30875576923076925;0.3873269230769231;0.3140788461538461
2025-02-26T00:00:00.000Z;0.07790384615384616;0.391;0.10264038461538462;0.15052692307692309;0.19605384615384613;0.22294038461538462;0.2554461538461539;0.2652115384615385;0.2915115384615385;0.2809596153846154;0.3500115384615385;0.279275
2025-02-28T00:00:00.000Z;0.2529423076923077;1.2758653846153842;0.13795000000000002;0.18362692307692308;0.23034230769230774;0.2677;0.30099038461538463;0.31889423076923085;0.32344230769230775;0.3344423076923077;0.4015576923076923;0.3405519230769231
2025-03-03T00:00:00.000Z;;;;;;;;;;;;
2025-03-05T00:00:00.000Z;;;;;;;;;;;;
2025-03-08T00:00:00.000Z;;;;;;;;;;;;
2025-03-10T00:00:00.000Z;0.06678846153846153;1.3857692307692306;0.103175;0.15177307692307693;0.19850769230769233;0.23721153846153847;0.2764711538461539;0.29166923076923085;0.2941153846153846;0.3062038461538461;0.36712500000000003;0.28426923076923083
2025-03-13T00:00:00.000Z;;;;;;;;;;;;
2025-03-15T00:00:00.000Z;;;;;;;;;;;;
2025-03-17T00:00:00.000Z;;;;;;;;;;;;
2025-03-18T00:00:00.000Z;;;;;;;;;;;;
2025-03-20T00:00:00.000Z;;;;;;;;;;;;
2025-03-23T00:00:00.000Z;;;;;;;;;;;;
2025-03-25T00:00:00.000Z;0.07790384615384616;1.124923076923077;0.14582692307692308;0.19113461538461538;0.23273846153846153;0.2733326923076923;0.31119807692307694;0.3244288461538461;0.33316538461538464;0.341025;0.3934711538461539;0.29502500000000004
2025-03-27T00:00:00.000Z;;;;;;;;;;;;
2025-03-28T00:00:00.000Z;;;;;;;;;;;;
2025-03-30T00:00:00.000Z;0.07790384615384616;0.5029423076923077;0.10706346153846158;0.1591923076923077;0.20518846153846154;0.237375;0.27656153846153847;0.2895461538461539;0.3118461538461539;0.30264807692307694;0.36522307692307693;0.2968807692307692
2025-04-02T00:00:00.000Z;0.094;1.3605384615384615;0.11142307692307693;0.15935384615384615;0.20185384615384613;0.23552307692307692;0.2753884615384615;0.2909;0.3021384615384615;0.30348846153846154;0.37365000000000004;0.313825
2025-04-04T00:00:00.000Z;0.149;1.536173076923077;0.12687692307692308;0.18618846153846158;0.23364038461538464;0.27605576923076924;0.3145596153846154;0.3268519230769231;0.3326615384615385;0.34234615384615386;0.41515576923076924;0.3370576923076923
2025-04-06T00:00:00.000Z;;;;;;;;;;;;
2025-04-07T00:00:00.000Z;0.0889423076923077;1.084;0.11063076923076924;0.1648153846153846;0.20774615384615386;0.2447846153846154;0.2878115384615385;0.3001961538461539;0.3162692307692308;0.3130346153846154;0.3794346153846154;0.3056153846153846
2025-04-09T00:00:00.000Z;0.0889423076923077;0.8811346153846153;0.10940000000000001;0.16076923076923078;0.20476153846153844;0.23949230769230773;0.28292692307692313;0.29671153846153847;0.3140576923076923;0.3104769230769231;0.36441538461538464;0.29307500000000003
2025-04-12T00:00:00.000Z;;;;;;;;;;;;
2025-04-14T00:00:00.000Z;0.138;1.6475384615384614;0.14081923076923078;0.20160769230769232;0.24953076923076925;0.2965884615384615;0.34476923076923083;0.36010576923076926;0.3651038461538461;0.3762096153846154;0.44006346153846154;0.3513538461538461
2025-04-16T00:00:00.000Z;;;;;;;;;;;;
2025-04-17T00:00:00.000Z;;;;;;;;;;;;
2025-04-19T00:00:00.000Z;0.055078431372549023;1.0482549019607843;0.11009803921568628;0.15805294117647062;0.1963294117647059;0.23022156862745097;0.276821568627451;0.2900274509803922;0.29989411764705887;0.2995607843137255;0.3320705882352941;0.2582823529411765
2025-04-22T00:00:00.000Z;;;;;;;;;;;;
2025-04-24T00:00:00.000Z;0.127;1.161576923076923;0.12789807692307695;0.19012692307692308;0.23949230769230773;0.2823538461538461;0.32801153846153847;0.3414673076923077;0.3532211538461539;0.35654615384615385;0.4218365384615385;0.3433596153846154
2025-04-26T00:00:00.000Z;;;;;;;;;;;;
2025-04-27T00:00:00.000Z;0.105;0.8354038461538462;0.1137673076923077;0.17062307692307693;0.2148846153846154;0.2558673076923077;0.30685576923076924;0.3211576923076923;0.3413230769230769;0.3354961538461539;0.3892442307692308;0.31020576923076926
2025-04-29T00:00:00.000Z;;;;;;;;;;;;
2025-05-02T00:00:00.000Z;0.4214807692307692;2.241923076923077;0.13782884615384616;0.1966923076923077;0.23686538461538462;0.2798826923076923;0.3327365384615385;0.35194807692307695;0.3657153846153846;0.3606076923076923;0.3968288461538461;0.3118576923076923
2025-05-04T00:00:00.000Z;;;;;;;;;;;;
2025-05-06T00:00:00.000Z;;;;;;;;;;;;
2025-05-07T00:00:00.000Z;;;;;;;;;;;;
2025-05-09T00:00:00.000Z;;;;;;;;;;;;
2025-05-12T00:00:00.000Z;0.09985714285714287;1.1234285714285712;0.06455714285714285;0.0898;0.10694285714285712;0.13167619047619047;0.1680904761904762;0.17714761904761905;0.18746666666666667;0.1857809523809524;0.17750476190476192;0.12810000000000002
2025-05-14T00:00:00.000Z;0.242;1.2405961538461538;0.16768076923076924;0.2111730769230769;0.2426192307692308;0.28889038461538463;0.33364615384615387;0.3486730769230769;0.3569076923076923;0.36792884615384613;0.38709423076923083;0.2750788461538461
2025-05-16T00:00:00.000Z;0.16;1.4363653846153843;0.11929423076923076;0.17686346153846158;0.2253076923076923;0.2715826923076923;0.3175807692307693;0.3359461538461539;0.3474288461538461;0.35557307692307694;0.41153461538461544;0.3180865384615385
2025-05-17T00:00:00.000Z;0.116;1.2643461538461538;0.12507500000000002;0.18308076923076924;0.22711923076923082;0.2742826923076923;0.3227788461538461;0.3394634615384615;0.3565961538461539;0.35997692307692314;0.415225;0.32449038461538465
2025-05-19T00:00:00.000Z;0.116;1.1668846153846157;0.12025576923076925;0.17729615384615385;0.2270115384615385;0.27077115384615386;0.31609615384615386;0.3331230769230769;0.3495692307692308;0.35324230769230774;0.4101692307692308;0.3267653846153846
2025-05-22T00:00:00.000Z;;;;;;;;;;;;
2025-05-24T00:00:00.000Z;0.149;0.9684038461538462;0.1286826923076923;0.19112115384615383;0.24231538461538463;0.2881519230769231;0.3323538461538461;0.34861538461538466;0.3666653846153846;0.3699230769230769;0.42746730769230773;0.3338192307692308
2025-05-26T00:00:00.000Z;0.13271153846153846;1.5405192307692308;0.13826346153846159;0.19924038461538465;0.25298846153846155;0.29778076923076924;0.3413653846153846;0.3601134615384615;0.36949230769230773;0.3798711538461539;0.4548884615384615;0.3713307692307693
2025-05-27T00:00:00.000Z;0.138;1.4089423076923075;0.12269615384615386;0.18221153846153845;0.22996538461538463;0.2754423076923077;0.3210576923076923;0.33756153846153847;0.3525846153846154;0.3564096153846154;0.422223076923077;0.3341865384615385
2025-05-29T00:00:00.000Z;0.15448076923076923;1.5003846153846156;0.12349615384615387;0.18135;0.23141538461538463;0.2734884615384615;0.31805384615384613;0.3363365384615385;0.34888846153846154;0.35469423076923084;0.4140269230769232;0.32871538461538463
2025-06-01T00:00:00.000Z;;;;;;;;;;;;
2025-06-03T00:00:00.000Z;;;;;;;;;;;;
2025-06-05T00:00:00.000Z;0.18715384615384617;1.6433076923076924;0.13720000000000002;0.19329038461538464;0.24469038461538464;0.28891538461538463;0.33459230769230774;0.35442115384615386;0.3623769230769231;0.3766846153846154;0.45803269230769234;0.37262500000000004
2025-06-06T00:00:00.000Z;0.17632692307692308;1.6576153846153843;0.12386346153846158;0.1833576923076923;0.2328269230769231;0.2767923076923077;0.3218153846153846;0.3383923076923077;0.3520692307692308;0.3597980769230769;0.4308038461538462;0.3401846153846154
2025-06-08T00:00:00.000Z;0.24740384615384617;1.6374615384615385;0.12374423076923077;0.18051923076923082;0.22849230769230772;0.27093076923076925;0.31389423076923084;0.3329538461538461;0.34118846153846155;0.35171346153846156;0.4076519230769231;0.32166538461538463
2025-06-11T00:00:00.000Z;0.4541730769230769;2.410326923076923;0.1339826923076923;0.20125384615384612;0.2552923076923077;0.29676346153846156;0.3417576923076923;0.36444230769230773;0.3702538461538461;0.3843153846153846;0.43607115384615386;0.3490153846153846
2025-06-13T00:00:00.000Z;;;;;;;;;;;;
2025-06-15T00:00:00.000Z;0.4434038461538461;2.282115384615385;0.14919807692307693;0.21847115384615387;0.2782557692307693;0.3244711538461539;0.3611519230769231;0.38208846153846154;0.3802326923076923;0.3991096153846154;0.4675153846153846;0.3715192307692308
2025-06-16T00:00:00.000Z;0.3509038461538461;2.4119423076923083;0.13655;0.20371538461538466;0.2577769230769231;0.3057596153846154;0.3493865384615385;0.3665596153846154;0.37222307692307693;0.3902192307692308;0.45883461538461545;0.3591769230769231
2025-06-18T00:00:00.000Z;0.193;2.4888076923076925;0.12856538461538464;0.1845923076923077;0.23688846153846155;0.2805423076923077;0.31672500000000003;0.3365788461538461;0.33897307692307693;0.35903076923076926;0.4286192307692308;0.3360769230769231
2025-06-21T00:00:00.000Z;0.193;2.1466346153846154;0.12981153846153842;0.1838076923076923;0.23916153846153848;0.2780442307692308;0.31422500000000003;0.3347596153846154;0.3411346153846154;0.3533346153846154;0.43512115384615385;0.3570192307692308
2025-06-23T00:00:00.000Z;0.20390384615384616;1.5094807692307692;0.14308076923076923;0.20554230769230772;0.2616192307692308;0.3041769230769231;0.33883846153846153;0.35466923076923085;0.3645692307692308;0.3757903846153846;0.45677115384615385;0.3687269230769231
2025-06-25T00:00:00.000Z;0.16540384615384615;1.8274807692307693;0.14164423076923077;0.2023423076923077;0.26006730769230774;0.3036653846153846;0.33672884615384613;0.3557096153846154;0.36041346153846154;0.3762269230769231;0.4616192307692308;0.37491923076923084
2025-06-26T00:00:00.000Z;0.127;1.1333269230769232;0.12881538461538464;0.1919692307692308;0.24963846153846153;0.290225;0.3255461538461539;0.3399461538461539;0.3600115384615385;0.3601346153846154;0.4442076923076923;0.3515288461538461
2025-06-28T00:00:00.000Z;0.231;1.5556923076923077;0.13036923076923077;0.19141153846153844;0.2520769230769231;0.29421730769230775;0.3262615384615385;0.3434192307692308;0.3544653846153846;0.3634769230769231;0.43722115384615384;0.3438192307692308
2025-07-01T00:00:00.000Z;0.242;2.0448076923076925;0.13368076923076924;0.19203076923076925;0.2524230769230769;0.29384423076923083;0.3255596153846154;0.3454692307692308;0.35202307692307694;0.36362307692307694;0.44804807692307697;0.3657596153846154
2025-07-03T00:00:00.000Z;0.13271153846153846;2.5575;0.14250384615384615;0.203075;0.26456346153846155;0.3115307692307693;0.34132115384615386;0.35871153846153847;0.3581384615384615;0.3800846153846154;0.4768461538461538;0.3823269230769231
2025-07-05T00:00:00.000Z;0.127;1.9831923076923081;0.14660576923076923;0.20899807692307693;0.2729692307692308;0.31599423076923083;0.3469038461538461;0.3642769230769231;0.3684596153846154;0.3854538461538461;0.47873076923076924;0.3867846153846154
2025-07-06T00:00:00.000Z;0.27478846153846154;2.4789038461538464;0.1256384615384616;0.18903461538461536;0.2478038461538461;0.29284423076923083;0.3253576923076923;0.3397096153846154;0.3475192307692308;0.3630076923076923;0.4466326923076923;0.3495076923076923
2025-07-08T00:00:00.000Z;0.138;3.0503653846153846;0.13308846153846157;0.1806;0.2340115384615385;0.27861538461538465;0.3074596153846154;0.3257076923076923;0.3259269230769231;0.35063076923076925;0.4356884615384615;0.34263846153846156
2025-07-11T00:00:00.000Z;0.09990384615384616;1.6898846153846157;0.12953846153846157;0.18505384615384612;0.2449269230769231;0.2845980769230769;0.3142653846153846;0.3334865384615385;0.34590000000000004;0.35329423076923083;0.44168846153846153;0.36232884615384614
2025-07-13T00:00:00.000Z;0.07790384615384616;1.6476153846153843;0.1464;0.2112;0.27464423076923083;0.31856346153846155;0.3474903846153846;0.3623596153846154;0.37181923076923085;0.3845;0.4754788461538462;0.3823615384615385
2025-07-15T00:00:00.000Z;0.10026923076923076;1.556673076923077;0.14552500000000002;0.20826538461538463;0.2729019230769231;0.3173826923076923;0.345625;0.3633230769230769;0.3709519230769231;0.3831596153846154;0.47639807692307695;0.38529807692307694
2025-07-16T00:00:00.000Z;0.231;1.9840192307692308;0.13154423076923077;0.19740384615384612;0.2587538461538461;0.3036384615384615;0.33288076923076926;0.3464346153846154;0.35529230769230774;0.3664865384615385;0.450898076923077;0.35229230769230774
2025-07-18T00:00:00.000Z;0.242;2.157153846153846;0.12984807692307693;0.19168846153846159;0.2531615384615385;0.2963365384615385;0.32251346153846155;0.3382942307692308;0.34303076923076925;0.35938846153846155;0.43985576923076924;0.34402307692307693
2025-07-21T00:00:00.000Z;0.171;1.8285384615384612;0.13309615384615386;0.19255384615384613;0.2551269230769231;0.2950076923076923;0.3228173076923077;0.3410846153846154;0.3500769230769231;0.3589076923076923;0.44799230769230775;0.3659576923076923
2025-07-23T00:00:00.000Z;;;;;;;;;;;;
2025-07-25T00:00:00.000Z;;;;;;;;;;;;
2025-07-26T00:00:00.000Z;0.182;1.7820192307692309;0.1244673076923077;0.18782692307692309;0.2452846153846154;0.2915576923076923;0.32220192307692314;0.3363576923076923;0.34850000000000003;0.35668076923076925;0.43878461538461544;0.3425038461538461
2025-07-28T00:00:00.000Z;0.21478846153846154;1.9794423076923082;0.12352500000000001;0.18227307692307693;0.24128846153846153;0.2858019230769231;0.3157173076923077;0.3327192307692308;0.33925;0.35319230769230775;0.4322269230769232;0.3407807692307693
2025-07-31T00:00:00.000Z;0.209;2.112923076923077;0.12707307692307693;0.1841923076923077;0.2437230769230769;0.28492692307692313;0.3171057692307693;0.3356211538461539;0.3429346153846154;0.3535423076923077;0.4392134615384615;0.3579826923076923
2025-08-02T00:00:00.000Z;0.22563461538461538;1.8224038461538465;0.13214807692307692;0.19750961538461537;0.2574461538461539;0.3031788461538461;0.3315019230769231;0.34833846153846154;0.35428076923076923;0.3679480769230769;0.4480711538461538;0.351325
2025-08-04T00:00:00.000Z;0.27478846153846154;2.416115384615385;0.13940961538461538;0.20265;0.26384807692307694;0.30961346153846153;0.34063846153846156;0.3563480769230769;0.3560288461538461;0.3775307692307693;0.46358461538461543;0.37070000000000003
2025-08-05T00:00:00.000Z;0.302;1.9841153846153843;0.12509423076923076;0.18705000000000002;0.2421423076923077;0.28375;0.3162288461538461;0.33075576923076927;0.3386076923076923;0.34916538461538466;0.42856923076923076;0.33454230769230775
2025-08-07T00:00:00.000Z;0.2529423076923077;1.2204807692307693;0.12429615384615386;0.18375769230769232;0.2415115384615385;0.2816038461538461;0.3100730769230769;0.32672500000000004;0.3407269230769231;0.34463846153846156;0.41760961538461544;0.3266826923076923
2025-08-10T00:00:00.000Z;0.19809615384615384;2.014365384615384;0.12798076923076923;0.18437307692307695;0.2425576923076923;0.2814442307692308;0.3101038461538461;0.32974038461538463;0.33833076923076927;0.34564423076923084;0.43530961538461543;0.35525384615384614
2025-08-12T00:00:00.000Z;0.2529423076923077;2.381423076923077;0.13967115384615386;0.20409615384615384;0.26484807692307694;0.3080326923076923;0.33519038461538464;0.3502519230769231;0.3504923076923077;0.3711423076923077;0.4621942307692308;0.3683326923076923
2025-08-14T00:00:00.000Z;0.15448076923076923;1.8461538461538465;0.13580384615384614;0.19439615384615383;0.2538980769230769;0.2950923076923077;0.32346153846153847;0.34071346153846155;0.3443865384615385;0.3604615384615385;0.45375576923076927;0.3661692307692308
2025-08-15T00:00:00.000Z;0.26915384615384613;1.6248076923076924;0.12617307692307694;0.1923;0.2531653846153846;0.2930653846153846;0.32394230769230775;0.337175;0.3508;0.35603076923076926;0.4446;0.3458942307692308
2025-08-17T00:00:00.000Z;0.30740384615384614;1.6309807692307694;0.1182;0.17168846153846157;0.22701538461538462;0.2663134615384615;0.29433846153846155;0.3121192307692308;0.32200384615384614;0.3336115384615385;0.4136442307692308;0.32369615384615386
2025-08-20T00:00:00.000Z;0.34548076923076926;1.764673076923077;0.1193923076923077;0.16735769230769232;0.22573846153846153;0.2648519230769231;0.2940442307692308;0.31506730769230773;0.3251115384615385;0.33379615384615385;0.4322288461538462;0.3503365384615385
2025-08-22T00:00:00.000Z;;;;;;;;;;;;
2025-08-24T00:00:00.000Z;0.28555769230769235;2.0031538461538463;0.13366153846153844;0.1962673076923077;0.25699423076923084;0.2989192307692308;0.3255346153846154;0.341275;0.3439288461538461;0.36081730769230774;0.4460038461538462;0.3573326923076923
2025-08-25T00:00:00.000Z;;;;;;;;;;;;
2025-08-27T00:00:00.000Z;0.3780384615384616;2.531826923076923;0.11902692307692307;0.17637307692307694;0.2274076923076923;0.2676307692307692;0.29097692307692313;0.3068076923076923;0.3071076923076923;0.3276096153846154;0.3873673076923077;0.299425
2025-08-30T00:00:00.000Z;0.16540384615384615;1.9299230769230769;0.12415961538461538;0.18133461538461537;0.24148076923076925;0.27966538461538465;0.3051846153846154;0.32146923076923084;0.3309730769230769;0.3383423076923077;0.42768076923076925;0.3488788461538461
2025-09-01T00:00:00.000Z;0.182;0.8552307692307693;0.13704615384615387;0.20409807692307694;0.2672288461538461;0.30476346153846157;0.33174615384615386;0.3450961538461539;0.36444615384615386;0.3646096153846154;0.451925;0.3593096153846154
2025-09-03T00:00:00.000Z;0.17632692307692308;1.2591346153846157;0.13743461538461538;0.20158653846153843;0.26632115384615385;0.3051576923076923;0.33001346153846156;0.34555;0.3559192307692308;0.3633807692307693;0.4511288461538462;0.3634192307692308
2025-09-04T00:00:00.000Z;0.193;1.4028653846153842;0.12702692307692307;0.19211538461538466;0.25141923076923084;0.2922538461538461;0.32015576923076927;0.33377692307692314;0.3492730769230769;0.35296346153846153;0.43693076923076923;0.3396769230769231
2025-09-06T00:00:00.000Z;;;;;;;;;;;;
2025-09-09T00:00:00.000Z;0.22;2.429461538461539;0.12896153846153843;0.1878423076923077;0.2488269230769231;0.2928076923076923;0.32204615384615387;0.3416519230769231;0.34368846153846155;0.35955192307692313;0.4361769230769232;0.3424884615384615
2025-09-11T00:00:00.000Z;0.15448076923076923;2.165153846153846;0.13101153846153843;0.19601346153846158;0.25659038461538464;0.2998769230769231;0.32227500000000003;0.33481346153846153;0.33669230769230774;0.3536826923076923;0.45083076923076926;0.3557211538461539
2025-09-13T00:00:00.000Z;;;;;;;;;;;;
2025-09-14T00:00:00.000Z;0.15448076923076923;1.7679038461538463;0.11858653846153844;0.1804;0.2369538461538461;0.2766865384615385;0.30345384615384613;0.3155096153846154;0.3258653846153846;0.33334615384615385;0.42240192307692315;0.3298538461538461
2025-09-16T00:00:00.000Z;0.16540384615384615;1.9183653846153843;0.11756346153846157;0.17629615384615385;0.23320000000000002;0.2728076923076923;0.29570576923076924;0.3100192307692308;0.31791923076923084;0.32828846153846153;0.40654230769230776;0.315525
2025-09-19T00:00:00.000Z;0.171;2.1593653846153846;0.11985000000000001;0.17519615384615386;0.2312576923076923;0.269725;0.2934903846153846;0.3102576923076923;0.31705;0.3265269230769231;0.4098211538461538;0.33114615384615387
2025-09-21T00:00:00.000Z;0.22584615384615384;2.341615384615385;0.14212820512820512;0.20163589743589744;0.2515025641025641;0.2938769230769231;0.3181025641025641;0.333574358974359;0.3293076923076923;0.35322051282051287;0.41233333333333333;0.32303333333333334
2025-09-23T00:00:00.000Z;0.067;1.40032;0.146028;0.20928000000000002;0.268948;0.305644;0.32924800000000004;0.34438;0.35618400000000006;0.362144;0.42792399999999997;0.33894
2025-09-24T00:00:00.000Z;;;;;;;;;;;;
2025-09-26T00:00:00.000Z;0.18715384615384617;1.4520384615384614;0.11710961538461538;0.17746153846153845;0.23524615384615385;0.2739423076923077;0.2980923076923077;0.31090576923076924;0.3223384615384615;0.32814038461538464;0.39879038461538463;0.30836538461538465
2025-09-29T00:00:00.000Z;;;;;;;;;;;;
