TIMESTAMP_UTC;AOT;TCWV;B02;B03;B04;B05;B06;B07;B08;B8A;B11;B12
2015-10-04T00:00:00.000Z;;;;;;;;;;;;
2015-11-13T00:00:00.000Z;0.11082352941176472;1.0382647058823529;0.049558823529411766;0.07230588235294118;0.07645882352941177;0.10932058823529413;0.1670558823529412;0.18300882352941175;0.1948058823529412;0.19949411764705885;0.20718235294117648;0.14433235294117647
2015-11-16T00:00:00.000Z;0.07788235294117647;0.7753529411764706;0.036002941176470585;0.05798235294117648;0.06248823529411765;0.09137058823529412;0.1471794117647059;0.16296176470588236;0.17909411764705885;0.17995882352941175;0.18048235294117648;0.12187941176470589
2015-11-26T00:00:00.000Z;0.06676470588235295;0.6919117647058823;0.03466176470588236;0.05809705882352942;0.06300588235294118;0.0913;0.1478764705882353;0.16367058823529412;0.17958235294117647;0.17881470588235296;0.17821470588235297;0.11886764705882354
2015-12-03T00:00:00.000Z;0.08888235294117647;1.1375;0.038385294117647066;0.06346764705882353;0.06947058823529413;0.10021764705882354;0.1591470588235294;0.17258235294117646;0.18313529411764706;0.1880058823529412;0.19396470588235293;0.1350735294117647
2015-12-06T00:00:00.000Z;;;;;;;;;;;;
2015-12-16T00:00:00.000Z;;;;;;;;;;;;
2015-12-23T00:00:00.000Z;;;;;;;;;;;;
2015-12-26T00:00:00.000Z;;;;;;;;;;;;
2016-01-02T00:00:00.000Z;;;;;;;;;;;;
2016-01-05T00:00:00.000Z;;;;;;;;;;;;
2016-01-12T00:00:00.000Z;0.07200000000000001;0.9889117647058825;0.0408264705882353;0.06396764705882353;0.07206470588235295;0.10178823529411764;0.15387941176470588;0.1680029411764706;0.18075882352941178;0.1858058823529412;0.19573823529411769;0.13803235294117647
2016-01-22T00:00:00.000Z;;;;;;;;;;;;
2016-01-25T00:00:00.000Z;0.07788235294117647;0.9493235294117648;0.10461470588235296;0.12511470588235296;0.13518235294117648;0.1695235294117647;0.21553529411764707;0.23121764705882353;0.2389235294117647;0.2517823529411765;0.2690470588235294;0.2152735294117647
2016-02-01T00:00:00.000Z;0.07788235294117647;0.769;0.04365294117647059;0.06670000000000001;0.0770264705882353;0.10613529411764705;0.15340588235294117;0.16844411764705883;0.1830764705882353;0.18703529411764705;0.20668529411764708;0.14610588235294117
2016-02-04T00:00:00.000Z;0.07788235294117647;0.5725588235294117;0.038461764705882355;0.061220588235294124;0.0697735294117647;0.09563529411764707;0.14293823529411767;0.15721764705882355;0.17468235294117648;0.17323235294117648;0.18469117647058825;0.1260235294117647
2016-02-11T00:00:00.000Z;0.055666666666666656;0.9943333333333334;0.04924666666666666;0.05308666666666667;0.05689333333333333;0.06652666666666666;0.08069333333333333;0.08792000000000001;0.08353333333333333;0.09684;0.10444666666666667;0.09595333333333332
2016-02-14T00:00:00.000Z;;;;;;;;;;;;
2016-02-21T00:00:00.000Z;;;;;;;;;;;;
2016-03-02T00:00:00.000Z;;;;;;;;;;;;
2016-03-05T00:00:00.000Z;0.083;0.41608823529411765;0.044667647058823534;0.06932352941176471;0.08142352941176471;0.10862352941176472;0.15161764705882355;0.16626470588235295;0.18434117647058826;0.1827264705882353;0.2069529411764706;0.14496470588235297
2016-03-12T00:00:00.000Z;0.105;0.4209705882352941;0.054950000000000006;0.08179117647058824;0.0962970588235294;0.12493235294117647;0.17023235294117647;0.18391764705882357;0.20185;0.20265882352941178;0.23925000000000002;0.17550000000000002
2016-03-15T00:00:00.000Z;;;;;;;;;;;;
2016-03-22T00:00:00.000Z;;;;;;;;;;;;
2016-03-25T00:00:00.000Z;0.083;0.6083529411764707;0.05638235294117648;0.08252352941176472;0.09346470588235295;0.12156176470588234;0.16458529411764705;0.17727058823529412;0.19362352941176472;0.19506764705882357;0.22006176470588235;0.15578235294117648
2016-04-01T00:00:00.000Z;0.116;0.5682941176470588;0.059582352941176475;0.08947352941176472;0.10325882352941176;0.13563529411764705;0.18569117647058825;0.20010588235294122;0.21627941176470591;0.21804117647058827;0.25519117647058825;0.1869823529411765
2016-04-04T00:00:00.000Z;;;;;;;;;;;;
2016-04-11T00:00:00.000Z;;;;;;;;;;;;
2016-04-14T00:00:00.000Z;0.083;0.7652352941176471;0.053335294117647064;0.08172058823529413;0.09208823529411764;0.12189411764705883;0.17279411764705885;0.18639117647058825;0.2028058823529412;0.2047764705882353;0.2302029411764706;0.16372058823529412
2016-04-21T00:00:00.000Z;0.116;0.8715588235294117;0.06487058823529412;0.0963529411764706;0.10941764705882354;0.14402941176470588;0.2012264705882353;0.21875;0.2329823529411765;0.23761470588235295;0.2766205882352941;0.20372647058823531
2016-04-24T00:00:00.000Z;0.094;0.5813823529411765;0.053564705882352945;0.08226176470588235;0.09292941176470589;0.12456470588235295;0.17826176470588234;0.19515882352941177;0.2126294117647059;0.21197647058823532;0.2367205882352941;0.1662735294117647
2016-05-01T00:00:00.000Z;0.105;0.4754705882352941;0.06382058823529413;0.09616470588235294;0.10811470588235296;0.1421794117647059;0.19835882352941175;0.21617352941176468;0.23399117647058826;0.23547647058823531;0.26883823529411766;0.1985764705882353
2016-05-04T00:00:00.000Z;0.08888235294117647;0.5229117647058823;0.06024705882352942;0.08897941176470588;0.0987029411764706;0.13301764705882355;0.1899823529411765;0.20881470588235293;0.22825882352941176;0.22752647058823533;0.24656764705882353;0.17597352941176472
2016-05-11T00:00:00.000Z;0.105;1.0735882352941175;0.08295294117647059;0.11615294117647061;0.12172058823529412;0.16476470588235295;0.23928823529411766;0.2599735294117647;0.2745323529411765;0.2829735294117647;0.30074117647058823;0.21022647058823532
2016-05-14T00:00:00.000Z;;;;;;;;;;;;
2016-05-21T00:00:00.000Z;0.138;1.2648823529411766;0.06846176470588236;0.10073529411764706;0.11131764705882354;0.14925588235294118;0.20984411764705885;0.22875882352941176;0.23767941176470592;0.24764117647058825;0.28101176470588235;0.20763823529411768
2016-05-24T00:00:00.000Z;0.3128235294117647;1.3724411764705884;0.05928529411764706;0.09494117647058825;0.10522058823529412;0.14293529411764705;0.2035617647058824;0.2206323529411765;0.23279411764705885;0.23802647058823534;0.25441470588235293;0.1798264705882353
2016-06-10T00:00:00.000Z;;;;;;;;;;;;
2016-06-13T00:00:00.000Z;0.094;1.8987352941176472;0.06284117647058823;0.0945470588235294;0.10835294117647061;0.14469411764705883;0.19212352941176472;0.20655;0.2152;0.22808235294117649;0.2651852941176471;0.1879323529411765
2016-06-20T00:00:00.000Z;0.05561764705882353;1.2891176470588235;0.07888529411764707;0.11425588235294118;0.13230882352941176;0.17126176470588236;0.21619117647058825;0.23357941176470592;0.24591470588235295;0.25736764705882353;0.30744411764705887;0.22735000000000002
2016-06-23T00:00:00.000Z;0.138;1.061764705882353;0.06342941176470589;0.09685882352941176;0.11289705882352939;0.1494794117647059;0.19521764705882358;0.2093352941176471;0.22461176470588234;0.23184705882352943;0.2684;0.1897470588235294
2016-06-30T00:00:00.000Z;0.37261764705882355;2.401882352941177;0.07827058823529412;0.11589411764705883;0.13590588235294118;0.17731764705882355;0.21970588235294122;0.23734705882352944;0.24072941176470591;0.2601823529411765;0.3130823529411765;0.22736176470588235
2016-07-03T00:00:00.000Z;0.242;1.9846176470588237;0.06644117647058824;0.10170588235294116;0.12000882352941177;0.15858823529411767;0.19761764705882356;0.21471470588235295;0.22046470588235295;0.2354235294117647;0.2731705882352941;0.1914823529411765
2016-07-10T00:00:00.000Z;0.149;1.7398823529411767;0.0773264705882353;0.1138470588235294;0.13513235294117648;0.17594117647058824;0.21753529411764708;0.2345529411764706;0.24292647058823533;0.2577235294117647;0.3130147058823529;0.22650882352941176
2016-07-13T00:00:00.000Z;0.158;2.376;0.08933333333333335;0.12233333333333334;0.1364;0.18330000000000002;0.2245;0.24550000000000002;0.252;0.2692;0.2998;0.19160000000000002
2016-07-20T00:00:00.000Z;;;;;;;;;;;;
2016-07-23T00:00:00.000Z;0.231;2.220794117647059;0.06409705882352942;0.0979470588235294;0.1158;0.15781764705882353;0.19453823529411768;0.21067941176470592;0.21701176470588235;0.23242647058823532;0.2721205882352941;0.18707941176470588
2016-07-30T00:00:00.000Z;0.2965;1.8520882352941177;0.07136764705882352;0.11253529411764705;0.13535;0.1776970588235294;0.2166529411764706;0.23308529411764708;0.23996764705882354;0.25575000000000003;0.30449705882352945;0.21754705882352943
2016-08-02T00:00:00.000Z;0.08888235294117647;1.2871764705882354;0.06669705882352941;0.09878529411764707;0.1175264705882353;0.15525294117647062;0.19148529411764706;0.20619411764705883;0.2202;0.22770588235294123;0.2661470588235294;0.1823558823529412
2016-08-09T00:00:00.000Z;0.0555;1.2849411764705883;0.07714117647058824;0.11301764705882354;0.13405882352941176;0.17445588235294118;0.21258823529411766;0.22790882352941177;0.23850294117647058;0.2502235294117647;0.29947941176470594;0.21367647058823533
2016-08-12T00:00:00.000Z;0.11082352941176472;1.752970588235294;0.07157941176470588;0.10518529411764706;0.12166470588235295;0.16548823529411766;0.2038;0.2204529411764706;0.22982941176470592;0.24419411764705884;0.28029705882352945;0.19067941176470588
2016-08-19T00:00:00.000Z;0.083;1.7777058823529412;0.07070588235294117;0.10715000000000001;0.12588235294117647;0.16756176470588235;0.20339411764705884;0.2191352941176471;0.22655882352941176;0.2405794117647059;0.2883117647058824;0.20719705882352943
2016-08-22T00:00:00.000Z;0.094;2.1714411764705885;0.06154705882352942;0.09487647058823528;0.11080588235294117;0.1504970588235294;0.1858205882352941;0.19931176470588238;0.20624705882352942;0.22122647058823533;0.2543029411764706;0.17375882352941177
2016-08-29T00:00:00.000Z;0.1655;1.4453235294117646;0.06550294117647058;0.10271764705882354;0.12423529411764705;0.16543823529411766;0.20365294117647056;0.21801470588235294;0.22683823529411767;0.23858823529411766;0.2841441176470588;0.20049411764705885
2016-09-01T00:00:00.000Z;0.1;2.2233125;0.061643750000000004;0.09435625;0.105425;0.15206250000000002;0.192475;0.2086125;0.21508750000000001;0.22999375000000002;0.24791875000000002;0.1625
2016-09-08T00:00:00.000Z;0.06858823529411766;1.3947941176470589;0.06625;0.10374411764705883;0.12268529411764706;0.16396176470588236;0.2003970588235294;0.2141294117647059;0.22460882352941178;0.23499705882352942;0.27548823529411764;0.1952323529411765
2016-09-11T00:00:00.000Z;0.149;2.0952647058823533;0.060317647058823524;0.09221470588235295;0.10923529411764706;0.14975882352941178;0.18426176470588237;0.1969205882352941;0.20367058823529408;0.21701764705882354;0.2460852941176471;0.16563529411764705
2016-09-18T00:00:00.000Z;0.09988235294117646;1.3622941176470589;0.06253823529411764;0.09941176470588237;0.11871176470588235;0.15836470588235296;0.1943882352941177;0.20810588235294122;0.21806176470588234;0.2293029411764706;0.2666705882352941;0.18997058823529409
2016-09-21T00:00:00.000Z;0.11082352941176472;1.4001470588235296;0.05753823529411765;0.08948529411764707;0.10530588235294118;0.14373823529411767;0.1766235294117647;0.18944117647058825;0.2008470588235294;0.2091235294117647;0.23754117647058826;0.16103823529411768
2016-09-28T00:00:00.000Z;;;;;;;;;;;;
2016-10-01T00:00:00.000Z;0.12176470588235294;1.3547352941176471;0.052855882352941176;0.08515588235294118;0.10101176470588237;0.13946176470588234;0.1737264705882353;0.18696176470588238;0.1980882352941177;0.20651176470588234;0.23150882352941177;0.15513529411764707
2016-10-08T00:00:00.000Z;;;;;;;;;;;;
2016-10-11T00:00:00.000Z;0.11082352941176472;0.7645294117647059;0.04983235294117647;0.08313529411764707;0.09928529411764707;0.13524411764705885;0.16896176470588234;0.18065294117647057;0.19970000000000002;0.20136470588235295;0.2250235294117647;0.15063235294117647
2016-10-18T00:00:00.000Z;;;;;;;;;;;;
2016-10-21T00:00:00.000Z;;;;;;;;;;;;
2016-10-28T00:00:00.000Z;;;;;;;;;;;;
2016-10-31T00:00:00.000Z;0.09988235294117646;0.9925588235294116;0.045202941176470585;0.06895882352941177;0.07515294117647059;0.10745294117647061;0.15071176470588235;0.16376176470588236;0.17668823529411767;0.17892058823529414;0.19308529411764705;0.13107058823529413
2016-11-07T00:00:00.000Z;0.07788235294117647;0.6515882352941177;0.051864705882352945;0.07823823529411765;0.08632941176470588;0.12005588235294118;0.17173529411764707;0.18718529411764706;0.20192058823529407;0.20626764705882353;0.2201352941176471;0.1531764705882353
2016-11-10T00:00:00.000Z;0.07788235294117647;0.6831176470588235;0.03927058823529413;0.06450882352941177;0.07077352941176471;0.1011970588235294;0.1488764705882353;0.16218235294117647;0.1773470588235294;0.1774058823529412;0.1875382352941177;0.1266764705882353
2016-11-17T00:00:00.000Z;0.07200000000000001;0.8921176470588236;0.043079411764705894;0.07047058823529412;0.07903235294117648;0.1092;0.15756764705882353;0.17092352941176472;0.1833058823529412;0.18824117647058825;0.20498823529411767;0.14549411764705883
2016-11-20T00:00:00.000Z;;;;;;;;;;;;
2016-11-27T00:00:00.000Z;;;;;;;;;;;;
2016-11-30T00:00:00.000Z;;;;;;;;;;;;
2016-12-07T00:00:00.000Z;0.08888235294117647;0.9843235294117648;0.03399411764705883;0.057820588235294124;0.06232058823529413;0.09117352941176472;0.14003235294117647;0.15369117647058825;0.16367058823529412;0.1687470588235294;0.17286176470588235;0.1177764705882353
2016-12-10T00:00:00.000Z;;;;;;;;;;;;
2016-12-17T00:00:00.000Z;;;;;;;;;;;;
2016-12-20T00:00:00.000Z;0.07200000000000001;0.8538823529411765;0.026817647058823533;0.04776764705882353;0.051552941176470586;0.07928823529411765;0.12704117647058824;0.14054705882352939;0.15375882352941175;0.1543970588235294;0.1504970588235294;0.09717058823529412
2016-12-27T00:00:00.000Z;;;;;;;;;;;;
2016-12-30T00:00:00.000Z;0.07200000000000001;0.3025;0.029;0.03775;0.032600000000000004;0.0524;0.08465;0.09230000000000001;0.1023;0.09915;0.08815;0.05885
2017-01-16T00:00:00.000Z;0.06676470588235295;0.8471764705882353;0.03639411764705882;0.0587764705882353;0.06519705882352941;0.09601470588235295;0.1482264705882353;0.16067058823529412;0.1716264705882353;0.17701764705882356;0.18770294117647057;0.13215588235294118
2017-01-19T00:00:00.000Z;;;;;;;;;;;;
2017-01-26T00:00:00.000Z;;;;;;;;;;;;
2017-01-29T00:00:00.000Z;;;;;;;;;;;;
2017-02-05T00:00:00.000Z;;;;;;;;;;;;
2017-02-08T00:00:00.000Z;0.061;0.47652941176470587;0.04130588235294118;0.06255882352941178;0.06873235294117648;0.09593823529411764;0.14498529411764705;0.15820882352941176;0.17491176470588235;0.17352941176470588;0.1812294117647059;0.12812941176470588
2017-02-15T00:00:00.000Z;0.08888235294117647;0.6646764705882353;0.05431176470588236;0.07234117647058824;0.07803823529411764;0.10401764705882355;0.14931176470588234;0.16181470588235297;0.17364117647058824;0.17590294117647062;0.1837264705882353;0.1290970588235294
2017-02-18T00:00:00.000Z;;;;;;;;;;;;
2017-02-25T00:00:00.000Z;0.105;0.7456764705882353;0.045576470588235295;0.07018235294117647;0.07848529411764707;0.10780294117647062;0.15925;0.1743794117647059;0.18796470588235295;0.19249117647058825;0.20909411764705885;0.1496264705882353
2017-02-28T00:00:00.000Z;0.07788235294117647;0.8446764705882353;0.041067647058823535;0.0639;0.07036470588235294;0.09750882352941176;0.14857941176470588;0.16315882352941177;0.17685294117647063;0.1784970588235294;0.1909617647058824;0.13084117647058824
2017-03-07T00:00:00.000Z;;;;;;;;;;;;
2017-03-10T00:00:00.000Z;0.06676470588235295;0.547235294117647;0.041673529411764706;0.06505294117647059;0.07238823529411766;0.09923529411764706;0.15077058823529413;0.16635294117647062;0.1828705882352941;0.1828382352941177;0.19674117647058825;0.13763529411764705
2017-03-17T00:00:00.000Z;;;;;;;;;;;;
2017-03-19T00:00:00.000Z;;;;;;;;;;;;
2017-03-20T00:00:00.000Z;0.11082352941176472;1.2542352941176471;0.04822941176470589;0.07341176470588236;0.07954117647058824;0.11189411764705884;0.16965882352941178;0.1873058823529412;0.19960588235294122;0.20605588235294123;0.2165794117647059;0.14893235294117646
2017-03-25T00:00:00.000Z;0.083;0.7058529411764706;0.05089411764705882;0.07310294117647059;0.07782352941176471;0.10760294117647061;0.16231176470588235;0.1788470588235294;0.1954705882352941;0.1946970588235294;0.20789117647058825;0.1489264705882353
2017-03-27T00:00:00.000Z;;;;;;;;;;;;
2017-03-30T00:00:00.000Z;0.05;0.5839411764705883;0.054908823529411774;0.07930294117647059;0.08546470588235294;0.11615588235294118;0.17046176470588234;0.1869323529411765;0.2027823529411765;0.2043470588235294;0.21094705882352943;0.14770882352941175
2017-04-01T00:00:00.000Z;0.105;0.547;0.05798235294117648;0.08447058823529413;0.09268235294117648;0.12395294117647061;0.18392058823529409;0.20175294117647058;0.2205794117647059;0.21995588235294122;0.24397647058823532;0.17885882352941176
2017-04-06T00:00:00.000Z;;;;;;;;;;;;
2017-04-09T00:00:00.000Z;0.06676470588235295;0.8604705882352942;0.05855588235294117;0.08583823529411765;0.09381176470588237;0.13032058823529413;0.1923970588235294;0.21107058823529412;0.22913529411764708;0.23301470588235293;0.2450235294117647;0.17156176470588236
2017-04-11T00:00:00.000Z;0.1326764705882353;0.8650882352941177;0.06274705882352942;0.08884117647058824;0.09884705882352941;0.13169117647058826;0.19204117647058824;0.2109823529411765;0.22595;0.2296235294117647;0.2572029411764706;0.18828529411764705
2017-04-14T00:00:00.000Z;;;;;;;;;;;;
2017-04-16T00:00:00.000Z;;;;;;;;;;;;
2017-04-19T00:00:00.000Z;;;;;;;;;;;;
2017-04-21T00:00:00.000Z;0.08888235294117647;0.4779411764705882;0.0685235294117647;0.09550588235294116;0.10526764705882354;0.13767058823529413;0.19785882352941175;0.21588823529411766;0.23729117647058826;0.23726764705882353;0.26369117647058826;0.1946264705882353
2017-04-24T00:00:00.000Z;0.25876470588235295;1.4690882352941177;0.05403823529411765;0.08385882352941178;0.09364117647058824;0.12841470588235296;0.1872794117647059;0.20611764705882352;0.21653529411764708;0.2236852941176471;0.24363823529411768;0.17481470588235296
2017-04-26T00:00:00.000Z;;;;;;;;;;;;
2017-04-29T00:00:00.000Z;;;;;;;;;;;;
2017-05-01T00:00:00.000Z;0.12176470588235294;0.9039705882352941;0.06363529411764707;0.09169117647058825;0.09982647058823528;0.13467941176470588;0.19234117647058827;0.20894411764705884;0.22405588235294122;0.2272470588235294;0.2608264705882353;0.19192941176470588
2017-05-04T00:00:00.000Z;0.171;1.1517058823529411;0.06309411764705883;0.09067058823529413;0.09865882352941176;0.13167058823529412;0.18822058823529408;0.20644705882352943;0.21850588235294122;0.22215882352941177;0.2433323529411765;0.1793735294117647
2017-05-06T00:00:00.000Z;0.116;0.7635882352941177;0.06391176470588236;0.09594117647058825;0.10675588235294117;0.1428794117647059;0.20058529411764706;0.21836176470588237;0.23293823529411767;0.23537647058823533;0.26980588235294123;0.1980764705882353
2017-05-09T00:00:00.000Z;0.105;1.3207352941176471;0.05485588235294117;0.08468235294117647;0.09371470588235295;0.12894117647058825;0.18518529411764706;0.20029117647058825;0.21235882352941177;0.22050882352941176;0.24305882352941177;0.17345000000000002
2017-05-11T00:00:00.000Z;;;;;;;;;;;;
2017-05-14T00:00:00.000Z;0.08888235294117647;1.3225;0.06382058823529413;0.09269411764705884;0.10265;0.13722058823529412;0.19548529411764706;0.21365;0.22794705882352942;0.2324823529411765;0.2610294117647059;0.1905058823529412
2017-05-16T00:00:00.000Z;;;;;;;;;;;;
2017-05-19T00:00:00.000Z;0.105;1.1055925925925927;0.05998148148148148;0.0884037037037037;0.09984444444444444;0.1344074074074074;0.18785185185185185;0.2039851851851852;0.21674814814814813;0.22359259259259262;0.24744444444444444;0.17555185185185185
2017-05-21T00:00:00.000Z;;;;;;;;;;;;
2017-05-24T00:00:00.000Z;0.11082352941176472;1.1863529411764706;0.06307058823529413;0.09062941176470589;0.10204411764705884;0.13558529411764705;0.18786764705882356;0.20438529411764705;0.21858823529411767;0.22272058823529411;0.2545352941176471;0.18706470588235294
2017-05-26T00:00:00.000Z;0.3075;1.4262058823529413;0.06564117647058823;0.10533235294117647;0.12200882352941177;0.16204411764705884;0.2173235294117647;0.23430588235294122;0.24474411764705883;0.2568764705882353;0.2951529411764706;0.21731470588235294
2017-05-29T00:00:00.000Z;0.094;1.4661470588235295;0.06829705882352942;0.09701470588235295;0.1088970588235294;0.1428029411764706;0.19142352941176471;0.2066;0.2179352941176471;0.2268205882352941;0.2564882352941177;0.18194117647058825
2017-06-03T00:00:00.000Z;;;;;;;;;;;;
2017-06-05T00:00:00.000Z;0.0555;0.929470588235294;0.07318529411764707;0.1069970588235294;0.12273823529411766;0.15971764705882355;0.20900000000000002;0.22611176470588235;0.24019411764705884;0.24731470588235294;0.2930735294117647;0.2152029411764706
2017-06-08T00:00:00.000Z;0.094;1.3638235294117647;0.06430000000000001;0.09473823529411764;0.10800882352941177;0.1430470588235294;0.18922058823529408;0.2034970588235294;0.2154;0.2237735294117647;0.2593558823529412;0.18475
2017-06-10T00:00:00.000Z;0.231;1.9648235294117649;0.08089705882352942;0.11238529411764706;0.1277735294117647;0.16586176470588235;0.21386176470588236;0.23375588235294123;0.24044117647058824;0.2549352941176471;0.30161764705882355;0.2247705882352941
2017-06-13T00:00:00.000Z;0.09988235294117646;1.8046176470588238;0.06954117647058823;0.0983970588235294;0.1115764705882353;0.1456029411764706;0.1889823529411765;0.2063;0.21460588235294123;0.22378823529411768;0.2683735294117647;0.1977382352941177
2017-06-15T00:00:00.000Z;0.18726470588235294;1.604970588235294;0.07820882352941178;0.11432941176470589;0.13223529411764706;0.17048235294117647;0.21462058823529412;0.23089117647058827;0.24032058823529412;0.25361470588235296;0.3050205882352941;0.2273029411764706
2017-06-18T00:00:00.000Z;0.1326764705882353;1.937970588235294;0.07056470588235295;0.10058529411764706;0.1150764705882353;0.1502970588235294;0.19151176470588238;0.2084529411764706;0.21488823529411766;0.22907941176470592;0.2676735294117647;0.19031176470588237
2017-06-20T00:00:00.000Z;0.21476470588235294;2.119470588235294;0.08155294117647059;0.1160764705882353;0.13296176470588233;0.1714;0.21718823529411768;0.23655;0.24475588235294124;0.25819705882352945;0.31511176470588237;0.23506470588235293
2017-06-23T00:00:00.000Z;0.182;1.8670882352941176;0.06962941176470588;0.0983;0.11351176470588235;0.14814117647058825;0.1901058823529412;0.20700588235294123;0.21798823529411768;0.22698823529411766;0.27479117647058826;0.1984882352941177
2017-06-25T00:00:00.000Z;;;;;;;;;;;;
2017-06-28T00:00:00.000Z;0.08888235294117647;1.3333235294117647;0.0667735294117647;0.09928823529411764;0.11494117647058825;0.15178235294117648;0.1932970588235294;0.20692647058823532;0.2201529411764706;0.22899117647058825;0.2700941176470588;0.18995
2017-06-30T00:00:00.000Z;0.0555;0.8298529411764706;0.08404117647058823;0.11704117647058825;0.13688235294117648;0.17254117647058825;0.21602647058823532;0.2337205882352941;0.2529323529411765;0.2544852941176471;0.3100529411764706;0.2324823529411765
2017-07-03T00:00:00.000Z;0.08888235294117647;1.158264705882353;0.06714705882352942;0.09771764705882353;0.11443529411764705;0.15079117647058826;0.1912735294117647;0.20775294117647058;0.2232352941176471;0.22911176470588235;0.2702235294117647;0.19743529411764707
2017-07-05T00:00:00.000Z;0.182;1.4843529411764704;0.08036176470588235;0.11753529411764706;0.13734117647058824;0.17799411764705883;0.2181352941176471;0.23545000000000002;0.2451705882352941;0.25761470588235297;0.3063911764705883;0.22382941176470592
2017-07-10T00:00:00.000Z;0.116;1.6004411764705884;0.08182058823529413;0.11558823529411766;0.13331470588235295;0.17329117647058825;0.2140852941176471;0.23089411764705883;0.24352647058823532;0.25330882352941175;0.3116705882352941;0.23183823529411768
2017-07-13T00:00:00.000Z;0.2638235294117647;1.8377058823529409;0.06919705882352942;0.10205588235294116;0.12038529411764705;0.15643235294117647;0.19715000000000002;0.21347647058823532;0.2233235294117647;0.23441470588235294;0.27672647058823535;0.19896176470588237
2017-07-15T00:00:00.000Z;0.19817647058823532;1.696735294117647;0.0778764705882353;0.11663529411764706;0.13740294117647062;0.1784235294117647;0.2180029411764706;0.23442647058823532;0.24235882352941177;0.2585382352941177;0.3054294117647059;0.2208705882352941
2017-07-18T00:00:00.000Z;0.30739285714285725;1.3856071428571428;0.07353571428571429;0.12007857142857142;0.14582857142857142;0.1793178571428571;0.21871428571428575;0.23622142857142858;0.24553571428571427;0.2596;0.2998571428571429;0.2084214285714286
2017-07-20T00:00:00.000Z;0.08888235294117647;1.7227058823529413;0.08109705882352942;0.11570294117647062;0.13545588235294118;0.17464411764705884;0.21394411764705884;0.23289411764705883;0.24351764705882353;0.2557823529411765;0.3119529411764706;0.23060882352941175
2017-07-23T00:00:00.000Z;0.258;1.851;0.0947;0.11900000000000001;0.13;0.1534;0.1603;0.167;0.25020000000000003;0.1782;0.22940000000000002;0.1463
2017-07-25T00:00:00.000Z;0.1326764705882353;2.2435882352941174;0.07831176470588236;0.11321176470588235;0.13338529411764705;0.17623823529411767;0.21471176470588235;0.23103823529411766;0.2360029411764706;0.2535617647058824;0.30694411764705887;0.22080588235294124
2017-07-28T00:00:00.000Z;0.231;1.4014117647058824;0.061585294117647064;0.09392941176470589;0.11238235294117647;0.15151764705882353;0.18735000000000002;0.20340294117647056;0.21474705882352943;0.2249823529411765;0.2668529411764706;0.1849264705882353
2017-07-30T00:00:00.000Z;0.116;1.3686470588235295;0.08142941176470589;0.11552352941176472;0.13443235294117648;0.1748294117647059;0.21320588235294122;0.23168823529411767;0.24395588235294122;0.2536205882352941;0.3069882352941177;0.22467058823529412
2017-08-02T00:00:00.000Z;;;;;;;;;;;;
2017-08-04T00:00:00.000Z;0.19817647058823532;1.5581176470588234;0.07361176470588236;0.11185882352941176;0.13351176470588236;0.17635294117647063;0.21466764705882352;0.23174705882352942;0.24064705882352944;0.2549;0.3040205882352941;0.21775882352941175
2017-08-07T00:00:00.000Z;0.242;2.2377941176470593;0.06317647058823529;0.09962647058823529;0.11853235294117646;0.16074117647058825;0.19482352941176473;0.2099235294117647;0.21630588235294124;0.2328323529411765;0.2661323529411765;0.1816794117647059
2017-08-09T00:00:00.000Z;0.19817647058823532;1.9532352941176472;0.08006470588235294;0.11620294117647062;0.13555588235294116;0.17980588235294118;0.22005882352941178;0.23912647058823533;0.24788823529411766;0.26086764705882354;0.3098852941176471;0.2228235294117647
2017-08-12T00:00:00.000Z;0.182;1.7211176470588234;0.06124411764705883;0.09467058823529413;0.11331470588235296;0.15367058823529414;0.1900382352941177;0.2052735294117647;0.21776470588235294;0.22588529411764707;0.2654794117647059;0.18836470588235293
2017-08-14T00:00:00.000Z;0.27402941176470585;2.1738235294117647;0.0692764705882353;0.10986176470588235;0.13228529411764706;0.17742058823529414;0.2146294117647059;0.22890000000000002;0.23470588235294124;0.25465588235294123;0.2957058823529412;0.20941470588235295
2017-08-17T00:00:00.000Z;0.18726470588235294;2.443970588235294;0.0619264705882353;0.09589411764705884;0.11334411764705883;0.15455294117647062;0.18775294117647057;0.20240294117647056;0.2076235294117647;0.2240235294117647;0.2579852941176471;0.17733823529411766
2017-08-19T00:00:00.000Z;0.19817647058823532;2.5684411764705883;0.07838529411764707;0.11144411764705883;0.12988529411764704;0.17115294117647062;0.20710588235294122;0.2246735294117647;0.23005882352941176;0.24587352941176469;0.29476470588235293;0.2128794117647059
2017-08-22T00:00:00.000Z;0.09988235294117646;1.831058823529412;0.06552058823529412;0.09639117647058824;0.11309117647058825;0.15036470588235296;0.1857882352941177;0.20058529411764706;0.2112;0.21987058823529412;0.25796176470588233;0.18260294117647058
2017-08-24T00:00:00.000Z;0.105;1.7104117647058825;0.07431470588235295;0.1095970588235294;0.1292;0.17109411764705884;0.20454411764705885;0.22009705882352942;0.22789117647058826;0.2435794117647059;0.28597647058823533;0.20531176470588236
2017-08-27T00:00:00.000Z;;;;;;;;;;;;
2017-08-29T00:00:00.000Z;;;;;;;;;;;;
2017-09-01T00:00:00.000Z;0.25804347826086965;2.7058695652173914;0.06454347826086956;0.09358260869565217;0.10529130434782608;0.14573478260869566;0.18238260869565215;0.1959695652173913;0.20440869565217393;0.21346521739130436;0.24374347826086956;0.17193913043478262
2017-09-03T00:00:00.000Z;0.25829411764705884;1.5725882352941176;0.07459117647058823;0.10840882352941177;0.11878823529411767;0.16511470588235297;0.21049117647058826;0.22561176470588234;0.23270000000000002;0.24894117647058825;0.27132647058823534;0.1920823529411765
2017-09-06T00:00:00.000Z;;;;;;;;;;;;
2017-09-08T00:00:00.000Z;0.5082941176470589;1.7883823529411766;0.06522352941176471;0.09749411764705884;0.10989411764705884;0.15274117647058824;0.20317352941176473;0.22454705882352943;0.23159117647058824;0.24570588235294122;0.2851852941176471;0.2002470588235294
2017-09-11T00:00:00.000Z;0.105;1.3115588235294118;0.05235294117647059;0.07974117647058823;0.0902;0.12405882352941176;0.1655470588235294;0.18105000000000002;0.19254117647058824;0.19688529411764705;0.23298823529411766;0.16935
2017-09-13T00:00:00.000Z;0.16;1.6692647058823529;0.05884117647058824;0.09204705882352941;0.10500294117647062;0.14300588235294118;0.18543823529411768;0.20037352941176473;0.20809117647058825;0.21876176470588235;0.2605411764705883;0.18895
2017-09-16T00:00:00.000Z;0.138;1.3399411764705884;0.05825588235294117;0.08695;0.09678823529411763;0.13235;0.17241764705882354;0.18509411764705883;0.1962;0.20341470588235294;0.23363235294117649;0.16171176470588236
2017-09-18T00:00:00.000Z;0.1655;1.0521764705882355;0.06304117647058824;0.09291176470588237;0.10605;0.14116176470588235;0.18357941176470588;0.1994558823529412;0.2139323529411765;0.21803823529411767;0.26437058823529413;0.19393529411764707
2017-09-21T00:00:00.000Z;0.171;1.4755;0.055026470588235295;0.08191764705882353;0.09223823529411763;0.12591176470588236;0.16794117647058826;0.1820705882352941;0.19345294117647058;0.1996558823529412;0.2348352941176471;0.16763235294117648
2017-09-23T00:00:00.000Z;;;;;;;;;;;;
2017-09-26T00:00:00.000Z;0.1545;1.4496764705882355;0.05184117647058824;0.08255588235294117;0.09354117647058825;0.12988235294117648;0.16898235294117647;0.1822970588235294;0.1932235294117647;0.19995294117647058;0.23340588235294124;0.16136764705882353
2017-09-28T00:00:00.000Z;0.18726470588235294;2.319176470588235;0.07294411764705883;0.10668235294117646;0.12049411764705883;0.16538529411764705;0.21462647058823534;0.2350029411764706;0.24179117647058826;0.25837058823529413;0.30715000000000003;0.22299411764705884
2017-10-01T00:00:00.000Z;;;;;;;;;;;;
2017-10-03T00:00:00.000Z;0.138;2.093470588235294;0.05464705882352942;0.08573235294117648;0.10050588235294117;0.13747352941176472;0.1781970588235294;0.19135294117647056;0.1962823529411765;0.21001764705882353;0.25177058823529413;0.17996470588235297
2017-10-06T00:00:00.000Z;0.105;0.982970588235294;0.04832941176470589;0.07736176470588235;0.08865588235294118;0.1232970588235294;0.16011176470588234;0.17335294117647063;0.18757058823529407;0.19128529411764705;0.22256470588235294;0.15277352941176472
2017-10-08T00:00:00.000Z;0.1436764705882353;1.439470588235294;0.061326470588235295;0.08855294117647058;0.10097647058823529;0.13478529411764706;0.17612058823529414;0.19231764705882357;0.20185294117647057;0.21144705882352943;0.24946470588235295;0.1788029411764706
2017-10-11T00:00:00.000Z;0.1436764705882353;1.3068529411764704;0.05169411764705883;0.07731176470588236;0.08803529411764706;0.12035882352941177;0.15778823529411767;0.17140882352941175;0.18403529411764705;0.1892970588235294;0.22089411764705885;0.15577352941176473
2017-10-13T00:00:00.000Z;0.182;1.7013823529411767;0.05208529411764706;0.08440588235294118;0.09802058823529412;0.13389117647058826;0.1707029411764706;0.18505000000000002;0.19209117647058827;0.20454117647058825;0.24045588235294124;0.17095588235294118
2017-10-16T00:00:00.000Z;0.127;1.0625;0.04583235294117647;0.07330294117647058;0.08445294117647059;0.11784411764705884;0.15426470588235297;0.16751470588235295;0.1813705882352941;0.18574411764705884;0.2144735294117647;0.14634705882352939
2017-10-18T00:00:00.000Z;;;;;;;;;;;;
2017-10-21T00:00:00.000Z;0.094;1.760264705882353;0.04681176470588236;0.07244705882352942;0.08251470588235295;0.11560294117647062;0.15329117647058826;0.16678529411764706;0.17650000000000002;0.1819323529411765;0.2157;0.15156176470588234
2017-10-23T00:00:00.000Z;0.11092307692307692;1.0213076923076925;0.03175384615384615;0.04566153846153847;0.04811538461538461;0.0629923076923077;0.08393846153846155;0.09040769230769233;0.09581538461538462;0.09864615384615386;0.10749230769230769;0.07692307692307693
2017-10-26T00:00:00.000Z;0.08888235294117647;0.7028529411764706;0.04399411764705882;0.07244705882352942;0.08366176470588235;0.11449117647058825;0.1532;0.16483529411764705;0.1819764705882353;0.18336470588235293;0.20822647058823532;0.14230882352941177
2017-10-28T00:00:00.000Z;0.08888235294117647;1.3530588235294116;0.05375882352941177;0.07695588235294118;0.0869264705882353;0.12063823529411766;0.1594470588235294;0.17258529411764706;0.17996470588235297;0.1903470588235294;0.22295588235294123;0.15872058823529414
2017-10-31T00:00:00.000Z;;;;;;;;;;;;
2017-11-02T00:00:00.000Z;;;;;;;;;;;;
2017-11-05T00:00:00.000Z;0.08888235294117647;1.1465;0.04393235294117647;0.07107941176470588;0.08098823529411765;0.11316470588235296;0.15137941176470587;0.16239117647058826;0.1751294117647059;0.1791764705882353;0.2045735294117647;0.1394470588235294
2017-11-07T00:00:00.000Z;0.083;0.6065;0.05085294117647059;0.07659411764705883;0.0871764705882353;0.11782352941176472;0.1580470588235294;0.17148235294117647;0.18685294117647058;0.18765294117647058;0.21925588235294122;0.15771470588235295
2017-11-10T00:00:00.000Z;0.07788235294117647;0.6534411764705883;0.04348823529411765;0.06779705882352942;0.07702058823529412;0.10702352941176471;0.14678529411764707;0.15784117647058826;0.1759;0.17442058823529413;0.19805;0.13946176470588234
2017-11-12T00:00:00.000Z;0.083;0.5277941176470587;0.04521470588235294;0.07499117647058824;0.08686176470588236;0.11915588235294118;0.15889411764705882;0.17090588235294119;0.18600588235294122;0.18782058823529407;0.21591470588235293;0.1529764705882353
2017-11-15T00:00:00.000Z;0.07788235294117647;0.41155882352941175;0.04009117647058824;0.06747941176470588;0.07683529411764707;0.10764411764705883;0.14554411764705882;0.1577;0.17550000000000002;0.1750264705882353;0.1915794117647059;0.1310735294117647
2017-11-17T00:00:00.000Z;0.09988235294117646;0.8145;0.04939117647058824;0.07690294117647059;0.08668823529411765;0.11895588235294118;0.15909411764705883;0.17045588235294118;0.18654117647058827;0.18828235294117648;0.21769411764705884;0.15504411764705883
2017-11-20T00:00:00.000Z;0.07788235294117647;0.6367058823529412;0.04304411764705882;0.06720882352941177;0.07635;0.10568823529411767;0.14654117647058826;0.15646176470588236;0.17615882352941176;0.17470588235294118;0.1948823529411765;0.13587058823529413
2017-11-22T00:00:00.000Z;0.09988235294117646;0.5135882352941177;0.04964411764705882;0.07831176470588236;0.09059117647058824;0.12287941176470589;0.1607029411764706;0.17327058823529412;0.1904970588235294;0.1907294117647059;0.21082058823529412;0.15071176470588235
2017-11-25T00:00:00.000Z;;;;;;;;;;;;
2017-11-27T00:00:00.000Z;;;;;;;;;;;;
2017-11-30T00:00:00.000Z;0.083;0.6390333333333333;0.04188666666666667;0.06421666666666667;0.06961;0.10465333333333333;0.15133;0.16347333333333333;0.18318;0.18212;0.18119333333333332;0.12224000000000002
2017-12-02T00:00:00.000Z;0.07788235294117647;0.5018823529411764;0.04253823529411765;0.07052058823529413;0.0811529411764706;0.11407352941176471;0.15490588235294117;0.16755294117647063;0.18326764705882356;0.1852794117647059;0.19767941176470588;0.13957058823529414
2017-12-05T00:00:00.000Z;0.07788235294117647;0.3562058823529412;0.03894411764705882;0.06442352941176471;0.0715764705882353;0.10399411764705883;0.1444264705882353;0.15396470588235295;0.1749058823529412;0.17145882352941177;0.17807941176470587;0.12018823529411767
2017-12-07T00:00:00.000Z;0.094;0.45173529411764707;0.06611176470588236;0.0910029411764706;0.10096470588235294;0.1326264705882353;0.17444411764705883;0.18670882352941176;0.20833823529411766;0.2065235294117647;0.22623823529411766;0.1778029411764706
2017-12-10T00:00:00.000Z;;;;;;;;;;;;
2017-12-12T00:00:00.000Z;0.083;0.4435;0.04086764705882353;0.06931176470588235;0.07983823529411765;0.11337058823529413;0.1563970588235294;0.16755;0.18516764705882358;0.18633529411764707;0.19596764705882358;0.1371294117647059
2017-12-15T00:00:00.000Z;0.08888235294117647;1.2658529411764705;0.03848823529411765;0.06540882352941177;0.07274117647058824;0.10825294117647061;0.14931176470588234;0.16158823529411767;0.17242352941176473;0.1786294117647059;0.1858470588235294;0.12512352941176472
2017-12-17T00:00:00.000Z;0.07788235294117647;0.4868235294117647;0.04592058823529412;0.07065588235294118;0.08001470588235295;0.11336764705882355;0.15589117647058826;0.16667941176470588;0.1881764705882353;0.1873382352941177;0.1974382352941177;0.14094411764705883
2017-12-20T00:00:00.000Z;0.083;0.9039705882352941;0.041276470588235296;0.06448823529411765;0.07251470588235294;0.10516176470588234;0.14852058823529413;0.16085294117647062;0.17732941176470587;0.17739411764705884;0.18499411764705884;0.12678823529411767
2017-12-22T00:00:00.000Z;0.07788235294117647;0.9814117647058824;0.04339411764705882;0.07086470588235294;0.07968235294117648;0.11435588235294118;0.1562764705882353;0.16716176470588234;0.17902058823529413;0.1837882352941177;0.1997764705882353;0.14086470588235295
2017-12-25T00:00:00.000Z;0.08888235294117647;0.9394117647058825;0.03897352941176471;0.06393235294117648;0.07161470588235294;0.10412058823529413;0.14427058823529412;0.15474411764705884;0.16853529411764706;0.17215;0.1784;0.11900294117647062
2017-12-27T00:00:00.000Z;0.06676470588235295;0.7354705882352942;0.05642941176470588;0.08058529411764706;0.08912058823529413;0.12327058823529413;0.1693558823529412;0.1821823529411765;0.1993294117647059;0.20110294117647057;0.2170029411764706;0.15299411764705884
2017-12-30T00:00:00.000Z;0.06676470588235295;1.2102058823529411;0.04304705882352941;0.06445294117647059;0.07082941176470588;0.10227647058823529;0.14448823529411767;0.15568823529411766;0.16890588235294118;0.17143529411764705;0.18631176470588237;0.12739411764705882
2018-01-01T00:00:00.000Z;0.07200000000000001;0.5196764705882353;0.04392941176470589;0.07206176470588235;0.08218529411764706;0.11392941176470589;0.15653235294117648;0.16780294117647063;0.18610294117647058;0.1864764705882353;0.2014823529411765;0.14108529411764706
2018-01-04T00:00:00.000Z;0.07200000000000001;1.1249117647058824;0.03777647058823529;0.06318529411764706;0.0709764705882353;0.10323823529411766;0.14358823529411766;0.15556470588235297;0.16722941176470588;0.1716970588235294;0.18221470588235295;0.12193235294117646
2018-01-06T00:00:00.000Z;;;;;;;;;;;;
2018-01-09T00:00:00.000Z;;;;;;;;;;;;
2018-01-11T00:00:00.000Z;0.089;0.72;0.07207333333333334;0.09298666666666669;0.09584666666666669;0.1351733333333333;0.18428;0.19946;0.20658000000000004;0.22336666666666666;0.2081866666666667;0.14043333333333333
2018-01-14T00:00:00.000Z;;;;;;;;;;;;
2018-01-16T00:00:00.000Z;0.083;1.1150588235294117;0.04573823529411765;0.06950882352941178;0.07838235294117647;0.11198823529411767;0.15589411764705885;0.1684470588235294;0.1812058823529412;0.1851735294117647;0.20141470588235294;0.14064411764705884
2018-01-19T00:00:00.000Z;;;;;;;;;;;;
2018-01-21T00:00:00.000Z;0.07788235294117647;1.1860588235294118;0.043502941176470585;0.07096470588235294;0.08018529411764706;0.11505588235294117;0.15816764705882355;0.16925882352941177;0.18030294117647058;0.18521176470588238;0.2045794117647059;0.1461
2018-01-24T00:00:00.000Z;0.083;0.674235294117647;0.039670588235294124;0.06432352941176471;0.07173529411764706;0.10226176470588237;0.14364411764705884;0.15590882352941177;0.17230588235294117;0.1718294117647059;0.1794058823529412;0.12089117647058825
2018-01-26T00:00:00.000Z;0.0555;0.7453823529411765;0.053470588235294124;0.07581764705882353;0.0855;0.11756764705882354;0.1623764705882353;0.17689117647058825;0.1912117647058824;0.19456470588235295;0.21284705882352942;0.1527058823529412
2018-01-29T00:00:00.000Z;0.11082352941176472;0.9929117647058825;0.05271764705882353;0.07240294117647059;0.07719411764705883;0.11013529411764705;0.1546029411764706;0.16784117647058824;0.18025294117647056;0.18224411764705883;0.18106470588235293;0.11982941176470588
2018-01-31T00:00:00.000Z;0.12176470588235294;0.6515;0.046732352941176475;0.0738529411764706;0.0832735294117647;0.11857058823529412;0.16618235294117648;0.17853823529411766;0.19316176470588237;0.1964058823529412;0.2091676470588235;0.14434411764705884
2018-02-05T00:00:00.000Z;;;;;;;;;;;;
2018-02-08T00:00:00.000Z;0.094;0.45461764705882357;0.04215588235294118;0.06432352941176471;0.07125000000000001;0.1013029411764706;0.14775588235294118;0.15926176470588235;0.17924117647058826;0.17479117647058826;0.18655000000000002;0.12950294117647063
2018-02-10T00:00:00.000Z;;;;;;;;;;;;
2018-02-13T00:00:00.000Z;0.09988235294117646;0.618;0.03842058823529412;0.0645264705882353;0.07254705882352942;0.10350000000000001;0.14948529411764705;0.15935000000000002;0.17611764705882355;0.17586470588235295;0.18644411764705884;0.12774411764705884
2018-02-15T00:00:00.000Z;0.094;1.3008823529411766;0.051991176470588235;0.07742941176470589;0.0858264705882353;0.11868529411764706;0.16443235294117647;0.17941764705882354;0.1891470588235294;0.19394411764705885;0.22029117647058824;0.15886176470588234
2018-02-18T00:00:00.000Z;;;;;;;;;;;;
2018-02-20T00:00:00.000Z;0.09988235294117646;1.2382058823529412;0.04847352941176471;0.07661764705882353;0.08665;0.12180294117647061;0.16951764705882355;0.1811794117647059;0.19211470588235294;0.1993794117647059;0.2213323529411765;0.15841176470588236
2018-02-23T00:00:00.000Z;0.083;0.1713529411764706;0.04189117647058824;0.06812941176470588;0.07634705882352942;0.1042970588235294;0.14961176470588236;0.1632;0.18563529411764707;0.18022352941176473;0.19089411764705883;0.13196176470588236
2018-02-25T00:00:00.000Z;0.138;0.3809117647058824;0.056476470588235295;0.08061176470588235;0.09102352941176473;0.12006470588235296;0.16995000000000002;0.18342058823529409;0.20378529411764706;0.20116470588235294;0.22540000000000002;0.16376764705882355
2018-02-28T00:00:00.000Z;0.116;1.6690294117647062;0.046276470588235294;0.06498235294117648;0.06865;0.10041764705882353;0.1471558823529412;0.1619470588235294;0.17281764705882355;0.17875588235294118;0.1725264705882353;0.10989411764705884
2018-03-02T00:00:00.000Z;;;;;;;;;;;;
2018-03-05T00:00:00.000Z;;;;;;;;;;;;
2018-03-07T00:00:00.000Z;0.09963636363636365;0.674;0.08777272727272728;0.1240909090909091;0.1494818181818182;0.17988181818181817;0.22357272727272726;0.2417090909090909;0.26382727272727274;0.2621545454545455;0.34040000000000004;0.2641
2018-03-10T00:00:00.000Z;0.09985714285714287;1.362;0.07831428571428571;0.08913214285714285;0.09296428571428572;0.12402500000000001;0.17736428571428572;0.19330357142857146;0.2114;0.20983214285714286;0.2396107142857143;0.17119285714285712
2018-03-12T00:00:00.000Z;;;;;;;;;;;;
2018-03-15T00:00:00.000Z;;;;;;;;;;;;
2018-03-17T00:00:00.000Z;;;;;;;;;;;;
2018-03-20T00:00:00.000Z;0.09988235294117646;0.5095000000000001;0.05525;0.07510588235294118;0.08192352941176471;0.11203235294117647;0.1645970588235294;0.1801470588235294;0.19933529411764705;0.19679411764705884;0.21003529411764707;0.14818529411764705
2018-03-22T00:00:00.000Z;0.12176470588235294;0.30926470588235294;0.05396764705882353;0.08495;0.09538529411764707;0.12481764705882355;0.17733529411764706;0.1912294117647059;0.20925000000000002;0.20882647058823534;0.23522647058823531;0.1729058823529412
2018-03-25T00:00:00.000Z;;;;;;;;;;;;
2018-03-27T00:00:00.000Z;0.11082352941176472;1.192;0.05883235294117648;0.08645588235294117;0.0965;0.12870588235294117;0.1798735294117647;0.1956705882352941;0.2068529411764706;0.21242647058823533;0.24765882352941176;0.18446764705882357
2018-03-30T00:00:00.000Z;0.07200000000000001;0.935029411764706;0.06858235294117648;0.09144705882352941;0.09869411764705885;0.13256764705882354;0.19095882352941176;0.20713823529411768;0.2235705882352941;0.2261794117647059;0.24925;0.17916764705882354
2018-04-01T00:00:00.000Z;;;;;;;;;;;;
2018-04-04T00:00:00.000Z;0.16;0.6882058823529412;0.054702941176470586;0.08337058823529413;0.09358529411764707;0.1267029411764706;0.1794794117647059;0.1940970588235294;0.21125882352941178;0.21311764705882352;0.23521176470588234;0.16849411764705885
2018-04-06T00:00:00.000Z;;;;;;;;;;;;
2018-04-09T00:00:00.000Z;;;;;;;;;;;;
2018-04-11T00:00:00.000Z;;;;;;;;;;;;
2018-04-14T00:00:00.000Z;0.094;0.6550882352941177;0.05456176470588236;0.08285294117647059;0.09149411764705885;0.12294411764705883;0.17246470588235296;0.1878823529411765;0.2043470588235294;0.20536176470588235;0.2265029411764706;0.15918823529411766
2018-04-16T00:00:00.000Z;0.1326764705882353;0.9185588235294116;0.07827058823529412;0.10777058823529413;0.11754411764705884;0.15366470588235295;0.21462647058823534;0.23320882352941177;0.2526529411764706;0.25308823529411767;0.2915794117647059;0.21375882352941178
2018-04-19T00:00:00.000Z;0.19817647058823532;1.2375588235294117;0.06825294117647059;0.09597647058823529;0.1056764705882353;0.13891470588235297;0.19321764705882358;0.2122529411764706;0.22387647058823532;0.2277294117647059;0.25331764705882354;0.1864823529411765
2018-04-21T00:00:00.000Z;;;;;;;;;;;;
2018-04-24T00:00:00.000Z;0.28;1.302735294117647;0.053144117647058835;0.0862029411764706;0.09778823529411763;0.13236470588235297;0.1831558823529412;0.1972558823529412;0.2096294117647059;0.21660588235294123;0.2418852941176471;0.17125588235294117
2018-04-26T00:00:00.000Z;;;;;;;;;;;;
2018-04-29T00:00:00.000Z;0.105;0.6766470588235294;0.04549411764705882;0.06486470588235294;0.07595;0.10336176470588235;0.1529264705882353;0.17366470588235297;0.14492058823529413;0.19481176470588238;0.19661764705882356;0.14936176470588236
2018-05-01T00:00:00.000Z;;;;;;;;;;;;
2018-05-04T00:00:00.000Z;0.083;0.9766470588235294;0.06428235294117648;0.09320882352941176;0.10387352941176471;0.13735294117647062;0.18646176470588238;0.20170294117647058;0.2156352941176471;0.21975882352941176;0.25011470588235296;0.17931764705882355
2018-05-06T00:00:00.000Z;0.13274193548387098;1.320645161290323;0.13357741935483872;0.16140645161290323;0.1752774193548387;0.21213870967741938;0.2633225806451613;0.28427096774193544;0.28862580645161295;0.3032387096774194;0.33681612903225805;0.27315806451612906
2018-05-09T00:00:00.000Z;0.2256764705882353;1.8697941176470587;0.07404705882352942;0.0999029411764706;0.11009411764705883;0.14648235294117648;0.19985882352941176;0.21861764705882353;0.2278823529411765;0.2373529411764706;0.2756;0.19786764705882356
2018-05-11T00:00:00.000Z;0.26929411764705885;1.3600588235294118;0.06811176470588236;0.10202058823529413;0.11470294117647062;0.1533764705882353;0.20304411764705885;0.21820588235294122;0.2285323529411765;0.23949117647058826;0.27344705882352943;0.19692647058823531
2018-05-14T00:00:00.000Z;;;;;;;;;;;;
2018-05-16T00:00:00.000Z;0.1326764705882353;1.3166176470588236;0.07573235294117647;0.10730588235294118;0.12015294117647062;0.1560970588235294;0.2043882352941177;0.22186470588235294;0.23435;0.24170588235294121;0.29452647058823533;0.22359705882352943
2018-05-19T00:00:00.000Z;;;;;;;;;;;;
2018-05-21T00:00:00.000Z;0.105;1.2878823529411767;0.08427058823529412;0.11803529411764706;0.13298823529411766;0.17104411764705885;0.22231764705882354;0.23836470588235295;0.25082058823529413;0.2607176470588235;0.3144676470588235;0.23211176470588235
2018-05-24T00:00:00.000Z;;;;;;;;;;;;
2018-05-26T00:00:00.000Z;0.22;1.849;0.2094277777777778;0.23150555555555563;0.25872222222222224;0.3018166666666667;0.3442277777777778;0.3681388888888889;0.32880555555555563;0.39121666666666666;0.4141888888888889;0.3321222222222222
2018-05-29T00:00:00.000Z;0.3780588235294118;1.7722352941176471;0.06848529411764706;0.10032058823529412;0.11339411764705884;0.15413823529411766;0.21001764705882353;0.2316029411764706;0.24290588235294122;0.25060588235294123;0.2966323529411765;0.21208823529411766
2018-05-31T00:00:00.000Z;;;;;;;;;;;;
2018-06-03T00:00:00.000Z;;;;;;;;;;;;
2018-06-05T00:00:00.000Z;;;;;;;;;;;;
2018-06-08T00:00:00.000Z;0.171;1.9014117647058826;0.09233823529411764;0.12196764705882354;0.13175294117647063;0.17322352941176472;0.23535882352941176;0.2554470588235294;0.2670352941176471;0.2791852941176471;0.31729705882352943;0.23105588235294122
2018-06-10T00:00:00.000Z;0.28091176470588236;1.4500882352941176;0.06976470588235294;0.11225588235294118;0.12787647058823529;0.17333235294117647;0.22927352941176468;0.24755588235294124;0.2595411764705883;0.27015;0.31995;0.2345735294117647
2018-06-13T00:00:00.000Z;0.061;1.1900882352941176;0.06746764705882352;0.09848529411764706;0.11035882352941176;0.1453970588235294;0.19487058823529407;0.21199411764705883;0.22441176470588237;0.2320323529411765;0.2636823529411765;0.19015294117647058
2018-06-15T00:00:00.000Z;0.0555;1.7435882352941177;0.08324705882352942;0.11585882352941176;0.12882058823529413;0.16626176470588236;0.22107647058823532;0.23973529411764707;0.2488029411764706;0.25926764705882355;0.30981176470588234;0.2353323529411765
2018-06-18T00:00:00.000Z;0.1326764705882353;1.584029411764706;0.07353235294117648;0.10331764705882354;0.11450294117647061;0.14924411764705883;0.20094117647058826;0.21969117647058825;0.22890000000000002;0.2374;0.2715911764705883;0.20079117647058825
2018-06-20T00:00:00.000Z;0.083;1.5073823529411765;0.07906764705882353;0.11532941176470589;0.13037941176470588;0.16858235294117646;0.22296470588235293;0.24030588235294123;0.2504294117647059;0.2617205882352941;0.30670882352941176;0.2282823529411765
2018-06-23T00:00:00.000Z;0.11082352941176472;1.3845588235294117;0.07031764705882353;0.10217647058823529;0.11532058823529413;0.14985882352941177;0.20035882352941176;0.21625882352941175;0.22882941176470592;0.23695000000000002;0.2663764705882353;0.19161176470588237
2018-06-25T00:00:00.000Z;0.3018823529411765;1.7665588235294118;0.08291470588235295;0.11764117647058825;0.13213823529411767;0.17254411764705885;0.22525882352941176;0.2456323529411765;0.2545352941176471;0.2643205882352941;0.3079235294117647;0.23041470588235294
2018-06-28T00:00:00.000Z;;;;;;;;;;;;
2018-06-30T00:00:00.000Z;0.26929411764705885;2.106323529411765;0.07600882352941177;0.11404117647058824;0.13048235294117647;0.17201470588235296;0.22365588235294123;0.2421323529411765;0.24615882352941176;0.2639470588235294;0.30795588235294125;0.22389705882352942
2018-07-03T00:00:00.000Z;0.1929705882352941;1.1716764705882354;0.06480294117647059;0.09913529411764707;0.11412941176470588;0.15003529411764704;0.19869117647058826;0.21643823529411768;0.22866470588235294;0.23574705882352942;0.2663205882352941;0.19
2018-07-05T00:00:00.000Z;0.0555;1.514764705882353;0.08243823529411765;0.11421764705882353;0.12899117647058825;0.16624411764705885;0.21765588235294123;0.2358323529411765;0.24809411764705885;0.25532058823529413;0.3077764705882353;0.23346470588235294
2018-07-08T00:00:00.000Z;0.24747058823529408;1.2551176470588234;0.06043235294117648;0.09522352941176472;0.10880588235294118;0.14749411764705883;0.19731176470588238;0.21554705882352942;0.2281058823529412;0.23399705882352942;0.2723558823529412;0.2000470588235294
2018-07-10T00:00:00.000Z;0.08888235294117647;1.1681470588235294;0.07902352941176471;0.1150970588235294;0.1314970588235294;0.1707529411764706;0.21874705882352943;0.23538529411764708;0.2483235294117647;0.25836470588235294;0.30663823529411766;0.22659705882352943
2018-07-13T00:00:00.000Z;0.4052647058823529;2.147764705882353;0.06794705882352942;0.10837941176470588;0.12675294117647062;0.16644117647058826;0.2107794117647059;0.2286705882352941;0.233;0.2496352941176471;0.2750794117647059;0.19435294117647056
2018-07-15T00:00:00.000Z;0.28008823529411764;2.0680588235294124;0.08475588235294118;0.12177058823529413;0.1398970588235294;0.17984117647058825;0.2276294117647059;0.2475323529411765;0.25386176470588234;0.2675647058823529;0.3124529411764706;0.2332852941176471
2018-07-18T00:00:00.000Z;0.26929411764705885;1.6203529411764706;0.06775294117647059;0.10172058823529413;0.11852058823529413;0.15594411764705884;0.20060588235294122;0.21908823529411767;0.2285529411764706;0.23804411764705885;0.2744764705882353;0.20167352941176472
2018-07-20T00:00:00.000Z;0.3780588235294118;1.384529411764706;0.06766470588235295;0.1141764705882353;0.13631176470588235;0.17918235294117646;0.22731176470588235;0.24398529411764708;0.25469705882352944;0.2674852941176471;0.3102970588235294;0.2247
2018-07-23T00:00:00.000Z;0.105;1.6207647058823529;0.06703235294117647;0.09901764705882353;0.11398823529411767;0.15299117647058824;0.19455294117647057;0.20954705882352942;0.21974705882352943;0.23126470588235293;0.2666705882352941;0.18807058823529407
2018-07-25T00:00:00.000Z;0.149;1.1897941176470588;0.08104411764705884;0.1161970588235294;0.13368235294117647;0.17302058823529412;0.21740588235294123;0.23594117647058827;0.25040588235294126;0.25575294117647057;0.311;0.2315294117647059
2018-07-28T00:00:00.000Z;0.094;0.9443529411764706;0.06917941176470588;0.09983823529411764;0.11588235294117646;0.15026470588235297;0.19205588235294122;0.20920882352941178;0.22583529411764708;0.22864117647058826;0.2706088235294118;0.1982735294117647
2018-07-30T00:00:00.000Z;0.083;1.1993235294117646;0.07895588235294118;0.1158470588235294;0.13474117647058825;0.17391470588235297;0.21581176470588234;0.23088529411764708;0.24339411764705884;0.25318529411764706;0.30402647058823534;0.22331176470588235
2018-08-02T00:00:00.000Z;0.11082352941176472;1.7147058823529413;0.07068235294117647;0.10283235294117647;0.11805294117647061;0.15555882352941178;0.19435294117647056;0.2077294117647059;0.21767058823529412;0.22884411764705884;0.2672676470588235;0.18878235294117648
2018-08-04T00:00:00.000Z;0.18726470588235294;1.820058823529412;0.08139117647058823;0.11592352941176472;0.13391176470588234;0.17545294117647062;0.21447647058823532;0.2338235294117647;0.24304411764705883;0.2550029411764706;0.31014411764705885;0.22911470588235294
2018-08-07T00:00:00.000Z;0.3291764705882353;2.2411470588235294;0.07058529411764707;0.10471176470588235;0.12209411764705884;0.16328823529411768;0.20155294117647057;0.21867352941176468;0.22590588235294123;0.24025294117647059;0.2771588235294118;0.19883823529411768
2018-08-09T00:00:00.000Z;0.06676470588235295;1.7543235294117647;0.07754705882352941;0.11110588235294118;0.1277470588235294;0.16868235294117648;0.20824117647058826;0.22401470588235295;0.2310735294117647;0.24474117647058827;0.29093823529411766;0.20946764705882354
2018-08-12T00:00:00.000Z;0.11082352941176472;2.1656470588235295;0.06613529411764707;0.09787352941176472;0.11278823529411766;0.15177352941176472;0.1888058823529412;0.2035823529411765;0.20939411764705884;0.22421764705882352;0.26044117647058823;0.18181470588235293
2018-08-14T00:00:00.000Z;0.171;2.0629411764705883;0.0761;0.11021176470588234;0.1278264705882353;0.16944411764705883;0.2093823529411765;0.22789705882352942;0.23465882352941178;0.24825882352941178;0.3018382352941177;0.22120882352941176
2018-08-17T00:00:00.000Z;;;;;;;;;;;;
2018-08-19T00:00:00.000Z;;;;;;;;;;;;
2018-08-22T00:00:00.000Z;0.18726470588235294;1.9989411764705882;0.06346764705882353;0.09642058823529413;0.11048235294117648;0.1504235294117647;0.18787352941176472;0.20161470588235295;0.20771176470588235;0.22056176470588235;0.25675882352941176;0.1781264705882353
2018-08-24T00:00:00.000Z;0.22;1.7419117647058824;0.07131176470588235;0.10631176470588234;0.12306176470588234;0.16325294117647063;0.20417058823529408;0.22226176470588235;0.23081470588235295;0.24262058823529412;0.2953647058823529;0.2160323529411765
2018-08-27T00:00:00.000Z;0.19817647058823532;2.0421470588235295;0.06116764705882353;0.09183235294117648;0.10583823529411766;0.14577352941176472;0.18431176470588237;0.20007058823529408;0.20873529411764707;0.2184705882352941;0.25776470588235295;0.1815764705882353
2018-08-29T00:00:00.000Z;0.1929705882352941;2.065235294117647;0.06827941176470588;0.10338529411764706;0.12130294117647061;0.1639470588235294;0.20306470588235292;0.2185823529411765;0.22278529411764708;0.23792941176470592;0.2851;0.20391470588235294
2018-09-01T00:00:00.000Z;0.1929705882352941;2.387029411764706;0.06180882352941177;0.09358235294117648;0.1071264705882353;0.14874117647058824;0.1841823529411765;0.1982705882352941;0.20320000000000002;0.21930882352941178;0.2524794117647059;0.17352352941176472
2018-09-03T00:00:00.000Z;0.47000000000000003;2.141083333333333;0.05998333333333334;0.10075;0.12710833333333332;0.16226666666666667;0.196075;0.2144833333333333;0.2177333333333333;0.23645833333333333;0.29096666666666665;0.22051666666666667
2018-09-06T00:00:00.000Z;;;;;;;;;;;;
2018-09-08T00:00:00.000Z;;;;;;;;;;;;
2018-09-11T00:00:00.000Z;;;;;;;;;;;;
2018-09-13T00:00:00.000Z;0.1929705882352941;2.122823529411765;0.06455882352941177;0.09598235294117648;0.10568529411764706;0.14491764705882354;0.19099117647058825;0.20648529411764707;0.21175588235294124;0.22359705882352943;0.26572941176470594;0.1949264705882353
2018-09-16T00:00:00.000Z;0.16;2.1856;0.05863600000000001;0.086564;0.095;0.13101600000000002;0.17496;0.19082000000000002;0.197448;0.20727600000000004;0.23783200000000002;0.17222
2018-09-18T00:00:00.000Z;;;;;;;;;;;;
2018-09-21T00:00:00.000Z;0.1436764705882353;2.0498529411764705;0.05209117647058823;0.08088529411764707;0.08955588235294118;0.1239764705882353;0.16765000000000002;0.18080000000000002;0.18871176470588238;0.19895294117647058;0.22804705882352944;0.15788235294117647
2018-09-23T00:00:00.000Z;0.16;2.2479411764705883;0.06135588235294118;0.08937941176470589;0.09891764705882353;0.13386470588235297;0.1796235294117647;0.1969764705882353;0.20079411764705885;0.21366176470588236;0.2567794117647059;0.1898058823529412
2018-09-26T00:00:00.000Z;;;;;;;;;;;;
2018-09-28T00:00:00.000Z;0.0555;0.9743823529411764;0.06045588235294117;0.08924117647058824;0.10068823529411763;0.13367647058823529;0.17863529411764706;0.19290000000000002;0.2040764705882353;0.21059411764705885;0.2488205882352941;0.18050882352941178
2018-10-01T00:00:00.000Z;0.1658529411764706;1.556;0.05253529411764706;0.08008823529411765;0.08907941176470588;0.12365882352941177;0.16551764705882355;0.1797764705882353;0.18794117647058825;0.19672941176470587;0.223;0.15476176470588235
2018-10-03T00:00:00.000Z;0.11082352941176472;1.4666764705882354;0.0601;0.08817058823529413;0.09845882352941177;0.13263529411764705;0.17635294117647063;0.19156764705882356;0.20162058823529408;0.20848529411764707;0.2510176470588235;0.18506176470588237
2018-10-06T00:00:00.000Z;0.1326764705882353;1.4675;0.05370588235294117;0.07834411764705883;0.08688823529411766;0.11919411764705884;0.1619029411764706;0.17645882352941175;0.18653529411764705;0.19190294117647058;0.22239705882352942;0.15886176470588234
2018-10-08T00:00:00.000Z;0.127;1.3193529411764706;0.057026470588235297;0.08637941176470589;0.09789117647058825;0.13384411764705884;0.17586764705882355;0.1911558823529412;0.19958823529411768;0.20988823529411768;0.24728529411764708;0.17830000000000001
2018-10-11T00:00:00.000Z;;;;;;;;;;;;
2018-10-13T00:00:00.000Z;0.116;1.836382352941177;0.056485294117647064;0.08395000000000001;0.094;0.12762941176470588;0.17039117647058824;0.1853323529411765;0.1935264705882353;0.20253823529411769;0.24128823529411766;0.1758764705882353
2018-10-16T00:00:00.000Z;0.11082352941176472;1.7508823529411766;0.04993823529411765;0.07554411764705883;0.08288529411764707;0.11540588235294118;0.16107058823529413;0.17503235294117647;0.18484117647058826;0.19174411764705884;0.22011176470588234;0.15641470588235296
2018-10-18T00:00:00.000Z;;;;;;;;;;;;
2018-10-21T00:00:00.000Z;;;;;;;;;;;;
2018-10-23T00:00:00.000Z;;;;;;;;;;;;
2018-10-26T00:00:00.000Z;0.1436764705882353;0.8946176470588235;0.025826470588235294;0.042829411764705894;0.048288235294117646;0.06569705882352941;0.09232058823529413;0.10134117647058825;0.10900294117647061;0.10955000000000001;0.10992352941176471;0.08182352941176471
2018-10-28T00:00:00.000Z;;;;;;;;;;;;
2018-10-31T00:00:00.000Z;;;;;;;;;;;;
2018-11-02T00:00:00.000Z;;;;;;;;;;;;
2018-11-05T00:00:00.000Z;;;;;;;;;;;;
2018-11-07T00:00:00.000Z;0.08888235294117647;1.4868529411764706;0.0468764705882353;0.07540882352941178;0.0830264705882353;0.11794705882352939;0.1635794117647059;0.17501764705882356;0.18260882352941177;0.19392941176470588;0.2137029411764706;0.15248823529411767
2018-11-10T00:00:00.000Z;;;;;;;;;;;;
2018-11-12T00:00:00.000Z;;;;;;;;;;;;
2018-11-15T00:00:00.000Z;;;;;;;;;;;;
2018-11-17T00:00:00.000Z;;;;;;;;;;;;
2018-11-20T00:00:00.000Z;;;;;;;;;;;;
2018-11-22T00:00:00.000Z;;;;;;;;;;;;
2018-11-25T00:00:00.000Z;0.07788235294117647;1.2973823529411765;0.03845882352941177;0.059697058823529416;0.06167941176470588;0.0925;0.14072058823529413;0.1559735294117647;0.16692941176470588;0.16800588235294117;0.17308823529411765;0.11657352941176471
2018-11-27T00:00:00.000Z;0.08888235294117647;0.5645;0.042476470588235296;0.06603529411764707;0.07204117647058823;0.10366470588235295;0.15214705882352939;0.16567058823529413;0.17821764705882354;0.18105294117647058;0.18745882352941176;0.1319529411764706
2018-11-30T00:00:00.000Z;0.07200000000000001;0.7946764705882353;0.03850294117647059;0.06173235294117648;0.0656529411764706;0.09751764705882353;0.14809117647058825;0.16188823529411767;0.17615294117647062;0.17888823529411765;0.17650588235294118;0.11905
2018-12-02T00:00:00.000Z;;;;;;;;;;;;
2018-12-05T00:00:00.000Z;0.061;0.9626176470588237;0.037732352941176474;0.058570588235294124;0.062276470588235294;0.0905029411764706;0.14281176470588236;0.15662058823529412;0.17115882352941175;0.17102058823529412;0.1744764705882353;0.11933529411764705
2018-12-07T00:00:00.000Z;0.07200000000000001;0.4204705882352941;0.040538235294117646;0.06517352941176471;0.07124117647058824;0.1019;0.1526764705882353;0.16674411764705885;0.18431470588235294;0.1840882352941177;0.18836470588235293;0.13048235294117647
2018-12-10T00:00:00.000Z;;;;;;;;;;;;
2018-12-12T00:00:00.000Z;0.07788235294117647;0.938529411764706;0.04685588235294118;0.06825882352941177;0.07247058823529412;0.1010029411764706;0.15488529411764707;0.1691764705882353;0.18328529411764705;0.18561764705882355;0.19321470588235293;0.13570000000000002
2018-12-15T00:00:00.000Z;0.0555;1.464970588235294;0.04480588235294118;0.0611;0.06378823529411765;0.08799117647058824;0.13486470588235297;0.1483970588235294;0.15575294117647062;0.15995588235294117;0.1565;0.1070764705882353
2018-12-17T00:00:00.000Z;0.07200000000000001;0.4824117647058824;0.038932352941176473;0.06333823529411765;0.07023823529411764;0.09957352941176473;0.15482058823529413;0.16725588235294117;0.18530000000000002;0.1841264705882353;0.18656470588235294;0.1292
2018-12-20T00:00:00.000Z;0.07200000000000001;1.1673823529411766;0.03560294117647059;0.05719117647058823;0.061900000000000004;0.09177941176470589;0.14383235294117647;0.15861470588235296;0.17105294117647063;0.1746470588235294;0.16944411764705883;0.11270000000000001
2018-12-25T00:00:00.000Z;0.0555;0.5570882352941177;0.03956470588235294;0.05740882352941177;0.06038823529411765;0.08497352941176471;0.13413529411764705;0.14821764705882354;0.16353529411764706;0.1621470588235294;0.15226176470588235;0.10512058823529413
2018-12-27T00:00:00.000Z;0.083;0.6885555555555556;0.05303888888888889;0.0810388888888889;0.09220555555555557;0.12349444444444443;0.1723388888888889;0.18718333333333334;0.20123333333333335;0.20527777777777778;0.2191611111111112;0.15912777777777778
2018-12-30T00:00:00.000Z;0.07788235294117647;0.6525294117647059;0.03390882352941176;0.05663823529411765;0.061211764705882354;0.08991470588235294;0.14230588235294117;0.15713529411764707;0.17435882352941176;0.17440294117647062;0.1663;0.10992941176470589
2019-01-01T00:00:00.000Z;0.06676470588235295;0.38038235294117645;0.04499705882352941;0.06628235294117647;0.07270588235294118;0.09960588235294117;0.15504117647058824;0.17083235294117646;0.1911823529411765;0.18696764705882357;0.19251176470588238;0.13490882352941178
2019-01-04T00:00:00.000Z;0.061;0.3634117647058824;0.03900588235294118;0.05915294117647059;0.06375588235294118;0.08948823529411765;0.1432470588235294;0.15743823529411766;0.17966470588235295;0.17411470588235295;0.16821764705882356;0.11445588235294117
2019-01-06T00:00:00.000Z;0.07200000000000001;0.4544411764705882;0.04132352941176471;0.06568823529411764;0.07327352941176471;0.10175882352941176;0.15538529411764707;0.1696264705882353;0.18774117647058824;0.1865823529411765;0.1903;0.13314117647058826
2019-01-09T00:00:00.000Z;0.061;0.6690294117647059;0.03381764705882353;0.05683529411764706;0.06268823529411766;0.09214411764705885;0.1432529411764706;0.1582470588235294;0.1746;0.1723029411764706;0.17048235294117647;0.1145
2019-01-11T00:00:00.000Z;0.07200000000000001;0.2960294117647059;0.04592352941176471;0.06858529411764706;0.07561176470588235;0.10287058823529413;0.15702352941176473;0.1702264705882353;0.19380294117647057;0.1889323529411765;0.19328529411764706;0.1374529411764706
2019-01-16T00:00:00.000Z;0.09988235294117646;0.8897941176470588;0.043658823529411764;0.0659;0.07384117647058823;0.10495294117647061;0.1557;0.17034411764705884;0.1827;0.18610882352941177;0.18920882352941176;0.13315882352941177
2019-01-19T00:00:00.000Z;0.07788235294117647;0.6729705882352942;0.0378;0.05952352941176471;0.0665235294117647;0.09416470588235294;0.14456470588235296;0.1589529411764706;0.17528235294117647;0.17453235294117647;0.17362058823529414;0.11679705882352939
2019-01-21T00:00:00.000Z;0.07788235294117647;0.7211470588235294;0.04598529411764706;0.06750588235294118;0.07639117647058824;0.10473823529411766;0.15827058823529414;0.17327058823529412;0.1893058823529412;0.18926176470588238;0.1987264705882353;0.14097058823529413
2019-01-24T00:00:00.000Z;;;;;;;;;;;;
2019-01-26T00:00:00.000Z;0.07200000000000001;0.5146470588235295;0.041735294117647065;0.06739411764705883;0.07746470588235295;0.10595;0.1577470588235294;0.17248235294117648;0.18928235294117648;0.1888558823529412;0.1984470588235294;0.1400235294117647
2019-01-29T00:00:00.000Z;0.08888235294117647;1.0927941176470588;0.04441176470588236;0.06980882352941177;0.07858235294117648;0.1106470588235294;0.16685882352941175;0.18425882352941175;0.19925882352941177;0.20396470588235294;0.2011294117647059;0.13733235294117646
2019-01-31T00:00:00.000Z;0.056;1.524;0.0682;0.0648;0.058;0.0661;0.0867;0.09620000000000001;0.1178;0.0994;0.10500000000000001;0.06910000000000001
2019-02-03T00:00:00.000Z;0.07200000000000001;0.4340294117647059;0.041455882352941176;0.06226176470588236;0.07062941176470589;0.09764411764705884;0.15039117647058825;0.16321470588235296;0.1844294117647059;0.18109117647058826;0.18336176470588236;0.1273529411764706
2019-02-05T00:00:00.000Z;0.07788235294117647;0.9003823529411765;0.044032352941176474;0.06982941176470588;0.07977941176470588;0.1097264705882353;0.16011764705882353;0.17555588235294117;0.18834411764705883;0.19375294117647057;0.2055352941176471;0.14617058823529414
2019-02-08T00:00:00.000Z;0.07200000000000001;0.5486470588235294;0.04066764705882353;0.06368529411764706;0.07149117647058824;0.09919411764705885;0.14687058823529414;0.1607470588235294;0.17913529411764706;0.17863823529411765;0.1836558823529412;0.12496470588235295
2019-02-10T00:00:00.000Z;0.105;0.6835;0.05286470588235294;0.07314117647058824;0.08057941176470589;0.10676176470588235;0.1527264705882353;0.16824117647058826;0.1849058823529412;0.1836205882352941;0.1930794117647059;0.13872941176470588
2019-02-13T00:00:00.000Z;0.07200000000000001;0.49661764705882355;0.04623823529411765;0.06801470588235295;0.07658235294117648;0.10437352941176471;0.15655882352941178;0.17270882352941178;0.19277058823529408;0.1896705882352941;0.1969764705882353;0.13747058823529412
2019-02-15T00:00:00.000Z;;;;;;;;;;;;
2019-02-18T00:00:00.000Z;0.18726470588235294;0.8182058823529412;0.05846470588235294;0.08166470588235294;0.09101470588235294;0.12038823529411766;0.16581176470588235;0.18052352941176472;0.1947470588235294;0.19771764705882358;0.20021176470588237;0.1423764705882353
2019-02-20T00:00:00.000Z;0.12176470588235294;0.6812058823529412;0.05522941176470588;0.07892941176470589;0.08841176470588236;0.11794411764705884;0.1677470588235294;0.18359411764705882;0.20061764705882357;0.2024323529411765;0.22260588235294124;0.15911764705882353
2019-02-23T00:00:00.000Z;0.083;0.28120588235294125;0.04633235294117647;0.06846176470588236;0.07803823529411764;0.10251176470588234;0.15072058823529413;0.16728235294117647;0.18810000000000002;0.1838823529411765;0.1976264705882353;0.1391294117647059
2019-02-25T00:00:00.000Z;0.105;0.5186470588235293;0.05049705882352941;0.07755588235294117;0.08932941176470588;0.1185970588235294;0.16666470588235296;0.1825470588235294;0.2003970588235294;0.2015558823529412;0.22103529411764708;0.15862941176470588
2019-02-28T00:00:00.000Z;0.083;0.4446470588235294;0.04618529411764706;0.06936176470588236;0.08001176470588235;0.10412058823529413;0.14788235294117646;0.16158823529411767;0.17858823529411766;0.17839117647058825;0.18889117647058826;0.1320558823529412
2019-03-02T00:00:00.000Z;0.07788235294117647;0.5591470588235294;0.06273823529411765;0.08559411764705883;0.09758529411764706;0.1259;0.17471176470588234;0.19116176470588236;0.20750294117647058;0.2077823529411765;0.23039117647058827;0.16904117647058825
2019-03-05T00:00:00.000Z;0.127;1.568264705882353;0.05534411764705883;0.07577647058823529;0.08403235294117647;0.11227058823529412;0.1608;0.17676470588235296;0.1864235294117647;0.19361470588235294;0.21266176470588236;0.15043529411764706
2019-03-07T00:00:00.000Z;0.05;0.5624705882352942;0.06013235294117648;0.08595588235294117;0.09886176470588237;0.1275264705882353;0.17450882352941177;0.19081176470588238;0.20743529411764708;0.2085852941176471;0.23526764705882353;0.16972941176470588
2019-03-10T00:00:00.000Z;0.07788235294117647;0.942029411764706;0.04952058823529412;0.07340294117647059;0.08476176470588236;0.11348235294117646;0.1575058823529412;0.17143529411764705;0.1854823529411765;0.18973823529411768;0.20931470588235293;0.14386764705882354
2019-03-12T00:00:00.000Z;0.116;0.8879411764705883;0.06069411764705883;0.08498823529411766;0.09838823529411764;0.12825294117647063;0.17572941176470588;0.1932823529411765;0.20754117647058826;0.21152647058823532;0.24351176470588234;0.17687058823529414
2019-03-15T00:00:00.000Z;0.07788235294117647;0.6283235294117647;0.051929411764705884;0.07521470588235295;0.08800294117647059;0.11393823529411766;0.15880882352941175;0.17501764705882356;0.1930882352941177;0.19245882352941177;0.21783823529411767;0.15593529411764706
2019-03-17T00:00:00.000Z;0.12176470588235294;0.7051176470588235;0.058741176470588234;0.08693823529411765;0.10204411764705884;0.13268823529411766;0.1774294117647059;0.1929264705882353;0.20795588235294124;0.21284705882352942;0.2467529411764706;0.1790764705882353
2019-03-20T00:00:00.000Z;;;;;;;;;;;;
2019-03-22T00:00:00.000Z;0.116;1.115;0.09318;0.10724000000000002;0.12066;0.15030000000000002;0.17628;0.18788;0.17066;0.19322;0.21344000000000002;0.16772
2019-03-25T00:00:00.000Z;0.08888235294117647;0.6174411764705883;0.057350000000000005;0.08170294117647059;0.09484117647058825;0.1213264705882353;0.1651529411764706;0.1809323529411765;0.19949411764705885;0.19799705882352941;0.22760882352941178;0.16356176470588235
2019-03-27T00:00:00.000Z;0.1436764705882353;0.4214705882352941;0.060570588235294126;0.09052941176470589;0.10766764705882353;0.13815882352941175;0.18376470588235294;0.19885;0.21848529411764708;0.22022941176470592;0.2549294117647059;0.1844764705882353
2019-03-30T00:00:00.000Z;0.19817647058823532;1.0496176470588234;0.05171764705882353;0.08050882352941177;0.09450588235294116;0.12480588235294118;0.16838235294117648;0.1839323529411765;0.19785882352941175;0.2033882352941177;0.22834705882352943;0.15951176470588235
2019-04-01T00:00:00.000Z;;;;;;;;;;;;
2019-04-04T00:00:00.000Z;0.08888235294117647;0.5163235294117647;0.05327647058823529;0.08020000000000001;0.09153529411764706;0.11920294117647061;0.16660882352941175;0.18120882352941176;0.19916470588235294;0.1981705882352941;0.22467647058823534;0.16248235294117647
2019-04-06T00:00:00.000Z;;;;;;;;;;;;
2019-04-09T00:00:00.000Z;0.105;0.7719411764705884;0.06718529411764707;0.09619117647058825;0.10687352941176471;0.14299117647058826;0.1962470588235294;0.21247941176470592;0.23182941176470592;0.2335029411764706;0.2553029411764706;0.1760735294117647
2019-04-11T00:00:00.000Z;0.116;0.6693235294117648;0.06347941176470588;0.09106764705882353;0.10509411764705884;0.13726470588235296;0.1860558823529412;0.2030970588235294;0.22073529411764709;0.22209705882352943;0.25621764705882355;0.1861323529411765
2019-04-14T00:00:00.000Z;0.0555;1.1748529411764705;0.05985882352941177;0.08153823529411765;0.0900970588235294;0.11629705882352939;0.15869117647058825;0.17192352941176473;0.18256470588235293;0.18593529411764706;0.2055823529411765;0.14977352941176472
2019-04-16T00:00:00.000Z;0.127;0.5980588235294118;0.06428235294117648;0.09697941176470588;0.11261764705882354;0.14508529411764706;0.19688529411764705;0.21313823529411766;0.2295823529411765;0.23160882352941176;0.2677205882352941;0.19634411764705884
2019-04-19T00:00:00.000Z;;;;;;;;;;;;
2019-04-21T00:00:00.000Z;;;;;;;;;;;;
2019-04-24T00:00:00.000Z;0.116;1.1071470588235295;0.05512058823529412;0.07986176470588235;0.08902352941176471;0.11925588235294117;0.1690294117647059;0.1838558823529412;0.1969470588235294;0.19989117647058827;0.22450882352941176;0.16017058823529412
2019-04-26T00:00:00.000Z;0.12176470588235294;0.7126764705882352;0.06435882352941177;0.09605588235294116;0.10897352941176472;0.14264117647058824;0.19416764705882356;0.20889411764705884;0.2244529411764706;0.22699411764705885;0.26259411764705887;0.19286470588235294
2019-04-29T00:00:00.000Z;0.1326764705882353;1.1115;0.06438235294117647;0.09325882352941176;0.10305882352941176;0.1369970588235294;0.18885000000000002;0.2062029411764706;0.21688823529411766;0.2219323529411765;0.24357058823529412;0.1751235294117647
2019-05-01T00:00:00.000Z;;;;;;;;;;;;
2019-05-04T00:00:00.000Z;0.094;0.7205294117647059;0.06012352941176471;0.08774705882352941;0.09839117647058825;0.12879117647058824;0.18224411764705883;0.1978264705882353;0.21672941176470592;0.2141823529411765;0.2432735294117647;0.1782
2019-05-06T00:00:00.000Z;;;;;;;;;;;;
2019-05-09T00:00:00.000Z;0.12176470588235294;1.9117058823529407;0.07707352941176471;0.10524117647058825;0.11380588235294117;0.1514235294117647;0.20811764705882352;0.22560000000000002;0.2334705882352941;0.2457823529411765;0.2651676470588235;0.18801176470588238
2019-05-11T00:00:00.000Z;0.116;1.5827058823529412;0.07434117647058823;0.10546176470588235;0.1171264705882353;0.1532794117647059;0.2079205882352941;0.22802941176470592;0.2384323529411765;0.2451029411764706;0.28561176470588234;0.21493529411764709
2019-05-14T00:00:00.000Z;0.08888235294117647;0.8128235294117647;0.06385588235294118;0.0912;0.10231176470588237;0.13406176470588235;0.18994411764705885;0.20676470588235293;0.2245529411764706;0.22364411764705883;0.24771764705882351;0.18077058823529407
2019-05-16T00:00:00.000Z;0.16;1.4736764705882355;0.07460588235294117;0.10760588235294118;0.12077352941176471;0.15901176470588235;0.2150705882352941;0.23322058823529412;0.24211470588235293;0.2538852941176471;0.2847205882352941;0.2078470588235294
2019-05-19T00:00:00.000Z;0.0555;0.8324411764705884;0.07565000000000001;0.10433823529411766;0.11272352941176471;0.14761176470588236;0.2057794117647059;0.2229323529411765;0.2398470588235294;0.24256176470588237;0.2570235294117647;0.1822882352941177
2019-05-24T00:00:00.000Z;;;;;;;;;;;;
2019-05-26T00:00:00.000Z;0.083;1.3572941176470588;0.07722941176470588;0.1126;0.12514411764705882;0.16491176470588234;0.22197058823529411;0.2381705882352941;0.24986764705882353;0.25913823529411767;0.2979147058823529;0.21929117647058827
2019-05-29T00:00:00.000Z;0.094;0.8730294117647058;0.06280000000000001;0.09385588235294116;0.10558235294117647;0.13906764705882355;0.1916058823529412;0.20999117647058826;0.22500588235294122;0.22829411764705884;0.2515205882352941;0.18024411764705883
2019-05-31T00:00:00.000Z;0.127;1.0157941176470588;0.07855000000000001;0.11136764705882354;0.12595882352941176;0.1622235294117647;0.21866764705882352;0.23681470588235293;0.25274705882352944;0.25615882352941177;0.2957794117647059;0.22321470588235293
2019-06-03T00:00:00.000Z;0.127;1.2519411764705883;0.07170882352941177;0.10016176470588237;0.11191764705882354;0.14404411764705882;0.1988235294117647;0.2167735294117647;0.22944705882352942;0.2329029411764706;0.2607176470588235;0.1928470588235294
2019-06-05T00:00:00.000Z;;;;;;;;;;;;
2019-06-08T00:00:00.000Z;0.18726470588235294;1.7162941176470587;0.0750764705882353;0.10845588235294118;0.12212058823529413;0.1608;0.2123823529411765;0.22952647058823533;0.2335352941176471;0.2514264705882353;0.26445;0.19006470588235294
2019-06-13T00:00:00.000Z;0.231;1.9325;0.07151470588235294;0.10251176470588234;0.11726764705882355;0.15236470588235296;0.2023764705882353;0.22240588235294123;0.22984117647058824;0.24029117647058826;0.26983823529411766;0.1960970588235294
2019-06-15T00:00:00.000Z;0.05;0.7195294117647059;0.0793764705882353;0.11440882352941176;0.13190588235294118;0.16989411764705883;0.21914117647058826;0.23588823529411768;0.25315588235294123;0.2574705882352941;0.3006294117647059;0.22186176470588234
2019-06-18T00:00:00.000Z;0.11082352941176472;0.9932352941176472;0.0661264705882353;0.09871470588235294;0.11429117647058824;0.1492058823529412;0.19542352941176472;0.21117941176470592;0.2254529411764706;0.2300029411764706;0.26235882352941176;0.1870823529411765
2019-06-20T00:00:00.000Z;0.11082352941176472;1.0868235294117647;0.08251470588235295;0.1180970588235294;0.1362029411764706;0.17253823529411766;0.22245588235294123;0.24071470588235294;0.2562823529411765;0.2600441176470588;0.30966176470588236;0.23191764705882353
2019-06-23T00:00:00.000Z;0.1436764705882353;1.3246176470588233;0.06993235294117647;0.10127352941176472;0.11728235294117646;0.15085882352941177;0.19608529411764705;0.2143794117647059;0.2277352941176471;0.2323205882352941;0.2711470588235294;0.19779117647058825
2019-06-25T00:00:00.000Z;0.1326764705882353;1.6210882352941176;0.08065882352941177;0.11785294117647062;0.13676176470588236;0.17601176470588234;0.22077941176470592;0.23724411764705883;0.2459676470588235;0.2595411764705883;0.30752647058823535;0.2247294117647059
2019-06-28T00:00:00.000Z;0.17641176470588235;1.322264705882353;0.07096176470588236;0.10493235294117646;0.12380294117647062;0.15783529411764705;0.20041764705882356;0.21598529411764708;0.22751176470588236;0.23584411764705884;0.26875588235294123;0.19095
2019-06-30T00:00:00.000Z;0.17641176470588235;1.0584117647058824;0.08465294117647058;0.11910294117647062;0.1390735294117647;0.17557058823529412;0.22029705882352943;0.2388823529411765;0.2545470588235294;0.2594382352941177;0.31171470588235295;0.2328735294117647
2019-07-03T00:00:00.000Z;0.16;1.3336764705882354;0.06855588235294117;0.10032647058823528;0.11840294117647061;0.15320294117647063;0.19647941176470587;0.21339411764705885;0.22690000000000002;0.23257941176470592;0.2743235294117647;0.19801470588235293
2019-07-05T00:00:00.000Z;0.28008823529411764;1.9597941176470588;0.07592058823529413;0.11676176470588234;0.13998823529411766;0.18033529411764707;0.22351176470588235;0.24042941176470592;0.24740588235294123;0.26394117647058823;0.3103441176470588;0.22366176470588237
2019-07-08T00:00:00.000Z;;;;;;;;;;;;
2019-07-10T00:00:00.000Z;0.127;1.3489117647058824;0.0843264705882353;0.11871176470588235;0.1380264705882353;0.17529411764705885;0.21834117647058826;0.23530882352941176;0.24969705882352944;0.2570970588235294;0.3112352941176471;0.23069705882352942
2019-07-13T00:00:00.000Z;;;;;;;;;;;;
2019-07-15T00:00:00.000Z;0.127;1.9135294117647057;0.07805294117647059;0.11740588235294118;0.1391235294117647;0.18063529411764706;0.22101176470588235;0.23785588235294122;0.24510588235294123;0.26040882352941175;0.3131705882352941;0.22524705882352944
2019-07-18T00:00:00.000Z;0.11082352941176472;1.9818529411764705;0.07320882352941177;0.1050264705882353;0.12362941176470589;0.16149117647058825;0.19756764705882357;0.21085588235294123;0.21910000000000002;0.23190882352941178;0.2695882352941177;0.18878235294117648
2019-07-20T00:00:00.000Z;0.41600000000000004;2.184647058823529;0.0839;0.12398823529411766;0.14621176470588235;0.18770882352941176;0.22860882352941178;0.2493235294117647;0.2554676470588235;0.2701;0.3144588235294118;0.22903823529411768
2019-07-23T00:00:00.000Z;0.3075;1.6489705882352939;0.06773529411764706;0.10283235294117647;0.1233264705882353;0.16011470588235296;0.2003470588235294;0.21697941176470592;0.2271235294117647;0.23636764705882352;0.2761029411764706;0.1978794117647059
2019-07-25T00:00:00.000Z;0.22;1.6021176470588234;0.07795588235294118;0.11837352941176471;0.13963235294117646;0.17982941176470588;0.2197323529411765;0.23574411764705885;0.24430588235294123;0.25671176470588236;0.3068235294117647;0.22084411764705883
2019-07-28T00:00:00.000Z;;;;;;;;;;;;
2019-07-30T00:00:00.000Z;0.18726470588235294;1.3470588235294116;0.08399705882352942;0.12046470588235296;0.14195882352941178;0.18127058823529407;0.22075882352941176;0.23785882352941176;0.2510382352941177;0.25872647058823534;0.3076205882352941;0.22609411764705883
2019-08-02T00:00:00.000Z;0.09988235294117646;1.8383235294117648;0.07274117647058824;0.10298235294117647;0.12237941176470589;0.15738823529411766;0.19385294117647056;0.20935;0.21971176470588236;0.22814411764705883;0.27020588235294124;0.1919264705882353
2019-08-04T00:00:00.000Z;0.2256764705882353;1.5075882352941177;0.07430294117647059;0.11384411764705883;0.13705882352941176;0.17934411764705885;0.2178235294117647;0.23238529411764708;0.24299411764705883;0.2551235294117647;0.30414117647058825;0.21615
2019-08-07T00:00:00.000Z;;;;;;;;;;;;
2019-08-09T00:00:00.000Z;0.061;0.6433823529411765;0.08173529411764706;0.11598235294117647;0.1383735294117647;0.17425000000000002;0.21402647058823532;0.2300352941176471;0.24967058823529412;0.2533323529411765;0.30192647058823535;0.2202705882352941
2019-08-12T00:00:00.000Z;;;;;;;;;;;;
2019-08-14T00:00:00.000Z;0.21476470588235294;1.8286176470588238;0.07494705882352942;0.11315882352941176;0.13719411764705883;0.18116470588235295;0.2152705882352941;0.2321735294117647;0.2396;0.2544235294117647;0.29901176470588237;0.2115735294117647
2019-08-17T00:00:00.000Z;0.23661764705882357;1.9059411764705882;0.060770588235294125;0.09727647058823528;0.11769411764705884;0.15856764705882354;0.19315882352941177;0.20786470588235295;0.21586470588235293;0.22850588235294123;0.26428529411764706;0.17926764705882353
2019-08-19T00:00:00.000Z;0.23661764705882357;1.7220882352941176;0.07444117647058823;0.11241470588235296;0.13437941176470589;0.17595882352941178;0.21323529411764708;0.23039705882352943;0.23919705882352943;0.25007647058823534;0.3014117647058824;0.21780882352941178
2019-08-22T00:00:00.000Z;0.231;1.7220588235294116;0.05867352941176471;0.09167941176470588;0.10932941176470588;0.14973823529411767;0.1850470588235294;0.20045294117647058;0.2104529411764706;0.21983529411764707;0.25411176470588237;0.17850294117647061
2019-08-24T00:00:00.000Z;0.22;1.1792058823529412;0.06624705882352942;0.10486176470588235;0.12448235294117647;0.16799117647058825;0.20494411764705883;0.21867058823529412;0.2320823529411765;0.24136176470588236;0.2841058823529412;0.2029970588235294
2019-08-27T00:00:00.000Z;0.4378529411764706;1.933764705882353;0.05385;0.09424117647058824;0.11085882352941176;0.15360000000000001;0.19262352941176472;0.20567941176470592;0.2141352941176471;0.22569411764705885;0.2562235294117647;0.17436176470588235
2019-08-29T00:00:00.000Z;;;;;;;;;;;;
2019-09-01T00:00:00.000Z;0.21476470588235294;2.0303529411764707;0.05972352941176471;0.09079411764705884;0.10745294117647061;0.14486176470588236;0.1811;0.19524117647058825;0.20405294117647058;0.21503529411764707;0.2536823529411765;0.1816823529411765
2019-09-03T00:00:00.000Z;0.2638235294117647;2.280823529411765;0.0649;0.10270882352941176;0.12189411764705883;0.16423823529411766;0.2017735294117647;0.2155029411764706;0.21925;0.23511470588235295;0.2820323529411765;0.20051764705882358
2019-09-06T00:00:00.000Z;;;;;;;;;;;;
2019-09-08T00:00:00.000Z;;;;;;;;;;;;
2019-09-11T00:00:00.000Z;;;;;;;;;;;;
2019-09-13T00:00:00.000Z;;;;;;;;;;;;
2019-09-16T00:00:00.000Z;;;;;;;;;;;;
2019-09-18T00:00:00.000Z;0.209;1.828558823529412;0.05697058823529413;0.08680882352941177;0.09712352941176472;0.13486176470588235;0.17843529411764705;0.19326176470588238;0.1994764705882353;0.20921470588235294;0.24780588235294124;0.17761176470588236
2019-09-21T00:00:00.000Z;;;;;;;;;;;;
2019-09-26T00:00:00.000Z;0.116;1.8944117647058825;0.049426470588235294;0.0772264705882353;0.08670588235294117;0.1187764705882353;0.16384117647058824;0.1787058823529412;0.1853705882352941;0.1938470588235294;0.2183823529411765;0.15158529411764707
2019-09-28T00:00:00.000Z;;;;;;;;;;;;
2019-10-01T00:00:00.000Z;0.12176470588235294;1.3425882352941176;0.05175588235294117;0.07549117647058824;0.08535588235294117;0.11348823529411767;0.16063823529411766;0.17653529411764707;0.1887;0.19333529411764705;0.21867352941176468;0.15431470588235296
2019-10-03T00:00:00.000Z;0.127;0.9520000000000001;0.053629411764705884;0.08444411764705884;0.0956470588235294;0.12826764705882354;0.17646764705882353;0.1934382352941177;0.20411176470588238;0.21092647058823533;0.23916176470588235;0.17113529411764705
2019-10-06T00:00:00.000Z;0.116;1.275529411764706;0.04808235294117647;0.07415882352941178;0.08368529411764707;0.11379411764705884;0.1605470588235294;0.1767470588235294;0.18791764705882358;0.19376470588235295;0.2122205882352941;0.14514411764705884
2019-10-08T00:00:00.000Z;0.138;2.248852941176471;0.05697058823529413;0.08205;0.09127941176470589;0.1231264705882353;0.17443529411764705;0.19319411764705885;0.19804411764705884;0.2104705882352941;0.23879117647058826;0.17035
2019-10-11T00:00:00.000Z;0.105;1.4441612903225807;0.05842903225806451;0.08194516129032259;0.09067741935483872;0.11917096774193549;0.1703;0.18719354838709681;0.19834193548387097;0.2037645161290323;0.2238451612903226;0.1583548387096774
2019-10-13T00:00:00.000Z;0.1545;1.5031470588235296;0.05100588235294118;0.0792235294117647;0.09023529411764707;0.12275882352941177;0.1728264705882353;0.1886382352941177;0.1967264705882353;0.20696470588235294;0.23131470588235295;0.16248529411764706
2019-10-16T00:00:00.000Z;0.09988235294117646;1.0295882352941177;0.04314411764705882;0.06823235294117648;0.07709411764705883;0.10588235294117647;0.15570294117647063;0.17221176470588234;0.18476470588235294;0.18750588235294122;0.2030735294117647;0.13664411764705883
2019-10-18T00:00:00.000Z;;;;;;;;;;;;
2019-10-21T00:00:00.000Z;0.1436764705882353;1.0931470588235295;0.0465;0.07050000000000001;0.07749117647058823;0.10655;0.16088235294117648;0.17666764705882354;0.19228823529411768;0.19449411764705885;0.2068735294117647;0.1403558823529412
2019-10-23T00:00:00.000Z;;;;;;;;;;;;
2019-10-26T00:00:00.000Z;0.09988235294117646;0.9809117647058825;0.03809117647058824;0.06309705882352942;0.06980882352941177;0.09981764705882352;0.15200588235294119;0.16585882352941175;0.17930588235294118;0.1814794117647059;0.18791176470588236;0.12387352941176472
2019-10-28T00:00:00.000Z;;;;;;;;;;;;
2019-10-31T00:00:00.000Z;;;;;;;;;;;;
2019-11-02T00:00:00.000Z;0.138;1.6652058823529412;0.055661764705882355;0.0819029411764706;0.08750000000000001;0.12167058823529413;0.1817264705882353;0.19874411764705885;0.20639411764705884;0.21820882352941176;0.2321794117647059;0.15937352941176472
2019-11-05T00:00:00.000Z;0.09988235294117646;0.8525882352941176;0.04561470588235294;0.06975294117647059;0.07476764705882352;0.1057264705882353;0.1652529411764706;0.18304117647058826;0.19755294117647057;0.1995323529411765;0.19874411764705885;0.13195882352941177
2019-11-07T00:00:00.000Z;0.11082352941176472;1.5778823529411765;0.05393529411764706;0.076;0.08201764705882353;0.11479411764705884;0.17729117647058826;0.19869117647058826;0.20650588235294123;0.21485882352941177;0.22593823529411766;0.15760588235294118
2019-11-10T00:00:00.000Z;0.11082352941176472;0.6619411764705883;0.04229411764705882;0.06385588235294118;0.0688764705882353;0.09637352941176472;0.15460882352941177;0.17116176470588235;0.1896470588235294;0.1872470588235294;0.18621176470588238;0.1261529411764706
2019-11-12T00:00:00.000Z;0.094;0.9300882352941175;0.04157941176470589;0.06766470588235295;0.07520588235294118;0.10586764705882354;0.16355294117647062;0.17936470588235295;0.19013529411764707;0.1943764705882353;0.2014323529411765;0.13954117647058825
2019-11-15T00:00:00.000Z;;;;;;;;;;;;
2019-11-17T00:00:00.000Z;0.09988235294117646;1.2294411764705884;0.051855882352941175;0.07498235294117647;0.08183529411764706;0.11338529411764706;0.1731;0.19155588235294121;0.20601764705882353;0.2108794117647059;0.21543823529411768;0.14977352941176472
2019-11-20T00:00:00.000Z;;;;;;;;;;;;
2019-11-22T00:00:00.000Z;;;;;;;;;;;;
2019-11-25T00:00:00.000Z;;;;;;;;;;;;
2019-11-27T00:00:00.000Z;;;;;;;;;;;;
2019-11-30T00:00:00.000Z;0.07788235294117647;1.4244117647058825;0.03636176470588236;0.05805588235294117;0.06197941176470588;0.0913470588235294;0.14692058823529414;0.16459411764705884;0.17595294117647062;0.1790529411764706;0.17470000000000002;0.1160264705882353
2019-12-02T00:00:00.000Z;;;;;;;;;;;;
2019-12-05T00:00:00.000Z;;;;;;;;;;;;
2019-12-07T00:00:00.000Z;0.138;1.4018235294117647;0.039150000000000004;0.05845882352941177;0.06219705882352942;0.09136470588235295;0.1481;0.16386764705882353;0.1730529411764706;0.1780470588235294;0.17251470588235296;0.11525588235294118
2019-12-10T00:00:00.000Z;0.06676470588235295;0.3797058823529412;0.03514705882352941;0.05498529411764706;0.058070588235294124;0.08344705882352942;0.14109117647058825;0.15611764705882356;0.1766470588235294;0.1700970588235294;0.16127058823529414;0.10745
2019-12-12T00:00:00.000Z;0.105;0.9501176470588236;0.037314705882352944;0.06015882352941177;0.06559411764705883;0.09521764705882353;0.14931176470588234;0.16367352941176472;0.17477941176470588;0.17901176470588234;0.17404117647058825;0.1192
2019-12-15T00:00:00.000Z;0.07200000000000001;0.9432647058823528;0.03292941176470589;0.05628235294117648;0.05987941176470588;0.08897352941176472;0.14594411764705884;0.15954117647058824;0.17393529411764705;0.1755970588235294;0.16426176470588236;0.1070735294117647
2019-12-17T00:00:00.000Z;;;;;;;;;;;;
2019-12-20T00:00:00.000Z;;;;;;;;;;;;
2019-12-22T00:00:00.000Z;0.083;1.2430882352941175;0.036605882352941176;0.060752941176470586;0.06522352941176471;0.09640588235294116;0.15351176470588235;0.16853529411764706;0.17795588235294119;0.18379411764705883;0.18279411764705883;0.12458823529411767
2019-12-25T00:00:00.000Z;0.061;0.546;0.03186470588235294;0.05405882352941177;0.058405882352941176;0.08590294117647058;0.14333823529411766;0.16040882352941177;0.17841764705882354;0.17550000000000002;0.1628470588235294;0.10590000000000001
2019-12-27T00:00:00.000Z;0.09988235294117646;1.1076764705882354;0.043385294117647064;0.0609;0.06597941176470588;0.09326470588235294;0.14489411764705884;0.16134411764705883;0.17160882352941176;0.17590882352941176;0.16763235294117648;0.11625882352941176
2019-12-30T00:00:00.000Z;;;;;;;;;;;;
2020-01-01T00:00:00.000Z;0.07200000000000001;0.42226470588235293;0.042082352941176474;0.06437941176470588;0.06859117647058824;0.09657352941176472;0.15321470588235295;0.1681470588235294;0.18686764705882355;0.1855558823529412;0.17691470588235295;0.12807352941176472
2020-01-04T00:00:00.000Z;0.116;0.8616470588235294;0.0359764705882353;0.05511764705882353;0.058676470588235295;0.08712941176470589;0.14375882352941177;0.15780588235294118;0.17271176470588234;0.17399117647058826;0.16013823529411766;0.10435
2020-01-06T00:00:00.000Z;0.083;0.5731176470588235;0.040785294117647065;0.059897058823529414;0.06478529411764707;0.09345;0.1514764705882353;0.16881470588235295;0.1856264705882353;0.18544411764705884;0.18158529411764707;0.12368823529411767
2020-01-09T00:00:00.000Z;0.09988235294117646;1.0535882352941175;0.04219117647058824;0.060200000000000004;0.06215882352941177;0.09041764705882353;0.14810588235294117;0.1630764705882353;0.1776235294117647;0.17745294117647062;0.16902058823529412;0.1130264705882353
2020-01-11T00:00:00.000Z;0.08888235294117647;0.7574705882352941;0.03868235294117647;0.06319705882352941;0.0687764705882353;0.09923823529411764;0.15593823529411766;0.16976470588235296;0.18449411764705884;0.1859735294117647;0.1846558823529412;0.12713823529411766
2020-01-14T00:00:00.000Z;0.07200000000000001;0.29411764705882354;0.03228235294117647;0.053826470588235295;0.05995588235294117;0.08658823529411765;0.14317058823529413;0.15888235294117647;0.1786764705882353;0.17275882352941177;0.16420588235294117;0.10743529411764706
2020-01-16T00:00:00.000Z;0.09988235294117646;0.8937647058823529;0.04436764705882353;0.06496176470588236;0.07080882352941177;0.09994117647058824;0.15680588235294118;0.1735264705882353;0.1878382352941177;0.18960000000000002;0.1898705882352941;0.1322
2020-01-19T00:00:00.000Z;;;;;;;;;;;;
2020-01-21T00:00:00.000Z;;;;;;;;;;;;
2020-01-24T00:00:00.000Z;;;;;;;;;;;;
2020-01-26T00:00:00.000Z;0.116;1.0603333333333333;0.05313333333333334;0.0685111111111111;0.06982222222222222;0.10026666666666667;0.1595666666666667;0.17293333333333333;0.19425555555555563;0.1845;0.17213333333333333;0.11280000000000001
2020-01-29T00:00:00.000Z;;;;;;;;;;;;
2020-01-31T00:00:00.000Z;0.094;1.92575;0.016237500000000002;0.022875;0.0239625;0.03225;0.0442;0.047475;0.0487375;0.051987500000000006;0.05485;0.041525
2020-02-03T00:00:00.000Z;0.083;0.6685882352941177;0.03907058823529412;0.060832352941176476;0.06550294117647058;0.09237352941176473;0.14659117647058825;0.16175882352941176;0.17761176470588236;0.17841470588235295;0.1721970588235294;0.11498235294117647
2020-02-05T00:00:00.000Z;;;;;;;;;;;;
2020-02-08T00:00:00.000Z;;;;;;;;;;;;
2020-02-10T00:00:00.000Z;0.09988235294117646;1.5419117647058824;0.04143823529411765;0.06532647058823529;0.07188529411764706;0.10312647058823529;0.15831470588235297;0.1749294117647059;0.1821794117647059;0.1912294117647059;0.19810882352941175;0.13831470588235295
2020-02-13T00:00:00.000Z;0.121;1.38375;0.0847;0.10677500000000001;0.1182;0.1479;0.20272500000000002;0.21727500000000002;0.234275;0.23672500000000002;0.23928750000000001;0.173775
2020-02-15T00:00:00.000Z;0.116;1.113735294117647;0.04975294117647059;0.06984705882352941;0.07592058823529413;0.10420294117647061;0.16199117647058825;0.18038529411764706;0.19232352941176473;0.19457058823529408;0.20409117647058825;0.14323529411764704
2020-02-18T00:00:00.000Z;;;;;;;;;;;;
2020-02-20T00:00:00.000Z;0.11082352941176472;0.4884411764705882;0.04411764705882353;0.06832058823529412;0.07626470588235294;0.10490588235294118;0.1626764705882353;0.17984411764705885;0.19599117647058825;0.1969882352941177;0.20143529411764705;0.14085588235294116
2020-02-23T00:00:00.000Z;0.08888235294117647;0.4242352941176471;0.03750882352941176;0.06056176470588236;0.06668823529411765;0.09427941176470589;0.14976470588235297;0.16591764705882353;0.18393529411764706;0.18074117647058824;0.18053529411764707;0.12122058823529412
2020-02-25T00:00:00.000Z;0.1326764705882353;0.6909117647058823;0.051070588235294125;0.07364411764705883;0.08076764705882353;0.11043823529411766;0.16947058823529412;0.18809117647058826;0.20339117647058824;0.20484117647058825;0.21406176470588234;0.15076176470588235
2020-02-28T00:00:00.000Z;0.11082352941176472;0.6158235294117648;0.06243235294117648;0.08145000000000001;0.08654117647058823;0.11098529411764706;0.16114117647058826;0.17700882352941177;0.19213529411764707;0.18974411764705884;0.19073823529411768;0.1358235294117647
2020-03-01T00:00:00.000Z;;;;;;;;;;;;
2020-03-04T00:00:00.000Z;;;;;;;;;;;;
2020-03-06T00:00:00.000Z;;;;;;;;;;;;
2020-03-09T00:00:00.000Z;;;;;;;;;;;;
2020-03-11T00:00:00.000Z;0.127;1.2180294117647061;0.04971764705882353;0.07684117647058823;0.0871735294117647;0.11940588235294118;0.17518823529411767;0.1913882352941177;0.2009882352941177;0.2092764705882353;0.2265529411764706;0.1613764705882353
2020-03-14T00:00:00.000Z;0.094;1.3061470588235295;0.06022058823529412;0.08224117647058823;0.08885588235294117;0.11749117647058825;0.16881176470588236;0.1825382352941177;0.1937294117647059;0.20015294117647056;0.20426470588235293;0.14050882352941177
2020-03-16T00:00:00.000Z;;;;;;;;;;;;
2020-03-19T00:00:00.000Z;;;;;;;;;;;;
2020-03-21T00:00:00.000Z;;;;;;;;;;;;
2020-03-24T00:00:00.000Z;;;;;;;;;;;;
2020-03-26T00:00:00.000Z;0.19817647058823532;0.4263235294117647;0.048255882352941176;0.07459705882352942;0.08219117647058824;0.11216470588235296;0.1700735294117647;0.18627058823529408;0.20549411764705883;0.20435;0.2168794117647059;0.1509764705882353
2020-03-29T00:00:00.000Z;0.1436764705882353;1.0062941176470588;0.045358823529411764;0.06787941176470588;0.07351470588235294;0.10217058823529412;0.15830294117647062;0.17326764705882355;0.18643529411764706;0.1889470588235294;0.19745000000000001;0.13641470588235297
2020-03-31T00:00:00.000Z;;;;;;;;;;;;
2020-04-03T00:00:00.000Z;;;;;;;;;;;;
2020-04-05T00:00:00.000Z;0.1929705882352941;1.297;0.05760882352941177;0.08400294117647059;0.09034117647058824;0.12397941176470588;0.18424411764705884;0.20236470588235295;0.21379411764705883;0.21921470588235295;0.23930882352941177;0.17154411764705885
2020-04-08T00:00:00.000Z;0.17641176470588235;1.3082058823529412;0.0532264705882353;0.07715000000000001;0.0816235294117647;0.11577352941176472;0.17531764705882355;0.19381470588235294;0.20626470588235293;0.2104323529411765;0.21972941176470592;0.15587941176470588
2020-04-10T00:00:00.000Z;;;;;;;;;;;;
2020-04-13T00:00:00.000Z;0.23661764705882357;1.513029411764706;0.05820294117647059;0.08514705882352942;0.09085;0.12851470588235295;0.19390000000000002;0.20945882352941175;0.2253235294117647;0.22770588235294123;0.2264852941176471;0.15078823529411767
2020-04-15T00:00:00.000Z;;;;;;;;;;;;
2020-04-18T00:00:00.000Z;;;;;;;;;;;;
2020-04-20T00:00:00.000Z;;;;;;;;;;;;
2020-04-23T00:00:00.000Z;;;;;;;;;;;;
2020-04-25T00:00:00.000Z;;;;;;;;;;;;
2020-04-28T00:00:00.000Z;;;;;;;;;;;;
2020-04-30T00:00:00.000Z;0.1545;1.22;0.06876764705882353;0.09730882352941177;0.10416470588235295;0.14121470588235296;0.20267352941176472;0.22049705882352943;0.23109411764705884;0.2398323529411765;0.25817941176470594;0.1904205882352941
2020-05-03T00:00:00.000Z;0.127;0.7487941176470588;0.05480882352941177;0.08050588235294118;0.08565882352941177;0.1148764705882353;0.16828823529411766;0.1853058823529412;0.19828823529411768;0.20074411764705885;0.2063294117647059;0.14733823529411766
2020-05-05T00:00:00.000Z;;;;;;;;;;;;
2020-05-08T00:00:00.000Z;;;;;;;;;;;;
2020-05-10T00:00:00.000Z;0.122;0.9510588235294116;0.06963529411764706;0.09464117647058824;0.09984117647058825;0.13861764705882354;0.20961176470588236;0.23317647058823532;0.24212941176470593;0.2573764705882353;0.26880588235294123;0.19069411764705885
2020-05-13T00:00:00.000Z;0.105;1.0961176470588234;0.06641176470588235;0.09313235294117649;0.09590588235294116;0.13330294117647062;0.19815294117647056;0.21598823529411768;0.2307529411764706;0.2354;0.24047647058823532;0.16408823529411767
2020-05-15T00:00:00.000Z;;;;;;;;;;;;
2020-05-18T00:00:00.000Z;0.16;1.0013529411764706;0.050435294117647064;0.07648529411764707;0.08021764705882353;0.11431470588235296;0.1758764705882353;0.1943764705882353;0.20815882352941176;0.20893823529411767;0.22453529411764708;0.15872058823529414
2020-05-20T00:00:00.000Z;0.1326764705882353;1.326264705882353;0.06267058823529413;0.09330882352941176;0.10216176470588237;0.13853823529411766;0.20155294117647057;0.21869117647058825;0.22829411764705884;0.23565588235294121;0.2658852941176471;0.19437941176470588
2020-05-23T00:00:00.000Z;0.23661764705882357;1.7716764705882353;0.06040882352941177;0.09012647058823528;0.09548823529411764;0.13117352941176472;0.19218529411764707;0.21074705882352943;0.2156;0.2261205882352941;0.23858823529411766;0.16730882352941176
2020-05-25T00:00:00.000Z;;;;;;;;;;;;
2020-05-28T00:00:00.000Z;0.24747058823529408;1.5806764705882355;0.05535588235294117;0.08426470588235295;0.09052647058823529;0.12666764705882355;0.18815294117647058;0.20568529411764708;0.21587058823529412;0.2228029411764706;0.24062941176470592;0.17408529411764706
2020-05-30T00:00:00.000Z;0.1545;0.9580882352941176;0.06637058823529413;0.10003823529411764;0.10914117647058826;0.14739117647058825;0.20656764705882352;0.22502941176470592;0.23844117647058827;0.24590882352941176;0.2736823529411765;0.20075
2020-06-02T00:00:00.000Z;;;;;;;;;;;;
2020-06-04T00:00:00.000Z;;;;;;;;;;;;
2020-06-07T00:00:00.000Z;;;;;;;;;;;;
2020-06-09T00:00:00.000Z;;;;;;;;;;;;
2020-06-12T00:00:00.000Z;0.116;1.0910588235294116;0.057497058823529415;0.08774117647058824;0.09745000000000001;0.13329117647058825;0.1868382352941177;0.20134117647058825;0.21618823529411768;0.22139705882352942;0.24262058823529412;0.17096176470588234
2020-06-14T00:00:00.000Z;0.16;1.3181176470588234;0.07354411764705883;0.10515294117647062;0.11616470588235296;0.15407058823529413;0.21039705882352944;0.2293735294117647;0.24149411764705883;0.24817647058823533;0.28540588235294123;0.21275882352941178
2020-06-17T00:00:00.000Z;0.149;1.8493823529411768;0.07314705882352941;0.10076470588235295;0.10741764705882353;0.14516470588235295;0.2018264705882353;0.22264705882352942;0.23030588235294122;0.24139705882352944;0.26729411764705885;0.1916970588235294
2020-06-19T00:00:00.000Z;0.149;1.6022592592592595;0.1879814814814815;0.20040000000000002;0.20531481481481484;0.2421074074074074;0.286462962962963;0.3036888888888889;0.32956296296296295;0.3257333333333333;0.3666407407407408;0.2455074074074074
2020-06-22T00:00:00.000Z;0.17641176470588235;1.6336176470588235;0.06076764705882353;0.09140588235294117;0.1019;0.13812058823529413;0.18515;0.20222352941176472;0.2126294117647059;0.22250588235294122;0.2480029411764706;0.17355588235294117
2020-06-24T00:00:00.000Z;;;;;;;;;;;;
2020-06-27T00:00:00.000Z;;;;;;;;;;;;
2020-06-29T00:00:00.000Z;0.19817647058823532;1.3573235294117647;0.06932352941176471;0.10495294117647061;0.12151176470588235;0.16216764705882356;0.20949117647058826;0.2292823529411765;0.23897647058823532;0.2498852941176471;0.2927823529411765;0.21228529411764707
2020-07-02T00:00:00.000Z;0.11082352941176472;0.9450588235294116;0.06304117647058824;0.09450588235294116;0.10811176470588235;0.1423735294117647;0.18707058823529407;0.20239411764705884;0.21785294117647058;0.22225882352941176;0.2518941176470588;0.1768029411764706
2020-07-04T00:00:00.000Z;0.12176470588235294;1.6010882352941176;0.07856176470588236;0.10897941176470588;0.12553235294117646;0.16354411764705884;0.21149411764705883;0.23132941176470592;0.24245588235294122;0.25220000000000004;0.29591470588235297;0.2147
2020-07-07T00:00:00.000Z;0.2038235294117647;1.440235294117647;0.06341764705882352;0.09297647058823529;0.10600294117647062;0.14310588235294117;0.18857058823529407;0.20599117647058826;0.21707647058823532;0.22349705882352944;0.25821176470588236;0.18295882352941176
2020-07-09T00:00:00.000Z;0.32376470588235295;2.512529411764706;0.04590588235294118;0.07717058823529413;0.09191470588235294;0.12817941176470588;0.1660970588235294;0.17959117647058825;0.1807382352941177;0.19916176470588237;0.2256323529411765;0.14991470588235295
2020-07-12T00:00:00.000Z;0.38361764705882356;2.110147058823529;0.05390294117647059;0.09243235294117648;0.10869117647058825;0.15076176470588235;0.19476470588235295;0.21230294117647058;0.2189352941176471;0.23524411764705885;0.2604794117647059;0.17703235294117647
2020-07-14T00:00:00.000Z;;;;;;;;;;;;
2020-07-17T00:00:00.000Z;0.209;2.2391176470588237;0.06269411764705883;0.09319117647058825;0.10591470588235295;0.14565;0.18949117647058825;0.20669705882352943;0.2125235294117647;0.22666470588235293;0.26123529411764707;0.18743529411764706
2020-07-19T00:00:00.000Z;0.2638235294117647;1.9770294117647056;0.06707941176470589;0.10323823529411766;0.11893235294117648;0.1647970588235294;0.20733823529411766;0.22427647058823533;0.23110588235294122;0.24724411764705884;0.29097941176470593;0.20661764705882352
2020-07-22T00:00:00.000Z;0.16;1.1294545454545455;0.07134545454545456;0.08984545454545455;0.13264545454545457;0.16545454545454547;0.2073;0.24016363636363636;0.1298909090909091;0.27342727272727274;0.23620909090909092;0.2215090909090909
2020-07-24T00:00:00.000Z;0.1929705882352941;2.2644411764705885;0.07781764705882353;0.08325294117647059;0.09441470588235294;0.10493529411764706;0.10785588235294118;0.1148764705882353;0.11443529411764705;0.12202058823529413;0.2102;0.2284205882352941
2020-07-27T00:00:00.000Z;0.2747647058823529;1.7949411764705883;0.058229411764705884;0.06838235294117648;0.08540294117647058;0.09497647058823529;0.09937058823529413;0.10763823529411766;0.11226764705882354;0.11782352941176472;0.20875882352941177;0.2202676470588235
2020-07-29T00:00:00.000Z;0.182;1.8914117647058826;0.06318235294117648;0.07486470588235294;0.09338823529411763;0.10490882352941176;0.10776470588235296;0.11359117647058825;0.11783529411764705;0.12577058823529413;0.22627941176470592;0.23640882352941175
2020-08-01T00:00:00.000Z;;;;;;;;;;;;
2020-08-03T00:00:00.000Z;0.19817647058823532;2.4347647058823534;0.06569117647058824;0.07425294117647059;0.0915029411764706;0.10063235294117648;0.10198235294117648;0.11157352941176471;0.11276764705882354;0.12163235294117647;0.23466176470588235;0.2549764705882353
2020-08-06T00:00:00.000Z;0.231;1.9000000000000001;0.04801176470588236;0.05783823529411765;0.07756470588235294;0.08523823529411766;0.0879529411764706;0.09565;0.10022647058823529;0.1072264705882353;0.21554705882352942;0.23188529411764708
2020-08-08T00:00:00.000Z;0.2965;1.5680882352941177;0.05514705882352942;0.07077941176470588;0.09354411764705885;0.1052970588235294;0.10827058823529413;0.11644411764705884;0.12102352941176471;0.13148529411764706;0.24312058823529412;0.2495794117647059
2020-08-11T00:00:00.000Z;;;;;;;;;;;;
2020-08-13T00:00:00.000Z;0.23661764705882357;1.3641764705882353;0.054011764705882356;0.06576176470588235;0.08927058823529413;0.09870588235294117;0.10217352941176472;0.11141176470588235;0.11826470588235295;0.1254794117647059;0.2529941176470588;0.2699264705882353
2020-08-16T00:00:00.000Z;0.149;0.9666470588235294;0.04812058823529412;0.05917352941176471;0.08080882352941177;0.08901764705882353;0.09188823529411765;0.0999529411764706;0.10876764705882354;0.11197352941176471;0.2268823529411765;0.24236764705882352
2020-08-18T00:00:00.000Z;0.0555;1.3703823529411765;0.06366764705882352;0.07895294117647059;0.10090882352941176;0.11290588235294118;0.11745882352941177;0.12479411764705883;0.13001764705882354;0.13786470588235294;0.25651176470588233;0.26677941176470593
2020-08-21T00:00:00.000Z;0.1545;1.2628529411764706;0.05152941176470588;0.06736764705882353;0.08929705882352942;0.09980882352941176;0.10378235294117646;0.11291764705882354;0.1199;0.12664117647058826;0.23104411764705884;0.23059411764705884
2020-08-23T00:00:00.000Z;0.1326764705882353;2.007647058823529;0.07477941176470589;0.08671176470588236;0.10810588235294118;0.12128823529411767;0.12427352941176471;0.13568529411764704;0.1378970588235294;0.14893823529411768;0.27285882352941176;0.2826911764705883
2020-08-26T00:00:00.000Z;0.171;1.412029411764706;0.05044411764705882;0.06288823529411765;0.08641764705882353;0.09448823529411764;0.09875588235294117;0.10675294117647062;0.11363235294117648;0.11875588235294118;0.23576176470588237;0.24915
2020-08-28T00:00:00.000Z;0.2965;1.8096176470588237;0.05259117647058823;0.07097352941176471;0.0965470588235294;0.10915000000000001;0.1110470588235294;0.11950294117647062;0.12381764705882355;0.13336764705882354;0.25873529411764706;0.26410588235294125
2020-08-31T00:00:00.000Z;0.138;0.9246470588235294;0.050561764705882355;0.06594411764705883;0.08981176470588235;0.09834117647058825;0.10041470588235295;0.10869411764705883;0.11884117647058826;0.12140588235294118;0.23206176470588236;0.2343029411764706
2020-09-02T00:00:00.000Z;0.187;2.267153846153846;0.08970769230769231;0.11183846153846158;0.14805384615384615;0.16303846153846158;0.16965384615384616;0.18024615384615383;0.18890769230769233;0.19685384615384613;0.3392769230769231;0.3357307692307693
2020-09-05T00:00:00.000Z;0.1545;1.4954705882352939;0.04950588235294118;0.06272941176470588;0.08679705882352942;0.0952529411764706;0.09876176470588237;0.10575294117647062;0.11433235294117647;0.11826470588235295;0.2364029411764706;0.24879411764705883
2020-09-07T00:00:00.000Z;0.209;2.0608823529411766;0.06291764705882352;0.07880294117647059;0.10290588235294118;0.11534117647058825;0.11955882352941176;0.12668529411764706;0.1307264705882353;0.14101470588235296;0.26395;0.2682705882352941
2020-09-10T00:00:00.000Z;0.1929705882352941;1.5583823529411767;0.047229411764705895;0.0635029411764706;0.08824705882352941;0.09838529411764707;0.10076764705882353;0.10880000000000001;0.11482352941176471;0.1217970588235294;0.23437647058823532;0.2352029411764706
2020-09-12T00:00:00.000Z;0.21476470588235294;1.7750588235294118;0.06030882352941177;0.07455294117647059;0.10045588235294116;0.11216176470588235;0.11450882352941176;0.12388529411764705;0.12817352941176471;0.13671470588235296;0.2623264705882353;0.27447058823529413
2020-09-15T00:00:00.000Z;;;;;;;;;;;;
2020-09-17T00:00:00.000Z;;;;;;;;;;;;
2020-09-20T00:00:00.000Z;;;;;;;;;;;;
2020-09-22T00:00:00.000Z;0.24747058823529408;1.5680882352941177;0.06053235294117648;0.07674411764705884;0.10232647058823528;0.1163470588235294;0.12119411764705884;0.13338823529411767;0.1369764705882353;0.1463;0.26669411764705886;0.27049411764705883
2020-09-25T00:00:00.000Z;0.1655;1.1009411764705883;0.05017058823529413;0.06586764705882353;0.09129117647058825;0.10072647058823529;0.1062;0.11345294117647062;0.12382352941176471;0.1265764705882353;0.24915;0.2555147058823529
2020-09-27T00:00:00.000Z;0.149;0.8436176470588236;0.051885294117647064;0.07168235294117647;0.10103823529411764;0.11160882352941176;0.11730294117647061;0.12472941176470588;0.13539411764705883;0.1398735294117647;0.2670941176470588;0.26860588235294125
2020-09-30T00:00:00.000Z;;;;;;;;;;;;
2020-10-02T00:00:00.000Z;;;;;;;;;;;;
2020-10-05T00:00:00.000Z;;;;;;;;;;;;
2020-10-07T00:00:00.000Z;0.171;1.017764705882353;0.08719117647058823;0.11893529411764706;0.16171470588235295;0.17195588235294118;0.17636470588235295;0.18485882352941177;0.20710588235294122;0.2034882352941177;0.30559705882352944;0.27989411764705885
2020-10-10T00:00:00.000Z;;;;;;;;;;;;
2020-10-12T00:00:00.000Z;0.127;0.8492647058823529;0.08990882352941178;0.11935000000000001;0.16240882352941177;0.17104117647058825;0.17669411764705883;0.18561764705882355;0.20804705882352942;0.20192941176470589;0.3080323529411765;0.28891470588235296
2020-10-15T00:00:00.000Z;0.105;0.9371764705882353;0.08299117647058823;0.11122352941176471;0.15227058823529413;0.15966176470588234;0.16642941176470588;0.17220882352941178;0.19622941176470587;0.18715;0.2836235294117647;0.2659823529411765
2020-10-17T00:00:00.000Z;;;;;;;;;;;;
2020-10-20T00:00:00.000Z;;;;;;;;;;;;
2020-10-25T00:00:00.000Z;0.1929705882352941;1.156764705882353;0.07627058823529413;0.10575588235294117;0.1471470588235294;0.15531764705882353;0.16150588235294117;0.17019411764705883;0.1901058823529412;0.18525294117647056;0.28335588235294124;0.2649529411764706
2020-10-27T00:00:00.000Z;0.116;1.3715882352941176;0.07899705882352942;0.1101470588235294;0.15236764705882355;0.16463529411764705;0.16910294117647062;0.17793235294117649;0.1923705882352941;0.1933264705882353;0.29863823529411765;0.2757352941176471
2020-10-30T00:00:00.000Z;0.116;1.0073235294117648;0.0748235294117647;0.10519117647058825;0.14666470588235295;0.15547058823529414;0.15941176470588234;0.16722352941176472;0.18805294117647056;0.18323235294117649;0.2757176470588235;0.2484352941176471
2020-11-01T00:00:00.000Z;0.127;1.3373529411764706;0.08488235294117648;0.11389411764705884;0.15367058823529414;0.16567647058823531;0.16978823529411766;0.17986470588235295;0.19561764705882356;0.19408235294117648;0.2996352941176471;0.2811264705882353
2020-11-04T00:00:00.000Z;;;;;;;;;;;;
2020-11-06T00:00:00.000Z;;;;;;;;;;;;
2020-11-09T00:00:00.000Z;0.105;1.467;0.06011176470588236;0.08670882352941177;0.12096764705882354;0.13367647058823529;0.13825882352941177;0.1444058823529412;0.15867058823529412;0.1599970588235294;0.2669;0.2323735294117647
2020-11-11T00:00:00.000Z;0.105;1.085;0.11433333333333333;0.13453333333333334;0.1658666666666667;0.18180000000000002;0.1893;0.20670000000000002;0.2217333333333333;0.21760000000000002;0.3315;0.2975
2020-11-14T00:00:00.000Z;;;;;;;;;;;;
2020-11-16T00:00:00.000Z;;;;;;;;;;;;
2020-11-19T00:00:00.000Z;0.127;1.3952058823529412;0.06175294117647059;0.07292058823529413;0.08770882352941177;0.09493235294117648;0.09599705882352941;0.09941176470588237;0.10243823529411766;0.10722058823529412;0.15244411764705884;0.13536764705882354
2020-11-21T00:00:00.000Z;0.09988235294117646;0.7325588235294117;0.08239117647058823;0.10759117647058825;0.14257058823529412;0.15739411764705882;0.1640235294117647;0.17346470588235297;0.1895970588235294;0.19050882352941176;0.3148529411764706;0.2939529411764706
2020-11-24T00:00:00.000Z;;;;;;;;;;;;
2020-11-26T00:00:00.000Z;;;;;;;;;;;;
2020-11-29T00:00:00.000Z;0.083;1.2912058823529413;0.05277941176470588;0.07701176470588236;0.10916764705882354;0.12093823529411767;0.1266764705882353;0.1340294117647059;0.1469058823529412;0.15178823529411767;0.2534764705882353;0.21920882352941176
2020-12-01T00:00:00.000Z;0.09988235294117646;1.1183235294117646;0.06613529411764707;0.09005588235294118;0.12657941176470588;0.14017058823529413;0.14624117647058826;0.1568264705882353;0.16901470588235296;0.17298823529411766;0.29321470588235293;0.26977941176470593
2020-12-04T00:00:00.000Z;;;;;;;;;;;;
2020-12-06T00:00:00.000Z;0.083;0.49861764705882355;0.06887941176470588;0.09849411764705884;0.13622352941176472;0.14948823529411767;0.15670294117647063;0.16597941176470588;0.18210882352941177;0.18423529411764705;0.30266470588235295;0.2765382352941177
2020-12-09T00:00:00.000Z;0.06676470588235295;0.6035588235294117;0.05531176470588236;0.08245882352941178;0.11533823529411766;0.1252558823529412;0.13249705882352938;0.13866764705882353;0.15824117647058825;0.15674117647058824;0.25774411764705885;0.22236764705882353
2020-12-11T00:00:00.000Z;;;;;;;;;;;;
2020-12-16T00:00:00.000Z;0.083;0.7764705882352941;0.07335;0.10231764705882353;0.13844411764705883;0.15359117647058826;0.16042941176470588;0.17088235294117649;0.18329117647058826;0.18710000000000002;0.3051735294117647;0.2771
2020-12-19T00:00:00.000Z;0.09988235294117646;1.3011176470588235;0.06797647058823529;0.09539117647058824;0.12903529411764705;0.14497352941176472;0.14971764705882354;0.15863529411764707;0.1685470588235294;0.17302941176470588;0.2847235294117647;0.2528
2020-12-21T00:00:00.000Z;;;;;;;;;;;;
2020-12-24T00:00:00.000Z;0.08888235294117647;0.9359411764705884;0.06935588235294117;0.09330882352941176;0.12310588235294118;0.137;0.14301470588235296;0.1513029411764706;0.16455882352941176;0.16570000000000001;0.2683558823529412;0.24515588235294122
2020-12-26T00:00:00.000Z;0.07200000000000001;0.2594705882352942;0.07180588235294118;0.10094117647058824;0.1385235294117647;0.15215;0.15970882352941176;0.17026764705882355;0.18891176470588236;0.18709117647058826;0.30397941176470594;0.2756
2020-12-29T00:00:00.000Z;0.07200000000000001;0.6927058823529413;0.07316176470588236;0.09827941176470588;0.13224117647058825;0.1457;0.1531529411764706;0.1597470588235294;0.1764470588235294;0.17490882352941176;0.2866735294117647;0.25714705882352945
2020-12-31T00:00:00.000Z;0.07788235294117647;0.5308823529411765;0.07625;0.10407058823529412;0.14169411764705883;0.15627058823529413;0.16485;0.17346764705882353;0.19107058823529408;0.1924705882352941;0.31241176470588233;0.28906764705882354
2021-01-03T00:00:00.000Z;0.06676470588235295;0.4213235294117647;0.05653235294117648;0.07616176470588236;0.10364117647058825;0.11285882352941176;0.12011764705882354;0.12500882352941176;0.14176470588235296;0.13583823529411768;0.2226852941176471;0.20368529411764705
2021-01-05T00:00:00.000Z;0.083;0.37623529411764706;0.07386176470588236;0.10314411764705883;0.1426470588235294;0.15915;0.1644764705882353;0.17510294117647063;0.193;0.19285294117647056;0.3100117647058824;0.2817411764705883
2021-01-08T00:00:00.000Z;;;;;;;;;;;;
2021-01-10T00:00:00.000Z;;;;;;;;;;;;
2021-01-13T00:00:00.000Z;0.11082352941176472;0.5601764705882353;0.06264705882352942;0.08732058823529412;0.1214264705882353;0.13156764705882354;0.13842352941176472;0.14597941176470589;0.16454117647058825;0.15956176470588235;0.2721647058823529;0.2454029411764706
2021-01-15T00:00:00.000Z;0.105;0.2980294117647059;0.07171764705882352;0.10171176470588238;0.13995000000000002;0.1526029411764706;0.1611529411764706;0.16994117647058826;0.1895823529411765;0.18707941176470588;0.3036794117647059;0.27397352941176467
2021-01-18T00:00:00.000Z;0.11082352941176472;0.6172941176470588;0.06467941176470589;0.09345588235294117;0.12973529411764706;0.1433264705882353;0.15007352941176472;0.15846764705882355;0.17399411764705883;0.17300000000000001;0.2862647058823529;0.25268529411764706
2021-01-20T00:00:00.000Z;;;;;;;;;;;;
2021-01-23T00:00:00.000Z;;;;;;;;;;;;
2021-01-25T00:00:00.000Z;0.09802941176470589;1.5011176470588234;0.051500000000000004;0.07174117647058824;0.09486176470588237;0.10682941176470588;0.11113823529411766;0.11638235294117646;0.12335;0.12784117647058824;0.19206470588235294;0.17476176470588234
2021-01-28T00:00:00.000Z;0.08888235294117647;1.0670294117647061;0.06651470588235295;0.09419411764705884;0.12710588235294118;0.1423029411764706;0.1482970588235294;0.1568264705882353;0.16814117647058824;0.1712029411764706;0.27389117647058825;0.24226764705882353
2021-01-30T00:00:00.000Z;;;;;;;;;;;;
2021-02-02T00:00:00.000Z;0.07200000000000001;0.7683823529411765;0.07748235294117647;0.10371764705882354;0.13996470588235296;0.15437058823529412;0.16355294117647062;0.1732264705882353;0.18925294117647057;0.18851470588235295;0.30867058823529414;0.2869558823529412
2021-02-04T00:00:00.000Z;0.12176470588235294;1.0556176470588234;0.07661470588235295;0.10875;0.1489470588235294;0.16696176470588234;0.17669411764705883;0.18537941176470588;0.1965058823529412;0.20188529411764705;0.32309411764705886;0.29613823529411765
2021-02-07T00:00:00.000Z;;;;;;;;;;;;
2021-02-09T00:00:00.000Z;;;;;;;;;;;;
2021-02-12T00:00:00.000Z;;;;;;;;;;;;
2021-02-14T00:00:00.000Z;0.105;0.8188529411764707;0.08266764705882353;0.1166764705882353;0.15843823529411766;0.17679117647058826;0.18631470588235294;0.19579411764705884;0.20833823529411766;0.21225000000000002;0.33691176470588236;0.30740588235294125
2021-02-17T00:00:00.000Z;;;;;;;;;;;;
2021-02-19T00:00:00.000Z;0.12176470588235294;0.6745;0.08651470588235294;0.11731470588235296;0.15860000000000002;0.17669117647058824;0.1888264705882353;0.1994470588235294;0.21495882352941176;0.21593823529411768;0.3401735294117647;0.31624411764705884
2021-02-22T00:00:00.000Z;;;;;;;;;;;;
2021-02-24T00:00:00.000Z;;;;;;;;;;;;
2021-02-27T00:00:00.000Z;;;;;;;;;;;;
2021-03-01T00:00:00.000Z;;;;;;;;;;;;
2021-03-04T00:00:00.000Z;;;;;;;;;;;;
2021-03-06T00:00:00.000Z;;;;;;;;;;;;
2021-03-09T00:00:00.000Z;;;;;;;;;;;;
2021-03-11T00:00:00.000Z;0.116;1.3567352941176472;0.08522058823529413;0.11675588235294118;0.15605588235294118;0.17797941176470589;0.1894058823529412;0.2031970588235294;0.21131764705882353;0.21936176470588234;0.3491235294117647;0.32070882352941177
2021-03-14T00:00:00.000Z;0.08888235294117647;0.6788529411764707;0.08089117647058823;0.11123823529411767;0.14966470588235295;0.16686176470588235;0.1806794117647059;0.1915058823529412;0.20847647058823532;0.2075323529411765;0.32841470588235294;0.30422058823529413
2021-03-16T00:00:00.000Z;0.138;0.7788529411764706;0.09050588235294116;0.12551470588235294;0.16785882352941175;0.18989117647058826;0.20386176470588238;0.2137823529411765;0.22627647058823533;0.2313823529411765;0.35665;0.32184705882352943
2021-03-19T00:00:00.000Z;;;;;;;;;;;;
2021-03-21T00:00:00.000Z;0.1326764705882353;0.4579411764705882;0.09415;0.12743235294117647;0.16973823529411766;0.18904117647058824;0.2052029411764706;0.21572941176470592;0.23538823529411768;0.2348029411764706;0.3652117647058824;0.33490882352941176
2021-03-24T00:00:00.000Z;0.116;0.8025588235294118;0.08602941176470588;0.11667352941176472;0.15531764705882353;0.17426764705882355;0.19022058823529409;0.20129411764705885;0.21671764705882351;0.21583529411764707;0.3374735294117647;0.31019705882352944
2021-03-26T00:00:00.000Z;0.17641176470588235;0.7555882352941177;0.09438823529411763;0.1313294117647059;0.17515294117647062;0.19655294117647057;0.21378823529411767;0.22564117647058826;0.23927058823529412;0.24334411764705885;0.36844117647058816;0.33180000000000004
2021-03-29T00:00:00.000Z;;;;;;;;;;;;
2021-03-31T00:00:00.000Z;0.36176470588235293;0.8489117647058824;0.11048235294117648;0.14456176470588236;0.1725735294117647;0.19556764705882357;0.22409411764705883;0.23676176470588237;0.24772941176470592;0.2500147058823529;0.3243794117647059;0.29069117647058823
2021-04-03T00:00:00.000Z;;;;;;;;;;;;
2021-04-05T00:00:00.000Z;0.171;1.1672647058823529;0.09699411764705884;0.12942352941176472;0.16606176470588235;0.18944117647058825;0.20939117647058825;0.2213323529411765;0.22783823529411767;0.23965882352941176;0.33931764705882356;0.2986058823529412
2021-04-08T00:00:00.000Z;;;;;;;;;;;;
2021-04-10T00:00:00.000Z;;;;;;;;;;;;
2021-04-13T00:00:00.000Z;;;;;;;;;;;;
2021-04-15T00:00:00.000Z;;;;;;;;;;;;
2021-04-18T00:00:00.000Z;0.1326764705882353;0.4682941176470589;0.08687058823529413;0.12074411764705884;0.15865882352941177;0.18235882352941177;0.20617647058823532;0.21903823529411767;0.23591176470588235;0.23506176470588236;0.34361176470588234;0.30145588235294124
2021-04-20T00:00:00.000Z;0.1934705882352941;1.398294117647059;0.12309411764705884;0.15891470588235296;0.19970882352941177;0.2310823529411765;0.25426470588235295;0.27124705882352945;0.28098823529411765;0.2912823529411765;0.4189352941176471;0.3793941176470588
2021-04-23T00:00:00.000Z;;;;;;;;;;;;
2021-04-25T00:00:00.000Z;;;;;;;;;;;;
2021-04-28T00:00:00.000Z;;;;;;;;;;;;
2021-04-30T00:00:00.000Z;0.209;1.2689411764705882;0.11427058823529412;0.15381470588235296;0.1950323529411765;0.22685000000000002;0.2544029411764706;0.2704058823529412;0.28237941176470593;0.28861176470588235;0.4111705882352942;0.3746558823529412
2021-05-03T00:00:00.000Z;;;;;;;;;;;;
2021-05-05T00:00:00.000Z;;;;;;;;;;;;
2021-05-08T00:00:00.000Z;0.138;0.7898823529411765;0.10870882352941176;0.14448823529411767;0.18000588235294118;0.2095235294117647;0.24014117647058825;0.2547323529411765;0.2692;0.2711205882352941;0.35864411764705884;0.31254117647058827
2021-05-10T00:00:00.000Z;;;;;;;;;;;;
2021-05-13T00:00:00.000Z;0.09966666666666668;1.2980833333333333;0.10397500000000001;0.14418333333333333;0.18253333333333333;0.21603333333333333;0.25093333333333334;0.26787500000000003;0.28135;0.28389166666666665;0.37415000000000004;0.32963333333333333
2021-05-15T00:00:00.000Z;0.116;1.1245882352941177;0.11540588235294118;0.15501176470588235;0.1978764705882353;0.23002058823529412;0.26090882352941175;0.2767823529411765;0.2867470588235294;0.29712058823529414;0.4050558823529412;0.3603235294117647
2021-05-18T00:00:00.000Z;0.12176470588235294;1.1163823529411765;0.09751470588235295;0.13729411764705884;0.1765470588235294;0.20689705882352943;0.23229117647058825;0.24655294117647059;0.25672941176470593;0.2640323529411765;0.3684382352941177;0.32083823529411765
2021-05-20T00:00:00.000Z;0.16;1.5467058823529412;0.11625;0.15656470588235297;0.2009058823529412;0.23269411764705883;0.25741470588235293;0.27379705882352945;0.28354117647058824;0.2923588235294118;0.41297058823529414;0.3739970588235294
2021-05-23T00:00:00.000Z;;;;;;;;;;;;
2021-05-25T00:00:00.000Z;;;;;;;;;;;;
2021-05-28T00:00:00.000Z;;;;;;;;;;;;
2021-05-30T00:00:00.000Z;;;;;;;;;;;;
2021-06-02T00:00:00.000Z;0.127;1.3042941176470588;0.1117470588235294;0.15032352941176472;0.19481176470588238;0.22507941176470592;0.25472647058823533;0.27178823529411766;0.2831058823529412;0.2920205882352941;0.4059764705882353;0.3618941176470588
2021-06-04T00:00:00.000Z;;;;;;;;;;;;
2021-06-07T00:00:00.000Z;0.138;1.5230588235294118;0.09467941176470589;0.13361176470588235;0.17655882352941177;0.20856176470588236;0.2315;0.2467235294117647;0.2532294117647059;0.2661235294117647;0.3752441176470588;0.32217941176470594
2021-06-09T00:00:00.000Z;0.18726470588235294;1.524;0.11763235294117647;0.15851470588235295;0.20373529411764707;0.23846470588235294;0.2602794117647059;0.27777941176470594;0.28737647058823534;0.2997852941176471;0.4249794117647059;0.38491764705882353
2021-06-12T00:00:00.000Z;;;;;;;;;;;;
2021-06-14T00:00:00.000Z;0.31829411764705884;1.8101764705882357;0.11532058823529413;0.16256176470588235;0.20685;0.23832058823529412;0.2645882352941177;0.28089705882352944;0.2819852941176471;0.29944705882352946;0.3968823529411765;0.34390000000000004
2021-06-17T00:00:00.000Z;;;;;;;;;;;;
2021-06-19T00:00:00.000Z;;;;;;;;;;;;
2021-06-22T00:00:00.000Z;0.099;1.615;0.1056;0.1472;0.1942;0.1993;0.2388;0.23900000000000002;0.2712;0.26990000000000003;0.3461;0.26180000000000003
2021-06-24T00:00:00.000Z;0.171;1.5771470588235295;0.11760294117647062;0.1624794117647059;0.21205000000000002;0.24612647058823534;0.2724294117647059;0.2863117647058824;0.29219117647058823;0.30519117647058824;0.42758823529411766;0.3732323529411765
2021-06-27T00:00:00.000Z;0.1545;1.6003823529411767;0.10218823529411764;0.14491764705882354;0.1894058823529412;0.22079117647058824;0.24696176470588235;0.2596176470588235;0.26641764705882354;0.27989411764705885;0.3852411764705882;0.3279352941176471
2021-06-29T00:00:00.000Z;0.105;1.1086470588235295;0.12321176470588235;0.16606470588235295;0.21537647058823534;0.24674411764705884;0.27461176470588233;0.2908352941176471;0.3018911764705883;0.3089882352941177;0.43132941176470585;0.3864264705882353
2021-07-02T00:00:00.000Z;0.1326764705882353;1.1367352941176472;0.10609705882352939;0.14536470588235295;0.1915470588235294;0.21951176470588235;0.2473294117647059;0.26196470588235293;0.27379411764705885;0.2799323529411765;0.39500588235294126;0.35021176470588233
2021-07-04T00:00:00.000Z;0.061;1.423970588235294;0.12101470588235295;0.1674764705882353;0.21721764705882352;0.2491323529411765;0.2725029411764706;0.28956470588235295;0.29565882352941175;0.30902941176470594;0.4314558823529412;0.3777882352941177
2021-07-07T00:00:00.000Z;;;;;;;;;;;;
2021-07-09T00:00:00.000Z;0.2747647058823529;2.086529411764706;0.14830882352941177;0.19527058823529408;0.24570588235294122;0.2858294117647059;0.3110735294117647;0.3324294117647059;0.3340264705882353;0.35243235294117653;0.46811176470588234;0.41025882352941184
2021-07-12T00:00:00.000Z;0.35911764705882354;1.0772058823529413;0.10370294117647061;0.15051176470588234;0.19917647058823532;0.22836470588235294;0.25371176470588236;0.2702323529411765;0.28340588235294123;0.28855000000000003;0.3935029411764706;0.3412735294117647
2021-07-14T00:00:00.000Z;0.11082352941176472;1.611264705882353;0.12056470588235296;0.16698823529411766;0.21809411764705883;0.2529470588235294;0.27276470588235296;0.28759411764705883;0.2925794117647059;0.3073823529411765;0.4319911764705882;0.3730941176470588
2021-07-17T00:00:00.000Z;0.1326764705882353;1.6392352941176471;0.10700882352941177;0.14866470588235295;0.19305882352941175;0.22285588235294124;0.24555588235294123;0.26026176470588236;0.2656647058823529;0.2790294117647059;0.38068823529411766;0.32224117647058825
2021-07-19T00:00:00.000Z;0.29097058823529415;1.958264705882353;0.12527058823529413;0.17040882352941175;0.22390588235294123;0.25733823529411765;0.27841176470588236;0.29866470588235294;0.30135;0.31611470588235296;0.4417764705882353;0.3874794117647059
2021-07-22T00:00:00.000Z;0.21476470588235294;1.057735294117647;0.10823529411764705;0.15052352941176472;0.20104117647058825;0.22973823529411766;0.25231176470588235;0.26592352941176467;0.28146470588235295;0.28501176470588235;0.40155;0.35196176470588236
2021-07-24T00:00:00.000Z;0.4106764705882353;1.5076176470588234;0.11958529411764705;0.17460588235294117;0.22618823529411766;0.2614941176470588;0.2797235294117647;0.29361470588235294;0.29966470588235294;0.3138294117647059;0.41962941176470586;0.3557911764705883
2021-07-27T00:00:00.000Z;0.23661764705882357;1.7812058823529413;0.09777941176470588;0.14338235294117646;0.1917117647058824;0.22345;0.2412823529411765;0.2554882352941177;0.2614705882352941;0.27492058823529414;0.3865529411764706;0.3239529411764706
2021-07-29T00:00:00.000Z;0.24747058823529408;1.845323529411765;0.11863235294117647;0.16382352941176473;0.21202647058823532;0.24453529411764707;0.2638294117647059;0.2796382352941177;0.28389705882352945;0.2979588235294118;0.41966176470588235;0.37047941176470595
2021-08-01T00:00:00.000Z;0.209;1.3983823529411765;0.10380294117647061;0.14518235294117648;0.19373529411764706;0.22273823529411768;0.24389117647058825;0.25736470588235294;0.26778823529411766;0.2750352941176471;0.39335882352941176;0.3457823529411765
2021-08-03T00:00:00.000Z;;;;;;;;;;;;
2021-08-06T00:00:00.000Z;0.18726470588235294;1.7698529411764705;0.10248235294117647;0.1467529411764706;0.19569411764705885;0.22568823529411766;0.2425294117647059;0.2568823529411765;0.26230000000000003;0.2740029411764706;0.38715;0.3275705882352941
2021-08-08T00:00:00.000Z;0.116;2.220735294117647;0.12253529411764706;0.16490882352941177;0.21559705882352942;0.2498029411764706;0.2670382352941177;0.28111176470588234;0.28379117647058827;0.2994205882352941;0.4284911764705882;0.3803529411764706
2021-08-11T00:00:00.000Z;;;;;;;;;;;;
2021-08-13T00:00:00.000Z;0.3291764705882353;1.4801470588235295;0.11311176470588234;0.16061176470588234;0.21043823529411768;0.24250000000000002;0.2608764705882353;0.2756735294117647;0.28044117647058825;0.29348823529411766;0.4016823529411765;0.34289411764705885
2021-08-16T00:00:00.000Z;0.3786470588235294;1.3819117647058825;0.10071176470588238;0.14653529411764707;0.19544117647058826;0.22501176470588236;0.24450000000000002;0.25726764705882355;0.2652823529411765;0.2757852941176471;0.3727441176470588;0.31107647058823534
2021-08-18T00:00:00.000Z;0.2638235294117647;2.367735294117647;0.14716176470588235;0.1751558823529412;0.21056764705882353;0.24326176470588234;0.2620852941176471;0.2794764705882353;0.26825;0.2973264705882353;0.37455588235294124;0.3107764705882353
2021-08-21T00:00:00.000Z;;;;;;;;;;;;
2021-08-23T00:00:00.000Z;;;;;;;;;;;;
2021-08-26T00:00:00.000Z;0.24747058823529408;2.2344117647058823;0.09687058823529412;0.14013529411764705;0.1873705882352941;0.21894411764705884;0.23359117647058825;0.24761470588235293;0.25078823529411765;0.2680176470588235;0.3748823529411765;0.3117852941176471
2021-08-28T00:00:00.000Z;0.28561764705882353;1.9079117647058825;0.11306764705882354;0.157;0.20870882352941178;0.2415323529411765;0.2568029411764706;0.27083823529411766;0.27483529411764707;0.2897764705882353;0.41089411764705885;0.3609941176470588
2021-08-31T00:00:00.000Z;0.3346176470588235;2.8422352941176467;0.11305882352941177;0.1566529411764706;0.20650588235294123;0.2368823529411765;0.25275000000000003;0.2698735294117647;0.2741176470588235;0.28835;0.40056764705882353;0.34434411764705886
2021-09-02T00:00:00.000Z;0.12176470588235294;2.567941176470588;0.09491470588235294;0.13235882352941175;0.1741470588235294;0.20820882352941178;0.22411764705882353;0.2386205882352941;0.23856470588235293;0.2592205882352941;0.3592235294117647;0.29055882352941176
2021-09-05T00:00:00.000Z;0.1436764705882353;2.0005294117647057;0.10218823529411764;0.14528823529411766;0.19175294117647057;0.22604705882352943;0.24598529411764708;0.26005;0.26434117647058825;0.28060882352941174;0.39073235294117653;0.33356470588235293
2021-09-07T00:00:00.000Z;0.25829411764705884;1.841470588235294;0.09695000000000001;0.13655882352941176;0.17645;0.2039323529411765;0.2252705882352941;0.24128529411764707;0.2431705882352941;0.25565882352941177;0.35321470588235293;0.31051470588235297
2021-09-10T00:00:00.000Z;0.171;2.002294117647059;0.10130588235294116;0.1361;0.1804764705882353;0.20919411764705884;0.23299411764705885;0.24729117647058826;0.25331176470588235;0.26491470588235294;0.3778823529411765;0.3292735294117647
2021-09-12T00:00:00.000Z;0.22;1.5681176470588234;0.09979117647058824;0.14389411764705884;0.1923882352941177;0.22310000000000002;0.2435294117647059;0.2581323529411765;0.2629382352941177;0.27694411764705884;0.3929794117647059;0.33774705882352946
2021-09-15T00:00:00.000Z;0.1982142857142857;1.6802142857142859;0.08928928571428571;0.1266071428571429;0.16412142857142858;0.19124285714285716;0.2123714285714286;0.2258428571428572;0.23197142857142858;0.24323928571428574;0.34055357142857146;0.2856928571428572
2021-09-17T00:00:00.000Z;0.21476470588235294;2.2440294117647057;0.09192941176470588;0.1307470588235294;0.17481176470588236;0.2059029411764706;0.22802941176470592;0.24373529411764708;0.2441352941176471;0.2606735294117647;0.3719882352941177;0.3180352941176471
2021-09-20T00:00:00.000Z;0.1655;1.8696176470588237;0.08689411764705883;0.12163235294117647;0.1618058823529412;0.18580882352941178;0.20952647058823531;0.22361176470588234;0.2326;0.23896470588235294;0.34137941176470593;0.2986764705882353
2021-09-22T00:00:00.000Z;;;;;;;;;;;;
2021-09-25T00:00:00.000Z;;;;;;;;;;;;
2021-09-27T00:00:00.000Z;;;;;;;;;;;;
2021-09-30T00:00:00.000Z;0.28008823529411764;2.1561176470588235;0.10287352941176471;0.13514117647058824;0.16998235294117647;0.2010764705882353;0.23425588235294123;0.2507735294117647;0.254;0.26496176470588234;0.36593529411764714;0.31336176470588234
2021-10-02T00:00:00.000Z;;;;;;;;;;;;
2021-10-05T00:00:00.000Z;0.09988235294117646;1.7506176470588235;0.08101470588235295;0.11985294117647062;0.15661176470588234;0.18564411764705885;0.21663823529411766;0.23100882352941177;0.23501764705882353;0.24615;0.3320852941176471;0.2752323529411765
2021-10-07T00:00:00.000Z;0.127;1.3461764705882353;0.12508235294117648;0.1594264705882353;0.1967058823529412;0.2331823529411765;0.27135882352941176;0.2906852941176471;0.29409705882352943;0.3078882352941177;0.4002029411764706;0.34119411764705887
2021-10-10T00:00:00.000Z;;;;;;;;;;;;
2021-10-12T00:00:00.000Z;0.20400000000000001;1.4123125;0.20573750000000002;0.23617500000000002;0.26235;0.29681875;0.329975;0.34363750000000004;0.3537;0.35747500000000004;0.41636875;0.33315
2021-10-15T00:00:00.000Z;0.127;1.2926176470588235;0.08277352941176472;0.12134411764705884;0.15738235294117647;0.18520294117647057;0.21854705882352943;0.23318529411764707;0.24240588235294122;0.24942352941176468;0.32730000000000004;0.26818823529411767
2021-10-17T00:00:00.000Z;0.08888235294117647;2.0035882352941177;0.10199117647058825;0.14055882352941176;0.1813764705882353;0.21794411764705884;0.2552823529411765;0.2741;0.2747705882352941;0.2904529411764706;0.39448529411764716;0.33839705882352944
2021-10-20T00:00:00.000Z;0.094;0.9735;0.08321764705882354;0.11897058823529413;0.15485882352941177;0.17977941176470588;0.21393823529411768;0.2296235294117647;0.2442705882352941;0.24507647058823534;0.32825588235294123;0.28051470588235294
2021-10-22T00:00:00.000Z;;;;;;;;;;;;
2021-10-25T00:00:00.000Z;;;;;;;;;;;;
2021-10-27T00:00:00.000Z;;;;;;;;;;;;
2021-10-30T00:00:00.000Z;;;;;;;;;;;;
2021-11-01T00:00:00.000Z;0.06676470588235295;2.2220588235294123;0.03673823529411765;0.039608823529411766;0.04696764705882353;0.05738823529411765;0.07033823529411765;0.07711764705882353;0.07381764705882353;0.08368823529411765;0.08601764705882353;0.07205294117647058
2021-11-04T00:00:00.000Z;0.094;0.861;0.08978235294117648;0.1257470588235294;0.15775294117647062;0.18811176470588237;0.22275;0.23699705882352942;0.25321764705882355;0.25266470588235296;0.30876176470588235;0.25031176470588234
2021-11-06T00:00:00.000Z;0.0555;0.4719411764705882;0.08800588235294117;0.1196764705882353;0.15253529411764705;0.17896470588235297;0.21312352941176468;0.2275323529411765;0.24350588235294124;0.24422647058823532;0.30902941176470594;0.26346764705882353
2021-11-09T00:00:00.000Z;0.094;0.9379411764705884;0.07912352941176472;0.11298529411764706;0.14716470588235295;0.17351470588235296;0.20712647058823533;0.2200705882352941;0.23499411764705885;0.23466176470588235;0.3117264705882353;0.2660970588235294
2021-11-11T00:00:00.000Z;0.09988235294117646;0.9969117647058825;0.08175882352941177;0.11965588235294118;0.1573470588235294;0.1885558823529412;0.21925;0.2325470588235294;0.24267647058823533;0.24956764705882353;0.33028823529411766;0.27781470588235296
2021-11-14T00:00:00.000Z;0.094;1.1650294117647062;0.0740764705882353;0.11099117647058825;0.14498823529411767;0.17471470588235297;0.20426176470588236;0.21880000000000002;0.22976470588235293;0.23357941176470592;0.30665000000000003;0.25058823529411767
2021-11-16T00:00:00.000Z;0.094;0.9275882352941176;0.08657941176470588;0.12337058823529412;0.16251470588235295;0.18964411764705882;0.2216323529411765;0.23586176470588235;0.2497705882352941;0.2521029411764706;0.33424411764705886;0.28536470588235296
2021-11-19T00:00:00.000Z;;;;;;;;;;;;
2021-11-21T00:00:00.000Z;;;;;;;;;;;;
2021-11-24T00:00:00.000Z;;;;;;;;;;;;
2021-11-26T00:00:00.000Z;;;;;;;;;;;;
2021-11-29T00:00:00.000Z;0.07200000000000001;1.2321470588235295;0.07789411764705884;0.1097235294117647;0.1425735294117647;0.1701058823529412;0.2029705882352941;0.21566764705882352;0.22809411764705884;0.22996176470588237;0.30501176470588237;0.25969705882352945
2021-12-01T00:00:00.000Z;0.08888235294117647;0.9946470588235294;0.07915294117647059;0.11684117647058825;0.15412352941176471;0.18360882352941177;0.2136029411764706;0.2273529411764706;0.23665588235294122;0.24510882352941177;0.3167205882352941;0.2660411764705883
2021-12-04T00:00:00.000Z;0.07200000000000001;0.7189411764705883;0.07210588235294117;0.10740000000000001;0.1397470588235294;0.16803823529411765;0.20070294117647058;0.21174705882352943;0.22844705882352942;0.2286823529411765;0.29144705882352945;0.23905588235294123
2021-12-06T00:00:00.000Z;0.07788235294117647;0.9853529411764707;0.08391470588235295;0.12118235294117646;0.15723823529411768;0.18461764705882358;0.21712058823529412;0.22954411764705884;0.24376470588235294;0.24579705882352942;0.3220294117647059;0.27590000000000003
2021-12-09T00:00:00.000Z;0.07788235294117647;1.1535294117647061;0.07823823529411765;0.11066764705882354;0.1455764705882353;0.17389117647058824;0.20662941176470592;0.21945;0.23151764705882352;0.2343029411764706;0.30657941176470593;0.25814705882352945
2021-12-11T00:00:00.000Z;0.07788235294117647;1.1925588235294118;0.08104705882352942;0.11940588235294118;0.15708529411764705;0.18730294117647056;0.2183205882352941;0.23119705882352942;0.2394;0.24934411764705883;0.3233294117647059;0.2718529411764706
2021-12-14T00:00:00.000Z;0.06676470588235295;0.7446176470588236;0.07194411764705884;0.10675000000000001;0.14035882352941176;0.1692529411764706;0.20097352941176472;0.21200000000000002;0.22933529411764708;0.22945882352941177;0.29046176470588236;0.23527647058823534
2021-12-16T00:00:00.000Z;;;;;;;;;;;;
2021-12-19T00:00:00.000Z;;;;;;;;;;;;
2021-12-21T00:00:00.000Z;;;;;;;;;;;;
2021-12-24T00:00:00.000Z;;;;;;;;;;;;
2021-12-26T00:00:00.000Z;;;;;;;;;;;;
2021-12-29T00:00:00.000Z;;;;;;;;;;;;
2021-12-31T00:00:00.000Z;0.07200000000000001;0.6814705882352942;0.08109705882352942;0.12125882352941177;0.15772058823529414;0.1845970588235294;0.21267647058823533;0.2251852941176471;0.23924705882352942;0.2408823529411765;0.31872647058823533;0.2690058823529412
2022-01-03T00:00:00.000Z;0.061;0.7476176470588235;0.0722264705882353;0.1063764705882353;0.13984117647058825;0.16571764705882355;0.19517352941176472;0.2077294117647059;0.22348823529411768;0.22205882352941178;0.28952647058823533;0.23765
2022-01-05T00:00:00.000Z;0.07788235294117647;0.5893529411764706;0.09050882352941177;0.12582352941176472;0.16503823529411765;0.1909970588235294;0.22445882352941177;0.23827058823529412;0.2573823529411765;0.2559911764705883;0.3407676470588235;0.29004117647058825
2022-01-08T00:00:00.000Z;;;;;;;;;;;;
2022-01-10T00:00:00.000Z;0.08888235294117647;1.3521470588235296;0.06440882352941177;0.09117941176470588;0.11709117647058825;0.13997941176470588;0.16185588235294118;0.16963235294117648;0.1711235294117647;0.1813823529411765;0.22852058823529411;0.1927264705882353
2022-01-13T00:00:00.000Z;;;;;;;;;;;;
2022-01-15T00:00:00.000Z;0.094;0.5926176470588236;0.08440588235294118;0.11804117647058825;0.15563235294117647;0.18235;0.2127176470588235;0.22391470588235293;0.2412;0.24120588235294121;0.3215;0.27592647058823533
2022-01-18T00:00:00.000Z;0.07200000000000001;0.2826470588235294;0.07638529411764707;0.10799411764705884;0.14361764705882354;0.16578823529411765;0.19762058823529408;0.21047941176470591;0.2335294117647059;0.22402941176470592;0.29816470588235294;0.2513323529411765
2022-01-20T00:00:00.000Z;0.09988235294117646;0.5708529411764707;0.07940882352941177;0.11558823529411766;0.15534117647058826;0.1829323529411765;0.21122941176470592;0.2245205882352941;0.23899705882352942;0.24086764705882352;0.3180529411764706;0.2672323529411765
2022-01-23T00:00:00.000Z;;;;;;;;;;;;
2022-01-25T00:00:00.000Z;;;;;;;;;;;;
2022-01-28T00:00:00.000Z;0.116;0.5978235294117648;0.07548529411764707;0.10989411764705884;0.1451;0.16865;0.19801470588235293;0.20960588235294123;0.22802941176470592;0.2226029411764706;0.30063823529411765;0.25685882352941175
2022-01-30T00:00:00.000Z;0.094;0.2151764705882353;0.08061176470588235;0.1182;0.15853529411764705;0.18376764705882356;0.21143823529411768;0.22612647058823532;0.24530882352941177;0.24181764705882353;0.3208264705882353;0.2716705882352941
2022-02-02T00:00:00.000Z;0.06676470588235295;0.4665;0.0756029411764706;0.11162058823529412;0.14753529411764707;0.1735029411764706;0.2003794117647059;0.21148529411764708;0.23014117647058827;0.2266705882352941;0.30104411764705885;0.24764411764705885
2022-02-04T00:00:00.000Z;;;;;;;;;;;;
2022-02-07T00:00:00.000Z;0.07200000000000001;0.6663235294117648;0.07738529411764707;0.11107941176470588;0.1482764705882353;0.1712264705882353;0.20011470588235294;0.21045;0.22780588235294122;0.22622058823529412;0.3077764705882353;0.26539117647058824
2022-02-09T00:00:00.000Z;;;;;;;;;;;;
2022-02-12T00:00:00.000Z;;;;;;;;;;;;
2022-02-14T00:00:00.000Z;;;;;;;;;;;;
2022-02-17T00:00:00.000Z;0.07200000000000001;0.6270882352941177;0.08296470588235294;0.11870294117647061;0.15717058823529412;0.1827470588235294;0.20984705882352941;0.22025588235294122;0.23844117647058827;0.23705882352941177;0.32175000000000004;0.2769764705882353
2022-02-19T00:00:00.000Z;;;;;;;;;;;;
2022-02-22T00:00:00.000Z;0.07788235294117647;0.34644117647058825;0.08156176470588236;0.12131176470588234;0.16081764705882354;0.1841970588235294;0.21134117647058825;0.22272647058823533;0.24399411764705883;0.23772647058823532;0.3195852941176471;0.2646588235294118
2022-02-24T00:00:00.000Z;0.171;0.9455;0.08708529411764707;0.12031764705882354;0.15789117647058826;0.18471176470588238;0.21144411764705884;0.2264323529411765;0.22438823529411767;0.2398294117647059;0.3058764705882353;0.26100588235294125
2022-02-27T00:00:00.000Z;;;;;;;;;;;;
2022-03-01T00:00:00.000Z;0.11082352941176472;0.6433529411764706;0.09226176470588236;0.13266176470588234;0.17741764705882354;0.2043;0.2301529411764706;0.24286176470588236;0.25526176470588235;0.26030294117647057;0.3513852941176471;0.2994235294117647
2022-03-04T00:00:00.000Z;;;;;;;;;;;;
2022-03-06T00:00:00.000Z;;;;;;;;;;;;
2022-03-09T00:00:00.000Z;0.105;0.921029411764706;0.07735294117647058;0.11279117647058824;0.14958823529411766;0.17652352941176472;0.2025764705882353;0.21348823529411767;0.22851764705882352;0.22791764705882353;0.30799117647058827;0.25672647058823533
2022-03-11T00:00:00.000Z;;;;;;;;;;;;
2022-03-14T00:00:00.000Z;;;;;;;;;;;;
2022-03-16T00:00:00.000Z;;;;;;;;;;;;
2022-03-19T00:00:00.000Z;;;;;;;;;;;;
2022-03-21T00:00:00.000Z;;;;;;;;;;;;
2022-03-24T00:00:00.000Z;;;;;;;;;;;;
2022-03-26T00:00:00.000Z;;;;;;;;;;;;
2022-03-29T00:00:00.000Z;;;;;;;;;;;;
2022-03-31T00:00:00.000Z;;;;;;;;;;;;
2022-04-03T00:00:00.000Z;0.09988235294117646;0.3022941176470588;0.08965882352941178;0.13172941176470587;0.17073529411764707;0.20100882352941177;0.23592941176470592;0.24800588235294121;0.27096470588235294;0.26273823529411766;0.3347676470588235;0.2788235294117647
2022-04-05T00:00:00.000Z;;;;;;;;;;;;
2022-04-08T00:00:00.000Z;;;;;;;;;;;;
2022-04-10T00:00:00.000Z;;;;;;;;;;;;
2022-04-13T00:00:00.000Z;;;;;;;;;;;;
2022-04-15T00:00:00.000Z;;;;;;;;;;;;
2022-04-18T00:00:00.000Z;0.15465384615384617;1.1054615384615385;0.09918846153846154;0.13738461538461538;0.1711153846153846;0.20646153846153847;0.25143461538461537;0.26803461538461537;0.2762615384615385;0.2823769230769231;0.3463923076923077;0.29043076923076927
2022-04-20T00:00:00.000Z;;;;;;;;;;;;
2022-04-23T00:00:00.000Z;0.116;0.7167058823529412;0.10957058823529413;0.15721176470588236;0.19340000000000002;0.24066176470588235;0.29761764705882354;0.3160117647058824;0.33467647058823535;0.3361235294117647;0.3909882352941177;0.31131764705882353
2022-04-25T00:00:00.000Z;0.116;0.9493823529411763;0.1083470588235294;0.15518235294117647;0.19239411764705883;0.23275;0.2830882352941177;0.2998647058823529;0.31423823529411765;0.31681470588235294;0.3896029411764706;0.33437058823529414
2022-04-28T00:00:00.000Z;;;;;;;;;;;;
2022-04-30T00:00:00.000Z;;;;;;;;;;;;
2022-05-03T00:00:00.000Z;0.13264516129032258;1.544;0.09752258064516128;0.1378;0.16374193548387098;0.21322258064516128;0.2791161290322581;0.29729032258064525;0.3055354838709678;0.31388064516129033;0.3359903225806452;0.2544451612903226
2022-05-05T00:00:00.000Z;;;;;;;;;;;;
2022-05-08T00:00:00.000Z;0.11082352941176472;1.0049117647058825;0.09151176470588238;0.13419411764705882;0.1632764705882353;0.2075529411764706;0.27051764705882353;0.2888705882352941;0.3037764705882353;0.3031794117647059;0.34566176470588234;0.2880058823529412
2022-05-10T00:00:00.000Z;0.149;1.0362352941176471;0.10280294117647061;0.15255882352941177;0.1852970588235294;0.23546470588235294;0.2992264705882353;0.31659705882352945;0.32686176470588235;0.33205;0.3784882352941177;0.3107794117647059
2022-05-13T00:00:00.000Z;0.171;1.7687058823529413;0.09010588235294116;0.1343;0.16228235294117646;0.21194117647058824;0.27484117647058826;0.29503529411764706;0.2972882352941177;0.30941176470588233;0.33728823529411767;0.2695
2022-05-15T00:00:00.000Z;0.209;1.5529117647058825;0.11439117647058825;0.1600794117647059;0.19067941176470588;0.2387294117647059;0.3054352941176471;0.32889705882352943;0.3350676470588235;0.34252058823529413;0.3830941176470588;0.3235705882352941
2022-05-18T00:00:00.000Z;0.1655;1.4592941176470589;0.09542647058823528;0.13847058823529412;0.16714117647058824;0.21096470588235294;0.27679117647058826;0.2975529411764706;0.3062823529411765;0.31203823529411767;0.34751470588235295;0.2881794117647059
2022-05-20T00:00:00.000Z;;;;;;;;;;;;
2022-05-23T00:00:00.000Z;0.16;1.4824117647058825;0.09275882352941175;0.1383235294117647;0.17130588235294117;0.21951176470588235;0.2797352941176471;0.2998147058823529;0.30621176470588235;0.3164470588235294;0.3516764705882353;0.27838823529411766
2022-05-25T00:00:00.000Z;0.127;1.1391818181818183;0.09544545454545457;0.13827272727272727;0.17741818181818184;0.21260909090909091;0.25962727272727276;0.27707272727272725;0.26947272727272725;0.2959727272727273;0.31276363636363635;0.2577454545454545
2022-05-28T00:00:00.000Z;0.11082352941176472;1.3550882352941176;0.09932647058823528;0.1432;0.17836470588235295;0.2228205882352941;0.2798205882352941;0.30090588235294125;0.31086470588235293;0.3169823529411765;0.3629235294117647;0.30002647058823534
2022-05-30T00:00:00.000Z;0.138;1.0171470588235294;0.11586470588235295;0.16833529411764706;0.2108294117647059;0.2590205882352941;0.31407941176470594;0.3349323529411765;0.3441352941176471;0.35001176470588236;0.40385588235294123;0.3303823529411765
2022-06-02T00:00:00.000Z;;;;;;;;;;;;
2022-06-04T00:00:00.000Z;0.18726470588235294;1.5260294117647062;0.12021764705882354;0.16955294117647063;0.21399705882352943;0.2606705882352941;0.3104147058823529;0.3329882352941177;0.33937941176470593;0.3485735294117647;0.4121970588235294;0.3450882352941177
2022-06-07T00:00:00.000Z;0.11082352941176472;1.5821176470588234;0.10418235294117646;0.14795882352941175;0.19079411764705884;0.23382941176470592;0.28224411764705887;0.3018588235294118;0.3101823529411765;0.3195823529411765;0.37872058823529414;0.3128294117647059
2022-06-09T00:00:00.000Z;0.17641176470588235;2.109352941176471;0.11911764705882354;0.17216764705882354;0.22058823529411767;0.2689794117647059;0.31420882352941176;0.33351470588235294;0.33162647058823536;0.35090588235294123;0.41904411764705884;0.34126470588235297
2022-06-12T00:00:00.000Z;0.127;1.3274117647058825;0.10324411764705883;0.14787058823529414;0.18875294117647057;0.2322235294117647;0.2765529411764706;0.29554117647058825;0.3044588235294118;0.31474117647058825;0.36255882352941177;0.28835588235294124
2022-06-14T00:00:00.000Z;0.24747058823529408;1.283235294117647;0.12328235294117647;0.17390882352941175;0.2186323529411765;0.26089411764705883;0.30549705882352945;0.32514705882352946;0.3352;0.3421029411764706;0.40642941176470593;0.3397323529411765
2022-06-17T00:00:00.000Z;0.12176470588235294;1.5418823529411767;0.10942352941176471;0.15282941176470588;0.1937294117647059;0.23349117647058826;0.2746852941176471;0.2948352941176471;0.3027823529411765;0.3118735294117647;0.3716205882352941;0.30671470588235294
2022-06-19T00:00:00.000Z;0.28561764705882353;1.4205588235294118;0.1208764705882353;0.17704117647058826;0.22636764705882353;0.26999117647058823;0.3111823529411765;0.32883823529411765;0.3345911764705883;0.3471735294117647;0.4073;0.32767941176470594
2022-06-22T00:00:00.000Z;0.11082352941176472;0.7540588235294118;0.0983029411764706;0.14637058823529414;0.1946470588235294;0.23470000000000002;0.2746294117647059;0.2921294117647059;0.30963529411764706;0.3123352941176471;0.3740176470588235;0.2967264705882353
2022-06-24T00:00:00.000Z;0.171;1.4878235294117648;0.12213823529411766;0.17408235294117647;0.22560882352941178;0.2685705882352941;0.30770000000000003;0.32774117647058826;0.3361088235294118;0.34532941176470594;0.42940294117647065;0.36005882352941176
2022-06-27T00:00:00.000Z;0.127;1.2478529411764705;0.10513235294117647;0.1514470588235294;0.19966470588235294;0.23958823529411766;0.27829411764705886;0.29656764705882355;0.3077352941176471;0.31454411764705886;0.38870588235294123;0.32019117647058826
2022-06-29T00:00:00.000Z;0.22;1.8490882352941176;0.11944411764705884;0.17381176470588236;0.2280735294117647;0.2760558823529412;0.3109529411764706;0.3278529411764706;0.3310882352941177;0.34860882352941175;0.4274058823529412;0.3466235294117647
2022-07-02T00:00:00.000Z;0.3672941176470589;1.996;0.10172941176470589;0.1535;0.20195882352941177;0.24621176470588235;0.2822;0.29846176470588237;0.3012;0.31981470588235295;0.3691235294117647;0.28639705882352945
2022-07-04T00:00:00.000Z;0.23558823529411765;2.1353235294117647;0.12659117647058826;0.1774294117647059;0.22705588235294122;0.27274117647058826;0.3083588235294118;0.3284735294117647;0.3300441176470588;0.3462882352941177;0.4190088235294118;0.3461029411764706
2022-07-07T00:00:00.000Z;;;;;;;;;;;;
2022-07-09T00:00:00.000Z;0.209;1.6136470588235294;0.11564411764705883;0.16961470588235295;0.22535588235294124;0.2711823529411765;0.30376470588235294;0.3208558823529412;0.32646470588235293;0.34138823529411766;0.4269117647058824;0.3487088235294118
2022-07-12T00:00:00.000Z;0.19817647058823532;1.4313235294117648;0.10063529411764706;0.15038823529411766;0.2017470588235294;0.24411176470588236;0.2765735294117647;0.2922411764705883;0.30144117647058827;0.3131823529411765;0.3837235294117647;0.3058823529411765
2022-07-14T00:00:00.000Z;0.29097058823529415;1.4421470588235294;0.11825882352941176;0.16946470588235296;0.2234823529411765;0.2657735294117647;0.2996529411764706;0.3194352941176471;0.3302088235294118;0.3400764705882353;0.42769411764705884;0.3589323529411765
2022-07-17T00:00:00.000Z;0.1655;1.0557941176470589;0.10397058823529412;0.15098823529411767;0.20322352941176472;0.2425029411764706;0.2759235294117647;0.2940029411764706;0.30761764705882355;0.31036470588235293;0.39030294117647063;0.32311470588235297
2022-07-19T00:00:00.000Z;0.1545;1.6899117647058826;0.11609411764705883;0.16697058823529412;0.2193029411764706;0.2620264705882353;0.2932294117647059;0.3095352941176471;0.31459411764705886;0.3307235294117647;0.41297058823529414;0.3376617647058824
2022-07-22T00:00:00.000Z;0.182;1.981970588235294;0.10163529411764706;0.1498764705882353;0.1993882352941177;0.2419235294117647;0.27196470588235294;0.2878382352941177;0.2918823529411765;0.3100352941176471;0.3800705882352941;0.3006323529411765
2022-07-24T00:00:00.000Z;0.28008823529411764;1.0732941176470587;0.12279411764705883;0.17788235294117646;0.2325470588235294;0.2734529411764706;0.30556176470588237;0.32423529411764707;0.3381852941176471;0.34255882352941175;0.42623529411764705;0.35540588235294124
2022-07-27T00:00:00.000Z;0.2528823529411765;2.3886764705882353;0.10301176470588234;0.15128823529411767;0.20392352941176473;0.24677647058823532;0.2770823529411765;0.29407647058823533;0.2975705882352941;0.31455588235294124;0.3925294117647059;0.3205
2022-07-29T00:00:00.000Z;0.2038235294117647;2.229205882352941;0.11566764705882354;0.16938235294117648;0.22364411764705883;0.27074705882352945;0.2963617647058824;0.31409411764705886;0.3142352941176471;0.33541176470588235;0.4199970588235294;0.3402676470588235
2022-08-01T00:00:00.000Z;0.182;2.482794117647059;0.10110882352941176;0.14922352941176473;0.19884117647058824;0.2431735294117647;0.2700323529411765;0.2859205882352941;0.28764117647058823;0.30751470588235297;0.3784735294117647;0.29942647058823535
2022-08-03T00:00:00.000Z;0.2638235294117647;1.6728235294117646;0.11816470588235295;0.17071176470588234;0.22497058823529412;0.2692117647058824;0.2976764705882353;0.3158764705882353;0.3228970588235294;0.3336882352941177;0.4186264705882353;0.34783823529411767
2022-08-06T00:00:00.000Z;0.1929705882352941;1.419;0.10306470588235296;0.15081764705882356;0.2025;0.2419235294117647;0.2706352941176471;0.28834411764705886;0.2987352941176471;0.30722058823529413;0.3826705882352941;0.31414705882352945
2022-08-08T00:00:00.000Z;0.25829411764705884;1.2714411764705884;0.11506176470588235;0.17215;0.23214411764705883;0.2752;0.3033264705882353;0.3194794117647059;0.3287235294117647;0.33965588235294125;0.42132058823529417;0.3402382352941177
2022-08-11T00:00:00.000Z;0.116;1.6770294117647062;0.09822647058823529;0.1449;0.1949058823529412;0.23618529411764708;0.2626323529411765;0.2790823529411765;0.28559411764705883;0.2974676470588235;0.36964705882352944;0.2917264705882353
2022-08-13T00:00:00.000Z;;;;;;;;;;;;
2022-08-16T00:00:00.000Z;0.18726470588235294;1.5150000000000001;0.09645000000000001;0.14515882352941176;0.19703529411764706;0.2373294117647059;0.2654382352941177;0.2820970588235294;0.29138823529411767;0.29971764705882353;0.3819970588235294;0.31405
2022-08-18T00:00:00.000Z;0.22;1.2733823529411765;0.11013823529411766;0.16653529411764706;0.22564411764705883;0.26970588235294124;0.2959029411764706;0.3111558823529412;0.31939117647058823;0.3308205882352941;0.4135558823529412;0.3345676470588235
2022-08-21T00:00:00.000Z;0.2038235294117647;1.5415;0.0965529411764706;0.15319411764705884;0.2114;0.25884117647058824;0.28985588235294124;0.3059176470588235;0.3131823529411765;0.32739705882352943;0.3950264705882353;0.3124647058823529
2022-08-23T00:00:00.000Z;0.2528823529411765;2.6494411764705883;0.11201470588235296;0.1665470588235294;0.2214294117647059;0.26726470588235296;0.2911558823529412;0.31215000000000004;0.3098911764705883;0.32979117647058825;0.41615294117647067;0.34377647058823535
2022-08-26T00:00:00.000Z;0.20400000000000001;2.1738571428571425;0.047771428571428576;0.06434285714285715;0.08108571428571429;0.09848571428571429;0.10922857142857142;0.1135;0.11458571428571429;0.11351428571428572;0.12328571428571429;0.08785714285714286
2022-08-28T00:00:00.000Z;0.2747647058823529;2.274029411764706;0.09722941176470588;0.15298235294117646;0.2048323529411765;0.25264411764705885;0.2816264705882353;0.2958705882352941;0.2958294117647059;0.3171;0.39269117647058815;0.31471764705882355
2022-08-31T00:00:00.000Z;0.3184411764705882;2.5241764705882352;0.11376764705882354;0.1557294117647059;0.1960882352941177;0.24156470588235293;0.2740352941176471;0.29266176470588234;0.2943294117647059;0.3169764705882353;0.3761823529411765;0.29264411764705883
2022-09-02T00:00:00.000Z;0.209;1.9584117647058825;0.10503823529411767;0.15505588235294118;0.20454705882352942;0.24635882352941177;0.2794558823529412;0.2973852941176471;0.3003029411764706;0.3154;0.3989735294117647;0.3341205882352941
2022-09-05T00:00:00.000Z;0.1436764705882353;1.3554411764705883;0.09043235294117648;0.1345294117647059;0.18131176470588237;0.2188852941176471;0.25168823529411766;0.26895882352941175;0.27944117647058825;0.28565882352941174;0.3622823529411765;0.29921176470588234
2022-09-07T00:00:00.000Z;0.18726470588235294;1.0242647058823529;0.10062352941176472;0.1528764705882353;0.20635;0.2435294117647059;0.2776;0.29250882352941177;0.3032558823529412;0.31157941176470594;0.39289705882352943;0.31963823529411767
2022-09-10T00:00:00.000Z;0.17641176470588235;1.547529411764706;0.08798529411764706;0.13505294117647063;0.18426470588235294;0.22375588235294122;0.2529735294117647;0.26731176470588236;0.2752470588235294;0.28565882352941174;0.3560852941176471;0.28052352941176467
2022-09-12T00:00:00.000Z;;;;;;;;;;;;
2022-09-15T00:00:00.000Z;0.1545;2.1590000000000003;0.08889117647058824;0.1328470588235294;0.17721176470588235;0.21448823529411767;0.24430000000000002;0.2608794117647059;0.26467647058823535;0.2780823529411765;0.35575;0.2932352941176471
2022-09-17T00:00:00.000Z;0.22;2.158852941176471;0.0978529411764706;0.14898235294117648;0.1984058823529412;0.24011470588235295;0.2716882352941177;0.28589117647058826;0.28377647058823535;0.3029617647058824;0.38466764705882356;0.31276764705882354
2022-09-20T00:00:00.000Z;0.18726470588235294;1.9996470588235293;0.08553529411764707;0.13068823529411766;0.1750470588235294;0.2145735294117647;0.2444735294117647;0.25905588235294125;0.2619941176470588;0.2776176470588235;0.3442470588235294;0.2710558823529412
2022-09-22T00:00:00.000Z;0.21476470588235294;2.3535;0.10197058823529413;0.14914411764705884;0.1973294117647059;0.23847647058823532;0.26871470588235297;0.28515;0.2855323529411765;0.3015;0.3858029411764706;0.31984705882352943
2022-09-25T00:00:00.000Z;;;;;;;;;;;;
2022-09-27T00:00:00.000Z;0.1436764705882353;0.9686470588235294;0.09257941176470588;0.14124117647058826;0.1910058823529412;0.22730882352941176;0.2582029411764706;0.2728205882352941;0.2823823529411765;0.2900294117647059;0.36958823529411766;0.3010735294117647
2022-09-30T00:00:00.000Z;0.11082352941176472;0.8189705882352941;0.08044411764705883;0.1246764705882353;0.16921764705882356;0.20418529411764705;0.2346205882352941;0.2481235294117647;0.26409411764705887;0.26635882352941176;0.3304382352941177;0.26062647058823535
2022-10-02T00:00:00.000Z;0.17641176470588235;1.0122352941176471;0.09645882352941176;0.14355;0.19026470588235295;0.2273176470588235;0.25771764705882355;0.27189411764705884;0.28496764705882355;0.2902352941176471;0.3673970588235294;0.30426176470588234
2022-10-05T00:00:00.000Z;0.17642424242424243;1.667939393939394;0.12143939393939396;0.13841818181818183;0.15867272727272727;0.1851121212121212;0.20626666666666665;0.2203818181818182;0.21731515151515152;0.2335787878787879;0.2586969696969697;0.21503030303030307
2022-10-07T00:00:00.000Z;0.242;2.2115;0.08326176470588235;0.13097941176470587;0.17237058823529414;0.2175735294117647;0.24856470588235294;0.26283823529411765;0.25931470588235295;0.2787823529411765;0.3366823529411765;0.2619441176470588
2022-10-10T00:00:00.000Z;;;;;;;;;;;;
2022-10-12T00:00:00.000Z;0.1655;2.252882352941177;0.08355588235294117;0.11832058823529412;0.14996176470588235;0.18416176470588239;0.2192735294117647;0.23493823529411767;0.2337205882352941;0.2495529411764706;0.30101470588235296;0.2397294117647059
2022-10-15T00:00:00.000Z;0.171;1.4986176470588235;0.07816176470588236;0.11730588235294118;0.15274117647058824;0.18584411764705883;0.22483529411764708;0.23956470588235293;0.2473352941176471;0.2533852941176471;0.31357647058823535;0.2574323529411765
2022-10-17T00:00:00.000Z;0.18726470588235294;1.8010882352941175;0.08213823529411765;0.12556470588235297;0.1637970588235294;0.20008529411764706;0.23736764705882352;0.25020882352941176;0.25276764705882354;0.26881764705882355;0.33186470588235295;0.26895882352941175
2022-10-20T00:00:00.000Z;;;;;;;;;;;;
2022-10-22T00:00:00.000Z;;;;;;;;;;;;
2022-10-25T00:00:00.000Z;;;;;;;;;;;;
2022-10-27T00:00:00.000Z;;;;;;;;;;;;
2022-10-30T00:00:00.000Z;;;;;;;;;;;;
2022-11-01T00:00:00.000Z;0.138;1.708470588235294;0.07877352941176471;0.11582941176470589;0.15254117647058826;0.18486470588235293;0.21974117647058825;0.23640588235294122;0.23689705882352943;0.2489;0.3244441176470588;0.2701735294117647
2022-11-04T00:00:00.000Z;0.0555;1.0050588235294116;0.08310000000000001;0.11581176470588235;0.14979411764705883;0.17731764705882355;0.21577941176470591;0.23270000000000002;0.24326470588235294;0.24582058823529412;0.3090088235294118;0.2535647058823529
2022-11-06T00:00:00.000Z;0.09988235294117646;0.4787058823529412;0.07112941176470589;0.11038823529411766;0.14911470588235295;0.17750588235294118;0.21302647058823532;0.22797647058823534;0.2409735294117647;0.24201470588235294;0.3099676470588235;0.2517558823529412
2022-11-09T00:00:00.000Z;;;;;;;;;;;;
2022-11-11T00:00:00.000Z;;;;;;;;;;;;
2022-11-14T00:00:00.000Z;0.127;1.7543529411764704;0.07044705882352942;0.1050470588235294;0.13674117647058825;0.1686264705882353;0.20906176470588236;0.2261205882352941;0.23025882352941177;0.23775000000000002;0.2926352941176471;0.23905
2022-11-16T00:00:00.000Z;;;;;;;;;;;;
2022-11-19T00:00:00.000Z;;;;;;;;;;;;
2022-11-21T00:00:00.000Z;;;;;;;;;;;;
2022-11-24T00:00:00.000Z;0.08888235294117647;1.4777941176470588;0.06697647058823529;0.09870000000000001;0.1290558823529412;0.15795588235294117;0.1974882352941177;0.21181764705882353;0.22015882352941177;0.2245205882352941;0.27836470588235296;0.2262470588235294
2022-11-26T00:00:00.000Z;;;;;;;;;;;;
2022-11-29T00:00:00.000Z;0.07200000000000001;0.7519705882352942;0.06134117647058823;0.09598235294117648;0.12756470588235297;0.15679117647058824;0.1951970588235294;0.20924705882352942;0.22284705882352943;0.2247529411764706;0.2710441176470588;0.21233823529411766
2022-12-01T00:00:00.000Z;;;;;;;;;;;;
2022-12-04T00:00:00.000Z;;;;;;;;;;;;
2022-12-06T00:00:00.000Z;;;;;;;;;;;;
2022-12-09T00:00:00.000Z;;;;;;;;;;;;
2022-12-11T00:00:00.000Z;;;;;;;;;;;;
2022-12-14T00:00:00.000Z;;;;;;;;;;;;
2022-12-16T00:00:00.000Z;;;;;;;;;;;;
2022-12-19T00:00:00.000Z;;;;;;;;;;;;
2022-12-21T00:00:00.000Z;;;;;;;;;;;;
2022-12-24T00:00:00.000Z;0.06676470588235295;0.9825882352941175;0.0644029411764706;0.09682058823529413;0.12355588235294118;0.15483823529411767;0.19905882352941176;0.21292941176470592;0.22708823529411767;0.22774117647058825;0.2734529411764706;0.22039117647058826
2022-12-26T00:00:00.000Z;;;;;;;;;;;;
2022-12-29T00:00:00.000Z;;;;;;;;;;;;
2022-12-31T00:00:00.000Z;0.083;0.6488235294117648;0.07308529411764707;0.10665000000000001;0.1386058823529412;0.1682529411764706;0.21260882352941177;0.2266705882352941;0.24191764705882352;0.2405529411764706;0.2972323529411765;0.24301470588235294
2023-01-03T00:00:00.000Z;0.083;1.2157352941176471;0.06705588235294117;0.09691764705882353;0.1240764705882353;0.1544264705882353;0.19652058823529409;0.21140882352941176;0.22019411764705885;0.2231852941176471;0.2730382352941177;0.21935882352941177
2023-01-05T00:00:00.000Z;0.094;0.7631764705882352;0.07715294117647059;0.11427058823529412;0.14500000000000002;0.17783529411764706;0.21852941176470592;0.2313529411764706;0.2447794117647059;0.2468852941176471;0.2945735294117647;0.23548529411764707
2023-01-08T00:00:00.000Z;;;;;;;;;;;;
2023-01-10T00:00:00.000Z;0.07788235294117647;1.2435882352941177;0.07420294117647058;0.10914117647058826;0.14217058823529413;0.17531176470588236;0.21474705882352943;0.23036176470588235;0.23768529411764708;0.24449411764705883;0.3069617647058824;0.2529735294117647
2023-01-13T00:00:00.000Z;0.083;0.4272941176470589;0.06519705882352941;0.09759411764705885;0.1284529411764706;0.1564735294117647;0.19825882352941177;0.21434117647058826;0.2340470588235294;0.22681176470588235;0.27985;0.22671470588235293
2023-01-15T00:00:00.000Z;0.07200000000000001;0.8850882352941177;0.07337058823529413;0.11012058823529412;0.14561470588235295;0.1788764705882353;0.21857647058823532;0.23176176470588236;0.2420235294117647;0.24681176470588234;0.30559117647058825;0.24668529411764709
2023-01-18T00:00:00.000Z;;;;;;;;;;;;
2023-01-20T00:00:00.000Z;;;;;;;;;;;;
2023-01-23T00:00:00.000Z;0.07788235294117647;0.39752941176470585;0.06760882352941178;0.10160588235294117;0.1350029411764706;0.16145882352941177;0.20306764705882357;0.21515;0.2378705882352941;0.23136176470588235;0.28415;0.23183529411764708
2023-01-25T00:00:00.000Z;;;;;;;;;;;;
2023-01-28T00:00:00.000Z;0.083;0.5027058823529412;0.0665235294117647;0.10296176470588235;0.13645588235294118;0.16704411764705884;0.2053352941176471;0.21784411764705883;0.23549411764705885;0.23401470588235293;0.2825970588235294;0.22279411764705884
2023-01-30T00:00:00.000Z;0.09988235294117646;0.6291470588235294;0.07910588235294118;0.11579117647058824;0.15361470588235296;0.1840558823529412;0.22405;0.2382794117647059;0.25400588235294125;0.2535529411764706;0.3181;0.26256176470588233
2023-02-02T00:00:00.000Z;0.083;0.6531470588235294;0.06898823529411766;0.10116764705882353;0.13548823529411766;0.16413235294117648;0.2038;0.21865588235294123;0.23438823529411767;0.23216176470588235;0.2898588235294118;0.23609705882352944
2023-02-04T00:00:00.000Z;0.08888235294117647;0.24605882352941177;0.07661176470588235;0.11775588235294118;0.15745588235294117;0.18776470588235294;0.2252735294117647;0.23993529411764708;0.2594823529411765;0.2566588235294118;0.31715;0.25600588235294125
2023-02-07T00:00:00.000Z;;;;;;;;;;;;
2023-02-09T00:00:00.000Z;;;;;;;;;;;;
2023-02-12T00:00:00.000Z;;;;;;;;;;;;
2023-02-14T00:00:00.000Z;;;;;;;;;;;;
2023-02-17T00:00:00.000Z;;;;;;;;;;;;
2023-02-19T00:00:00.000Z;0.31829411764705884;1.072970588235294;0.08312941176470588;0.12468529411764706;0.16108235294117648;0.19206764705882357;0.22632941176470592;0.24105000000000001;0.2484235294117647;0.2528058823529412;0.3180735294117647;0.2668058823529412
2023-02-22T00:00:00.000Z;0.34561764705882353;0.9882352941176472;0.07935;0.12072058823529412;0.15406470588235296;0.1849970588235294;0.21856470588235294;0.23166176470588234;0.24107058823529412;0.2419529411764706;0.3017852941176471;0.24677647058823532
2023-02-24T00:00:00.000Z;;;;;;;;;;;;
2023-02-27T00:00:00.000Z;0.07788235294117647;0.23505882352941176;0.07541764705882353;0.1135;0.15151764705882353;0.1779764705882353;0.21230294117647058;0.2248;0.2479529411764706;0.24226176470588234;0.30254411764705885;0.2425235294117647
2023-03-01T00:00:00.000Z;0.12176470588235294;0.44773529411764706;0.09026764705882354;0.13040882352941177;0.17277352941176471;0.2037470588235294;0.23875882352941177;0.2514323529411765;0.2696264705882353;0.26714411764705887;0.3467705882352941;0.2898205882352941
2023-03-04T00:00:00.000Z;0.105;0.5488823529411765;0.08133235294117648;0.11817941176470588;0.15634117647058826;0.18505294117647056;0.2196352941176471;0.23120000000000002;0.25021176470588236;0.24679411764705883;0.3183705882352941;0.2648235294117647
2023-03-06T00:00:00.000Z;;;;;;;;;;;;
2023-03-09T00:00:00.000Z;;;;;;;;;;;;
2023-03-11T00:00:00.000Z;;;;;;;;;;;;
2023-03-14T00:00:00.000Z;;;;;;;;;;;;
2023-03-16T00:00:00.000Z;0.09988235294117646;0.7211176470588235;0.09043529411764707;0.13430588235294116;0.18000000000000002;0.21265588235294122;0.24655000000000002;0.2603352941176471;0.27173823529411767;0.2775058823529412;0.3564;0.29490588235294124
2023-03-19T00:00:00.000Z;0.105;0.956529411764706;0.08604117647058823;0.12771764705882355;0.16907058823529414;0.20038235294117648;0.23281470588235295;0.2450294117647059;0.25784117647058824;0.26229705882352944;0.3324235294117647;0.2653852941176471
2023-03-21T00:00:00.000Z;;;;;;;;;;;;
2023-03-24T00:00:00.000Z;0.09988235294117646;0.7933529411764706;0.09301176470588236;0.133;0.17569411764705883;0.20467352941176473;0.23929411764705885;0.25173529411764706;0.26788823529411765;0.26873823529411767;0.3446;0.2876
2023-03-26T00:00:00.000Z;;;;;;;;;;;;
2023-03-29T00:00:00.000Z;0.105;0.6663823529411764;0.08734705882352942;0.1303;0.1747764705882353;0.20591470588235294;0.23638823529411768;0.2503941176470588;0.26630000000000004;0.26791176470588235;0.3391735294117647;0.27278823529411766
2023-03-31T00:00:00.000Z;;;;;;;;;;;;
2023-04-03T00:00:00.000Z;0.08888235294117647;0.3622352941176471;0.09451764705882353;0.13722941176470588;0.1829058823529412;0.2104705882352941;0.24193529411764708;0.25672647058823533;0.27844117647058825;0.2724794117647059;0.3542852941176471;0.29687647058823535
2023-04-05T00:00:00.000Z;0.149;0.4063235294117647;0.10523823529411766;0.15523529411764705;0.20594411764705883;0.23755588235294123;0.26884411764705884;0.2820323529411765;0.3008735294117647;0.3000823529411765;0.38636764705882354;0.3172529411764706
2023-04-08T00:00:00.000Z;0.116;0.4407941176470589;0.09400882352941176;0.13877058823529412;0.18498823529411768;0.21647941176470592;0.24599411764705884;0.2601705882352941;0.2787588235294118;0.2760294117647059;0.3545529411764706;0.2841764705882353
2023-04-10T00:00:00.000Z;0.3291764705882353;1.3833823529411766;0.07686764705882353;0.1008;0.12167941176470588;0.14231764705882355;0.16030294117647062;0.16988529411764705;0.17179411764705885;0.17480882352941177;0.19689117647058826;0.15221470588235295
2023-04-13T00:00:00.000Z;;;;;;;;;;;;
2023-04-15T00:00:00.000Z;0.16;0.9088823529411764;0.11356764705882354;0.16379411764705884;0.2166235294117647;0.25213529411764707;0.28024117647058827;0.29387647058823535;0.30425;0.31104705882352945;0.4016588235294118;0.3312176470588235
2023-04-18T00:00:00.000Z;0.08888235294117647;0.7472058823529413;0.09873823529411764;0.14448823529411767;0.1921705882352941;0.22526176470588236;0.2542029411764706;0.2670852941176471;0.28139411764705885;0.2817735294117647;0.3638088235294118;0.29296176470588237
2023-04-20T00:00:00.000Z;0.1655;0.7853529411764706;0.11801764705882355;0.16841176470588234;0.22210000000000002;0.25614411764705886;0.28501176470588235;0.30101470588235296;0.3154029411764706;0.3169823529411765;0.4146588235294118;0.3495764705882353
2023-04-23T00:00:00.000Z;0.12176470588235294;0.8208235294117647;0.10253823529411767;0.14807058823529412;0.19992352941176472;0.2312235294117647;0.2608058823529412;0.27461176470588233;0.2893705882352941;0.2897029411764706;0.3826852941176471;0.32073823529411766
2023-04-25T00:00:00.000Z;0.094;1.207264705882353;0.11743529411764705;0.16835882352941176;0.2225735294117647;0.2587029411764706;0.28699411764705884;0.29904705882352944;0.3071205882352941;0.31629117647058824;0.4162794117647059;0.3457235294117647
2023-04-28T00:00:00.000Z;;;;;;;;;;;;
2023-04-30T00:00:00.000Z;;;;;;;;;;;;
2023-05-03T00:00:00.000Z;;;;;;;;;;;;
2023-05-05T00:00:00.000Z;0.09988235294117646;1.0047647058823528;0.1197970588235294;0.17065;0.22695588235294123;0.26259411764705887;0.28879411764705887;0.3020323529411765;0.313;0.3212529411764706;0.42176176470588234;0.34890882352941177
2023-05-08T00:00:00.000Z;;;;;;;;;;;;
2023-05-10T00:00:00.000Z;0.09988235294117646;1.563;0.1272970588235294;0.17575882352941177;0.23043529411764707;0.26874117647058826;0.29404117647058825;0.31007941176470594;0.31673823529411765;0.3266029411764706;0.4338235294117647;0.3687823529411765
2023-05-13T00:00:00.000Z;;;;;;;;;;;;
2023-05-15T00:00:00.000Z;0.05577272727272727;0.593;0.13906363636363636;0.18884545454545454;0.24302727272727276;0.28425;0.3163590909090909;0.33377727272727276;0.35165454545454544;0.3548318181818182;0.44072727272727275;0.36896363636363644
2023-05-18T00:00:00.000Z;;;;;;;;;;;;
2023-05-20T00:00:00.000Z;0.1945;1.2513333333333332;0.11305833333333333;0.1437166666666667;0.17680833333333335;0.19771666666666668;0.21710833333333332;0.22967500000000002;0.22324166666666667;0.23778333333333332;0.28956666666666664;0.21526666666666666
2023-05-23T00:00:00.000Z;;;;;;;;;;;;
2023-05-25T00:00:00.000Z;;;;;;;;;;;;
2023-05-28T00:00:00.000Z;;;;;;;;;;;;
2023-05-30T00:00:00.000Z;0.12176470588235294;1.6685588235294118;0.10355882352941176;0.13142941176470588;0.15868823529411766;0.18893823529411768;0.21965882352941177;0.23507058823529411;0.2329823529411765;0.2465705882352941;0.2799558823529412;0.22056764705882353
2023-06-02T00:00:00.000Z;0.4215;1.8686764705882357;0.09697352941176472;0.1435029411764706;0.18794117647058825;0.2299735294117647;0.2710882352941177;0.2886705882352941;0.2937764705882353;0.3037264705882353;0.3727911764705882;0.2902970588235294
2023-06-04T00:00:00.000Z;0.07788235294117647;1.8472058823529407;0.11208235294117647;0.16085588235294118;0.20689411764705884;0.2482029411764706;0.2857617647058824;0.30044705882352946;0.3013294117647059;0.31770882352941177;0.4089823529411765;0.33832941176470593
2023-06-07T00:00:00.000Z;;;;;;;;;;;;
2023-06-09T00:00:00.000Z;;;;;;;;;;;;
2023-06-12T00:00:00.000Z;;;;;;;;;;;;
2023-06-14T00:00:00.000Z;0.1436764705882353;1.7358823529411767;0.11296470588235295;0.16592058823529413;0.20989705882352944;0.2540294117647059;0.29840588235294124;0.3162294117647059;0.31668529411764706;0.33205588235294126;0.41596176470588236;0.3442
2023-06-17T00:00:00.000Z;0.1436764705882353;1.8197058823529408;0.09943823529411765;0.14283529411764706;0.18366470588235292;0.22320588235294123;0.27101470588235294;0.2869205882352941;0.2898588235294118;0.30301176470588237;0.3728529411764706;0.30250588235294124
2023-06-19T00:00:00.000Z;;;;;;;;;;;;
2023-06-22T00:00:00.000Z;0.21476470588235294;1.714470588235294;0.08855294117647058;0.1312735294117647;0.1666764705882353;0.20500294117647058;0.2565352941176471;0.2759794117647059;0.28130588235294124;0.2900764705882353;0.35348529411764706;0.28455882352941175
2023-06-24T00:00:00.000Z;0.16;1.558764705882353;0.11139705882352939;0.16255294117647062;0.20590882352941176;0.24825588235294122;0.30066764705882354;0.3199058823529412;0.32273823529411766;0.3350882352941177;0.4120735294117647;0.34090000000000004
2023-06-27T00:00:00.000Z;0.35629411764705887;1.9920294117647057;0.09868235294117648;0.13868823529411767;0.17156470588235295;0.2115823529411765;0.2661382352941177;0.28796764705882355;0.2878705882352941;0.3042352941176471;0.36562647058823533;0.2918352941176471
2023-06-29T00:00:00.000Z;0.5733823529411765;2.078235294117647;0.11106764705882353;0.1574735294117647;0.1983294117647059;0.2439029411764706;0.2993705882352941;0.3258764705882353;0.32480882352941176;0.3413176470588235;0.42844411764705886;0.3593529411764706
2023-07-02T00:00:00.000Z;0.149;2.343764705882353;0.1024264705882353;0.14632941176470587;0.18432352941176472;0.22291176470588236;0.27111176470588233;0.2925323529411765;0.29095882352941177;0.3049705882352941;0.3795941176470588;0.31819705882352944
2023-07-04T00:00:00.000Z;0.18726470588235294;1.6300882352941175;0.11699411764705883;0.16839411764705883;0.21400588235294124;0.25723823529411766;0.30144117647058827;0.3193794117647059;0.3235147058823529;0.3371529411764706;0.4180882352941177;0.3453176470588235
2023-07-07T00:00:00.000Z;;;;;;;;;;;;
2023-07-09T00:00:00.000Z;0.23661764705882357;2.3445588235294124;0.11805882352941176;0.16687058823529413;0.20774411764705883;0.24951176470588235;0.2903529411764706;0.3126029411764706;0.30958529411764707;0.32550588235294126;0.40584705882352945;0.3427029411764706
2023-07-12T00:00:00.000Z;0.2498235294117647;1.3815882352941176;0.10361176470588235;0.14803529411764704;0.1883764705882353;0.22534705882352943;0.26930000000000004;0.2911882352941177;0.2922;0.3046058823529412;0.3649294117647059;0.30148823529411767
2023-07-14T00:00:00.000Z;0.21476470588235294;1.7531764705882353;0.11684117647058825;0.16834117647058824;0.21747941176470592;0.2620323529411765;0.2991764705882353;0.31590588235294126;0.3176;0.3318205882352941;0.4186941176470588;0.34322647058823536
2023-07-17T00:00:00.000Z;0.242;1.4442941176470587;0.09799411764705884;0.14652941176470588;0.18885882352941177;0.2273235294117647;0.26533529411764706;0.2812676470588235;0.2868588235294118;0.2981970588235294;0.3668970588235294;0.29504411764705885
2023-07-19T00:00:00.000Z;;;;;;;;;;;;
2023-07-22T00:00:00.000Z;;;;;;;;;;;;
2023-07-24T00:00:00.000Z;0.3290588235294118;1.6869705882352939;0.12296470588235296;0.17349411764705883;0.2162529411764706;0.26100588235294125;0.29698823529411766;0.31295;0.3093294117647059;0.3316588235294118;0.39185000000000003;0.3201529411764706
2023-07-27T00:00:00.000Z;0.11082352941176472;2.6169411764705885;0.1012970588235294;0.14526470588235296;0.1857294117647059;0.2269529411764706;0.25771764705882355;0.2731323529411765;0.27145882352941175;0.2912588235294118;0.3700617647058824;0.2964088235294118
2023-07-29T00:00:00.000Z;0.2638235294117647;1.4846176470588235;0.11919411764705884;0.1712735294117647;0.22106764705882354;0.26239411764705883;0.2961264705882353;0.31336176470588234;0.31984411764705883;0.3290588235294118;0.42080882352941185;0.3542852941176471
2023-08-01T00:00:00.000Z;0.1655;1.2479411764705883;0.10243529411764705;0.14743529411764705;0.19385882352941178;0.2301235294117647;0.26230294117647057;0.2798029411764706;0.2903117647058824;0.2954117647058824;0.38095588235294126;0.3178058823529412
2023-08-03T00:00:00.000Z;0.1929705882352941;1.6768529411764705;0.11476176470588234;0.16842352941176472;0.2218323529411765;0.2644058823529412;0.2935558823529412;0.3094;0.31205588235294124;0.3260588235294118;0.4198382352941177;0.34499411764705884
2023-08-06T00:00:00.000Z;0.1545;1.4031470588235295;0.09835588235294117;0.14858235294117647;0.19531764705882357;0.23604705882352942;0.26521470588235296;0.2796911764705883;0.2870352941176471;0.2966823529411765;0.37526764705882354;0.29952941176470593
2023-08-08T00:00:00.000Z;0.2256764705882353;2.2705882352941176;0.12066470588235295;0.16881764705882354;0.21034705882352941;0.25180882352941175;0.2821676470588235;0.3013176470588235;0.2989529411764706;0.31471176470588236;0.3958147058823529;0.32987058823529414
2023-08-11T00:00:00.000Z;0.19817647058823532;1.637764705882353;0.10221470588235294;0.14917058823529414;0.1975470588235294;0.23482941176470593;0.2665029411764706;0.2816411764705883;0.2883588235294118;0.29719117647058824;0.3811088235294118;0.3144529411764706
2023-08-13T00:00:00.000Z;0.24747058823529408;2.142441176470588;0.11422941176470588;0.16786764705882354;0.2200205882352941;0.2644882352941177;0.2926823529411765;0.30690588235294125;0.3059323529411765;0.3253323529411765;0.4140529411764706;0.33744117647058824
2023-08-16T00:00:00.000Z;0.116;2.022882352941177;0.09951764705882353;0.14314117647058824;0.18554117647058826;0.22605882352941176;0.2524911764705883;0.26775882352941177;0.26933529411764706;0.28459411764705883;0.36089117647058816;0.2876823529411765
2023-08-18T00:00:00.000Z;0.1929705882352941;1.1579411764705883;0.11738823529411767;0.16893529411764704;0.22146764705882352;0.2614941176470588;0.2907323529411765;0.3078735294117647;0.3176529411764706;0.32360588235294124;0.4174294117647059;0.35134705882352946
2023-08-21T00:00:00.000Z;0.16;1.9422941176470587;0.10067058823529412;0.14677647058823529;0.1938764705882353;0.23241470588235294;0.25977647058823533;0.27547058823529413;0.28048823529411765;0.29134117647058827;0.3788794117647059;0.3143735294117647
2023-08-23T00:00:00.000Z;0.2256764705882353;1.5235882352941177;0.11037352941176472;0.16392058823529412;0.21705882352941178;0.26018823529411766;0.2887911764705883;0.3039294117647059;0.3055823529411765;0.31912941176470594;0.4100088235294118;0.3346705882352941
2023-08-26T00:00:00.000Z;0.31829411764705884;1.7508529411764706;0.11120882352941176;0.15868235294117647;0.2011294117647059;0.24105000000000001;0.26819705882352946;0.28244411764705885;0.28338823529411766;0.3003794117647059;0.35902941176470593;0.2811205882352941
2023-08-28T00:00:00.000Z;0.1655;1.1410882352941176;0.11007941176470588;0.1608058823529412;0.21280588235294123;0.25269705882352944;0.2817;0.29660882352941176;0.30630882352941174;0.3121205882352941;0.4062441176470588;0.34185882352941177
2023-08-31T00:00:00.000Z;0.171;1.7046470588235296;0.09587941176470588;0.14152352941176471;0.1886470588235294;0.22939705882352943;0.2543294117647059;0.2688323529411765;0.27649411764705883;0.28620588235294125;0.37066764705882355;0.30561764705882355
2023-09-02T00:00:00.000Z;;;;;;;;;;;;
2023-09-05T00:00:00.000Z;0.3346176470588235;2.232529411764706;0.10463235294117647;0.15563529411764707;0.1978470588235294;0.24355588235294123;0.27255;0.28621176470588233;0.2856;0.3039;0.3587676470588235;0.2800882352941177
2023-09-07T00:00:00.000Z;0.2038235294117647;2.568294117647059;0.1048764705882353;0.15262058823529412;0.1971264705882353;0.2388;0.26961176470588233;0.28796470588235296;0.28500882352941176;0.30296470588235297;0.3805176470588235;0.3138941176470588
2023-09-10T00:00:00.000Z;0.182;2.1945;0.09977058823529412;0.13645882352941177;0.18023529411764705;0.21849117647058824;0.25091176470588233;0.26806176470588233;0.2690529411764706;0.2822970588235294;0.3613941176470588;0.2962529411764706
2023-09-12T00:00:00.000Z;;;;;;;;;;;;
2023-09-15T00:00:00.000Z;0.105;2.588;0.10039117647058825;0.14241176470588235;0.18319411764705884;0.2265029411764706;0.2620529411764706;0.27639411764705885;0.27637647058823533;0.2963176470588235;0.3651441176470588;0.28620588235294125
2023-09-17T00:00:00.000Z;0.2038235294117647;2.7228529411764706;0.09982058823529413;0.1464;0.18645;0.22868823529411766;0.2625441176470588;0.28189705882352944;0.2760882352941177;0.2971294117647059;0.3708823529411765;0.2991029411764706
2023-09-20T00:00:00.000Z;0.138;1.9933529411764705;0.09098823529411763;0.1318;0.16865294117647062;0.20475000000000002;0.23905588235294123;0.2553352941176471;0.2579470588235294;0.2690735294117647;0.34582941176470594;0.28484705882352945
2023-09-22T00:00:00.000Z;0.0555;1.0401176470588234;0.09391176470588238;0.14142352941176473;0.1910823529411765;0.23131176470588236;0.26850882352941174;0.28399117647058825;0.28748823529411766;0.30236176470588233;0.3869323529411765;0.32268823529411766
2023-09-25T00:00:00.000Z;0.094;1.0618235294117646;0.08313823529411765;0.12634411764705883;0.16684117647058824;0.1996970588235294;0.23094705882352942;0.2447205882352941;0.2545352941176471;0.2603235294117647;0.3322176470588235;0.2656705882352941
2023-09-27T00:00:00.000Z;0.12176470588235294;1.5262058823529412;0.09929117647058824;0.1447264705882353;0.18672058823529408;0.22264117647058826;0.2538705882352941;0.26887058823529414;0.2739529411764706;0.28287647058823534;0.37219705882352944;0.3114852941176471
2023-09-30T00:00:00.000Z;0.08888235294117647;1.3722058823529413;0.08631176470588235;0.12593529411764706;0.16613529411764705;0.19885;0.23004411764705884;0.24452647058823532;0.2522764705882353;0.2571088235294118;0.33976470588235297;0.28349117647058825
2023-10-02T00:00:00.000Z;0.105;0.9487352941176472;0.09318235294117648;0.13945588235294118;0.18469411764705884;0.21995882352941176;0.2505029411764706;0.2646529411764706;0.27193823529411765;0.27955882352941175;0.3628;0.2968235294117647
2023-10-05T00:00:00.000Z;0.127;1.189;0.08243529411764706;0.1254470588235294;0.16483529411764705;0.1992382352941177;0.22900882352941176;0.2418029411764706;0.25015882352941177;0.2565470588235294;0.32846176470588234;0.2609941176470588
2023-10-07T00:00:00.000Z;0.1436764705882353;1.2828529411764704;0.09686176470588237;0.14128529411764706;0.1850264705882353;0.22105882352941178;0.25099411764705887;0.26573823529411766;0.27090000000000003;0.27902058823529413;0.3659529411764706;0.3056764705882353
2023-10-10T00:00:00.000Z;0.1105;1.3098333333333332;0.09645000000000001;0.13226666666666667;0.17098333333333332;0.19910833333333333;0.22431666666666666;0.23279166666666667;0.24411666666666668;0.24715;0.32414166666666666;0.26864166666666667
2023-10-12T00:00:00.000Z;0.127;1.0912941176470587;0.09008235294117647;0.1360794117647059;0.17981470588235296;0.21585000000000001;0.24419705882352943;0.2574294117647059;0.2642176470588235;0.2722088235294118;0.3552735294117647;0.2902029411764706
2023-10-15T00:00:00.000Z;0.1436764705882353;1.7190588235294118;0.0813764705882353;0.12362058823529412;0.16116470588235296;0.19942352941176472;0.2252823529411765;0.23769411764705883;0.24125882352941178;0.2527558823529412;0.32473529411764707;0.25630882352941176
2023-10-17T00:00:00.000Z;;;;;;;;;;;;
2023-10-20T00:00:00.000Z;0.11082352941176472;1.460235294117647;0.02073823529411765;0.033144117647058824;0.049947058823529414;0.06563823529411765;0.08192058823529412;0.09471470588235294;0.06185588235294118;0.10659705882352939;0.11424117647058825;0.10562941176470589
2023-10-22T00:00:00.000Z;;;;;;;;;;;;
2023-10-25T00:00:00.000Z;0.06676470588235295;1.4748235294117646;0.030288235294117647;0.05131764705882353;0.06687941176470588;0.08397058823529413;0.09700882352941176;0.10328235294117646;0.10502352941176471;0.11018235294117647;0.12518823529411766;0.09303235294117648
2023-10-27T00:00:00.000Z;;;;;;;;;;;;
2023-10-30T00:00:00.000Z;0.094;1.5282352941176471;0.10172352941176473;0.14070588235294118;0.17695294117647062;0.2159235294117647;0.24929411764705883;0.2646088235294118;0.2746823529411765;0.2788823529411765;0.3551029411764706;0.28292647058823533
2023-11-01T00:00:00.000Z;;;;;;;;;;;;
2023-11-04T00:00:00.000Z;;;;;;;;;;;;
2023-11-06T00:00:00.000Z;;;;;;;;;;;;
2023-11-09T00:00:00.000Z;;;;;;;;;;;;
2023-11-11T00:00:00.000Z;0.0555;1.4720882352941176;0.0784;0.11286176470588234;0.14875294117647062;0.1803735294117647;0.20624411764705883;0.21735000000000002;0.21548235294117649;0.2311029411764706;0.28764117647058823;0.23290000000000002
2023-11-14T00:00:00.000Z;0.07788235294117647;1.0482647058823529;0.07236764705882352;0.11185294117647061;0.14998823529411767;0.18576764705882357;0.2141735294117647;0.22576176470588236;0.2365235294117647;0.24073529411764708;0.3036323529411765;0.2386705882352941
2023-11-16T00:00:00.000Z;;;;;;;;;;;;
2023-11-19T00:00:00.000Z;0.07788235294117647;0.9985;0.07132352941176472;0.10852352941176471;0.14510588235294117;0.17591470588235295;0.2066029411764706;0.21866764705882352;0.23097058823529412;0.23150588235294123;0.29691470588235297;0.24097941176470591
2023-11-21T00:00:00.000Z;0.08888235294117647;0.6679705882352942;0.0796;0.1245470588235294;0.16600588235294117;0.20062058823529408;0.2300735294117647;0.2411323529411765;0.25417647058823534;0.2564970588235294;0.32474705882352944;0.2615676470588235
2023-11-24T00:00:00.000Z;0.07200000000000001;0.6874411764705883;0.07027941176470588;0.11081764705882353;0.14786470588235295;0.1811264705882353;0.21017647058823533;0.2211264705882353;0.23592941176470592;0.23485882352941176;0.2964088235294118;0.23199705882352942
2023-11-26T00:00:00.000Z;0.1326764705882353;0.970529411764706;0.08640294117647059;0.12801764705882354;0.17020882352941177;0.20770000000000002;0.24007647058823534;0.25217941176470593;0.26107647058823535;0.2670823529411765;0.33186470588235295;0.27096764705882354
2023-11-29T00:00:00.000Z;;;;;;;;;;;;
2023-12-01T00:00:00.000Z;;;;;;;;;;;;
2023-12-04T00:00:00.000Z;;;;;;;;;;;;
2023-12-06T00:00:00.000Z;0.05;1.447375;0.1372875;0.1442;0.15657500000000002;0.1813875;0.1884875;0.1947375;0.197225;0.1939625;0.23922500000000002;0.203875
2023-12-09T00:00:00.000Z;;;;;;;;;;;;
2023-12-11T00:00:00.000Z;0.083;1.0443823529411767;0.07445294117647058;0.11615294117647061;0.1534294117647059;0.1874294117647059;0.21288823529411766;0.2250676470588235;0.23111470588235294;0.23950882352941177;0.2967382352941177;0.2383352941176471
2023-12-14T00:00:00.000Z;0.06676470588235295;0.6106176470588236;0.06716470588235295;0.10717058823529413;0.1422470588235294;0.17445882352941178;0.2048352941176471;0.21311470588235293;0.23233529411764708;0.2291735294117647;0.2828235294117647;0.2180235294117647
2023-12-16T00:00:00.000Z;0.07200000000000001;0.5777941176470588;0.08061764705882353;0.12020882352941176;0.15941176470588234;0.19254411764705884;0.22332941176470592;0.23396764705882353;0.24969411764705884;0.24958823529411767;0.31512941176470594;0.2567705882352941
2023-12-19T00:00:00.000Z;0.06676470588235295;0.4215;0.07108235294117649;0.10873235294117647;0.14397941176470588;0.17358235294117647;0.20425294117647058;0.2149205882352941;0.23745882352941178;0.2301705882352941;0.2908235294117647;0.23515
2023-12-21T00:00:00.000Z;0.07200000000000001;0.7880882352941176;0.07701470588235294;0.1187;0.15978823529411768;0.19545294117647058;0.2242735294117647;0.23431176470588236;0.24508823529411766;0.24954705882352943;0.31322647058823533;0.2504911764705883
2023-12-24T00:00:00.000Z;0.06676470588235295;0.5678823529411765;0.06815882352941177;0.10798235294117647;0.14315882352941176;0.1750470588235294;0.20531764705882352;0.2139323529411765;0.2331529411764706;0.2294323529411765;0.2831823529411765;0.21949705882352943
2023-12-26T00:00:00.000Z;0.07200000000000001;0.329;0.08007941176470589;0.11939411764705883;0.1586735294117647;0.18878235294117648;0.22042647058823533;0.23221764705882353;0.25269705882352944;0.2486352941176471;0.3138382352941177;0.2545382352941177
2023-12-29T00:00:00.000Z;;;;;;;;;;;;
2023-12-31T00:00:00.000Z;;;;;;;;;;;;
2024-01-03T00:00:00.000Z;;;;;;;;;;;;
2024-01-05T00:00:00.000Z;;;;;;;;;;;;
2024-01-08T00:00:00.000Z;0.06676470588235295;0.41411764705882353;0.07133529411764707;0.10798235294117647;0.14505882352941177;0.17375588235294118;0.20511764705882352;0.21448235294117649;0.2365352941176471;0.23004117647058825;0.2924529411764706;0.2354
2024-01-10T00:00:00.000Z;;;;;;;;;;;;
2024-01-13T00:00:00.000Z;;;;;;;;;;;;
2024-01-18T00:00:00.000Z;0.055392857142857146;1.21825;0.10456785714285712;0.11635000000000001;0.1324357142857143;0.15347857142857144;0.17050714285714288;0.17716785714285713;0.1847571428571429;0.18249642857142856;0.21616428571428575;0.16648928571428573
2024-01-20T00:00:00.000Z;;;;;;;;;;;;
2024-01-23T00:00:00.000Z;0.08888235294117647;1.3004117647058824;0.06799705882352942;0.10462352941176471;0.13894117647058826;0.1732470588235294;0.19845294117647058;0.20867647058823532;0.21731764705882353;0.22269411764705885;0.2774735294117647;0.21611176470588236
2024-01-25T00:00:00.000Z;;;;;;;;;;;;
2024-01-28T00:00:00.000Z;;;;;;;;;;;;
2024-01-30T00:00:00.000Z;;;;;;;;;;;;
2024-02-02T00:00:00.000Z;0.083;1.0291176470588235;0.07364411764705883;0.11062352941176472;0.1477294117647059;0.1789;0.20485;0.21481176470588234;0.22513529411764707;0.22890882352941178;0.2927382352941177;0.23006176470588235
2024-02-04T00:00:00.000Z;0.083;0.49976470588235294;0.08769411764705884;0.13159411764705883;0.17496470588235297;0.20615882352941176;0.2357205882352941;0.24872647058823533;0.26485000000000003;0.26365588235294124;0.34586470588235296;0.28959117647058824
2024-02-07T00:00:00.000Z;0.09988235294117646;0.9582647058823528;0.07765882352941177;0.11481470588235296;0.1510764705882353;0.1828058823529412;0.20823529411764707;0.21868823529411766;0.23128823529411766;0.23180588235294122;0.3048970588235294;0.2515529411764706
2024-02-09T00:00:00.000Z;;;;;;;;;;;;
2024-02-12T00:00:00.000Z;0.083;1.123764705882353;0.06167058823529412;0.09929117647058824;0.13355882352941176;0.16575588235294117;0.1917205882352941;0.20167941176470588;0.21246470588235294;0.21646176470588235;0.26469705882352945;0.1967970588235294
2024-02-14T00:00:00.000Z;;;;;;;;;;;;
2024-02-17T00:00:00.000Z;0.07788235294117647;1.0485294117647062;0.07735294117647058;0.1172764705882353;0.15241764705882355;0.18529411764705883;0.21451176470588235;0.22546176470588236;0.2383352941176471;0.23971470588235294;0.30606176470588237;0.2539382352941177
2024-02-19T00:00:00.000Z;0.111;1.0254285714285711;0.05044285714285714;0.058307142857142856;0.07656428571428571;0.09544285714285715;0.11517142857142858;0.12276428571428571;0.1192;0.13384285714285712;0.1555857142857143;0.1399928571428571
2024-02-22T00:00:00.000Z;;;;;;;;;;;;
2024-02-24T00:00:00.000Z;0.0555;0.6902941176470588;0.11753823529411767;0.15551176470588235;0.1994823529411765;0.23671176470588234;0.2695294117647059;0.2843176470588235;0.2927764705882353;0.30218823529411765;0.3749441176470588;0.3123676470588235
2024-02-27T00:00:00.000Z;;;;;;;;;;;;
2024-02-29T00:00:00.000Z;0.105;0.6350588235294117;0.09145588235294116;0.13873235294117647;0.1840558823529412;0.21578529411764708;0.2430029411764706;0.2553735294117647;0.26827647058823534;0.27134705882352944;0.35239117647058826;0.28911176470588235
2024-03-03T00:00:00.000Z;0.083;0.5010294117647058;0.07835882352941177;0.1209264705882353;0.16205294117647062;0.19020294117647057;0.21821764705882352;0.22969117647058826;0.24775882352941178;0.2460823529411765;0.3124235294117647;0.2471735294117647
2024-03-05T00:00:00.000Z;0.11082352941176472;0.6743235294117648;0.09751470588235295;0.1411764705882353;0.18688529411764707;0.22132647058823532;0.2493735294117647;0.2619852941176471;0.27688823529411766;0.2790941176470588;0.3652117647058824;0.30558823529411766
2024-03-08T00:00:00.000Z;0.05548275862068966;0.9537241379310344;0.06254827586206897;0.08066206896551725;0.09777241379310345;0.1137655172413793;0.13122068965517242;0.1343551724137931;0.16004137931034484;0.13834137931034485;0.16680344827586208;0.11678275862068965
2024-03-10T00:00:00.000Z;;;;;;;;;;;;
2024-03-13T00:00:00.000Z;0.083;0.6311764705882352;0.08406764705882352;0.12548529411764706;0.16661764705882354;0.19962352941176473;0.22891764705882353;0.24095882352941178;0.25509411764705886;0.2554529411764706;0.3215029411764706;0.25816470588235296
2024-03-15T00:00:00.000Z;0.116;0.8861176470588236;0.10032941176470589;0.14583823529411766;0.1931058823529412;0.2269264705882353;0.25721764705882355;0.27193823529411765;0.2817676470588235;0.28548529411764706;0.3725705882352941;0.31426470588235295
2024-03-18T00:00:00.000Z;;;;;;;;;;;;
2024-03-20T00:00:00.000Z;;;;;;;;;;;;
2024-03-23T00:00:00.000Z;;;;;;;;;;;;
2024-03-25T00:00:00.000Z;;;;;;;;;;;;
2024-03-28T00:00:00.000Z;;;;;;;;;;;;
2024-03-30T00:00:00.000Z;;;;;;;;;;;;
2024-04-02T00:00:00.000Z;;;;;;;;;;;;
2024-04-04T00:00:00.000Z;;;;;;;;;;;;
2024-04-07T00:00:00.000Z;;;;;;;;;;;;
2024-04-09T00:00:00.000Z;0.138;0.39402941176470585;0.10845588235294118;0.16042941176470588;0.2131029411764706;0.24614117647058825;0.2747705882352941;0.2866676470588235;0.3032058823529412;0.30164117647058825;0.39314117647058816;0.32823823529411766
2024-04-12T00:00:00.000Z;0.094;0.7616764705882353;0.09797058823529413;0.14074117647058826;0.18451764705882356;0.21712058823529412;0.24291764705882352;0.2569323529411765;0.26991764705882354;0.27055588235294126;0.35155000000000003;0.28795000000000004
2024-04-14T00:00:00.000Z;0.1545;0.6734117647058824;0.1166470588235294;0.16603529411764706;0.2179352941176471;0.25130882352941175;0.27882941176470594;0.29399705882352944;0.3073382352941177;0.3069205882352941;0.40789705882352945;0.34848823529411765
2024-04-17T00:00:00.000Z;0.138;1.2523823529411766;0.10191176470588237;0.14609411764705885;0.1953;0.22764411764705883;0.2541205882352941;0.26686764705882354;0.2761588235294118;0.2820029411764706;0.37864705882352945;0.3192323529411765
2024-04-19T00:00:00.000Z;;;;;;;;;;;;
2024-04-22T00:00:00.000Z;0.094;1.0651153846153842;0.15451538461538464;0.18903076923076925;0.22636153846153848;0.26163846153846154;0.2887230769230769;0.3007076923076923;0.30753846153846154;0.3166423076923077;0.3742153846153846;0.2925615384615385
2024-04-24T00:00:00.000Z;0.12176470588235294;0.3098235294117647;0.12052058823529413;0.17185294117647062;0.22566764705882353;0.25673823529411766;0.2841823529411765;0.29663823529411765;0.3191205882352941;0.3133470588235294;0.4157088235294118;0.3555029411764706
2024-04-27T00:00:00.000Z;;;;;;;;;;;;
2024-04-29T00:00:00.000Z;;;;;;;;;;;;
2024-05-02T00:00:00.000Z;0.08888235294117647;0.5222941176470588;0.10489117647058825;0.15448823529411768;0.20573529411764707;0.2368352941176471;0.26074411764705885;0.27277647058823534;0.2905058823529412;0.2887323529411765;0.3793029411764706;0.3100235294117647
2024-05-04T00:00:00.000Z;0.1326764705882353;1.0779411764705884;0.12552058823529413;0.17646764705882353;0.2326029411764706;0.2686088235294118;0.2928676470588235;0.3078794117647059;0.3170323529411765;0.3220852941176471;0.4306088235294118;0.3705235294117647
2024-05-07T00:00:00.000Z;0.11082352941176472;1.0313529411764706;0.12361176470588235;0.17148823529411766;0.22672352941176468;0.2624676470588235;0.2916352941176471;0.3052735294117647;0.3199235294117647;0.3223558823529412;0.42801176470588237;0.35740588235294124
2024-05-09T00:00:00.000Z;;;;;;;;;;;;
2024-05-12T00:00:00.000Z;0.08888235294117647;1.102029411764706;0.10936470588235296;0.15605294117647062;0.20980588235294123;0.24435588235294123;0.26627647058823534;0.2792;0.28808823529411764;0.2963970588235294;0.3897735294117647;0.31881470588235294
2024-05-14T00:00:00.000Z;0.0555;0.8428235294117647;0.12955;0.17961176470588236;0.23608823529411768;0.2726088235294118;0.2981764705882353;0.31135;0.32396470588235293;0.3256735294117647;0.43770294117647063;0.3762941176470588
2024-05-17T00:00:00.000Z;0.05577272727272727;0.9709545454545456;0.16870000000000002;0.20915454545454545;0.25586363636363635;0.29137727272727276;0.32385909090909093;0.34093636363636365;0.35610909090909093;0.36165909090909093;0.4491;0.35610909090909093
2024-05-19T00:00:00.000Z;0.12176470588235294;1.1626470588235296;0.1327;0.18796470588235295;0.24823529411764708;0.28810882352941175;0.31065000000000004;0.32469705882352945;0.3308205882352941;0.3411235294117647;0.4497235294117647;0.3753235294117647
2024-05-22T00:00:00.000Z;0.08888235294117647;0.9713823529411764;0.11149117647058825;0.16148823529411765;0.21581764705882353;0.25224411764705884;0.2736676470588235;0.2862617647058824;0.2978352941176471;0.3021558823529412;0.4000058823529412;0.3259470588235294
2024-05-24T00:00:00.000Z;0.1311764705882353;1.2135588235294117;0.1330294117647059;0.18625294117647057;0.2453823529411765;0.28224411764705887;0.3046029411764706;0.32050588235294125;0.32746470588235294;0.3341147058823529;0.4439264705882353;0.3784117647058824
2024-05-27T00:00:00.000Z;0.17641176470588235;1.8519411764705884;0.1163970588235294;0.16145882352941177;0.21193529411764708;0.24744411764705884;0.2679735294117647;0.28195882352941176;0.28564117647058823;0.29752647058823534;0.3988617647058824;0.3365382352941177
2024-05-29T00:00:00.000Z;0.12176470588235294;1.4026470588235296;0.13050588235294117;0.18334411764705882;0.2424205882352941;0.28038823529411766;0.30335;0.3160176470588235;0.32004411764705887;0.33129705882352944;0.44584411764705884;0.3719735294117647
2024-06-01T00:00:00.000Z;;;;;;;;;;;;
2024-06-03T00:00:00.000Z;;;;;;;;;;;;
2024-06-06T00:00:00.000Z;;;;;;;;;;;;
2024-06-08T00:00:00.000Z;0.4161470588235294;2.2415;0.13378235294117646;0.19265294117647058;0.24894705882352944;0.2871676470588235;0.3092235294117647;0.3210676470588235;0.3164470588235294;0.3354294117647059;0.4324058823529412;0.3518588235294118
2024-06-11T00:00:00.000Z;;;;;;;;;;;;
2024-06-13T00:00:00.000Z;0.083;1.593;0.12741764705882355;0.16730588235294117;0.2068529411764706;0.24770588235294122;0.2765294117647059;0.29256176470588235;0.29997647058823534;0.3083264705882353;0.39307647058823536;0.31070882352941176
2024-06-16T00:00:00.000Z;0.06676470588235295;1.4188823529411767;0.11012352941176472;0.15658823529411767;0.20406470588235293;0.24084117647058825;0.26940882352941176;0.28609117647058824;0.2936823529411765;0.30116764705882354;0.40240294117647063;0.3452382352941177
2024-06-18T00:00:00.000Z;0.12176470588235294;1.6067058823529412;0.12540588235294117;0.17987058823529414;0.23246764705882353;0.2749264705882353;0.30326470588235294;0.31896470588235293;0.3209941176470588;0.3365882352941177;0.4400294117647059;0.3672058823529412
2024-06-21T00:00:00.000Z;0.08888235294117647;1.2616176470588234;0.10890000000000001;0.15736470588235296;0.2071529411764706;0.24260882352941177;0.27444117647058824;0.28837647058823535;0.29800588235294123;0.30560882352941177;0.39634705882352944;0.32541176470588234
2024-06-23T00:00:00.000Z;0.127;2.6546470588235294;0.13121764705882355;0.1846058823529412;0.23674411764705883;0.2786411764705883;0.3075;0.3274823529411765;0.3234588235294118;0.34280588235294124;0.45276764705882355;0.39214117647058816
2024-06-26T00:00:00.000Z;0.34561764705882353;2.162147058823529;0.12918823529411766;0.17453529411764707;0.21798823529411768;0.2534823529411765;0.28700000000000003;0.30749705882352946;0.30557647058823534;0.32036470588235294;0.3943823529411765;0.3279558823529412
2024-06-28T00:00:00.000Z;;;;;;;;;;;;
2024-07-01T00:00:00.000Z;0.105;2.192647058823529;0.11461764705882355;0.1599764705882353;0.20650000000000002;0.2466323529411765;0.2831264705882353;0.29958529411764706;0.3003352941176471;0.32007647058823535;0.4065029411764706;0.32922647058823534
2024-07-03T00:00:00.000Z;0.061;1.774764705882353;0.1284470588235294;0.17900882352941178;0.2292823529411765;0.2673323529411765;0.30121470588235294;0.32257647058823535;0.32669411764705886;0.3383;0.44193529411764704;0.3801029411764706
2024-07-06T00:00:00.000Z;0.08773529411764706;1.7556764705882355;0.11032941176470588;0.15374117647058824;0.2003882352941177;0.23478823529411766;0.2685676470588235;0.2867352941176471;0.2908823529411765;0.3026794117647059;0.39396764705882353;0.33344117647058824
2024-07-08T00:00:00.000Z;0.094;2.050823529411765;0.12222941176470588;0.1729;0.2237823529411765;0.26441176470588235;0.2977382352941177;0.31395588235294125;0.31315882352941177;0.33175588235294123;0.43349411764705886;0.3596852941176471
2024-07-11T00:00:00.000Z;0.09967647058823528;1.630970588235294;0.10689411764705883;0.1541764705882353;0.20101176470588236;0.23832058823529412;0.26841764705882354;0.28545882352941176;0.2893235294117647;0.3028676470588235;0.38777647058823533;0.31557941176470594
2024-07-23T00:00:00.000Z;0.061;1.7529411764705882;0.1299029411764706;0.17995294117647062;0.23190000000000002;0.2711;0.2987264705882353;0.31712941176470594;0.3194882352941177;0.3315705882352941;0.440864705882353;0.3785647058823529
2024-07-26T00:00:00.000Z;0.083;1.6526764705882353;0.10944411764705883;0.15397058823529414;0.20399411764705883;0.2398;0.2675970588235294;0.28425588235294125;0.2898352941176471;0.2997205882352941;0.3979617647058824;0.33617647058823535
2024-07-28T00:00:00.000Z;0.17573529411764707;1.893764705882353;0.12335588235294118;0.17351764705882355;0.2246294117647059;0.26383823529411765;0.2910558823529412;0.3063235294117647;0.3068911764705883;0.32376176470588236;0.42055588235294117;0.34730588235294124
2024-07-31T00:00:00.000Z;0.149;1.6512647058823529;0.10620294117647061;0.1535764705882353;0.20293529411764705;0.24064117647058825;0.2667235294117647;0.2824823529411765;0.2850823529411765;0.2977235294117647;0.38620882352941177;0.31221764705882354
2024-08-02T00:00:00.000Z;0.06676470588235295;1.468235294117647;0.12534117647058826;0.17128235294117647;0.22365882352941177;0.2620352941176471;0.2890852941176471;0.30662941176470593;0.31336764705882353;0.3236029411764706;0.43512647058823534;0.3717911764705882
2024-08-05T00:00:00.000Z;0.105;2.087235294117647;0.1114;0.15401176470588235;0.2030470588235294;0.23814705882352943;0.2648764705882353;0.2832352941176471;0.28377647058823535;0.29820882352941175;0.3993647058823529;0.3364264705882353
2024-08-07T00:00:00.000Z;0.11082352941176472;1.5633529411764706;0.1216470588235294;0.1731764705882353;0.22902058823529411;0.2690205882352941;0.29197941176470593;0.3082294117647059;0.31079411764705883;0.3264941176470588;0.43066176470588236;0.35657058823529414
2024-08-10T00:00:00.000Z;0.07788235294117647;1.385;0.10568823529411767;0.14937058823529412;0.2007823529411765;0.23743529411764708;0.26380882352941176;0.27601176470588235;0.2833176470588235;0.2927411764705883;0.3828558823529412;0.31026764705882354
2024-08-12T00:00:00.000Z;0.06676470588235295;1.9013529411764705;0.12480294117647062;0.17421176470588234;0.2271794117647059;0.2659264705882353;0.2889323529411765;0.30766764705882355;0.30911176470588236;0.3236205882352941;0.4303794117647059;0.3659676470588235
2024-08-15T00:00:00.000Z;0.08888235294117647;1.509029411764706;0.09995882352941177;0.14311764705882354;0.19360000000000002;0.22724411764705885;0.25300588235294125;0.26681176470588236;0.2753823529411765;0.28389411764705885;0.38221764705882355;0.31986176470588235
2024-08-17T00:00:00.000Z;0.116;1.7894411764705884;0.11307058823529413;0.16587058823529413;0.21996470588235295;0.2612705882352941;0.2841264705882353;0.29776176470588234;0.2989676470588235;0.3167352941176471;0.42265;0.34905882352941175
2024-08-20T00:00:00.000Z;0.11082352941176472;2.6531176470588234;0.09970000000000001;0.14491764705882354;0.19428823529411768;0.2336205882352941;0.2540617647058824;0.26773823529411767;0.2659882352941177;0.28689411764705885;0.3799588235294118;0.30520882352941175
2024-08-22T00:00:00.000Z;0.1545;3.075205882352941;0.11135294117647061;0.14956470588235296;0.19336470588235294;0.2316323529411765;0.25250588235294125;0.2711352941176471;0.26379411764705885;0.2869323529411765;0.3780529411764706;0.31771764705882355
2024-08-25T00:00:00.000Z;0.3997647058823529;2.614470588235294;0.10222941176470589;0.1509235294117647;0.1993;0.23570588235294124;0.2574852941176471;0.2750470588235294;0.27284705882352944;0.29151764705882355;0.37405588235294124;0.3066735294117647
2024-08-27T00:00:00.000Z;;;;;;;;;;;;
2024-08-30T00:00:00.000Z;;;;;;;;;;;;
2024-09-01T00:00:00.000Z;0.18726470588235294;2.679794117647059;0.12083823529411766;0.16613823529411767;0.21452647058823532;0.2531735294117647;0.2738529411764706;0.29216176470588234;0.28561764705882353;0.3072529411764706;0.3980382352941177;0.33201764705882353
2024-09-04T00:00:00.000Z;0.105;1.9069117647058824;0.08238529411764707;0.12081764705882354;0.1625470588235294;0.19829117647058825;0.22190882352941177;0.2366235294117647;0.24191764705882352;0.25424117647058825;0.33479411764705885;0.26674705882352945
2024-09-06T00:00:00.000Z;;;;;;;;;;;;
2024-09-09T00:00:00.000Z;0.127;1.0696470588235296;0.08824117647058824;0.13423823529411766;0.17819411764705884;0.21541764705882352;0.2460735294117647;0.2605176470588235;0.2704235294117647;0.2775382352941177;0.35669411764705883;0.2859823529411765
2024-09-11T00:00:00.000Z;0.06676470588235295;2.061176470588235;0.10679117647058825;0.14859411764705885;0.1929794117647059;0.23197058823529412;0.2617558823529412;0.2780558823529412;0.28129705882352946;0.2958411764705883;0.3889;0.329
2024-09-14T00:00:00.000Z;0.09988235294117646;1.8608529411764705;0.14453529411764707;0.1735470588235294;0.21087058823529412;0.24749117647058824;0.2816588235294118;0.2988529411764706;0.3014823529411765;0.3163470588235294;0.37845;0.3078235294117647
2024-09-16T00:00:00.000Z;0.1326764705882353;1.0675882352941175;0.10188823529411764;0.14956764705882356;0.20020882352941177;0.23581470588235293;0.26730000000000004;0.2826764705882353;0.2912176470588235;0.2982470588235294;0.38975000000000004;0.3199382352941177
2024-09-19T00:00:00.000Z;;;;;;;;;;;;
2024-09-21T00:00:00.000Z;0.1378235294117647;2.249264705882353;0.0869529411764706;0.12987941176470588;0.17147058823529412;0.2090970588235294;0.24172647058823532;0.2589676470588235;0.2641705882352941;0.2738735294117647;0.3397529411764706;0.2661294117647059
2024-09-24T00:00:00.000Z;;;;;;;;;;;;
2024-09-26T00:00:00.000Z;0.11082352941176472;1.647735294117647;0.09328529411764706;0.13967058823529413;0.18523529411764705;0.22129411764705884;0.25425882352941176;0.2703558823529412;0.2716205882352941;0.2866382352941177;0.3720147058823529;0.30421470588235294
2024-09-29T00:00:00.000Z;0.08888235294117647;1.3327352941176471;0.08551176470588236;0.12632058823529413;0.16608823529411768;0.2000294117647059;0.23215000000000002;0.24629411764705883;0.25467647058823534;0.26079705882352944;0.3338735294117647;0.2655882352941177
2024-10-01T00:00:00.000Z;0.12176470588235294;1.5793529411764706;0.09893823529411765;0.14234411764705884;0.1881264705882353;0.2210205882352941;0.2523705882352941;0.27039705882352943;0.27384117647058825;0.2838676470588235;0.3748794117647059;0.3149176470588235
2024-10-04T00:00:00.000Z;0.105;1.5288529411764706;0.08738529411764706;0.12613823529411766;0.16981176470588236;0.1990205882352941;0.23072647058823534;0.24540882352941176;0.25471176470588236;0.26076764705882355;0.34554705882352943;0.2883294117647059
2024-10-06T00:00:00.000Z;0.16;1.9695882352941176;0.09344411764705884;0.13935;0.1846382352941177;0.22074705882352944;0.24915588235294123;0.26427941176470593;0.2624794117647059;0.28038823529411766;0.3671852941176471;0.29954411764705885
2024-10-09T00:00:00.000Z;;;;;;;;;;;;
2024-10-11T00:00:00.000Z;;;;;;;;;;;;
2024-10-14T00:00:00.000Z;0.31842857142857145;2.704;0.10221428571428573;0.12231428571428572;0.1422571428571429;0.1655714285714286;0.18924285714285716;0.20162857142857146;0.17177142857142857;0.21015714285714285;0.23152857142857144;0.2120428571428572
2024-10-16T00:00:00.000Z;;;;;;;;;;;;
2024-10-19T00:00:00.000Z;;;;;;;;;;;;
2024-10-21T00:00:00.000Z;0.11082352941176472;2.178705882352941;0.09186176470588236;0.13385588235294119;0.17513529411764706;0.21039705882352944;0.2405323529411765;0.25769411764705885;0.25470000000000004;0.26941470588235295;0.35906764705882355;0.30051470588235296
2024-10-24T00:00:00.000Z;;;;;;;;;;;;
2024-10-26T00:00:00.000Z;;;;;;;;;;;;
2024-10-29T00:00:00.000Z;;;;;;;;;;;;
2024-10-31T00:00:00.000Z;0.105;1.2111379310344828;0.16046896551724135;0.17715172413793104;0.1968896551724138;0.22972413793103447;0.2704137931034483;0.2905379310344828;0.290448275862069;0.30336551724137933;0.31849310344827586;0.2574103448275862
2024-11-03T00:00:00.000Z;;;;;;;;;;;;
2024-11-05T00:00:00.000Z;0.149;1.4322941176470587;0.06793823529411765;0.10485882352941177;0.13727941176470587;0.17279411764705885;0.21215882352941176;0.2264852941176471;0.22786764705882354;0.2406235294117647;0.2913235294117647;0.22696764705882352
2024-11-08T00:00:00.000Z;;;;;;;;;;;;
2024-11-10T00:00:00.000Z;;;;;;;;;;;;
2024-11-13T00:00:00.000Z;;;;;;;;;;;;
2024-11-15T00:00:00.000Z;;;;;;;;;;;;
2024-11-18T00:00:00.000Z;0.083;1.3772941176470588;0.06238823529411765;0.09699411764705884;0.12452352941176471;0.1566029411764706;0.1968823529411765;0.21125882352941178;0.2193235294117647;0.22602647058823533;0.26601470588235293;0.20197941176470588
2024-11-20T00:00:00.000Z;0.07788235294117647;1.353764705882353;0.07310882352941177;0.10993529411764706;0.1406764705882353;0.17389411764705884;0.21925882352941176;0.2390794117647059;0.24396470588235294;0.2506176470588235;0.30305000000000004;0.24654117647058826
2024-11-23T00:00:00.000Z;0.083;1.550357142857143;0.12329285714285712;0.14042142857142859;0.15532857142857143;0.18302500000000002;0.22030357142857143;0.23185357142857144;0.23602142857142858;0.24104285714285723;0.2703464285714286;0.22475714285714285
2024-11-25T00:00:00.000Z;;;;;;;;;;;;
2024-11-28T00:00:00.000Z;;;;;;;;;;;;
2024-11-30T00:00:00.000Z;0.105;1.3904411764705884;0.07724117647058823;0.11242058823529413;0.14419411764705883;0.1776235294117647;0.2238794117647059;0.2408323529411765;0.2469235294117647;0.2532205882352941;0.3057705882352941;0.24961470588235293
2024-12-03T00:00:00.000Z;0.083;1.175764705882353;0.06952941176470588;0.10108529411764706;0.12715882352941177;0.15473823529411768;0.1994823529411765;0.21743823529411765;0.22705882352941176;0.22912647058823532;0.27189705882352944;0.2157029411764706
2024-12-05T00:00:00.000Z;0.0555;1.1556176470588235;0.07772058823529412;0.11430588235294117;0.14595882352941175;0.18055294117647058;0.22988529411764708;0.24756470588235294;0.2519529411764706;0.2600970588235294;0.2998235294117647;0.23607647058823533
2024-12-08T00:00:00.000Z;0.061;0.4912352941176471;0.06373235294117648;0.09987941176470588;0.12975588235294117;0.15768823529411766;0.20679411764705885;0.22186176470588234;0.24025294117647059;0.23400588235294123;0.2702088235294118;0.20750000000000002
2024-12-10T00:00:00.000Z;0.06676470588235295;0.7857352941176471;0.08185882352941178;0.11821470588235296;0.15005882352941177;0.18210882352941177;0.2287352941176471;0.2461529411764706;0.2600470588235294;0.2596029411764706;0.31204411764705886;0.2540852941176471
2024-12-13T00:00:00.000Z;0.06676470588235295;0.9662941176470589;0.06740588235294118;0.09945882352941177;0.12828529411764705;0.15645882352941176;0.2040794117647059;0.22046470588235295;0.23524705882352942;0.23349705882352942;0.27477647058823534;0.2199
2024-12-15T00:00:00.000Z;0.06676470588235295;0.5313235294117648;0.06837941176470588;0.10575000000000001;0.13866764705882353;0.16993235294117648;0.21762058823529412;0.23400588235294123;0.2479705882352941;0.24730882352941178;0.28760882352941175;0.22880588235294122
2024-12-18T00:00:00.000Z;;;;;;;;;;;;
2024-12-20T00:00:00.000Z;0.06676470588235295;0.3739117647058824;0.07285882352941177;0.10753823529411766;0.14103823529411766;0.1715029411764706;0.21735000000000002;0.23359411764705884;0.2541205882352941;0.24937058823529412;0.2943147058823529;0.2385352941176471
2024-12-23T00:00:00.000Z;0.061;0.611735294117647;0.06646176470588236;0.09923235294117648;0.12941470588235296;0.15682058823529413;0.20342058823529408;0.21835882352941177;0.23707647058823533;0.23208529411764708;0.27581470588235296;0.22165
2024-12-25T00:00:00.000Z;0.06676470588235295;0.9633235294117648;0.07199411764705883;0.10969411764705883;0.1458264705882353;0.17935588235294117;0.22136176470588234;0.23707647058823533;0.2468323529411765;0.2534676470588235;0.3013352941176471;0.24014705882352944
2024-12-28T00:00:00.000Z;0.07200000000000001;0.6424117647058823;0.05531764705882353;0.0700529411764706;0.08335882352941178;0.10050588235294117;0.12273529411764705;0.12988823529411767;0.13148235294117647;0.1392764705882353;0.15324117647058824;0.13497058823529412
2024-12-30T00:00:00.000Z;0.07788235294117647;1.0189411764705885;0.07604411764705883;0.10893823529411767;0.1400029411764706;0.17144411764705883;0.21479705882352942;0.23120882352941177;0.24219411764705884;0.24569705882352944;0.2945205882352941;0.23767647058823532
2025-01-02T00:00:00.000Z;0.07200000000000001;0.716764705882353;0.06010294117647059;0.09233235294117648;0.12125000000000001;0.14882941176470588;0.1922117647058824;0.2064029411764706;0.22436470588235294;0.22031470588235294;0.25568529411764707;0.1997970588235294
2025-01-04T00:00:00.000Z;0.07788235294117647;0.6509117647058823;0.05530294117647059;0.08506176470588236;0.11131764705882354;0.13488529411764705;0.16834411764705884;0.17889411764705884;0.18611470588235293;0.19027058823529408;0.20775000000000002;0.15875294117647062
2025-01-09T00:00:00.000Z;0.05;1.3988235294117646;0.07465000000000001;0.10641764705882355;0.13722352941176472;0.16769117647058826;0.20532647058823533;0.2229852941176471;0.2253;0.2336176470588235;0.2867617647058824;0.23459705882352944
2025-01-12T00:00:00.000Z;;;;;;;;;;;;
2025-01-14T00:00:00.000Z;0.07200000000000001;0.279;0.06972941176470589;0.10747058823529412;0.1440764705882353;0.17251176470588234;0.21516764705882352;0.23044411764705883;0.2500235294117647;0.2448852941176471;0.2930558823529412;0.2321735294117647
2025-01-17T00:00:00.000Z;;;;;;;;;;;;
2025-01-19T00:00:00.000Z;0.07788235294117647;0.528264705882353;0.08043823529411764;0.11795;0.15455000000000002;0.1851470588235294;0.22672647058823533;0.24124705882352943;0.25874705882352944;0.25696470588235293;0.3155088235294118;0.25712647058823535
2025-01-22T00:00:00.000Z;;;;;;;;;;;;
2025-01-24T00:00:00.000Z;0.07788235294117647;1.0812058823529413;0.07777941176470589;0.11889411764705883;0.15602352941176473;0.19210294117647056;0.2291;0.24254705882352942;0.25066764705882355;0.2585382352941177;0.31645;0.2493735294117647
2025-01-27T00:00:00.000Z;;;;;;;;;;;;
2025-01-29T00:00:00.000Z;;;;;;;;;;;;
2025-02-01T00:00:00.000Z;0.06676470588235295;0.7297941176470588;0.07118529411764707;0.10466764705882355;0.1396;0.16819117647058826;0.20589705882352943;0.22038823529411766;0.23750588235294123;0.2352205882352941;0.2934705882352941;0.2391323529411765
2025-02-03T00:00:00.000Z;0.083;0.7364117647058823;0.09162941176470588;0.13148529411764706;0.16777058823529414;0.20267352941176472;0.2368705882352941;0.2497529411764706;0.26374705882352945;0.2675323529411765;0.3303764705882353;0.26274411764705885
2025-02-06T00:00:00.000Z;0.07788235294117647;0.6776470588235294;0.07412058823529412;0.11222941176470588;0.14673529411764705;0.17729117647058826;0.21291176470588236;0.22547647058823533;0.24343529411764708;0.24134117647058825;0.29693823529411767;0.23187941176470592
2025-02-08T00:00:00.000Z;0.083;0.6741764705882353;0.08829117647058823;0.12982058823529413;0.1699;0.20181470588235292;0.23907647058823533;0.25386470588235294;0.2701411764705883;0.2692529411764706;0.33879411764705886;0.2784794117647059
2025-02-11T00:00:00.000Z;0.07788235294117647;0.8630588235294118;0.07887058823529412;0.11564117647058825;0.15179411764705883;0.18075294117647056;0.21734411764705883;0.23245294117647058;0.24899411764705884;0.24741470588235295;0.3078294117647059;0.25026470588235294
2025-02-13T00:00:00.000Z;0.083;0.7554117647058823;0.08611470588235294;0.13017941176470588;0.17167352941176472;0.20652058823529412;0.24043529411764708;0.2525176470588235;0.2652;0.2688794117647059;0.33491176470588235;0.26634411764705884
2025-02-16T00:00:00.000Z;0.083;0.8176764705882352;0.07974411764705883;0.1199;0.1574235294117647;0.1897323529411765;0.22570882352941177;0.23734411764705884;0.2542823529411765;0.25390882352941174;0.31719411764705885;0.24889705882352942
2025-02-18T00:00:00.000Z;;;;;;;;;;;;
2025-02-21T00:00:00.000Z;;;;;;;;;;;;
2025-02-23T00:00:00.000Z;0.11082352941176472;0.9332941176470588;0.08994705882352942;0.13608235294117646;0.17982352941176472;0.2149676470588235;0.24616176470588236;0.25916176470588237;0.26867647058823535;0.2755058823529412;0.34806470588235294;0.27738529411764706
2025-02-26T00:00:00.000Z;0.07788235294117647;0.3371176470588235;0.08420000000000001;0.12407941176470588;0.16166470588235296;0.1914617647058824;0.2240529411764706;0.23474411764705885;0.2579352941176471;0.2508852941176471;0.3122529411764706;0.24655882352941177
2025-02-28T00:00:00.000Z;0.2528823529411765;1.2060882352941176;0.11166764705882354;0.15241764705882355;0.1931470588235294;0.2308;0.2688323529411765;0.2864823529411765;0.2917176470588235;0.30364117647058825;0.3698411764705882;0.3082352941176471
2025-03-03T00:00:00.000Z;;;;;;;;;;;;
2025-03-05T00:00:00.000Z;;;;;;;;;;;;
2025-03-08T00:00:00.000Z;;;;;;;;;;;;
2025-03-10T00:00:00.000Z;0.06676470588235295;1.2746176470588235;0.08583529411764707;0.12247352941176472;0.15538235294117647;0.1910382352941177;0.22809705882352943;0.24204117647058826;0.2559529411764706;0.2543852941176471;0.30817058823529414;0.2337264705882353
2025-03-13T00:00:00.000Z;;;;;;;;;;;;
2025-03-15T00:00:00.000Z;;;;;;;;;;;;
2025-03-17T00:00:00.000Z;;;;;;;;;;;;
2025-03-18T00:00:00.000Z;;;;;;;;;;;;
2025-03-20T00:00:00.000Z;;;;;;;;;;;;
2025-03-23T00:00:00.000Z;;;;;;;;;;;;
2025-03-25T00:00:00.000Z;0.07787878787878788;1.0656666666666668;0.16405454545454545;0.20124848484848487;0.2305757575757576;0.2706787878787879;0.30543030303030305;0.31543030303030306;0.32553333333333334;0.33334848484848484;0.3577909090909091;0.2575454545454545
2025-03-27T00:00:00.000Z;;;;;;;;;;;;
2025-03-28T00:00:00.000Z;;;;;;;;;;;;
2025-03-30T00:00:00.000Z;0.07788235294117647;0.4355294117647059;0.08468823529411765;0.1280294117647059;0.16348823529411766;0.19811764705882356;0.24106764705882353;0.25572647058823533;0.27496470588235294;0.2700588235294118;0.32478529411764706;0.2579558823529412
2025-04-02T00:00:00.000Z;0.094;1.2508823529411766;0.09104411764705884;0.13021764705882355;0.1631470588235294;0.1974558823529412;0.24165588235294122;0.2588529411764706;0.26785882352941176;0.2710382352941177;0.33184117647058825;0.27389411764705884
2025-04-04T00:00:00.000Z;0.149;1.4173235294117648;0.1018029411764706;0.15110882352941177;0.18961176470588237;0.2342264705882353;0.2773;0.29154117647058825;0.2964117647058824;0.3084;0.3723323529411765;0.29789411764705886
2025-04-06T00:00:00.000Z;;;;;;;;;;;;
2025-04-07T00:00:00.000Z;0.08888235294117647;0.9783235294117648;0.08911764705882352;0.13414117647058824;0.1665470588235294;0.20589705882352943;0.2540735294117647;0.2684294117647059;0.2818588235294118;0.2829823529411765;0.33655;0.26440882352941175
2025-04-09T00:00:00.000Z;0.08888235294117647;0.7947647058823529;0.08834411764705884;0.13005882352941175;0.16491176470588234;0.20067941176470588;0.24830882352941178;0.2659264705882353;0.2804235294117647;0.28088529411764707;0.3240205882352941;0.25579411764705884
2025-04-12T00:00:00.000Z;;;;;;;;;;;;
2025-04-14T00:00:00.000Z;0.138;1.5558823529411767;0.11506764705882354;0.16555294117647062;0.20246470588235294;0.25366764705882355;0.3080117647058824;0.32446470588235293;0.3289058823529412;0.3423029411764706;0.3966235294117647;0.31140588235294125
2025-04-16T00:00:00.000Z;;;;;;;;;;;;
2025-04-17T00:00:00.000Z;;;;;;;;;;;;
2025-04-19T00:00:00.000Z;0.055;0.9785;0.1063;0.14145000000000002;0.1572;0.194025;0.23205;0.24000000000000002;0.3058;0.2506;0.25925000000000004;0.192425
2025-04-22T00:00:00.000Z;;;;;;;;;;;;
2025-04-24T00:00:00.000Z;0.127;1.0500588235294117;0.10237941176470589;0.1544;0.1927;0.23888823529411768;0.28939705882352945;0.30671470588235294;0.31713823529411767;0.32366470588235297;0.37560588235294123;0.30000882352941177
2025-04-26T00:00:00.000Z;;;;;;;;;;;;
2025-04-27T00:00:00.000Z;0.105;0.7591764705882352;0.09123529411764707;0.13874117647058826;0.17195294117647061;0.21418529411764708;0.2715058823529412;0.2882529411764706;0.30624705882352943;0.30414411764705884;0.34389117647058826;0.26735000000000003
2025-04-29T00:00:00.000Z;;;;;;;;;;;;
2025-05-02T00:00:00.000Z;0.4215;2.1633235294117648;0.11157941176470589;0.16256470588235294;0.19662352941176472;0.24480000000000002;0.3088529411764706;0.3330382352941177;0.34445294117647063;0.34505882352941175;0.3678823529411765;0.28643823529411766
2025-05-04T00:00:00.000Z;;;;;;;;;;;;
2025-05-06T00:00:00.000Z;;;;;;;;;;;;
2025-05-07T00:00:00.000Z;;;;;;;;;;;;
2025-05-09T00:00:00.000Z;;;;;;;;;;;;
2025-05-12T00:00:00.000Z;0.09988235294117646;1.0090882352941175;0.06962647058823529;0.09787058823529413;0.11616764705882354;0.1471294117647059;0.1891764705882353;0.20280294117647057;0.2160823529411765;0.2129705882352941;0.2133529411764706;0.14732941176470588
2025-05-14T00:00:00.000Z;0.242;1.359970588235294;0.13785294117647062;0.1854470588235294;0.22028235294117648;0.2802588235294118;0.33790882352941176;0.3594029411764706;0.3620823529411765;0.38425882352941176;0.4053647058823529;0.2974088235294118
2025-05-16T00:00:00.000Z;0.16;1.3578823529411765;0.0932470588235294;0.1425764705882353;0.17911176470588236;0.22807647058823532;0.28401176470588235;0.3048735294117647;0.3148029411764706;0.3266352941176471;0.3645911764705882;0.2747294117647059
2025-05-17T00:00:00.000Z;0.116;1.1925000000000001;0.09876764705882353;0.14780588235294118;0.18024117647058827;0.23230588235294122;0.2896941176470588;0.3073029411764706;0.32221764705882355;0.33014411764705887;0.3610558823529412;0.2756294117647059
2025-05-19T00:00:00.000Z;0.116;1.1069117647058824;0.09409705882352941;0.14084117647058825;0.17896470588235297;0.22561470588235294;0.2792382352941177;0.3007294117647059;0.31367647058823533;0.3219794117647059;0.3607294117647059;0.2797470588235294
2025-05-22T00:00:00.000Z;;;;;;;;;;;;
2025-05-24T00:00:00.000Z;0.149;0.8823235294117647;0.09967941176470588;0.15176470588235297;0.1918294117647059;0.2435029411764706;0.2952794117647059;0.3140294117647059;0.3307176470588235;0.3358235294117647;0.37770000000000004;0.28751470588235295
2025-05-26T00:00:00.000Z;0.1326764705882353;1.4540588235294118;0.10928823529411766;0.1607764705882353;0.20350294117647058;0.25184117647058823;0.3052029411764706;0.32579117647058825;0.3329529411764706;0.34682941176470594;0.4045529411764706;0.32234705882352943
2025-05-27T00:00:00.000Z;0.138;1.3123529411764705;0.09765;0.14746470588235297;0.18482352941176472;0.23164411764705883;0.28550882352941176;0.3024382352941177;0.31757647058823535;0.32555588235294125;0.3719529411764706;0.2868029411764706
2025-05-29T00:00:00.000Z;0.1545;1.3990294117647062;0.09540588235294116;0.1446;0.18282352941176472;0.22970588235294123;0.28124117647058827;0.3017235294117647;0.31258823529411767;0.32269411764705885;0.3649205882352941;0.28220588235294125
2025-06-01T00:00:00.000Z;;;;;;;;;;;;
2025-06-03T00:00:00.000Z;;;;;;;;;;;;
2025-06-05T00:00:00.000Z;0.18728125;1.54290625;0.11291875000000001;0.160471875;0.20121250000000002;0.246534375;0.30076562500000004;0.32239062500000004;0.328496875;0.344715625;0.40864062500000004;0.325365625
2025-06-06T00:00:00.000Z;0.17641176470588235;1.5505588235294117;0.09927941176470588;0.1476470588235294;0.18855294117647056;0.23364411764705884;0.2864235294117647;0.30467058823529414;0.31569411764705885;0.3284911764705883;0.3805176470588235;0.2924529411764706
2025-06-08T00:00:00.000Z;0.24747058823529408;1.5573529411764706;0.10058235294117648;0.1488764705882353;0.18805294117647056;0.2333676470588235;0.2805352941176471;0.3022;0.30917058823529414;0.3229794117647059;0.3656735294117647;0.2795029411764706
2025-06-11T00:00:00.000Z;0.4542941176470589;2.291705882352941;0.1019029411764706;0.16078235294117646;0.2056705882352941;0.24986176470588237;0.3023529411764706;0.3288323529411765;0.33378823529411766;0.3497882352941177;0.3904735294117647;0.30385
2025-06-13T00:00:00.000Z;;;;;;;;;;;;
2025-06-15T00:00:00.000Z;0.4435;2.180941176470588;0.11435588235294118;0.17442058823529413;0.2264823529411765;0.27595000000000003;0.3219882352941177;0.34301470588235294;0.3432088235294118;0.36543529411764714;0.42235882352941184;0.32844117647058824
2025-06-16T00:00:00.000Z;0.3508823529411765;2.299;0.10853823529411766;0.1663235294117647;0.21244117647058824;0.2624529411764706;0.3138264705882353;0.3336382352941177;0.3371823529411765;0.35885;0.4108294117647059;0.3147029411764706
2025-06-18T00:00:00.000Z;0.1929705882352941;2.3925882352941175;0.10706470588235295;0.1553529411764706;0.19725294117647058;0.24193529411764708;0.2842323529411765;0.30614705882352944;0.30816470588235295;0.3304852941176471;0.38475882352941176;0.29359117647058824
2025-06-21T00:00:00.000Z;0.1929705882352941;2.050735294117647;0.1065735294117647;0.15133529411764707;0.19673529411764706;0.2386205882352941;0.2793088235294118;0.3018294117647059;0.30667058823529414;0.3228235294117647;0.3879411764705882;0.31236176470588234
2025-06-23T00:00:00.000Z;0.2038235294117647;1.4128235294117646;0.11850294117647062;0.17187058823529414;0.21948823529411768;0.2656794117647059;0.30416764705882354;0.32191176470588234;0.33095882352941175;0.3467794117647059;0.4141941176470588;0.3262088235294118
2025-06-25T00:00:00.000Z;0.1655;1.7252058823529413;0.11728235294117646;0.1693470588235294;0.21850882352941176;0.26326176470588236;0.30315000000000003;0.3224882352941177;0.3271176470588235;0.3447117647058824;0.4173558823529412;0.33165
2025-06-26T00:00:00.000Z;0.127;1.0401470588235295;0.10503235294117647;0.15783529411764705;0.20613529411764708;0.24836176470588237;0.28956764705882354;0.3043470588235294;0.3219411764705883;0.32776176470588236;0.3966;0.30524117647058824
2025-06-28T00:00:00.000Z;0.231;1.4595294117647062;0.10392058823529413;0.15463529411764707;0.20621176470588234;0.24959411764705883;0.2880794117647059;0.30717647058823533;0.3153764705882353;0.3291147058823529;0.39064705882352946;0.29894705882352945
2025-07-01T00:00:00.000Z;0.242;1.9589411764705884;0.10904117647058825;0.15847058823529414;0.20771764705882353;0.24926176470588235;0.2878852941176471;0.3089029411764706;0.3146705882352941;0.32968823529411767;0.40087058823529415;0.31820882352941177
2025-07-03T00:00:00.000Z;0.1326764705882353;2.425588235294118;0.12210882352941176;0.17223823529411766;0.22372352941176468;0.2724764705882353;0.3078764705882353;0.3260852941176471;0.3239470588235294;0.34935588235294124;0.4317529411764707;0.33933529411764707
2025-07-05T00:00:00.000Z;0.127;1.8761470588235294;0.12035294117647062;0.17509117647058825;0.22937941176470591;0.2751294117647059;0.3109088235294118;0.3298058823529412;0.33286470588235295;0.3515235294117647;0.43211764705882355;0.34087647058823534
2025-07-06T00:00:00.000Z;0.2747647058823529;2.361058823529412;0.10041764705882353;0.15371764705882354;0.20120000000000002;0.2502205882352941;0.2878705882352941;0.3044705882352941;0.30854117647058826;0.3295382352941177;0.3967088235294118;0.3033176470588235
2025-07-08T00:00:00.000Z;0.138;2.9616176470588234;0.1165;0.15608235294117648;0.1993764705882353;0.24395882352941176;0.27861470588235293;0.2989117647058824;0.2969588235294118;0.3228294117647059;0.3927029411764706;0.3003294117647059
2025-07-11T00:00:00.000Z;0.09988235294117646;1.5955882352941175;0.10535;0.15278235294117648;0.20315882352941175;0.24372941176470592;0.2784794117647059;0.2983647058823529;0.30966470588235295;0.3203294117647059;0.3933617647058824;0.3144794117647059
2025-07-13T00:00:00.000Z;0.07788235294117647;1.5492941176470587;0.12091176470588234;0.1754058823529412;0.22989117647058827;0.27679705882352945;0.3088882352941177;0.3270735294117647;0.33499117647058824;0.35080588235294125;0.42919411764705884;0.3370882352941177
2025-07-15T00:00:00.000Z;0.10055882352941176;1.444;0.1198470588235294;0.17423529411764707;0.2281058823529412;0.2736735294117647;0.3072882352941177;0.3259735294117647;0.33430882352941177;0.34795000000000004;0.42887058823529417;0.3385323529411765
2025-07-16T00:00:00.000Z;0.231;1.8680294117647056;0.10620294117647061;0.16211764705882353;0.21280588235294123;0.2590235294117647;0.2941352941176471;0.30966176470588236;0.3171823529411765;0.3307823529411765;0.4030411764705882;0.3065529411764706
2025-07-18T00:00:00.000Z;0.242;2.032470588235294;0.10206470588235295;0.15579411764705883;0.20736470588235295;0.2525029411764706;0.2848205882352941;0.3028676470588235;0.30553529411764707;0.32476764705882355;0.39265;0.2992470588235294
2025-07-21T00:00:00.000Z;0.171;1.7393235294117646;0.1070764705882353;0.15746470588235295;0.2098529411764706;0.2512058823529412;0.28390000000000004;0.30371764705882354;0.31206470588235297;0.3244382352941177;0.3990794117647059;0.31730882352941175
2025-07-23T00:00:00.000Z;;;;;;;;;;;;
2025-07-25T00:00:00.000Z;;;;;;;;;;;;
2025-07-26T00:00:00.000Z;0.182;1.6719117647058825;0.09822058823529413;0.1527235294117647;0.19866470588235294;0.24839705882352942;0.28550882352941176;0.29996470588235297;0.3102882352941177;0.3236705882352941;0.3872117647058824;0.29609705882352944
2025-07-28T00:00:00.000Z;0.21476470588235294;1.862058823529412;0.09862352941176472;0.1489470588235294;0.1950294117647059;0.2422794117647059;0.27794117647058825;0.2968147058823529;0.3025823529411765;0.31886764705882353;0.3839588235294118;0.29545
2025-07-31T00:00:00.000Z;0.209;2.0053529411764703;0.10077058823529413;0.14954117647058826;0.19728823529411768;0.23950588235294124;0.2786735294117647;0.29885;0.3047882352941177;0.3189823529411765;0.3887441176470588;0.31021176470588235
2025-08-02T00:00:00.000Z;0.2256764705882353;1.7291764705882353;0.10443823529411767;0.15962058823529413;0.2096823529411765;0.2591205882352941;0.29353529411764706;0.30965882352941176;0.3150705882352941;0.3314352941176471;0.4009147058823529;0.3069411764705883
2025-08-04T00:00:00.000Z;0.2747647058823529;2.2784411764705883;0.10983529411764706;0.16345882352941177;0.21485;0.2620323529411765;0.29808823529411765;0.31576470588235295;0.3160470588235294;0.33791176470588236;0.41415294117647067;0.32372941176470593
2025-08-05T00:00:00.000Z;0.3018823529411765;1.8791176470588238;0.09796764705882353;0.15041176470588236;0.1965294117647059;0.24109705882352941;0.2775823529411765;0.29355294117647057;0.30002941176470593;0.31524117647058825;0.37922647058823533;0.28965882352941175
2025-08-07T00:00:00.000Z;0.2528823529411765;1.1415;0.0971529411764706;0.14667058823529414;0.1951;0.23488529411764708;0.2715470588235294;0.2900235294117647;0.30201176470588237;0.3099470588235294;0.3708676470588235;0.2841058823529412
2025-08-10T00:00:00.000Z;0.19817647058823532;1.8750294117647057;0.10050588235294117;0.14758823529411766;0.19612941176470589;0.2356323529411765;0.27026470588235296;0.2897823529411765;0.2966235294117647;0.3082882352941177;0.3843411764705882;0.3062735294117647
2025-08-12T00:00:00.000Z;0.2528823529411765;2.2718823529411765;0.11175588235294118;0.16735882352941175;0.21760000000000002;0.26440882352941175;0.29493823529411767;0.31136470588235293;0.3114617647058824;0.33396764705882354;0.41414705882352937;0.32269705882352945
2025-08-14T00:00:00.000Z;0.1545;1.7371176470588234;0.11175294117647061;0.16096470588235295;0.2113823529411765;0.2540352941176471;0.2862617647058824;0.3037970588235294;0.3072852941176471;0.3255323529411765;0.4066617647058824;0.3218735294117647
2025-08-15T00:00:00.000Z;0.26929411764705885;1.5010588235294118;0.0971529411764706;0.15309411764705882;0.2023882352941177;0.24714411764705885;0.2796470588235294;0.29545588235294123;0.30660000000000004;0.31674705882352944;0.3912235294117647;0.2976882352941177
2025-08-17T00:00:00.000Z;0.3075;1.5315882352941177;0.09668235294117648;0.14178823529411766;0.1872764705882353;0.22777647058823533;0.2608529411764706;0.2773823529411765;0.28505882352941175;0.2993882352941177;0.36764705882352944;0.2791852941176471
2025-08-20T00:00:00.000Z;0.34561764705882353;1.6599411764705883;0.1008;0.1396058823529412;0.18557647058823531;0.2261323529411765;0.2586;0.2776470588235294;0.2868705882352941;0.29815882352941175;0.38080882352941176;0.3027764705882353
2025-08-22T00:00:00.000Z;;;;;;;;;;;;
2025-08-24T00:00:00.000Z;0.28561764705882353;1.905;0.10431470588235296;0.15707941176470588;0.2091029411764706;0.25365;0.2841970588235294;0.3023088235294118;0.30403529411764707;0.3246;0.3987088235294118;0.3120029411764706
2025-08-25T00:00:00.000Z;;;;;;;;;;;;
2025-08-27T00:00:00.000Z;0.3780588235294118;2.466235294117647;0.09684117647058825;0.14665294117647062;0.19111176470588237;0.23299117647058826;0.2604441176470588;0.2766411764705883;0.2759529411764706;0.2985705882352941;0.3491705882352941;0.26344411764705883
2025-08-30T00:00:00.000Z;0.1655;1.7955;0.09512941176470588;0.14198823529411767;0.19133529411764705;0.2321529411764706;0.2640088235294118;0.2800352941176471;0.2874;0.2973411764705883;0.37460882352941177;0.29751470588235296
2025-09-01T00:00:00.000Z;0.182;0.7740882352941177;0.10673823529411766;0.16313529411764705;0.21653529411764708;0.25854411764705887;0.2888352941176471;0.3041558823529412;0.3199382352941177;0.3243058823529412;0.4007676470588235;0.31116176470588236
2025-09-03T00:00:00.000Z;0.17641176470588235;1.1627058823529413;0.1064264705882353;0.1607029411764706;0.2139235294117647;0.2570882352941177;0.28607352941176467;0.3031205882352941;0.31206470588235297;0.32357647058823535;0.3996441176470588;0.3134235294117647
2025-09-04T00:00:00.000Z;0.1929705882352941;1.2816470588235296;0.09872352941176472;0.15146470588235295;0.20092941176470588;0.24496176470588235;0.27679411764705886;0.2908235294117647;0.3037529411764706;0.3125205882352941;0.3818794117647059;0.29001470588235295
2025-09-06T00:00:00.000Z;;;;;;;;;;;;
2025-09-09T00:00:00.000Z;0.22;2.2559411764705883;0.11445882352941177;0.1494;0.1905764705882353;0.23265000000000002;0.26334411764705884;0.2811441176470588;0.2961058823529412;0.2993264705882353;0.3640117647058824;0.276
2025-09-11T00:00:00.000Z;0.1545;2.033235294117647;0.10213529411764706;0.15795882352941176;0.20804411764705885;0.2543058823529412;0.2790764705882353;0.29309705882352943;0.29561176470588235;0.3142323529411765;0.3995470588235294;0.3070323529411765
2025-09-13T00:00:00.000Z;;;;;;;;;;;;
2025-09-14T00:00:00.000Z;0.1545;1.6397058823529413;0.09180882352941176;0.1439058823529412;0.19005294117647056;0.23191470588235294;0.2618970588235294;0.27432647058823534;0.2835882352941177;0.2938705882352941;0.3687647058823529;0.28065588235294125
2025-09-16T00:00:00.000Z;0.1655;1.813264705882353;0.09014411764705885;0.1386764705882353;0.1859235294117647;0.22690882352941177;0.2542735294117647;0.26945;0.2741882352941177;0.2887323529411765;0.35549411764705885;0.2682235294117647
2025-09-19T00:00:00.000Z;0.171;2.0525;0.09321176470588237;0.13903529411764706;0.18417058823529409;0.22366470588235293;0.2524352941176471;0.2697676470588235;0.2745764705882353;0.28557058823529413;0.35835588235294125;0.2812205882352941
2025-09-21T00:00:00.000Z;0.226;2.2125;0.11823333333333333;0.1698;0.21630000000000002;0.26065;0.28845000000000004;0.30460000000000004;0.3027;0.3244;0.37635;0.2874
2025-09-23T00:00:00.000Z;;;;;;;;;;;;
2025-09-24T00:00:00.000Z;;;;;;;;;;;;
2025-09-26T00:00:00.000Z;0.18726470588235294;1.3341764705882353;0.08865;0.13850588235294117;0.18594117647058825;0.22755;0.2538;0.26680000000000004;0.2785705882352941;0.28832647058823535;0.3481382352941177;0.26034705882352943
2025-09-29T00:00:00.000Z;;;;;;;;;;;;
