TIMESTAMP_UTC;AOT;TCWV;B02;B03;B04;B05;B06;B07;B08;B8A;B11;B12
2015-10-04T00:00:00.000Z;;;;;;;;;;;;
2015-11-13T00:00:00.000Z;0.111;0.9845;0.05869333333333333;0.08137333333333334;0.08479666666666667;0.11858;0.1769;0.19372333333333333;0.20692333333333332;0.21325333333333335;0.21099;0.14712333333333333
2015-11-16T00:00:00.000Z;0.078;0.7232999999999999;0.03695333333333334;0.05998;0.06323333333333334;0.09309;0.15062;0.16564666666666666;0.18222000000000002;0.18472333333333332;0.17694333333333334;0.11656333333333335
2015-11-26T00:00:00.000Z;0.067;0.6457;0.03611;0.060603333333333335;0.06378;0.09380333333333332;0.15239333333333335;0.16752666666666668;0.18330000000000002;0.18415;0.17535333333333333;0.11626333333333334
2015-12-03T00:00:00.000Z;0.089;1.1025666666666667;0.038733333333333335;0.06552333333333334;0.06849333333333334;0.10262;0.16136;0.17727;0.1879266666666667;0.19686333333333333;0.18816;0.12768
2015-12-06T00:00:00.000Z;;;;;;;;;;;;
2015-12-16T00:00:00.000Z;;;;;;;;;;;;
2015-12-23T00:00:00.000Z;;;;;;;;;;;;
2015-12-26T00:00:00.000Z;;;;;;;;;;;;
2016-01-02T00:00:00.000Z;;;;;;;;;;;;
2016-01-05T00:00:00.000Z;;;;;;;;;;;;
2016-01-12T00:00:00.000Z;0.07200000000000001;0.9338666666666668;0.041113333333333335;0.06504333333333333;0.07133666666666667;0.10189000000000001;0.15893000000000002;0.17303333333333334;0.18645666666666666;0.19094000000000003;0.19014333333333333;0.13238
2016-01-22T00:00:00.000Z;;;;;;;;;;;;
2016-01-25T00:00:00.000Z;0.078;1.1094333333333335;0.25068666666666667;0.26471333333333336;0.2801666666666667;0.31665000000000004;0.35100333333333333;0.36284666666666665;0.37437333333333334;0.38348000000000004;0.41255000000000003;0.36845666666666665
2016-02-01T00:00:00.000Z;0.078;0.7428333333333333;0.04489;0.06928;0.07813333333333335;0.10595;0.15866333333333335;0.17440333333333333;0.18903666666666663;0.19368666666666665;0.2018666666666667;0.14115666666666668
2016-02-04T00:00:00.000Z;0.078;0.5503666666666667;0.04023666666666667;0.06407666666666667;0.07006000000000001;0.0974;0.14655333333333334;0.16146;0.17953333333333332;0.17903;0.18213000000000001;0.12400666666666667
2016-02-11T00:00:00.000Z;;;;;;;;;;;;
2016-02-14T00:00:00.000Z;;;;;;;;;;;;
2016-02-21T00:00:00.000Z;;;;;;;;;;;;
2016-03-02T00:00:00.000Z;;;;;;;;;;;;
2016-03-05T00:00:00.000Z;0.083;0.39916666666666667;0.04822333333333334;0.07436333333333334;0.08615;0.11244000000000001;0.15944000000000003;0.1739;0.19498000000000001;0.19248;0.20926;0.14717000000000002
2016-03-12T00:00:00.000Z;0.105;0.41793333333333327;0.05974;0.08871000000000001;0.10328333333333332;0.13243666666666667;0.17939333333333335;0.19534666666666667;0.21551333333333333;0.21772;0.24491;0.17812333333333333
2016-03-15T00:00:00.000Z;;;;;;;;;;;;
2016-03-22T00:00:00.000Z;;;;;;;;;;;;
2016-03-25T00:00:00.000Z;0.083;0.6136;0.061713333333333335;0.08832333333333334;0.10056000000000001;0.12898666666666667;0.17199;0.1857666666666667;0.20394;0.20573666666666668;0.22550666666666666;0.16066333333333335
2016-04-01T00:00:00.000Z;0.116;0.5777666666666667;0.06818666666666667;0.10087666666666668;0.11571666666666668;0.14884000000000003;0.19788333333333333;0.2131766666666667;0.23271333333333333;0.23569;0.26682;0.19612333333333332
2016-04-04T00:00:00.000Z;;;;;;;;;;;;
2016-04-11T00:00:00.000Z;;;;;;;;;;;;
2016-04-14T00:00:00.000Z;0.083;0.773;0.06067000000000001;0.08957000000000001;0.10279666666666668;0.13293333333333332;0.18112333333333333;0.1959766666666667;0.21448000000000003;0.21590333333333334;0.2430766666666667;0.17371
2016-04-21T00:00:00.000Z;0.116;0.8443666666666667;0.07631;0.11015000000000001;0.1253766666666667;0.16034;0.21463333333333331;0.23301666666666665;0.25009000000000003;0.25676666666666664;0.2933233333333333;0.21836999999999998
2016-04-24T00:00:00.000Z;0.094;0.5772;0.06120666666666667;0.09263333333333335;0.10615000000000001;0.13636;0.1872766666666667;0.20328666666666664;0.22486666666666666;0.2245366666666667;0.2507766666666667;0.17820333333333335
2016-05-01T00:00:00.000Z;0.105;0.4698333333333333;0.07371000000000001;0.1086;0.12302;0.15556;0.21089000000000002;0.22826333333333335;0.25018666666666667;0.25087;0.2837266666666667;0.20997
2016-05-04T00:00:00.000Z;0.089;0.5113;0.06909333333333333;0.09956000000000001;0.11319333333333334;0.14522333333333332;0.20025666666666664;0.21726333333333334;0.23909333333333335;0.23847;0.2622266666666667;0.18961333333333333
2016-05-11T00:00:00.000Z;0.105;1.0821666666666667;0.09337666666666668;0.12843333333333334;0.13890666666666668;0.18355000000000002;0.25209333333333334;0.2728066666666667;0.29119333333333336;0.30106;0.3185966666666667;0.22183333333333333
2016-05-14T00:00:00.000Z;;;;;;;;;;;;
2016-05-21T00:00:00.000Z;0.138;1.2396;0.08055000000000001;0.11472333333333332;0.12943333333333334;0.16710666666666668;0.22389000000000003;0.2402866666666667;0.25354333333333334;0.2611;0.30281;0.22600666666666666
2016-05-24T00:00:00.000Z;0.313;1.3922;0.06649666666666668;0.10127000000000001;0.11380666666666667;0.15012;0.2032766666666667;0.22002;0.23416666666666666;0.23951333333333333;0.2590133333333333;0.18462333333333333
2016-06-10T00:00:00.000Z;;;;;;;;;;;;
2016-06-13T00:00:00.000Z;0.094;1.9359666666666668;0.07211000000000001;0.10582000000000001;0.12013666666666666;0.15691666666666668;0.20305666666666664;0.21900333333333333;0.22959333333333334;0.24104000000000003;0.2798866666666667;0.20015000000000002
2016-06-20T00:00:00.000Z;0.05583333333333334;1.286733333333333;0.09051666666666666;0.12844333333333335;0.14864666666666668;0.18620666666666666;0.2339266666666667;0.24985666666666667;0.26436333333333334;0.27429333333333333;0.3256866666666667;0.2423866666666667
2016-06-23T00:00:00.000Z;0.138;1.0530333333333333;0.07247;0.10796333333333336;0.12540333333333334;0.16096;0.20465666666666665;0.22047;0.2378866666666667;0.24384000000000003;0.2810166666666667;0.20029000000000002
2016-06-30T00:00:00.000Z;0.37276666666666664;2.4201666666666664;0.08950666666666668;0.12941666666666668;0.15126;0.19357333333333332;0.23566;0.25104333333333334;0.25689333333333336;0.2782366666666667;0.33011666666666667;0.23916
2016-07-03T00:00:00.000Z;0.242;2.003633333333333;0.07401333333333333;0.11071666666666669;0.13035333333333335;0.16813;0.20580666666666667;0.22304666666666667;0.23156666666666667;0.24534333333333336;0.2860266666666667;0.20079000000000002
2016-07-10T00:00:00.000Z;0.149;1.7335666666666667;0.08882333333333334;0.12776333333333334;0.15099;0.19309333333333334;0.23299000000000003;0.25021;0.26155;0.27596333333333334;0.33158333333333334;0.24095333333333335
2016-07-13T00:00:00.000Z;;;;;;;;;;;;
2016-07-20T00:00:00.000Z;;;;;;;;;;;;
2016-07-23T00:00:00.000Z;0.231;2.2221666666666664;0.07130666666666667;0.1068;0.12672666666666668;0.16628;0.20398;0.21911333333333333;0.22766666666666666;0.24311;0.28435333333333335;0.19673666666666664
2016-07-30T00:00:00.000Z;0.2967666666666667;1.838;0.08133;0.12308;0.14784000000000003;0.19165666666666664;0.22938000000000003;0.24666666666666667;0.25510333333333335;0.27029333333333333;0.31879;0.22806333333333334
2016-08-02T00:00:00.000Z;0.089;1.3032000000000001;0.07273;0.10609000000000002;0.12745333333333334;0.1643;0.19984000000000002;0.21581999999999998;0.23065333333333335;0.23915333333333333;0.27628;0.19175666666666666
2016-08-09T00:00:00.000Z;0.05583333333333334;1.3135999999999999;0.08619666666666667;0.12383666666666666;0.14736;0.1875166666666667;0.22396;0.23937333333333333;0.25351;0.26683;0.31485;0.22446666666666668
2016-08-12T00:00:00.000Z;0.111;1.7371875;0.08210625;0.118925;0.141025;0.18224375;0.22050625000000001;0.23634375000000002;0.24751250000000002;0.26353125;0.30014375;0.20698750000000002
2016-08-19T00:00:00.000Z;0.083;1.7837;0.07877666666666668;0.11705666666666667;0.13729666666666668;0.1789166666666667;0.2155466666666667;0.23052;0.24041333333333334;0.2563833333333333;0.30288000000000004;0.21736
2016-08-22T00:00:00.000Z;0.094;2.1641;0.06786333333333333;0.10213;0.11995333333333334;0.15998666666666667;0.1940266666666667;0.20754000000000003;0.21804666666666667;0.23154666666666668;0.26355666666666666;0.18146
2016-08-29T00:00:00.000Z;0.16566666666666666;1.4438;0.07310666666666668;0.11319666666666668;0.13445666666666667;0.1774;0.21338000000000004;0.22974000000000003;0.24225333333333335;0.2538833333333333;0.29573000000000005;0.20859000000000003
2016-09-01T00:00:00.000Z;;;;;;;;;;;;
2016-09-08T00:00:00.000Z;0.06953333333333334;1.4035333333333333;0.07370666666666667;0.11229000000000001;0.13188333333333332;0.17535333333333333;0.20951333333333333;0.22505333333333333;0.23750000000000002;0.24844333333333335;0.2864933333333334;0.20222
2016-09-11T00:00:00.000Z;0.149;2.065533333333333;0.06432666666666667;0.09794;0.11544666666666667;0.15531;0.19012;0.20307333333333333;0.21381999999999998;0.22679333333333335;0.25274;0.1717766666666667
2016-09-18T00:00:00.000Z;0.1;1.3440666666666667;0.06834666666666667;0.10677666666666669;0.12542;0.1665766666666667;0.20257000000000003;0.21602333333333332;0.23070000000000002;0.23975666666666667;0.27466;0.19502000000000003
2016-09-21T00:00:00.000Z;0.111;1.3923666666666665;0.062456666666666674;0.09543666666666668;0.11103666666666666;0.14984666666666668;0.18441;0.19792;0.2120466666666667;0.2194866666666667;0.2431;0.16606333333333334
2016-09-28T00:00:00.000Z;;;;;;;;;;;;
2016-10-01T00:00:00.000Z;0.122;1.3451;0.05745666666666668;0.09028;0.10511;0.14447333333333331;0.17893;0.19283;0.20714000000000002;0.21561;0.23684000000000002;0.15888
2016-10-08T00:00:00.000Z;0.149;1.1625999999999999;0.0711;0.10682000000000001;0.12646;0.17052;0.20736;0.22108000000000003;0.23608000000000004;0.24556;0.26582;0.18726
2016-10-11T00:00:00.000Z;0.111;0.7429333333333333;0.053413333333333333;0.08748666666666667;0.10059666666666668;0.13826333333333335;0.17334666666666668;0.18694000000000002;0.20698666666666668;0.20817;0.22754666666666667;0.15209333333333336
2016-10-18T00:00:00.000Z;;;;;;;;;;;;
2016-10-21T00:00:00.000Z;;;;;;;;;;;;
2016-10-28T00:00:00.000Z;;;;;;;;;;;;
2016-10-31T00:00:00.000Z;0.1;0.9374333333333332;0.04824333333333333;0.07366;0.07727666666666667;0.11143333333333333;0.15534333333333333;0.16909000000000002;0.18320666666666666;0.18541;0.1898;0.12693000000000002
2016-11-07T00:00:00.000Z;0.078;0.57912;0.052412;0.080788;0.08604400000000001;0.120484;0.17389600000000002;0.18734;0.206412;0.206912;0.21098000000000003;0.144852
2016-11-10T00:00:00.000Z;0.078;0.6487999999999999;0.04013333333333333;0.06749;0.07193666666666668;0.10417333333333331;0.15280666666666667;0.16575;0.18226;0.1822966666666667;0.18386;0.12343
2016-11-17T00:00:00.000Z;0.07200000000000001;0.837;0.04357333333333334;0.07276666666666666;0.07831333333333333;0.11126666666666668;0.16008666666666665;0.17444666666666667;0.18828333333333333;0.19377333333333333;0.19978;0.13867000000000002
2016-11-20T00:00:00.000Z;;;;;;;;;;;;
2016-11-27T00:00:00.000Z;;;;;;;;;;;;
2016-11-30T00:00:00.000Z;;;;;;;;;;;;
2016-12-07T00:00:00.000Z;0.089;0.8977333333333334;0.031606666666666665;0.05648333333333334;0.058820000000000004;0.09089333333333333;0.14162333333333332;0.15452333333333332;0.16750333333333334;0.17123;0.16262333333333331;0.10692000000000002
2016-12-10T00:00:00.000Z;;;;;;;;;;;;
2016-12-17T00:00:00.000Z;;;;;;;;;;;;
2016-12-20T00:00:00.000Z;0.07200000000000001;0.8133333333333334;0.02522;0.04632;0.04941333333333334;0.07776666666666666;0.12954333333333334;0.14285666666666666;0.15672;0.15911666666666668;0.1437166666666667;0.09173666666666669
2016-12-27T00:00:00.000Z;;;;;;;;;;;;
2016-12-30T00:00:00.000Z;;;;;;;;;;;;
2017-01-16T00:00:00.000Z;0.067;0.8019666666666667;0.03798666666666667;0.06193;0.06610666666666667;0.09992000000000001;0.15273;0.16711333333333336;0.17778;0.1835733333333333;0.18621;0.12975333333333333
2017-01-19T00:00:00.000Z;;;;;;;;;;;;
2017-01-26T00:00:00.000Z;;;;;;;;;;;;
2017-01-29T00:00:00.000Z;;;;;;;;;;;;
2017-02-05T00:00:00.000Z;;;;;;;;;;;;
2017-02-08T00:00:00.000Z;0.061;0.4634333333333333;0.039253333333333335;0.06265666666666668;0.06849;0.09567;0.14691666666666667;0.15998666666666667;0.18034666666666668;0.17795333333333335;0.18086;0.12388
2017-02-15T00:00:00.000Z;0.089;0.6225333333333333;0.06224666666666667;0.08341000000000001;0.08714;0.11674000000000001;0.16476333333333334;0.17820333333333335;0.19283333333333333;0.19801;0.20246;0.14561666666666667
2017-02-18T00:00:00.000Z;;;;;;;;;;;;
2017-02-25T00:00:00.000Z;0.105;0.7029666666666667;0.048626666666666665;0.07429666666666668;0.08188333333333334;0.11174666666666667;0.16338333333333332;0.17782333333333333;0.19336;0.19583333333333333;0.2093266666666667;0.14879333333333333
2017-02-28T00:00:00.000Z;0.078;0.8254;0.04452333333333334;0.06818666666666667;0.07474;0.1034266666666667;0.15223;0.16676;0.18233333333333335;0.18339000000000003;0.19323;0.13439666666666666
2017-03-07T00:00:00.000Z;;;;;;;;;;;;
2017-03-10T00:00:00.000Z;0.067;0.5034;0.04581666666666667;0.07051333333333333;0.07785;0.1044;0.15520666666666666;0.16975666666666667;0.18901333333333334;0.18724333333333332;0.20079666666666668;0.14040333333333332
2017-03-17T00:00:00.000Z;;;;;;;;;;;;
2017-03-19T00:00:00.000Z;;;;;;;;;;;;
2017-03-20T00:00:00.000Z;0.111;1.2224666666666668;0.05154333333333333;0.07750666666666668;0.08546000000000001;0.11640666666666667;0.17207;0.18913333333333335;0.2026266666666667;0.20747333333333332;0.21856;0.15193666666666666
2017-03-25T00:00:00.000Z;0.083;0.6887666666666666;0.05547333333333334;0.07975;0.08679333333333333;0.11530333333333334;0.16825666666666667;0.18347333333333332;0.20359333333333332;0.20220666666666665;0.21636666666666665;0.15755
2017-03-27T00:00:00.000Z;;;;;;;;;;;;
2017-03-30T00:00:00.000Z;0.05;0.5611333333333334;0.06256666666666666;0.08835333333333334;0.09557000000000002;0.12510666666666667;0.17745;0.19245;0.21115333333333333;0.21135333333333334;0.2216233333333333;0.15758
2017-04-01T00:00:00.000Z;0.105;0.5761666666666666;0.06683333333333334;0.09451333333333332;0.10406666666666668;0.13543333333333332;0.19210666666666665;0.20909000000000003;0.23005333333333333;0.23189333333333334;0.25586;0.18960666666666665
2017-04-06T00:00:00.000Z;0.061;0.9890666666666669;0.07842666666666667;0.10478666666666667;0.11417333333333332;0.15077000000000002;0.20996333333333334;0.22707;0.23468666666666668;0.2508033333333333;0.25681333333333334;0.18962
2017-04-09T00:00:00.000Z;0.067;0.9628666666666668;0.06053;0.09066333333333333;0.10174;0.13577333333333333;0.19529333333333332;0.21256666666666665;0.23374000000000003;0.23462333333333332;0.24812;0.17586
2017-04-11T00:00:00.000Z;0.13293333333333335;0.8362333333333334;0.07121666666666666;0.09874333333333332;0.11008;0.14409666666666668;0.20195333333333335;0.22096;0.2378866666666667;0.24129000000000003;0.27094;0.19948333333333335
2017-04-14T00:00:00.000Z;;;;;;;;;;;;
2017-04-16T00:00:00.000Z;;;;;;;;;;;;
2017-04-19T00:00:00.000Z;;;;;;;;;;;;
2017-04-21T00:00:00.000Z;0.089;0.4709333333333333;0.07736666666666667;0.10642000000000001;0.11795666666666667;0.15102333333333331;0.21039666666666668;0.2268766666666667;0.25116666666666665;0.2502866666666667;0.27734333333333333;0.20689666666666667
2017-04-24T00:00:00.000Z;0.2585333333333334;1.4648333333333332;0.06156333333333334;0.09289666666666668;0.10389000000000001;0.1383;0.19574666666666668;0.21431333333333333;0.22664;0.23386666666666667;0.25525000000000003;0.18584
2017-04-26T00:00:00.000Z;;;;;;;;;;;;
2017-04-29T00:00:00.000Z;;;;;;;;;;;;
2017-05-01T00:00:00.000Z;0.122;0.9016000000000001;0.07143666666666668;0.10198;0.11151666666666668;0.14481666666666668;0.2028766666666667;0.22146;0.23739333333333335;0.2402733333333333;0.27201000000000003;0.20146666666666668
2017-05-04T00:00:00.000Z;0.171;1.1491;0.06888666666666667;0.09863666666666668;0.10818666666666667;0.13959000000000002;0.19521333333333332;0.21242333333333333;0.2271866666666667;0.23055;0.25360666666666665;0.18849000000000002
2017-05-06T00:00:00.000Z;0.116;0.7543333333333334;0.07301666666666666;0.10863666666666666;0.12092000000000001;0.15646;0.21251;0.23048333333333332;0.24734000000000003;0.25305;0.2841366666666667;0.21063000000000004
2017-05-09T00:00:00.000Z;0.105;1.3026;0.06159;0.09385;0.10564666666666668;0.13955666666666666;0.19320333333333334;0.20994666666666667;0.2235333333333333;0.23091666666666666;0.2571333333333333;0.18453666666666665
2017-05-11T00:00:00.000Z;;;;;;;;;;;;
2017-05-14T00:00:00.000Z;0.089;1.3369333333333335;0.07190666666666667;0.10133666666666669;0.11176666666666668;0.14584000000000003;0.20260666666666666;0.21953000000000003;0.23665333333333335;0.24184333333333335;0.27174000000000004;0.20267000000000002
2017-05-16T00:00:00.000Z;;;;;;;;;;;;
2017-05-19T00:00:00.000Z;0.105;1.0731;0.06933666666666667;0.10066666666666667;0.11245333333333334;0.14716333333333334;0.20129333333333332;0.2190766666666667;0.23520666666666667;0.24070000000000003;0.2659333333333333;0.19046333333333332
2017-05-21T00:00:00.000Z;;;;;;;;;;;;
2017-05-24T00:00:00.000Z;0.111;1.1998333333333333;0.07057000000000001;0.10005333333333333;0.11210666666666666;0.14588;0.19717;0.21485333333333334;0.2308266666666667;0.23424000000000003;0.2665366666666667;0.19830666666666666
2017-05-26T00:00:00.000Z;0.3076666666666667;1.4015666666666666;0.07675666666666668;0.11759333333333334;0.13584666666666667;0.1751766666666667;0.23106333333333334;0.25029;0.26128666666666667;0.2731266666666667;0.30891;0.22710333333333335
2017-05-29T00:00:00.000Z;0.094;1.4434;0.0743;0.10488333333333333;0.11840666666666666;0.1515466666666667;0.1998;0.2164;0.22900666666666666;0.23789000000000002;0.26676;0.1911233333333333
2017-06-03T00:00:00.000Z;;;;;;;;;;;;
2017-06-05T00:00:00.000Z;0.05583333333333334;0.9619666666666669;0.08210666666666668;0.11922666666666669;0.1357233333333333;0.17411;0.22333000000000003;0.24094333333333334;0.25710333333333335;0.26451;0.3086433333333334;0.22756
2017-06-08T00:00:00.000Z;0.094;1.386266666666667;0.07028666666666666;0.10307666666666669;0.11751;0.15105666666666667;0.19675;0.21301;0.22684666666666667;0.2340833333333333;0.27026;0.19349000000000002
2017-06-10T00:00:00.000Z;0.231;1.9942666666666669;0.09263;0.12616666666666668;0.1423;0.17876666666666668;0.22882333333333332;0.24974666666666667;0.25747333333333333;0.26915333333333336;0.31486333333333333;0.23660333333333333
2017-06-13T00:00:00.000Z;0.1;1.8017;0.07622000000000001;0.10643;0.12076666666666667;0.15364000000000003;0.19812000000000002;0.21639666666666668;0.22712;0.23631666666666667;0.2777766666666667;0.20721333333333333
2017-06-15T00:00:00.000Z;0.1875;1.5803666666666667;0.08686;0.12560666666666667;0.14398666666666665;0.18132;0.22737;0.24636666666666665;0.2555633333333333;0.2680033333333333;0.3188333333333333;0.23688000000000003
2017-06-18T00:00:00.000Z;0.13293333333333335;1.9569;0.07576333333333334;0.10747000000000001;0.12365999999999999;0.1592766666666667;0.20170333333333335;0.2166366666666667;0.22660000000000002;0.23829000000000003;0.27857333333333334;0.19844
2017-06-20T00:00:00.000Z;0.215;2.117266666666667;0.09055333333333332;0.1274266666666667;0.14676333333333336;0.18491333333333332;0.2300833333333333;0.25176333333333334;0.2617233333333333;0.27476333333333336;0.3302333333333333;0.24660666666666667
2017-06-23T00:00:00.000Z;0.182;1.8961333333333332;0.07608333333333334;0.10644333333333335;0.1231766666666667;0.15617333333333333;0.19959333333333332;0.21727;0.22984666666666667;0.23865666666666668;0.28434000000000004;0.20925333333333335
2017-06-25T00:00:00.000Z;;;;;;;;;;;;
2017-06-28T00:00:00.000Z;0.089;1.3589666666666667;0.07244333333333333;0.10616333333333335;0.12455333333333334;0.15986;0.1996266666666667;0.21519666666666667;0.23109333333333335;0.2388266666666667;0.28113000000000005;0.19927333333333333
2017-06-30T00:00:00.000Z;0.05583333333333334;0.8519;0.09342666666666669;0.12834;0.1490466666666667;0.18560333333333334;0.22979333333333335;0.24663000000000004;0.26943000000000006;0.27005;0.32605333333333336;0.24623000000000003
2017-07-03T00:00:00.000Z;0.089;1.1651666666666667;0.07436333333333334;0.10658666666666666;0.1239266666666667;0.15993000000000002;0.20026333333333332;0.21866333333333332;0.23569333333333334;0.24081333333333332;0.28291333333333335;0.20821333333333333
2017-07-05T00:00:00.000Z;0.182;1.468766666666667;0.08832666666666666;0.12684666666666666;0.14877;0.19001;0.23090000000000002;0.2468466666666667;0.2586133333333333;0.27213000000000004;0.31947;0.23239666666666667
2017-07-10T00:00:00.000Z;0.116;1.6130666666666666;0.09086333333333332;0.12710666666666667;0.14638;0.18511333333333332;0.22731;0.24616666666666667;0.25975333333333334;0.26829000000000003;0.3259;0.24448666666666669
2017-07-13T00:00:00.000Z;0.264;1.8148666666666664;0.07468666666666667;0.10955999999999999;0.12763333333333332;0.16396333333333335;0.20429000000000003;0.22195;0.23214666666666667;0.24265;0.2847966666666667;0.20771666666666666
2017-07-15T00:00:00.000Z;0.19840000000000002;1.715;0.08600333333333333;0.12649333333333335;0.14785666666666666;0.18900333333333333;0.22779333333333335;0.24375666666666668;0.2552266666666667;0.26970666666666665;0.3178166666666667;0.2298333333333333
2017-07-18T00:00:00.000Z;0.307;1.443;0.08676666666666667;0.139;0.15733333333333333;0.2031;0.24250000000000002;0.26063333333333333;0.2680666666666667;0.28876666666666667;0.3229;0.23070000000000002
2017-07-20T00:00:00.000Z;0.089;1.7361333333333335;0.09031;0.12670333333333333;0.14796333333333336;0.18660333333333334;0.2279766666666667;0.24637;0.2598533333333333;0.2703966666666667;0.32749;0.24241333333333334
2017-07-23T00:00:00.000Z;0.2585333333333334;1.7397;0.04030333333333334;0.05929666666666667;0.07982333333333334;0.11690333333333333;0.1639266666666667;0.19582000000000002;0.13127333333333333;0.2314766666666667;0.2127766666666667;0.17853333333333332
2017-07-25T00:00:00.000Z;0.13293333333333335;2.2575333333333334;0.08637666666666667;0.12349000000000002;0.14528333333333332;0.18878666666666663;0.22674333333333335;0.24347;0.25087333333333334;0.2701266666666667;0.32062;0.23080333333333333
2017-07-28T00:00:00.000Z;0.231;1.3819666666666668;0.06696;0.10012000000000001;0.1205266666666667;0.1576266666666667;0.19502000000000003;0.21112;0.22466666666666665;0.2339966666666667;0.2763;0.19126333333333334
2017-07-30T00:00:00.000Z;0.116;1.3714000000000002;0.08952333333333334;0.12596333333333334;0.14601333333333336;0.18444000000000002;0.22626;0.2446833333333333;0.2593266666666667;0.26726666666666665;0.31914000000000003;0.2342766666666667
2017-08-02T00:00:00.000Z;;;;;;;;;;;;
2017-08-04T00:00:00.000Z;0.19840000000000002;1.5425333333333333;0.08076000000000001;0.12183000000000001;0.14529333333333336;0.18765;0.22661333333333333;0.24305333333333334;0.25510666666666665;0.26680333333333334;0.3182333333333333;0.22724333333333335
2017-08-07T00:00:00.000Z;0.242;2.2694666666666667;0.06822666666666667;0.10475999999999999;0.1244266666666667;0.16638666666666665;0.2006266666666667;0.21725;0.22467333333333334;0.24048333333333333;0.2728566666666667;0.1877933333333333
2017-08-09T00:00:00.000Z;0.19840000000000002;1.9806333333333332;0.08934333333333333;0.12718666666666667;0.14645;0.1931766666666667;0.23341333333333333;0.25133000000000005;0.26244666666666666;0.27515;0.3240766666666667;0.23239666666666667
2017-08-12T00:00:00.000Z;0.182;1.7147333333333332;0.06730666666666668;0.10126666666666667;0.12065666666666666;0.15925999999999998;0.19709666666666667;0.21325333333333335;0.2280266666666667;0.23491333333333334;0.27418000000000003;0.19585666666666665
2017-08-14T00:00:00.000Z;0.27313333333333334;2.1434;0.07742666666666667;0.11932666666666669;0.14191333333333336;0.18578;0.2241233333333333;0.24066666666666667;0.24752;0.26664000000000004;0.30556666666666665;0.21680666666666668
2017-08-17T00:00:00.000Z;0.1875;2.4212333333333333;0.06704333333333333;0.10245666666666667;0.11987;0.16084333333333334;0.19359333333333334;0.20866333333333334;0.21635333333333334;0.2318366666666667;0.26531333333333335;0.18266333333333332
2017-08-19T00:00:00.000Z;0.19840000000000002;2.560366666666667;0.08624666666666668;0.12098333333333333;0.13964000000000001;0.1819933333333333;0.2168233333333333;0.23611666666666667;0.24275666666666668;0.26116333333333336;0.3046766666666667;0.22064333333333336
2017-08-22T00:00:00.000Z;0.1;1.8404666666666667;0.07120333333333333;0.10314666666666668;0.12064666666666668;0.15793000000000001;0.19403;0.2094833333333333;0.22104000000000001;0.23070333333333334;0.26660333333333336;0.19025666666666666
2017-08-24T00:00:00.000Z;0.105;1.6983;0.08126333333333334;0.11787000000000002;0.13888;0.17798;0.21613000000000002;0.2307866666666667;0.24034333333333335;0.25509333333333334;0.29624666666666666;0.21161333333333332
2017-08-27T00:00:00.000Z;;;;;;;;;;;;
2017-08-29T00:00:00.000Z;;;;;;;;;;;;
2017-09-01T00:00:00.000Z;;;;;;;;;;;;
2017-09-03T00:00:00.000Z;0.2585333333333334;1.5984333333333334;0.08118333333333334;0.1166266666666667;0.1290266666666667;0.17479666666666668;0.2212866666666667;0.2376;0.24537333333333333;0.26108333333333333;0.27649333333333337;0.19395666666666664
2017-09-06T00:00:00.000Z;;;;;;;;;;;;
2017-09-08T00:00:00.000Z;0.5086666666666667;1.7519000000000002;0.08662;0.11923333333333333;0.13195;0.1760766666666667;0.22682;0.24581666666666666;0.25718;0.26964333333333335;0.3016333333333333;0.21146666666666666
2017-09-11T00:00:00.000Z;0.105;1.3058;0.05869;0.08900333333333334;0.09927333333333332;0.1338766666666667;0.1767166666666667;0.19119000000000003;0.20496;0.20888000000000004;0.24125333333333335;0.17559333333333335
2017-09-13T00:00:00.000Z;0.16;1.6727333333333332;0.06397333333333334;0.10136;0.11457666666666669;0.15281;0.19771333333333332;0.21223000000000003;0.2217833333333333;0.2343366666666667;0.26968000000000003;0.19424333333333332
2017-09-16T00:00:00.000Z;0.138;1.313766666666667;0.06269666666666668;0.09385;0.10356666666666668;0.13925333333333334;0.18041;0.19229666666666667;0.20644;0.21140666666666666;0.23728333333333332;0.16471666666666668
2017-09-18T00:00:00.000Z;0.16566666666666666;1.0348333333333333;0.06957;0.10184;0.11410666666666666;0.15003333333333332;0.19427000000000003;0.21151999999999999;0.22751333333333335;0.23134000000000002;0.27010333333333336;0.19797333333333333
2017-09-21T00:00:00.000Z;0.171;1.4626;0.05938666666666667;0.08945333333333333;0.09937000000000001;0.13570666666666667;0.17709333333333335;0.1918166666666667;0.20466;0.21040333333333333;0.24098000000000003;0.17025
2017-09-23T00:00:00.000Z;;;;;;;;;;;;
2017-09-26T00:00:00.000Z;0.1547666666666667;1.4012666666666669;0.05537666666666667;0.08718333333333333;0.09824666666666669;0.13534333333333334;0.17574;0.1890266666666667;0.20196666666666668;0.20910666666666666;0.23506;0.16186333333333336
2017-09-28T00:00:00.000Z;0.1875;2.2464666666666666;0.07912666666666666;0.11401;0.12633333333333333;0.17198333333333332;0.22410000000000002;0.24244000000000002;0.25084666666666666;0.26649666666666666;0.3101566666666667;0.22356
2017-10-01T00:00:00.000Z;;;;;;;;;;;;
2017-10-03T00:00:00.000Z;0.138;2.102733333333333;0.05938666666666667;0.09194666666666669;0.10615999999999999;0.14588666666666666;0.1845266666666667;0.19943666666666665;0.20540333333333333;0.2207833333333333;0.2538366666666667;0.17944333333333334
2017-10-06T00:00:00.000Z;0.105;0.9726333333333332;0.051396666666666674;0.08319666666666667;0.09351333333333332;0.12689333333333336;0.16734333333333334;0.18038;0.19679333333333332;0.20004333333333332;0.2228;0.15201
2017-10-08T00:00:00.000Z;0.14386666666666667;1.4095333333333333;0.06664666666666667;0.09585333333333332;0.10681333333333334;0.14308333333333334;0.18535000000000001;0.19884333333333332;0.2124833333333333;0.22;0.2528666666666667;0.17975666666666668
2017-10-11T00:00:00.000Z;0.14386666666666667;1.2805666666666666;0.055600000000000004;0.08268333333333334;0.09194000000000001;0.12531;0.16548000000000002;0.18016333333333334;0.19444666666666668;0.19729333333333332;0.22384;0.15753666666666666
2017-10-13T00:00:00.000Z;0.182;1.6477000000000002;0.05606333333333333;0.09073666666666669;0.10224;0.13946;0.18032;0.19308666666666663;0.20168666666666665;0.21313000000000004;0.24231999999999998;0.17120666666666667
2017-10-16T00:00:00.000Z;0.127;1.0203;0.04905333333333334;0.07856;0.08865333333333333;0.12248;0.16105333333333333;0.17455;0.19051333333333334;0.19297;0.21455000000000002;0.14534666666666668
2017-10-18T00:00:00.000Z;;;;;;;;;;;;
2017-10-21T00:00:00.000Z;0.094;1.7345;0.049830000000000006;0.07729;0.08559666666666667;0.11914333333333335;0.15946333333333335;0.1735233333333333;0.18536;0.19215000000000002;0.21652;0.15100666666666668
2017-10-23T00:00:00.000Z;0.111;1.236;0.06570000000000001;0.0884;0.0971;0.13140000000000002;0.1633;0.17400000000000002;0.16540000000000002;0.1917;0.2021;0.1506
2017-10-26T00:00:00.000Z;0.089;0.6791333333333334;0.045180000000000005;0.07567333333333334;0.08365666666666667;0.11780333333333333;0.15798;0.17074000000000003;0.18852000000000002;0.18985666666666665;0.20440666666666665;0.13821666666666668
2017-10-28T00:00:00.000Z;0.089;1.3452000000000002;0.05644;0.08156666666666666;0.08948333333333335;0.12988333333333332;0.17273333333333332;0.18487;0.1933766666666667;0.2039266666666667;0.2312866666666667;0.16331333333333334
2017-10-31T00:00:00.000Z;;;;;;;;;;;;
2017-11-02T00:00:00.000Z;;;;;;;;;;;;
2017-11-05T00:00:00.000Z;0.089;1.1156666666666668;0.041563333333333334;0.07107000000000001;0.07950666666666667;0.11335;0.15525;0.16634333333333334;0.18088;0.18640666666666664;0.19874333333333333;0.13279333333333335
2017-11-07T00:00:00.000Z;0.083;0.5669333333333333;0.05293666666666667;0.08072000000000001;0.08825333333333334;0.12175333333333334;0.16492;0.17660666666666666;0.19643666666666665;0.19519000000000003;0.21795;0.15383
2017-11-10T00:00:00.000Z;0.078;0.608;0.044686666666666666;0.07052333333333334;0.07693333333333334;0.10977333333333332;0.15159666666666669;0.1642266666666667;0.18309333333333333;0.18116666666666667;0.19392;0.1357266666666667
2017-11-12T00:00:00.000Z;0.083;0.5010333333333333;0.046073333333333334;0.07746666666666667;0.08646333333333334;0.12201666666666668;0.16183;0.17535666666666666;0.19327000000000003;0.19508666666666663;0.20898666666666668;0.14541333333333334
2017-11-15T00:00:00.000Z;0.078;0.3671666666666667;0.04036666666666667;0.06909;0.07629;0.10824000000000002;0.15045333333333333;0.16201;0.1822266666666667;0.18041666666666667;0.18553666666666666;0.12480666666666666
2017-11-17T00:00:00.000Z;0.1;0.7779333333333333;0.049883333333333335;0.07733333333333334;0.085;0.11706666666666668;0.1606733333333333;0.17504666666666668;0.19135000000000002;0.19216333333333332;0.2081333333333333;0.14723333333333333
2017-11-20T00:00:00.000Z;0.078;0.5897666666666667;0.04389333333333333;0.06889333333333333;0.0741;0.10640666666666666;0.14961333333333335;0.16193;0.18221333333333334;0.18010333333333334;0.1893166666666667;0.12946666666666667
2017-11-22T00:00:00.000Z;0.1;0.4614666666666666;0.05198666666666667;0.08209666666666668;0.09102666666666669;0.12618000000000001;0.16788333333333333;0.17995;0.19884000000000002;0.1994766666666667;0.20718666666666669;0.14560666666666666
2017-11-25T00:00:00.000Z;;;;;;;;;;;;
2017-11-27T00:00:00.000Z;;;;;;;;;;;;
2017-11-30T00:00:00.000Z;0.083;0.6272142857142857;0.0442;0.06887857142857144;0.07363928571428571;0.11030000000000001;0.1578857142857143;0.16953928571428573;0.19222857142857144;0.18948928571428572;0.18013928571428572;0.12494642857142858
2017-12-02T00:00:00.000Z;0.078;0.44626666666666664;0.04109666666666666;0.07092999999999999;0.07849666666666667;0.11488666666666666;0.15868333333333334;0.16972;0.18868333333333334;0.18881333333333333;0.18767666666666669;0.12903
2017-12-05T00:00:00.000Z;0.078;0.32576666666666665;0.03706;0.06463333333333333;0.06918666666666667;0.10293333333333334;0.14677;0.1582;0.17962;0.17493;0.16831666666666667;0.11181333333333335
2017-12-07T00:00:00.000Z;0.094;0.42333333333333334;0.06697333333333334;0.09239666666666668;0.10084;0.13552333333333333;0.18340333333333333;0.19826666666666667;0.21958666666666668;0.21874000000000002;0.22845666666666667;0.17823333333333333
2017-12-10T00:00:00.000Z;;;;;;;;;;;;
2017-12-12T00:00:00.000Z;0.083;0.4047;0.03956333333333333;0.06871333333333333;0.07512333333333333;0.11245999999999999;0.15648333333333334;0.16757333333333332;0.18887;0.1884;0.18258666666666665;0.12373333333333333
2017-12-15T00:00:00.000Z;0.089;1.1951666666666667;0.036673333333333336;0.06406666666666666;0.06817333333333334;0.10520333333333333;0.15148666666666666;0.16363666666666665;0.17473333333333332;0.1812166666666667;0.1746766666666667;0.11465666666666667
2017-12-17T00:00:00.000Z;0.078;0.42323333333333335;0.04558333333333334;0.06914000000000001;0.07573666666666667;0.10871333333333334;0.15779333333333334;0.16878;0.19068000000000002;0.18608;0.18469000000000002;0.12686666666666668
2017-12-20T00:00:00.000Z;0.083;0.8497666666666667;0.04014;0.06325;0.06829;0.10341333333333334;0.15120666666666666;0.16343;0.18094000000000002;0.18143;0.17368333333333333;0.11669000000000002
2017-12-22T00:00:00.000Z;0.078;0.9166000000000001;0.041306666666666665;0.07006000000000001;0.07624333333333333;0.11277000000000001;0.15716;0.17000333333333334;0.18261333333333332;0.1892666666666667;0.18671333333333334;0.1270766666666667
2017-12-25T00:00:00.000Z;0.089;0.9203333333333333;0.03714;0.06326333333333334;0.06747666666666667;0.10281333333333335;0.14738;0.15746333333333334;0.17200000000000001;0.17522000000000001;0.16776;0.10933
2017-12-27T00:00:00.000Z;0.067;0.684;0.056479999999999995;0.08118666666666667;0.08602666666666667;0.12073333333333333;0.17293333333333333;0.1848766666666667;0.20377;0.20455666666666664;0.2057266666666667;0.1414966666666667
2017-12-30T00:00:00.000Z;0.067;1.1846333333333334;0.04269;0.06529;0.06785333333333333;0.10154;0.14759333333333335;0.15987;0.17434666666666668;0.1772166666666667;0.17708333333333334;0.11843000000000001
2018-01-01T00:00:00.000Z;0.07200000000000001;0.4813;0.041010000000000005;0.07075000000000001;0.07837333333333334;0.11235666666666666;0.1570766666666667;0.16797;0.18709333333333333;0.18673666666666663;0.18945;0.12908
2018-01-04T00:00:00.000Z;0.07200000000000001;1.0648333333333333;0.03597333333333333;0.06188;0.06706000000000001;0.1027766666666667;0.14693333333333333;0.15785333333333335;0.17046666666666668;0.1764166666666667;0.17225666666666667;0.11295333333333334
2018-01-06T00:00:00.000Z;;;;;;;;;;;;
2018-01-09T00:00:00.000Z;;;;;;;;;;;;
2018-01-11T00:00:00.000Z;0.089;0.7325555555555555;0.07343333333333334;0.10773333333333333;0.1189777777777778;0.16045555555555557;0.2127;0.23158888888888887;0.23062222222222223;0.2536777777777778;0.24002222222222222;0.17242222222222223
2018-01-14T00:00:00.000Z;;;;;;;;;;;;
2018-01-16T00:00:00.000Z;0.083;1.0444000000000002;0.043050000000000005;0.06733333333333334;0.07303666666666667;0.10755333333333333;0.1560266666666667;0.17004000000000002;0.1827166666666667;0.18748333333333334;0.18685666666666664;0.12804666666666667
2018-01-19T00:00:00.000Z;;;;;;;;;;;;
2018-01-21T00:00:00.000Z;0.078;1.1410666666666667;0.04291666666666667;0.07223333333333334;0.07923333333333334;0.11652333333333331;0.16011333333333336;0.17256666666666667;0.18283333333333335;0.1933766666666667;0.19513333333333333;0.13524000000000003
2018-01-24T00:00:00.000Z;0.083;0.6239333333333333;0.04009666666666666;0.06551;0.07083333333333335;0.10260999999999999;0.14770333333333333;0.15988333333333332;0.17746;0.17644333333333334;0.17273333333333332;0.11587333333333331
2018-01-26T00:00:00.000Z;0.05583333333333334;0.6995333333333333;0.05574;0.079;0.08538;0.11850999999999999;0.16773;0.17986;0.19888;0.19954000000000002;0.20570666666666668;0.14598
2018-01-29T00:00:00.000Z;0.111;0.9892666666666667;0.05876000000000001;0.07724;0.07814666666666667;0.11305333333333334;0.16341;0.17792333333333332;0.19538666666666665;0.1967266666666667;0.18039000000000002;0.11806
2018-01-31T00:00:00.000Z;0.122;0.6273666666666667;0.05068;0.07867;0.08582666666666668;0.12378333333333333;0.17269;0.18656;0.20441333333333334;0.20885333333333334;0.2052866666666667;0.13779666666666668
2018-02-05T00:00:00.000Z;;;;;;;;;;;;
2018-02-08T00:00:00.000Z;0.094;0.4437;0.04248333333333333;0.06648;0.07125000000000001;0.10468666666666666;0.15277333333333332;0.16479666666666667;0.1865;0.18303666666666665;0.18310333333333334;0.12603666666666666
2018-02-10T00:00:00.000Z;;;;;;;;;;;;
2018-02-13T00:00:00.000Z;0.1;0.6088;0.037873333333333335;0.06560333333333333;0.07206;0.10635666666666667;0.15241666666666667;0.16395333333333334;0.1815733333333333;0.18127000000000001;0.18147333333333332;0.12278666666666666
2018-02-15T00:00:00.000Z;0.094;1.2666333333333335;0.054266666666666664;0.08049333333333333;0.08802666666666667;0.12239000000000001;0.16951666666666668;0.18225666666666665;0.19569666666666669;0.2006966666666667;0.21675666666666668;0.15500666666666668
2018-02-18T00:00:00.000Z;;;;;;;;;;;;
2018-02-20T00:00:00.000Z;0.1;1.2121;0.05010666666666667;0.08017;0.09077;0.12513;0.17511333333333334;0.18792333333333333;0.19830333333333333;0.20736666666666667;0.21891666666666665;0.1553766666666667
2018-02-23T00:00:00.000Z;0.083;0.14506666666666668;0.04287333333333334;0.07091666666666667;0.07970333333333333;0.10856666666666669;0.15488666666666667;0.16777333333333333;0.19158666666666666;0.18590666666666664;0.19130666666666665;0.13188
2018-02-25T00:00:00.000Z;0.138;0.3452;0.06081;0.08535666666666668;0.09414666666666668;0.1256233333333333;0.17390666666666668;0.18965;0.21087333333333333;0.2084966666666667;0.22396333333333332;0.1605666666666667
2018-02-28T00:00:00.000Z;0.116;1.614766666666667;0.04812;0.06711666666666667;0.07115333333333333;0.10459666666666667;0.15267;0.16846666666666668;0.17841333333333334;0.18788333333333335;0.17585;0.11112333333333332
2018-03-02T00:00:00.000Z;;;;;;;;;;;;
2018-03-05T00:00:00.000Z;;;;;;;;;;;;
2018-03-07T00:00:00.000Z;0.1;0.6072592592592593;0.06383333333333334;0.09418518518518519;0.10267037037037037;0.1388666666666667;0.19444814814814815;0.21186296296296298;0.23205555555555563;0.23173703703703705;0.2495;0.1777888888888889
2018-03-10T00:00:00.000Z;0.1;1.3363;0.06358666666666667;0.08895333333333333;0.09520666666666669;0.13098;0.1861266666666667;0.20274333333333333;0.21655333333333335;0.22111999999999998;0.24003333333333332;0.16784000000000002
2018-03-12T00:00:00.000Z;;;;;;;;;;;;
2018-03-15T00:00:00.000Z;;;;;;;;;;;;
2018-03-17T00:00:00.000Z;;;;;;;;;;;;
2018-03-20T00:00:00.000Z;0.1;0.48906666666666665;0.06043666666666667;0.08289666666666667;0.09053333333333334;0.12232000000000001;0.17619;0.19003666666666663;0.21139333333333335;0.20769;0.21864000000000003;0.1538233333333333
2018-03-22T00:00:00.000Z;0.122;0.2954333333333333;0.060356666666666677;0.09342;0.10494000000000002;0.13771;0.18646333333333334;0.20089;0.22263666666666668;0.22080000000000002;0.2428866666666667;0.17696
2018-03-25T00:00:00.000Z;;;;;;;;;;;;
2018-03-27T00:00:00.000Z;0.111;1.1825999999999999;0.06716333333333334;0.09697333333333333;0.1079266666666667;0.1409166666666667;0.1938266666666667;0.20958333333333332;0.22276;0.22753000000000004;0.2586366666666667;0.19291333333333333
2018-03-30T00:00:00.000Z;0.07200000000000001;0.9511000000000001;0.07309333333333333;0.09820666666666669;0.10618666666666667;0.14100000000000001;0.19785666666666665;0.21395333333333333;0.23055333333333333;0.23432333333333333;0.2503266666666667;0.1810466666666667
2018-04-01T00:00:00.000Z;;;;;;;;;;;;
2018-04-04T00:00:00.000Z;0.16;0.6763333333333333;0.0614;0.09207000000000001;0.10419666666666667;0.13694333333333333;0.18939333333333333;0.2035266666666667;0.22367333333333334;0.22353000000000003;0.24235666666666666;0.17281666666666667
2018-04-06T00:00:00.000Z;;;;;;;;;;;;
2018-04-09T00:00:00.000Z;;;;;;;;;;;;
2018-04-11T00:00:00.000Z;;;;;;;;;;;;
2018-04-14T00:00:00.000Z;0.094;0.6386666666666666;0.060820000000000006;0.09070666666666669;0.10203666666666668;0.13359666666666667;0.18186;0.19699666666666668;0.21551333333333333;0.21688333333333332;0.2342866666666667;0.16628
2018-04-16T00:00:00.000Z;0.13293333333333335;0.8755000000000001;0.08723333333333334;0.11906333333333335;0.13150666666666666;0.16839333333333334;0.22858000000000003;0.24629;0.2679266666666667;0.27090000000000003;0.3045966666666667;0.22665000000000002
2018-04-19T00:00:00.000Z;0.19840000000000002;1.2358666666666667;0.07617;0.10548666666666666;0.11710666666666666;0.15152000000000002;0.20516;0.22263333333333332;0.23798000000000002;0.24175000000000002;0.2662933333333333;0.19574000000000003
2018-04-21T00:00:00.000Z;;;;;;;;;;;;
2018-04-24T00:00:00.000Z;0.28026666666666666;1.2939333333333334;0.059853333333333335;0.09469666666666668;0.10807000000000001;0.14178;0.19352000000000003;0.20923333333333333;0.22224000000000002;0.2292266666666667;0.25121666666666664;0.17826
2018-04-26T00:00:00.000Z;0.40013333333333334;1.8364666666666667;0.11069333333333334;0.15448666666666666;0.16863333333333333;0.22238000000000002;0.3000233333333333;0.32411666666666666;0.3336266666666667;0.3525833333333333;0.37765000000000004;0.2715266666666667
2018-04-29T00:00:00.000Z;0.105;0.9074545454545456;0.07545909090909092;0.10257727272727273;0.10981363636363636;0.14409545454545455;0.20011818181818186;0.21331818181818182;0.2476818181818182;0.23027727272727275;0.2571181818181818;0.17700909090909092
2018-05-01T00:00:00.000Z;;;;;;;;;;;;
2018-05-04T00:00:00.000Z;0.083;0.9919666666666669;0.07175000000000001;0.10150666666666669;0.11507666666666669;0.14814666666666668;0.19826;0.21205333333333334;0.23025333333333334;0.23252333333333333;0.26030333333333333;0.18734
2018-05-06T00:00:00.000Z;;;;;;;;;;;;
2018-05-09T00:00:00.000Z;0.22593333333333332;1.875;0.08332666666666667;0.11155666666666667;0.12251333333333335;0.16054666666666667;0.21550666666666668;0.23630333333333334;0.24648000000000003;0.25599;0.28739000000000003;0.20836666666666667
2018-05-11T00:00:00.000Z;0.2695;1.3841666666666668;0.07677666666666667;0.11283333333333333;0.12750333333333333;0.16696;0.22078000000000003;0.23671999999999999;0.2481266666666667;0.2598266666666667;0.2898;0.20906
2018-05-14T00:00:00.000Z;;;;;;;;;;;;
2018-05-16T00:00:00.000Z;0.13293333333333335;1.3206666666666669;0.08578333333333334;0.12085;0.13664;0.1714166666666667;0.22197;0.24107333333333333;0.25486333333333333;0.26101;0.31087;0.2361333333333333
2018-05-19T00:00:00.000Z;;;;;;;;;;;;
2018-05-21T00:00:00.000Z;0.105;1.2899666666666667;0.09464;0.13106333333333334;0.14883;0.18939000000000003;0.2388266666666667;0.2576566666666667;0.2718233333333333;0.2818333333333333;0.33075;0.24453666666666668
2018-05-24T00:00:00.000Z;;;;;;;;;;;;
2018-05-26T00:00:00.000Z;0.22011538461538463;1.7835384615384615;0.1435846153846154;0.17581153846153844;0.20266538461538466;0.23641923076923083;0.27456153846153847;0.2959115384615385;0.2643653846153846;0.31405384615384613;0.34695000000000004;0.2833769230769231
2018-05-29T00:00:00.000Z;0.37839999999999996;1.7948666666666666;0.07745;0.11357;0.12918666666666667;0.1716666666666667;0.22762;0.24862333333333334;0.26287333333333335;0.27104;0.30929333333333336;0.22201666666666667
2018-05-31T00:00:00.000Z;;;;;;;;;;;;
2018-06-03T00:00:00.000Z;;;;;;;;;;;;
2018-06-05T00:00:00.000Z;;;;;;;;;;;;
2018-06-08T00:00:00.000Z;0.171;2.0295;0.08546000000000001;0.1223266666666667;0.13562000000000002;0.17789666666666668;0.23453333333333332;0.25271666666666665;0.2760333333333333;0.27275666666666665;0.3064966666666667;0.2216233333333333
2018-06-10T00:00:00.000Z;0.2813;1.441;0.08485000000000001;0.13187000000000001;0.14858666666666667;0.19508;0.2501966666666667;0.26915333333333336;0.28114;0.29522333333333334;0.3372966666666667;0.24753000000000003
2018-06-13T00:00:00.000Z;0.061;1.1920333333333333;0.07566666666666666;0.11003666666666666;0.12449333333333334;0.16103;0.2099366666666667;0.22516666666666665;0.23997333333333332;0.24564333333333335;0.2760366666666667;0.19992333333333331
2018-06-15T00:00:00.000Z;0.05583333333333334;1.7875999999999999;0.09406666666666667;0.1305;0.14658666666666667;0.18507;0.23664333333333334;0.25673;0.2699366666666667;0.27990333333333334;0.32917;0.25081
2018-06-18T00:00:00.000Z;0.13293333333333335;1.6071;0.08279666666666667;0.11460999999999999;0.12777333333333332;0.16378333333333334;0.21519333333333335;0.23156333333333334;0.24466666666666667;0.25196;0.28369333333333335;0.21244666666666667
2018-06-20T00:00:00.000Z;0.083;1.5138666666666667;0.09016666666666667;0.1295766666666667;0.14883;0.18929;0.24003333333333332;0.2573666666666667;0.27162;0.28264666666666666;0.32494333333333336;0.24108000000000002
2018-06-23T00:00:00.000Z;0.111;1.3868;0.07811666666666667;0.11269666666666668;0.12807000000000002;0.16363333333333333;0.21195333333333333;0.22941666666666666;0.24292;0.2506766666666667;0.27999333333333337;0.20196666666666668
2018-06-25T00:00:00.000Z;0.30206666666666665;1.7734666666666667;0.09313;0.13073;0.14735333333333334;0.18685000000000002;0.23851666666666665;0.26121333333333335;0.27205;0.28235;0.32158000000000003;0.24216666666666667
2018-06-28T00:00:00.000Z;;;;;;;;;;;;
2018-06-30T00:00:00.000Z;0.2695;2.1397;0.08712666666666667;0.12848333333333334;0.14723333333333333;0.19166666666666668;0.24117333333333332;0.2598566666666667;0.26680000000000004;0.28430666666666665;0.3236833333333333;0.23611333333333334
2018-07-03T00:00:00.000Z;0.193;1.1876;0.07222666666666668;0.10963666666666666;0.12669333333333335;0.16432000000000002;0.21223000000000003;0.22938000000000003;0.24316666666666667;0.25092333333333333;0.27670333333333336;0.19883
2018-07-05T00:00:00.000Z;0.05583333333333334;1.534733333333333;0.09362000000000001;0.12973333333333334;0.14749;0.18842333333333333;0.23793666666666669;0.2571833333333333;0.27204333333333336;0.2808866666666667;0.32836;0.24853666666666668
2018-07-08T00:00:00.000Z;0.24766666666666665;1.2663333333333333;0.07140333333333333;0.10855000000000001;0.12496666666666668;0.16374666666666668;0.21356333333333333;0.2316766666666667;0.24771333333333334;0.25235;0.2847766666666667;0.2102766666666667
2018-07-10T00:00:00.000Z;0.089;1.1677666666666668;0.08975666666666668;0.13045333333333334;0.1489266666666667;0.19071333333333332;0.23996;0.25724;0.2722833333333333;0.27907333333333334;0.32446;0.23969666666666667
2018-07-13T00:00:00.000Z;0.40553333333333336;2.1781666666666664;0.07433333333333333;0.11818666666666666;0.13756666666666667;0.17746;0.22196666666666667;0.23947;0.2457266666666667;0.26255666666666666;0.28570666666666666;0.20301666666666668
2018-07-15T00:00:00.000Z;0.28026666666666666;2.1150333333333333;0.09485666666666669;0.13465000000000002;0.15325;0.19425333333333333;0.24245666666666668;0.2654666666666667;0.27075333333333335;0.28590333333333334;0.32509333333333335;0.24256999999999998
2018-07-18T00:00:00.000Z;0.2695;1.6504666666666667;0.07572333333333334;0.11295999999999999;0.13074000000000002;0.16850333333333334;0.21453666666666668;0.23241333333333333;0.24428000000000002;0.25201666666666667;0.28697;0.21076333333333333
2018-07-20T00:00:00.000Z;0.37839999999999996;1.3777000000000001;0.07971666666666667;0.12813333333333332;0.1530733333333333;0.19674666666666668;0.24461;0.2627966666666667;0.27409;0.28646333333333335;0.32363333333333333;0.2347233333333333
2018-07-23T00:00:00.000Z;0.105;1.6502333333333332;0.07439666666666667;0.10937666666666669;0.1281266666666667;0.16535333333333332;0.2076766666666667;0.22276;0.23571333333333333;0.24696;0.2796633333333333;0.1968966666666667
2018-07-25T00:00:00.000Z;0.149;1.2209333333333334;0.09286666666666667;0.13035333333333335;0.151;0.19111666666666668;0.23580333333333334;0.2553066666666667;0.2723766666666667;0.27863000000000004;0.3272366666666667;0.2430866666666667
2018-07-28T00:00:00.000Z;0.094;0.9764333333333332;0.07743333333333334;0.11096333333333334;0.12945666666666666;0.16373000000000001;0.20664666666666667;0.22351666666666667;0.2423866666666667;0.24461333333333332;0.2836333333333333;0.2071366666666667
2018-07-30T00:00:00.000Z;0.083;1.1965333333333332;0.08969333333333333;0.12973;0.15105000000000002;0.19156333333333334;0.23264;0.24945666666666666;0.26495;0.2736766666666667;0.31975333333333333;0.2329766666666667
2018-08-02T00:00:00.000Z;0.111;1.7208666666666665;0.07800333333333333;0.11313666666666666;0.13049333333333335;0.1688766666666667;0.20704666666666668;0.22305666666666668;0.2334266666666667;0.2445266666666667;0.27993;0.19557333333333332
2018-08-04T00:00:00.000Z;0.1875;1.8409666666666666;0.09135333333333333;0.12995;0.15059666666666668;0.19210333333333335;0.23480333333333334;0.25456;0.26526;0.2770333333333333;0.32813000000000003;0.24148000000000003
2018-08-07T00:00:00.000Z;0.32939999999999997;2.2742;0.07794;0.11433666666666666;0.13339333333333334;0.17425666666666667;0.21372;0.23345666666666667;0.24060666666666666;0.25445;0.28759;0.20756333333333332
2018-08-09T00:00:00.000Z;0.067;1.7683333333333333;0.08495666666666668;0.12197333333333332;0.14037333333333332;0.18270666666666666;0.22230666666666668;0.23829666666666668;0.24783333333333332;0.2639866666666667;0.30183333333333334;0.21665
2018-08-12T00:00:00.000Z;0.111;2.189333333333333;0.07282666666666666;0.10775333333333334;0.12323333333333333;0.16473000000000002;0.20057333333333333;0.21594666666666668;0.22319333333333335;0.23900000000000002;0.27023;0.18861666666666668
2018-08-14T00:00:00.000Z;0.171;2.0706333333333333;0.08738333333333334;0.12464333333333334;0.14254000000000003;0.18697000000000003;0.22875666666666666;0.24649333333333334;0.25504333333333334;0.26956;0.31835;0.23349000000000003
2018-08-17T00:00:00.000Z;;;;;;;;;;;;
2018-08-19T00:00:00.000Z;;;;;;;;;;;;
2018-08-22T00:00:00.000Z;0.1875;2.0228666666666664;0.07064;0.10583000000000001;0.12134666666666667;0.1614266666666667;0.20020666666666664;0.21383000000000002;0.22374666666666668;0.2349733333333333;0.26746000000000003;0.18609
2018-08-24T00:00:00.000Z;0.2201;1.7583;0.08111333333333334;0.11891333333333334;0.1369266666666667;0.18102000000000001;0.2204866666666667;0.23864666666666667;0.2507466666666667;0.2614333333333333;0.30948000000000003;0.22525333333333333
2018-08-27T00:00:00.000Z;0.19840000000000002;2.0724333333333336;0.06811333333333333;0.09969;0.11510000000000001;0.15578;0.19582333333333332;0.21230666666666667;0.22308000000000003;0.23340000000000002;0.2672933333333333;0.1893266666666667
2018-08-29T00:00:00.000Z;0.193;2.074333333333333;0.07752666666666667;0.11570000000000001;0.13455;0.17900333333333335;0.21775;0.23365666666666668;0.24105000000000001;0.2582;0.2975833333333333;0.21211666666666665
2018-09-01T00:00:00.000Z;0.193;2.4037333333333333;0.06742333333333334;0.10231333333333333;0.11686666666666667;0.15919000000000003;0.19574333333333332;0.21173666666666668;0.21741333333333332;0.23215000000000002;0.25996;0.17913
2018-09-03T00:00:00.000Z;;;;;;;;;;;;
2018-09-06T00:00:00.000Z;;;;;;;;;;;;
2018-09-08T00:00:00.000Z;;;;;;;;;;;;
2018-09-11T00:00:00.000Z;;;;;;;;;;;;
2018-09-13T00:00:00.000Z;0.193;2.1641333333333335;0.07326666666666666;0.10789666666666667;0.11742333333333332;0.15994000000000003;0.20428000000000002;0.22110333333333335;0.22893333333333332;0.24119333333333334;0.27510666666666667;0.20233
2018-09-16T00:00:00.000Z;0.16;2.352;0.0574;0.08360000000000001;0.085;0.1332;0.1804;0.19740000000000002;0.20140000000000002;0.21250000000000002;0.23090000000000002;0.16670000000000001
2018-09-18T00:00:00.000Z;;;;;;;;;;;;
2018-09-21T00:00:00.000Z;0.14386666666666667;2.0148333333333333;0.05882333333333334;0.08869;0.09807666666666669;0.13236;0.17719333333333334;0.19133333333333333;0.20017333333333331;0.21008000000000002;0.23514333333333334;0.16324666666666668
2018-09-23T00:00:00.000Z;0.16;2.1881666666666666;0.06931666666666667;0.10135000000000001;0.11007000000000002;0.14688333333333334;0.19397333333333333;0.2128366666666667;0.21835000000000002;0.22974000000000003;0.26674333333333333;0.19664
2018-09-26T00:00:00.000Z;;;;;;;;;;;;
2018-09-28T00:00:00.000Z;0.05583333333333334;0.9716;0.06673666666666667;0.09877000000000001;0.10936333333333335;0.14556;0.1910966666666667;0.20633000000000004;0.21942;0.22660666666666668;0.2554666666666667;0.18334666666666669
2018-10-01T00:00:00.000Z;0.16583333333333333;1.5509666666666668;0.05769333333333333;0.08639333333333334;0.09604333333333333;0.12974333333333335;0.17444;0.18733666666666665;0.19884666666666667;0.2058366666666667;0.22546333333333332;0.15569000000000002
2018-10-03T00:00:00.000Z;0.111;1.4793333333333334;0.06817000000000001;0.09736333333333333;0.10811;0.14226;0.18835333333333334;0.20604333333333336;0.21698000000000003;0.22504000000000002;0.25788000000000005;0.18871333333333334
2018-10-06T00:00:00.000Z;0.13293333333333335;1.4424333333333335;0.059556666666666674;0.08599333333333334;0.09460666666666669;0.12708333333333333;0.1726666666666667;0.18710000000000002;0.19970000000000002;0.20568666666666668;0.22935;0.16358666666666666
2018-10-08T00:00:00.000Z;0.127;1.3122;0.06408;0.09606;0.10601333333333335;0.1416266666666667;0.19015666666666664;0.2042766666666667;0.21672;0.22535666666666668;0.2555466666666667;0.18344000000000002
2018-10-11T00:00:00.000Z;;;;;;;;;;;;
2018-10-13T00:00:00.000Z;0.116;1.8040666666666665;0.06238333333333334;0.09254333333333332;0.10012000000000001;0.13499666666666668;0.18139666666666668;0.19751;0.20791;0.21553000000000003;0.24574666666666667;0.17747000000000002
2018-10-16T00:00:00.000Z;0.111;1.7466;0.05502333333333334;0.08158;0.08828666666666667;0.12434000000000002;0.17198;0.18774333333333332;0.19811333333333334;0.20500000000000002;0.22569333333333336;0.15955666666666668
2018-10-18T00:00:00.000Z;;;;;;;;;;;;
2018-10-21T00:00:00.000Z;;;;;;;;;;;;
2018-10-23T00:00:00.000Z;;;;;;;;;;;;
2018-10-26T00:00:00.000Z;0.14386666666666667;0.8770666666666668;0.027733333333333332;0.046303333333333335;0.051210000000000006;0.07017999999999999;0.10088;0.10904666666666668;0.11844000000000002;0.12016333333333334;0.11473666666666667;0.08467333333333334
2018-10-28T00:00:00.000Z;;;;;;;;;;;;
2018-10-31T00:00:00.000Z;;;;;;;;;;;;
2018-11-02T00:00:00.000Z;;;;;;;;;;;;
2018-11-05T00:00:00.000Z;;;;;;;;;;;;
2018-11-07T00:00:00.000Z;0.089;1.4194333333333333;0.04898666666666667;0.07880000000000001;0.08432333333333333;0.12334333333333335;0.16929666666666668;0.18268666666666664;0.19173666666666664;0.20291;0.20987;0.14683666666666667
2018-11-10T00:00:00.000Z;;;;;;;;;;;;
2018-11-12T00:00:00.000Z;;;;;;;;;;;;
2018-11-15T00:00:00.000Z;;;;;;;;;;;;
2018-11-17T00:00:00.000Z;;;;;;;;;;;;
2018-11-20T00:00:00.000Z;;;;;;;;;;;;
2018-11-22T00:00:00.000Z;;;;;;;;;;;;
2018-11-25T00:00:00.000Z;0.078;1.2580333333333333;0.038553333333333335;0.05948666666666667;0.059853333333333335;0.09281;0.14546333333333336;0.15866;0.17132666666666668;0.17399;0.16793;0.11104000000000001
2018-11-27T00:00:00.000Z;0.089;0.5429666666666667;0.04538666666666667;0.07040666666666667;0.07367333333333334;0.10893;0.16128;0.17531666666666668;0.18985000000000002;0.19274000000000002;0.18594666666666668;0.1279266666666667
2018-11-30T00:00:00.000Z;0.07200000000000001;0.7332000000000001;0.03750666666666667;0.06098333333333334;0.06330000000000001;0.09727000000000001;0.15062;0.16411333333333336;0.17937333333333333;0.18168666666666664;0.16763;0.11071333333333334
2018-12-02T00:00:00.000Z;;;;;;;;;;;;
2018-12-05T00:00:00.000Z;0.061;0.9118666666666668;0.03727;0.058513333333333334;0.05998;0.09094000000000001;0.1454166666666667;0.16064;0.17584666666666668;0.17604666666666668;0.16974333333333336;0.11337333333333331
2018-12-07T00:00:00.000Z;0.07200000000000001;0.3567333333333333;0.03827333333333334;0.06383333333333334;0.06835666666666668;0.09918333333333335;0.15455666666666668;0.1698;0.18864333333333333;0.18705333333333335;0.17790666666666666;0.1209266666666667
2018-12-10T00:00:00.000Z;;;;;;;;;;;;
2018-12-12T00:00:00.000Z;0.078;0.8937;0.047213333333333336;0.0684;0.07026666666666667;0.10128;0.15496;0.17056333333333334;0.18669333333333332;0.18997333333333333;0.18487333333333333;0.12611666666666668
2018-12-15T00:00:00.000Z;0.05583333333333334;1.3884;0.04569666666666666;0.06289333333333333;0.06346333333333333;0.08873333333333334;0.13839;0.15282;0.16126;0.16706333333333334;0.15416333333333335;0.10388666666666665
2018-12-17T00:00:00.000Z;0.07200000000000001;0.4413666666666667;0.03661333333333333;0.06217333333333334;0.06733333333333334;0.09814;0.15403666666666666;0.16925333333333334;0.18646333333333334;0.1877933333333333;0.17554333333333336;0.11845
2018-12-20T00:00:00.000Z;0.07200000000000001;1.0895;0.03466666666666667;0.05573333333333334;0.058603333333333334;0.09013666666666668;0.14526333333333336;0.15983;0.17223333333333332;0.17638;0.16053;0.10460333333333334
2018-12-25T00:00:00.000Z;0.05583333333333334;0.5347000000000001;0.042563333333333335;0.060506666666666674;0.06099;0.08813;0.14059333333333335;0.15436333333333335;0.17184666666666668;0.17064666666666667;0.15266666666666667;0.10331666666666668
2018-12-27T00:00:00.000Z;0.083;0.59452;0.038564;0.0663;0.07272400000000001;0.10477600000000001;0.15848399999999999;0.173268;0.19118800000000002;0.19298;0.18308;0.1255
2018-12-30T00:00:00.000Z;0.078;0.5847666666666667;0.03252666666666667;0.055663333333333335;0.059063333333333336;0.08987;0.14309666666666668;0.15814333333333336;0.17511333333333334;0.17464333333333334;0.16015000000000001;0.10457000000000001
2019-01-01T00:00:00.000Z;0.067;0.3377333333333333;0.0451;0.06499;0.07012333333333334;0.09837333333333333;0.15491333333333335;0.17101;0.19228;0.1875;0.18423333333333333;0.12695333333333333
2019-01-04T00:00:00.000Z;0.061;0.32276666666666665;0.03869;0.05900666666666667;0.062079999999999996;0.08822;0.14323666666666665;0.15874333333333335;0.18173333333333333;0.1764;0.16473333333333334;0.1099766666666667
2019-01-06T00:00:00.000Z;0.07200000000000001;0.41550000000000004;0.04168666666666667;0.06604333333333333;0.07176666666666667;0.10189666666666669;0.15626;0.17083666666666666;0.19061666666666668;0.18931;0.18334666666666669;0.12648666666666666
2019-01-09T00:00:00.000Z;0.061;0.6432666666666667;0.03234666666666666;0.05759333333333333;0.061970000000000004;0.09095666666666669;0.14522000000000002;0.15965000000000001;0.17622000000000002;0.17715;0.16652333333333333;0.11098
2019-01-11T00:00:00.000Z;0.07200000000000001;0.26113333333333333;0.04713333333333333;0.06855666666666667;0.07440666666666668;0.10183666666666669;0.1576233333333333;0.17251333333333335;0.19524666666666668;0.19097666666666668;0.18702000000000002;0.13246666666666668
2019-01-16T00:00:00.000Z;0.1;0.8332333333333334;0.04411333333333334;0.06760000000000001;0.07393666666666666;0.10545;0.15747;0.17174;0.18679333333333334;0.19188666666666665;0.18537;0.12675333333333333
2019-01-19T00:00:00.000Z;0.078;0.6433;0.03929666666666666;0.06158666666666667;0.06639666666666667;0.09686666666666667;0.1476766666666667;0.16209;0.17762666666666668;0.17964333333333335;0.17140333333333335;0.11465666666666667
2019-01-21T00:00:00.000Z;0.078;0.6773;0.04711333333333333;0.06962666666666667;0.07658666666666668;0.10541333333333334;0.15936666666666668;0.17404000000000003;0.19325333333333333;0.19420333333333334;0.19506333333333334;0.13679000000000002
2019-01-24T00:00:00.000Z;;;;;;;;;;;;
2019-01-26T00:00:00.000Z;0.07200000000000001;0.4909666666666666;0.043160000000000004;0.06948666666666667;0.07754666666666667;0.10648666666666666;0.16006;0.17458333333333334;0.19390000000000002;0.19515333333333335;0.19407333333333332;0.13548333333333334
2019-01-29T00:00:00.000Z;0.089;1.0865666666666667;0.04642333333333334;0.07367666666666667;0.08080666666666668;0.11526;0.17220333333333335;0.19021;0.20549333333333336;0.21101;0.20083666666666664;0.13673333333333335
2019-01-31T00:00:00.000Z;;;;;;;;;;;;
2019-02-03T00:00:00.000Z;0.07200000000000001;0.4615;0.04402333333333334;0.06571666666666666;0.07151333333333333;0.1;0.15325333333333332;0.16788;0.19149333333333332;0.18350333333333335;0.18417;0.12716333333333335
2019-02-05T00:00:00.000Z;0.078;0.8468;0.04604333333333333;0.07362333333333333;0.08135;0.11195999999999999;0.1660666666666667;0.17966333333333334;0.19379000000000002;0.19798666666666664;0.20465666666666665;0.14467000000000002
2019-02-08T00:00:00.000Z;0.07200000000000001;0.5215333333333333;0.04221333333333333;0.06642666666666666;0.07354666666666668;0.10073333333333334;0.15077333333333331;0.16723;0.18554;0.18419000000000002;0.18278666666666665;0.12389666666666667
2019-02-10T00:00:00.000Z;0.105;0.658;0.06329666666666667;0.08399333333333334;0.09134;0.11822;0.17077333333333333;0.18560000000000001;0.2066;0.20274000000000003;0.21101999999999999;0.15117333333333333
2019-02-13T00:00:00.000Z;0.07200000000000001;0.4913;0.048;0.07032333333333333;0.07779;0.10620333333333333;0.15891333333333335;0.1753;0.19789333333333334;0.19469000000000003;0.19726;0.13880333333333333
2019-02-15T00:00:00.000Z;0.111;0.746;0.0614;0.0658;0.0609;0.06720000000000001;0.09090000000000001;0.0979;0.10840000000000001;0.10650000000000001;0.10740000000000001;0.081
2019-02-18T00:00:00.000Z;0.1875;0.7906000000000001;0.061603333333333336;0.08628333333333334;0.09433;0.12325000000000001;0.17021333333333336;0.18406;0.19893333333333332;0.20258666666666664;0.20050666666666664;0.14076333333333335
2019-02-20T00:00:00.000Z;0.122;0.6560333333333334;0.05787333333333334;0.08136333333333334;0.09019666666666669;0.11781333333333335;0.16921333333333335;0.18617;0.20468333333333333;0.20654666666666668;0.22044333333333335;0.15878666666666666
2019-02-23T00:00:00.000Z;0.083;0.27453333333333335;0.05024;0.07307666666666666;0.08194;0.10622000000000001;0.15740666666666667;0.17281;0.19688666666666665;0.1915666666666667;0.20162000000000002;0.14166333333333336
2019-02-25T00:00:00.000Z;0.105;0.4993;0.05429;0.08083;0.09348;0.12376666666666668;0.17496;0.18886333333333333;0.20944333333333334;0.20923333333333333;0.22433666666666668;0.15991666666666668
2019-02-28T00:00:00.000Z;0.083;0.4294;0.05018666666666667;0.07405666666666667;0.08354666666666667;0.10919000000000001;0.15518666666666667;0.16938666666666666;0.18647333333333332;0.18678;0.19171333333333332;0.13552
2019-03-02T00:00:00.000Z;0.078;0.5509;0.07031333333333334;0.09214;0.10143;0.13159;0.18188333333333334;0.19817;0.21874333333333335;0.22070666666666666;0.23312;0.17156666666666667
2019-03-05T00:00:00.000Z;0.127;1.515766666666667;0.06009333333333333;0.08082666666666667;0.08909333333333333;0.11738333333333333;0.1675;0.18468333333333334;0.19582000000000002;0.20199000000000003;0.21619333333333335;0.15305666666666667
2019-03-07T00:00:00.000Z;0.05;0.5427333333333334;0.06494333333333333;0.09226666666666666;0.10409000000000002;0.13321;0.18630333333333335;0.19970333333333334;0.21910000000000002;0.22201666666666667;0.2397733333333333;0.17331
2019-03-10T00:00:00.000Z;0.078;0.9344333333333332;0.05327666666666667;0.07815333333333334;0.08850666666666668;0.11813;0.1641;0.18019000000000002;0.19424666666666668;0.19822333333333333;0.21312333333333333;0.14839666666666668
2019-03-12T00:00:00.000Z;0.116;0.8564333333333333;0.06571666666666666;0.09168666666666668;0.10370666666666667;0.13519;0.18569000000000002;0.20276;0.2202866666666667;0.22293333333333332;0.24995;0.18133
2019-03-15T00:00:00.000Z;0.078;0.6251666666666666;0.05538;0.08007333333333334;0.09182666666666668;0.11979666666666668;0.16678333333333334;0.1836;0.20454666666666668;0.20244333333333334;0.2238266666666667;0.16059333333333334
2019-03-17T00:00:00.000Z;0.122;0.6954;0.06411666666666667;0.09375666666666668;0.10878;0.14014000000000001;0.1871266666666667;0.20473666666666665;0.22105333333333335;0.22481333333333334;0.25276666666666664;0.18191666666666667
2019-03-20T00:00:00.000Z;;;;;;;;;;;;
2019-03-22T00:00:00.000Z;0.116;0.9429285714285714;0.12890000000000001;0.1450142857142857;0.1579357142857143;0.1832;0.2127;0.22762142857142859;0.21447857142857144;0.23804285714285722;0.24921428571428575;0.20795000000000002
2019-03-25T00:00:00.000Z;0.089;0.6214666666666667;0.06274;0.08846333333333334;0.1014;0.12884666666666666;0.17524333333333333;0.19098666666666664;0.21148000000000003;0.2102733333333333;0.2353766666666667;0.17012333333333332
2019-03-27T00:00:00.000Z;0.14386666666666667;0.41193333333333326;0.06664;0.09991666666666667;0.11653666666666666;0.14788333333333334;0.19578666666666664;0.21186;0.2337766666666667;0.23418000000000003;0.2627933333333334;0.18954000000000001
2019-03-30T00:00:00.000Z;0.19840000000000002;1.0481666666666667;0.05566000000000001;0.08653666666666668;0.10150666666666669;0.13182000000000002;0.17763333333333334;0.19346;0.20967333333333332;0.21328666666666668;0.23566;0.16497333333333333
2019-04-01T00:00:00.000Z;;;;;;;;;;;;
2019-04-04T00:00:00.000Z;0.089;0.5233666666666666;0.05824;0.08628;0.09792333333333333;0.12694333333333335;0.17438333333333333;0.18923666666666664;0.2104;0.2089;0.23211666666666667;0.169
2019-04-06T00:00:00.000Z;;;;;;;;;;;;
2019-04-09T00:00:00.000Z;0.105;0.7825666666666667;0.06495333333333334;0.09158;0.10092666666666668;0.13167;0.1800466666666667;0.1949766666666667;0.21480000000000002;0.21449333333333334;0.22538666666666668;0.15175
2019-04-11T00:00:00.000Z;0.116;0.6652;0.06949666666666668;0.09923333333333334;0.11361333333333334;0.14571;0.1969266666666667;0.21327333333333331;0.23303000000000004;0.23384000000000002;0.26444;0.1928166666666667
2019-04-14T00:00:00.000Z;0.05583333333333334;1.1951666666666667;0.06596333333333333;0.09027333333333333;0.10106666666666667;0.12783666666666665;0.17165;0.18650333333333333;0.19739333333333334;0.2019466666666667;0.2227366666666667;0.1643966666666667
2019-04-16T00:00:00.000Z;0.127;0.5619333333333333;0.07263333333333334;0.10757333333333331;0.12457000000000001;0.15857333333333332;0.20970333333333335;0.22527333333333333;0.24541666666666667;0.24699333333333334;0.2812466666666667;0.20635333333333333
2019-04-19T00:00:00.000Z;;;;;;;;;;;;
2019-04-21T00:00:00.000Z;;;;;;;;;;;;
2019-04-24T00:00:00.000Z;0.116;1.1038333333333332;0.06058333333333334;0.08693333333333333;0.09761666666666667;0.12750999999999998;0.17679000000000003;0.19211;0.20753333333333332;0.2103366666666667;0.23267;0.16778666666666667
2019-04-26T00:00:00.000Z;0.122;0.7204666666666667;0.07129;0.1053;0.12009000000000002;0.15350666666666668;0.20429333333333333;0.22011666666666665;0.23800666666666667;0.24264333333333335;0.2739566666666667;0.20079666666666668
2019-04-29T00:00:00.000Z;0.13293333333333335;1.1040666666666665;0.07139;0.10229333333333332;0.11432666666666669;0.14643666666666666;0.1958266666666667;0.21392;0.2277866666666667;0.23344333333333336;0.25462;0.18569666666666668
2019-05-01T00:00:00.000Z;;;;;;;;;;;;
2019-05-04T00:00:00.000Z;0.094;0.7277;0.06826333333333334;0.09744;0.10982333333333331;0.13873333333333332;0.19045333333333334;0.20620666666666668;0.22744666666666669;0.22590666666666667;0.25610666666666665;0.19125666666666666
2019-05-06T00:00:00.000Z;;;;;;;;;;;;
2019-05-09T00:00:00.000Z;0.122;1.9042000000000001;0.08462333333333334;0.11345999999999999;0.12442333333333332;0.15971666666666667;0.2139;0.2312366666666667;0.2417;0.2538166666666667;0.27658000000000005;0.19777333333333333
2019-05-11T00:00:00.000Z;0.116;1.5857333333333332;0.08535333333333334;0.11833;0.1331733333333333;0.1668666666666667;0.2220966666666667;0.24275666666666668;0.2543066666666667;0.2622566666666667;0.3042;0.23134666666666667
2019-05-14T00:00:00.000Z;0.089;0.833;0.07231333333333334;0.10060000000000001;0.11363;0.14392000000000002;0.19734333333333332;0.21403666666666668;0.23366;0.23434333333333335;0.26279;0.19518333333333335
2019-05-16T00:00:00.000Z;0.16;1.4663;0.08469666666666667;0.12053333333333333;0.13519;0.17380333333333334;0.22926333333333332;0.24696;0.2564366666666667;0.2685333333333333;0.30284;0.22483000000000003
2019-05-19T00:00:00.000Z;0.05583333333333334;0.8297000000000001;0.08430666666666668;0.11457333333333332;0.1257766666666667;0.15841333333333335;0.21449000000000001;0.23141666666666666;0.2514733333333333;0.25289;0.2718466666666667;0.19570333333333334
2019-05-24T00:00:00.000Z;;;;;;;;;;;;
2019-05-26T00:00:00.000Z;0.083;1.3634000000000002;0.08886000000000001;0.12715666666666667;0.1429266666666667;0.18068333333333333;0.23748333333333332;0.2557266666666667;0.26860333333333336;0.2785066666666667;0.31795333333333337;0.2368266666666667
2019-05-29T00:00:00.000Z;0.094;0.8792000000000001;0.07034666666666667;0.10487666666666669;0.11833666666666666;0.1512166666666667;0.20241333333333333;0.21852333333333332;0.23676;0.24000000000000002;0.2650966666666667;0.19183333333333333
2019-05-31T00:00:00.000Z;0.127;1.013966666666667;0.09058;0.12498333333333334;0.14185333333333333;0.1774166666666667;0.2327266666666667;0.25175000000000003;0.2716;0.27540333333333333;0.31505666666666665;0.24070000000000003
2019-06-03T00:00:00.000Z;0.127;1.265766666666667;0.07887666666666666;0.10986666666666668;0.12263;0.15588;0.20828666666666668;0.22627333333333333;0.24122;0.24506333333333333;0.2748466666666667;0.20556666666666665
2019-06-05T00:00:00.000Z;;;;;;;;;;;;
2019-06-08T00:00:00.000Z;0.187375;1.616625;0.16538750000000002;0.1988625;0.22387500000000002;0.2694375;0.31000625000000004;0.3242;0.3148125;0.3414625;0.32413125000000004;0.2373
2019-06-13T00:00:00.000Z;0.231;1.9397;0.07764;0.10972000000000001;0.1253733333333333;0.16063666666666668;0.21106;0.22932;0.23856;0.2489333333333333;0.2808366666666667;0.20785
2019-06-15T00:00:00.000Z;0.05;0.7222999999999999;0.08941666666666667;0.12726333333333334;0.14665666666666666;0.18325333333333335;0.23485;0.2527766666666667;0.2708066666666667;0.27473000000000003;0.31866333333333335;0.23771333333333333
2019-06-18T00:00:00.000Z;0.111;1.007566666666667;0.07378333333333334;0.10846333333333336;0.12496;0.15876;0.20603333333333332;0.22074666666666667;0.23838000000000004;0.24175333333333335;0.2745033333333333;0.19816666666666669
2019-06-20T00:00:00.000Z;0.111;1.1112;0.09350666666666668;0.13120666666666667;0.15073;0.18748333333333334;0.23658000000000004;0.25477;0.27468333333333333;0.27840000000000004;0.32849333333333336;0.24805333333333335
2019-06-23T00:00:00.000Z;0.14386666666666667;1.3615333333333333;0.07773;0.11094333333333334;0.12772666666666668;0.1593966666666667;0.20664666666666667;0.22449000000000002;0.23979333333333336;0.24490666666666666;0.28439000000000003;0.21089333333333335
2019-06-25T00:00:00.000Z;0.13293333333333335;1.631233333333333;0.09031333333333333;0.12963666666666665;0.15023333333333333;0.18802333333333332;0.2361266666666667;0.2532466666666667;0.2633066666666667;0.27538666666666667;0.3239366666666667;0.23948333333333333
2019-06-28T00:00:00.000Z;0.17666666666666667;1.3357999999999999;0.07657000000000001;0.11228;0.13082000000000002;0.16505;0.20828666666666668;0.2247866666666667;0.23782;0.24596333333333334;0.27868000000000004;0.19961
2019-06-30T00:00:00.000Z;0.17666666666666667;1.0748333333333333;0.09441666666666666;0.13119333333333336;0.15207;0.18810666666666664;0.23510666666666666;0.25440666666666667;0.27285000000000004;0.27825666666666665;0.32721666666666666;0.24711
2019-07-03T00:00:00.000Z;0.16;1.3440333333333334;0.07643666666666667;0.10941333333333335;0.12786333333333336;0.16269000000000003;0.20651333333333333;0.22385333333333335;0.23906;0.24345666666666668;0.2874066666666667;0.20978000000000002
2019-07-05T00:00:00.000Z;0.28026666666666666;1.9729;0.08500333333333333;0.12808;0.15126;0.1913266666666667;0.23638000000000003;0.25364000000000003;0.26116666666666666;0.27853000000000006;0.32426666666666665;0.23543333333333333
2019-07-08T00:00:00.000Z;;;;;;;;;;;;
2019-07-10T00:00:00.000Z;0.127;1.3610333333333333;0.09463333333333335;0.13114;0.15213666666666667;0.1899266666666667;0.23431;0.25321;0.26899;0.27516999999999997;0.32789666666666667;0.24589666666666668
2019-07-13T00:00:00.000Z;;;;;;;;;;;;
2019-07-15T00:00:00.000Z;0.127;1.9123666666666663;0.08828333333333334;0.12868;0.15216;0.19269333333333333;0.23653333333333332;0.25339666666666666;0.2611866666666667;0.27798;0.3306;0.23914333333333335
2019-07-18T00:00:00.000Z;0.111;1.9879000000000002;0.07863;0.11174333333333335;0.13036;0.16726333333333335;0.20520333333333335;0.21925666666666668;0.2294266666666667;0.24253333333333332;0.27991333333333335;0.19707333333333332
2019-07-20T00:00:00.000Z;0.41613333333333336;2.1918;0.09126333333333332;0.1339266666666667;0.15734;0.19981666666666667;0.24235;0.2662266666666667;0.27249666666666666;0.2891066666666667;0.33443000000000006;0.24686
2019-07-23T00:00:00.000Z;0.3076666666666667;1.6616666666666668;0.07410666666666668;0.10999000000000002;0.13134666666666667;0.16798;0.2081866666666667;0.22558666666666669;0.23831333333333332;0.24699333333333334;0.28694333333333333;0.20723333333333332
2019-07-25T00:00:00.000Z;0.2201;1.6286666666666667;0.08663333333333334;0.12820666666666666;0.15205333333333335;0.19303666666666663;0.23379000000000003;0.25136000000000003;0.26016333333333336;0.2748333333333333;0.3225633333333333;0.23257
2019-07-28T00:00:00.000Z;;;;;;;;;;;;
2019-07-30T00:00:00.000Z;0.1875;1.3709666666666667;0.09208;0.1298266666666667;0.15220666666666666;0.19236333333333333;0.23232333333333333;0.24958666666666668;0.26550666666666667;0.27465333333333336;0.32266333333333336;0.23542
2019-08-02T00:00:00.000Z;0.1;1.8519;0.07797333333333334;0.10869333333333335;0.12911333333333336;0.16454666666666667;0.20141;0.21703000000000003;0.22975333333333334;0.23872;0.2803566666666667;0.20123666666666665
2019-08-04T00:00:00.000Z;0.22593333333333332;1.5308;0.08297;0.12363;0.1474266666666667;0.19096;0.22915000000000002;0.24669666666666668;0.2580966666666667;0.2720033333333333;0.31748333333333334;0.22641666666666665
2019-08-07T00:00:00.000Z;;;;;;;;;;;;
2019-08-09T00:00:00.000Z;0.061;0.6349333333333332;0.08960333333333334;0.1258266666666667;0.14947333333333332;0.18702333333333332;0.22602333333333333;0.24323666666666668;0.2677733333333333;0.26665666666666665;0.31739666666666666;0.2318766666666667
2019-08-12T00:00:00.000Z;0.182;0.913;0.11596;0.09864;0.10794000000000001;0.14138;0.18078;0.20664000000000002;0.20212000000000002;0.21044000000000002;0.21634000000000003;0.16242
2019-08-14T00:00:00.000Z;0.215;1.8340999999999998;0.08162333333333334;0.12277;0.14662666666666668;0.18965333333333334;0.22835333333333335;0.24444666666666667;0.2538;0.2689366666666667;0.3124766666666667;0.22038000000000002
2019-08-17T00:00:00.000Z;0.2368333333333333;1.8703;0.06627333333333334;0.10385333333333334;0.12427333333333332;0.1653766666666667;0.20023333333333335;0.21449333333333334;0.22763333333333333;0.23834333333333335;0.27312333333333333;0.1852766666666667
2019-08-19T00:00:00.000Z;0.2368333333333333;1.7314333333333334;0.0834;0.12200666666666667;0.1449766666666667;0.18850666666666666;0.22571;0.2440266666666667;0.25651999999999997;0.26692;0.31473;0.22785333333333335
2019-08-22T00:00:00.000Z;0.231;1.7318333333333333;0.06361666666666667;0.09865666666666668;0.11549666666666668;0.15641333333333335;0.19536333333333333;0.21025666666666668;0.22294000000000003;0.23177333333333333;0.26066666666666666;0.1858766666666667
2019-08-24T00:00:00.000Z;0.2201;1.1855333333333333;0.07463;0.11481666666666668;0.13593333333333332;0.17833000000000002;0.21941666666666665;0.23485333333333333;0.24940333333333334;0.25808333333333333;0.29743;0.21250666666666668
2019-08-27T00:00:00.000Z;0.4383;1.9429666666666667;0.05955333333333333;0.10104666666666669;0.11764666666666668;0.16210666666666668;0.20117333333333332;0.21561;0.22694000000000003;0.23891333333333334;0.26471666666666666;0.18028333333333332
2019-08-29T00:00:00.000Z;;;;;;;;;;;;
2019-09-01T00:00:00.000Z;0.215;2.0629666666666666;0.06556000000000001;0.09960333333333332;0.11426666666666668;0.15479666666666667;0.19197;0.20865666666666666;0.2172266666666667;0.22709666666666667;0.26375333333333334;0.18842
2019-09-03T00:00:00.000Z;0.264;2.2716;0.07195;0.11155999999999999;0.13119666666666668;0.17715666666666666;0.2138266666666667;0.23016666666666666;0.23535666666666666;0.25449333333333335;0.2923733333333333;0.20745666666666668
2019-09-06T00:00:00.000Z;;;;;;;;;;;;
2019-09-08T00:00:00.000Z;;;;;;;;;;;;
2019-09-11T00:00:00.000Z;;;;;;;;;;;;
2019-09-13T00:00:00.000Z;;;;;;;;;;;;
2019-09-16T00:00:00.000Z;;;;;;;;;;;;
2019-09-18T00:00:00.000Z;0.20926666666666668;1.8173333333333332;0.06087000000000001;0.09328333333333334;0.10277333333333331;0.14408;0.18793;0.20353666666666664;0.2122966666666667;0.2218766666666667;0.2506733333333333;0.17874
2019-09-21T00:00:00.000Z;;;;;;;;;;;;
2019-09-26T00:00:00.000Z;0.116;1.8755;0.05367666666666667;0.08313;0.09259333333333332;0.12455999999999999;0.17104666666666668;0.18672333333333332;0.19406;0.20359666666666668;0.2230966666666667;0.15610333333333334
2019-09-28T00:00:00.000Z;;;;;;;;;;;;
2019-10-01T00:00:00.000Z;0.122;1.3110666666666666;0.05669;0.08208666666666667;0.09102;0.11996666666666668;0.17007;0.18492666666666668;0.19958666666666663;0.20193333333333333;0.22455666666666668;0.16071333333333335
2019-10-03T00:00:00.000Z;0.127;0.9137333333333333;0.05907333333333334;0.09141666666666667;0.10246333333333335;0.13458666666666666;0.18765666666666664;0.2029;0.21595;0.22120666666666666;0.24522333333333332;0.17518333333333333
2019-10-06T00:00:00.000Z;0.116;1.2354;0.05202333333333334;0.08015;0.08864;0.11870333333333334;0.16941333333333336;0.1832266666666667;0.19734000000000002;0.20088;0.21638333333333332;0.14854
2019-10-08T00:00:00.000Z;0.138;2.2204333333333333;0.06263;0.08885;0.09759333333333332;0.1303166666666667;0.1830733333333333;0.2026766666666667;0.20714000000000002;0.21901;0.24526666666666666;0.1765766666666667
2019-10-11T00:00:00.000Z;0.105;1.6340000000000001;0.053000000000000005;0.0806;0.08800000000000001;0.1242;0.1743;0.19390000000000002;0.19260000000000002;0.2109;0.23070000000000002;0.1643
2019-10-13T00:00:00.000Z;0.1547666666666667;1.4723;0.05533;0.08564666666666668;0.09529333333333333;0.12741333333333335;0.18188333333333334;0.19712000000000002;0.20562333333333332;0.21460333333333334;0.23480333333333334;0.16388333333333333
2019-10-16T00:00:00.000Z;0.1;0.9982000000000001;0.04644;0.07331;0.08127666666666666;0.11219333333333334;0.16297333333333333;0.1779266666666667;0.1933266666666667;0.19671;0.20378000000000002;0.13771
2019-10-18T00:00:00.000Z;;;;;;;;;;;;
2019-10-21T00:00:00.000Z;0.14386666666666667;1.0645333333333333;0.04946333333333334;0.07249666666666667;0.08042666666666667;0.11005000000000001;0.1663;0.1835733333333333;0.1996;0.20137333333333332;0.20684333333333335;0.14094
2019-10-23T00:00:00.000Z;;;;;;;;;;;;
2019-10-26T00:00:00.000Z;0.1;0.9469333333333332;0.03799;0.06423;0.07018666666666667;0.10031000000000001;0.15288333333333334;0.16676666666666667;0.18364000000000003;0.18480000000000002;0.18322333333333332;0.12071
2019-10-28T00:00:00.000Z;;;;;;;;;;;;
2019-10-31T00:00:00.000Z;;;;;;;;;;;;
2019-11-02T00:00:00.000Z;0.138;1.595766666666667;0.07363333333333334;0.09469;0.09864333333333332;0.13326;0.19647;0.2132966666666667;0.2275266666666667;0.23564666666666667;0.2413766666666667;0.16588333333333333
2019-11-05T00:00:00.000Z;0.1;0.8190000000000001;0.047323333333333335;0.07213333333333334;0.07587;0.10796;0.16814333333333334;0.18409333333333333;0.20055333333333333;0.20218333333333333;0.19646333333333332;0.12947666666666668
2019-11-07T00:00:00.000Z;0.111;1.4976;0.05744333333333333;0.07961666666666667;0.08357;0.12004000000000002;0.18304;0.20281;0.21210666666666667;0.22058666666666668;0.2263333333333333;0.1583266666666667
2019-11-10T00:00:00.000Z;0.111;0.6267333333333334;0.04413666666666667;0.06602333333333334;0.07075666666666668;0.09923666666666668;0.15757000000000002;0.17413666666666666;0.19391333333333333;0.1905166666666667;0.18567;0.12538
2019-11-12T00:00:00.000Z;0.094;0.8834666666666667;0.04244666666666666;0.0703;0.07688333333333335;0.10941;0.16522333333333333;0.18088;0.19479333333333332;0.20079000000000002;0.1981;0.13654666666666668
2019-11-15T00:00:00.000Z;;;;;;;;;;;;
2019-11-17T00:00:00.000Z;0.1;1.1551333333333336;0.053506666666666675;0.07654333333333334;0.08228;0.11271666666666667;0.17647333333333332;0.19443333333333335;0.2083866666666667;0.21336;0.21148000000000003;0.14779
2019-11-20T00:00:00.000Z;;;;;;;;;;;;
2019-11-22T00:00:00.000Z;;;;;;;;;;;;
2019-11-25T00:00:00.000Z;0.056;1.1752608695652176;0.06361739130434783;0.08057391304347826;0.07994347826086956;0.10809565217391305;0.1579391304347826;0.17125217391304348;0.1798608695652174;0.18794782608695648;0.1694130434782609;0.11594347826086955
2019-11-27T00:00:00.000Z;;;;;;;;;;;;
2019-11-30T00:00:00.000Z;0.078;1.3590666666666666;0.036063333333333336;0.05699333333333333;0.058946666666666675;0.08792333333333334;0.1464;0.16324666666666668;0.17575333333333334;0.17917000000000002;0.16888;0.11050333333333334
2019-12-02T00:00:00.000Z;;;;;;;;;;;;
2019-12-05T00:00:00.000Z;;;;;;;;;;;;
2019-12-07T00:00:00.000Z;0.138;1.3246;0.03743666666666667;0.05657000000000001;0.05882333333333334;0.08862333333333335;0.14702;0.16531333333333334;0.17375333333333334;0.18001666666666669;0.16548000000000002;0.10867333333333332
2019-12-10T00:00:00.000Z;0.067;0.35810000000000003;0.034813333333333335;0.05451333333333334;0.05524333333333333;0.08215;0.14058;0.15618666666666667;0.17822000000000002;0.17226666666666668;0.15771666666666667;0.10293666666666666
2019-12-12T00:00:00.000Z;0.105;0.8745666666666667;0.03611666666666667;0.05880333333333333;0.06363333333333333;0.09254333333333332;0.15019333333333335;0.1637266666666667;0.17638666666666666;0.18049666666666667;0.1658;0.11099000000000002
2019-12-15T00:00:00.000Z;0.07200000000000001;0.8660666666666668;0.03220333333333334;0.05359333333333333;0.05646;0.08581333333333334;0.14298666666666665;0.15844000000000003;0.17228000000000002;0.17526;0.1560966666666667;0.09958666666666668
2019-12-17T00:00:00.000Z;;;;;;;;;;;;
2019-12-20T00:00:00.000Z;;;;;;;;;;;;
2019-12-22T00:00:00.000Z;0.083;1.1820666666666666;0.03472;0.05911333333333334;0.062490000000000004;0.09284666666666669;0.15183666666666668;0.16673000000000002;0.17695666666666668;0.18534;0.17300000000000001;0.11639333333333335
2019-12-25T00:00:00.000Z;0.061;0.48506666666666665;0.028820000000000002;0.05;0.05387000000000001;0.07983333333333334;0.13981;0.15548333333333333;0.1738;0.17165666666666668;0.15217333333333333;0.09633666666666668
2019-12-27T00:00:00.000Z;0.1;1.0557;0.04387;0.060623333333333335;0.06409333333333334;0.09153;0.14616333333333334;0.16134666666666667;0.1721266666666667;0.17763666666666666;0.16374333333333335;0.11188666666666666
2019-12-30T00:00:00.000Z;;;;;;;;;;;;
2020-01-01T00:00:00.000Z;0.07200000000000001;0.38860000000000006;0.03925666666666667;0.060356666666666677;0.06241000000000001;0.09156;0.14763666666666667;0.1619233333333333;0.18048;0.18170333333333333;0.1634766666666667;0.11527333333333331
2020-01-04T00:00:00.000Z;0.116;0.8002666666666667;0.0349;0.053873333333333336;0.05603333333333334;0.08379;0.13876666666666668;0.15453;0.16908;0.17108333333333334;0.15166666666666667;0.09615
2020-01-06T00:00:00.000Z;0.083;0.5331333333333333;0.04028666666666667;0.058673333333333334;0.06247333333333334;0.08977333333333334;0.14759666666666668;0.16589666666666666;0.18393333333333334;0.1824766666666667;0.17275333333333334;0.11705666666666667
2020-01-09T00:00:00.000Z;0.1;1.0025666666666668;0.05430666666666668;0.07089;0.07282666666666666;0.10274666666666668;0.15760000000000002;0.17352;0.18554;0.18973;0.17747333333333332;0.11883333333333333
2020-01-11T00:00:00.000Z;0.089;0.6966;0.03803;0.06163;0.06569666666666667;0.09545000000000001;0.15308666666666668;0.16780666666666666;0.18272000000000002;0.18553333333333333;0.17663666666666666;0.12081333333333336
2020-01-14T00:00:00.000Z;0.07200000000000001;0.26853333333333335;0.03205666666666667;0.05350333333333333;0.05772000000000001;0.08440666666666667;0.14107;0.15536666666666668;0.17646;0.1733;0.15841666666666668;0.10386333333333335
2020-01-16T00:00:00.000Z;0.1;0.8452000000000001;0.04501;0.06329333333333333;0.06765;0.09677666666666668;0.15409;0.16861;0.18389000000000003;0.18798333333333334;0.18439666666666668;0.1263266666666667
2020-01-19T00:00:00.000Z;;;;;;;;;;;;
2020-01-21T00:00:00.000Z;;;;;;;;;;;;
2020-01-24T00:00:00.000Z;;;;;;;;;;;;
2020-01-26T00:00:00.000Z;0.116;0.9446428571428572;0.056710714285714295;0.07445;0.076325;0.10983928571428572;0.17251428571428573;0.19187142857142855;0.20775357142857143;0.21268214285714285;0.1965;0.1276071428571429
2020-01-29T00:00:00.000Z;;;;;;;;;;;;
2020-01-31T00:00:00.000Z;0.094;1.5983333333333334;0.010925;0.016354166666666666;0.015458333333333334;0.022375000000000003;0.03561666666666667;0.038658333333333336;0.040933333333333335;0.042775;0.0408875;0.02875
2020-02-03T00:00:00.000Z;0.083;0.6291;0.040780000000000004;0.06286;0.06789333333333333;0.09357000000000001;0.14587666666666668;0.16095666666666666;0.17753333333333332;0.17833666666666667;0.1714166666666667;0.11521666666666668
2020-02-05T00:00:00.000Z;;;;;;;;;;;;
2020-02-08T00:00:00.000Z;;;;;;;;;;;;
2020-02-10T00:00:00.000Z;0.1;1.4897;0.04173666666666667;0.06596333333333333;0.07249666666666667;0.10220333333333333;0.15576;0.17413333333333333;0.1810766666666667;0.19123;0.1946733333333333;0.13597
2020-02-13T00:00:00.000Z;0.122;1.244;0.075975;0.0926;0.09215000000000001;0.12555;0.1835;0.20125;0.20925000000000002;0.21685000000000001;0.21215;0.14985
2020-02-15T00:00:00.000Z;0.116;1.085766666666667;0.05204333333333333;0.07202666666666667;0.07833;0.10534666666666667;0.16136666666666669;0.17757;0.19152000000000002;0.19552333333333333;0.20546333333333333;0.14516
2020-02-18T00:00:00.000Z;;;;;;;;;;;;
2020-02-20T00:00:00.000Z;0.111;0.4402;0.04582;0.07110666666666668;0.07921333333333333;0.10835333333333333;0.16245666666666667;0.17785;0.1973;0.19745000000000001;0.20448333333333332;0.1427266666666667
2020-02-23T00:00:00.000Z;0.089;0.40700000000000003;0.03960333333333334;0.06270333333333333;0.06998666666666667;0.09475666666666668;0.14732;0.16313666666666665;0.18215333333333333;0.1809766666666667;0.18244666666666667;0.12392000000000002
2020-02-25T00:00:00.000Z;0.13293333333333335;0.6492666666666667;0.055716666666666664;0.07655666666666668;0.08498333333333334;0.11184666666666668;0.17155;0.18876;0.20515;0.20776;0.21796666666666667;0.15590333333333334
2020-02-28T00:00:00.000Z;0.111;0.5972999999999999;0.06825666666666667;0.08735666666666668;0.09350666666666668;0.11703666666666666;0.16784666666666667;0.18270333333333333;0.19862000000000002;0.19777;0.20013;0.1450233333333333
2020-03-01T00:00:00.000Z;;;;;;;;;;;;
2020-03-04T00:00:00.000Z;;;;;;;;;;;;
2020-03-06T00:00:00.000Z;;;;;;;;;;;;
2020-03-09T00:00:00.000Z;;;;;;;;;;;;
2020-03-11T00:00:00.000Z;0.127;1.185266666666667;0.05426;0.08170666666666668;0.09236000000000001;0.12297333333333332;0.17835333333333334;0.19448666666666664;0.20521999999999999;0.21299;0.23224000000000003;0.16665000000000002
2020-03-14T00:00:00.000Z;0.094;1.2707000000000002;0.06495000000000001;0.08647;0.09412000000000001;0.12245666666666667;0.17194666666666666;0.18714333333333333;0.19879333333333332;0.20423333333333332;0.21031999999999998;0.14617000000000002
2020-03-16T00:00:00.000Z;;;;;;;;;;;;
2020-03-19T00:00:00.000Z;;;;;;;;;;;;
2020-03-21T00:00:00.000Z;;;;;;;;;;;;
2020-03-24T00:00:00.000Z;;;;;;;;;;;;
2020-03-26T00:00:00.000Z;0.19840000000000002;0.40613333333333335;0.05411666666666667;0.08014333333333333;0.08845;0.11698666666666666;0.17412000000000002;0.19222666666666668;0.2123366666666667;0.2111333333333333;0.22435000000000002;0.15826333333333334
2020-03-29T00:00:00.000Z;0.14386666666666667;0.9771333333333332;0.049933333333333337;0.07192333333333334;0.07949333333333333;0.10728333333333333;0.16111333333333336;0.17657;0.19110000000000002;0.19274333333333332;0.2054266666666667;0.14355333333333334
2020-03-31T00:00:00.000Z;;;;;;;;;;;;
2020-04-03T00:00:00.000Z;;;;;;;;;;;;
2020-04-05T00:00:00.000Z;0.193;1.2659;0.06270666666666667;0.08938333333333334;0.09712000000000001;0.13065000000000002;0.18763666666666665;0.20519333333333334;0.21761333333333333;0.22531;0.24796;0.17916333333333334
2020-04-08T00:00:00.000Z;0.17666666666666667;1.2891;0.05719;0.08195000000000001;0.08793666666666668;0.11962;0.17614333333333335;0.19363;0.20696666666666666;0.21095333333333335;0.22884000000000002;0.16376666666666667
2020-04-10T00:00:00.000Z;;;;;;;;;;;;
2020-04-13T00:00:00.000Z;0.2368333333333333;1.4325666666666665;0.05559333333333333;0.08539333333333333;0.09584666666666669;0.1333166666666667;0.19379000000000002;0.21368000000000004;0.22244000000000003;0.2368766666666667;0.23870333333333335;0.1666166666666667
2020-04-15T00:00:00.000Z;;;;;;;;;;;;
2020-04-18T00:00:00.000Z;;;;;;;;;;;;
2020-04-20T00:00:00.000Z;;;;;;;;;;;;
2020-04-23T00:00:00.000Z;;;;;;;;;;;;
2020-04-25T00:00:00.000Z;;;;;;;;;;;;
2020-04-28T00:00:00.000Z;;;;;;;;;;;;
2020-04-30T00:00:00.000Z;0.1547666666666667;1.2087999999999999;0.07701666666666666;0.10728333333333333;0.11696666666666668;0.15048;0.21084000000000003;0.22885;0.23898333333333333;0.24886;0.27460666666666667;0.20408666666666664
2020-05-03T00:00:00.000Z;0.127;0.7458571428571429;0.05794285714285715;0.08316428571428572;0.08765714285714286;0.11565714285714289;0.1693714285714286;0.1861571428571429;0.19917142857142855;0.2039071428571429;0.2106714285714286;0.1517571428571429
2020-05-05T00:00:00.000Z;;;;;;;;;;;;
2020-05-08T00:00:00.000Z;;;;;;;;;;;;
2020-05-10T00:00:00.000Z;;;;;;;;;;;;
2020-05-13T00:00:00.000Z;0.105;1.0629333333333335;0.07237;0.09916000000000001;0.10534333333333334;0.13900333333333334;0.19950666666666664;0.2176366666666667;0.23435333333333333;0.23820333333333335;0.25221666666666664;0.1751666666666667
2020-05-15T00:00:00.000Z;;;;;;;;;;;;
2020-05-18T00:00:00.000Z;0.16;1.0228333333333335;0.05682333333333334;0.08473;0.09040333333333332;0.12229000000000001;0.17898666666666666;0.19635666666666665;0.21344000000000002;0.21539333333333335;0.2376;0.17113666666666666
2020-05-20T00:00:00.000Z;0.13293333333333335;1.3410666666666666;0.07183;0.1061;0.1161266666666667;0.15295666666666666;0.2115766666666667;0.22859000000000002;0.24084666666666668;0.2509733333333333;0.2864266666666667;0.21201333333333333
2020-05-23T00:00:00.000Z;0.2368333333333333;1.7890333333333333;0.06765666666666667;0.0979;0.10481666666666668;0.13912333333333332;0.19623000000000002;0.21409000000000003;0.22338000000000002;0.23230333333333333;0.25214000000000003;0.17925666666666668
2020-05-25T00:00:00.000Z;;;;;;;;;;;;
2020-05-28T00:00:00.000Z;0.24766666666666665;1.6175;0.06328666666666667;0.09271;0.10027666666666668;0.13502333333333333;0.19419333333333333;0.21215333333333333;0.22391999999999998;0.23155666666666666;0.25343000000000004;0.18724666666666667
2020-05-30T00:00:00.000Z;0.1547666666666667;0.9442;0.07703333333333334;0.112;0.1225766666666667;0.15991666666666668;0.2221233333333333;0.23729666666666668;0.25460666666666665;0.2589866666666667;0.29309;0.21767666666666668
2020-06-02T00:00:00.000Z;;;;;;;;;;;;
2020-06-04T00:00:00.000Z;;;;;;;;;;;;
2020-06-07T00:00:00.000Z;;;;;;;;;;;;
2020-06-09T00:00:00.000Z;;;;;;;;;;;;
2020-06-12T00:00:00.000Z;0.116;1.094266666666667;0.06495666666666668;0.09608666666666668;0.10656333333333334;0.14073666666666668;0.19403666666666664;0.21150333333333335;0.22678000000000004;0.23151;0.25394;0.1820766666666667
2020-06-14T00:00:00.000Z;0.16;1.3224666666666667;0.08392000000000001;0.11780333333333333;0.12924000000000002;0.16810666666666668;0.22440666666666667;0.24257333333333334;0.2585266666666667;0.26449333333333336;0.30445;0.23019000000000003
2020-06-17T00:00:00.000Z;0.149;1.8555000000000001;0.08237000000000001;0.11121666666666669;0.11789333333333335;0.15493333333333334;0.21135333333333334;0.23257333333333333;0.24410666666666667;0.2543333333333333;0.2822866666666667;0.20584000000000002
2020-06-19T00:00:00.000Z;0.149;1.7003333333333333;0.11046666666666669;0.1462733333333333;0.16166;0.21001999999999998;0.27018333333333333;0.29429333333333335;0.28828000000000004;0.32329;0.3598633333333333;0.25246999999999997
2020-06-22T00:00:00.000Z;0.17666666666666667;1.6304;0.06634666666666668;0.09725333333333333;0.10893666666666667;0.14562666666666668;0.19257333333333332;0.21012333333333333;0.22060666666666667;0.2319266666666667;0.2601266666666667;0.18426
2020-06-24T00:00:00.000Z;;;;;;;;;;;;
2020-06-27T00:00:00.000Z;;;;;;;;;;;;
2020-06-29T00:00:00.000Z;0.19840000000000002;1.3591;0.07847333333333334;0.11651333333333334;0.13260333333333332;0.1730266666666667;0.22479333333333334;0.24203666666666668;0.25662;0.26549;0.31004333333333334;0.22589333333333336
2020-07-02T00:00:00.000Z;0.111;0.9338666666666668;0.06945666666666668;0.10063666666666668;0.11534333333333334;0.14855333333333334;0.19366333333333333;0.21099;0.2272266666666667;0.23136;0.26171;0.18556
2020-07-04T00:00:00.000Z;0.122;1.621766666666667;0.08769666666666667;0.11937333333333332;0.13459000000000002;0.17575666666666667;0.22385666666666668;0.24271;0.2572733333333333;0.2665;0.3138366666666667;0.2310866666666667
2020-07-07T00:00:00.000Z;0.20400000000000001;1.4407;0.06993333333333335;0.10071000000000001;0.11357333333333332;0.15038333333333334;0.19576666666666667;0.21335666666666667;0.2272266666666667;0.2325766666666667;0.2692366666666667;0.19490666666666664
2020-07-09T00:00:00.000Z;0.32393333333333335;2.4148666666666667;0.05709;0.09301000000000001;0.10999333333333335;0.14758666666666667;0.18723;0.20115000000000002;0.20151;0.21684000000000003;0.24980333333333335;0.16614
2020-07-12T00:00:00.000Z;0.3838333333333333;2.1023;0.05883;0.09919333333333333;0.1153766666666667;0.1572266666666667;0.20155;0.22000333333333333;0.2274266666666667;0.24356333333333333;0.26894666666666667;0.18491666666666667
2020-07-14T00:00:00.000Z;;;;;;;;;;;;
2020-07-17T00:00:00.000Z;0.20926666666666668;2.2936;0.07101666666666667;0.10296;0.11534333333333334;0.15329;0.19816666666666669;0.21595333333333333;0.2261866666666667;0.23733000000000004;0.2753333333333333;0.1981966666666667
2020-07-19T00:00:00.000Z;0.264;1.9626666666666668;0.07636666666666667;0.11478000000000001;0.1311766666666667;0.17464666666666667;0.2223266666666667;0.23842;0.24659333333333336;0.26271333333333335;0.3064;0.2206866666666667
2020-07-22T00:00:00.000Z;0.16;1.3631666666666669;0.1275888888888889;0.19637777777777776;0.18277777777777776;0.20785;0.2252;0.23472222222222222;0.2293333333333333;0.24082222222222222;0.2611611111111112;0.1938
2020-07-24T00:00:00.000Z;0.193;2.3895666666666666;0.0857;0.09335;0.10934666666666668;0.12101333333333335;0.12438333333333333;0.13240000000000002;0.13607333333333332;0.14176666666666668;0.2328766666666667;0.24501
2020-07-27T00:00:00.000Z;0.27453333333333335;1.9085;0.06712333333333334;0.07994333333333334;0.09960000000000001;0.10849000000000002;0.11419666666666667;0.12247666666666669;0.13140666666666667;0.13432000000000002;0.22413666666666668;0.22964333333333334
2020-07-29T00:00:00.000Z;0.182;1.9662000000000002;0.07362666666666667;0.08952333333333334;0.11115666666666667;0.12238666666666666;0.12486333333333335;0.13196;0.13952333333333333;0.14550000000000002;0.24141333333333334;0.24648000000000003
2020-08-01T00:00:00.000Z;;;;;;;;;;;;
2020-08-03T00:00:00.000Z;0.19840000000000002;2.5679000000000003;0.07782666666666667;0.08931666666666667;0.11218333333333333;0.12339000000000001;0.12411333333333335;0.13329666666666667;0.13918333333333333;0.14603666666666668;0.25460333333333335;0.26691333333333334
2020-08-06T00:00:00.000Z;0.231;2.0337;0.05948333333333334;0.07328333333333334;0.09877333333333332;0.10611;0.11051;0.11764666666666668;0.12682333333333332;0.12941333333333335;0.23345333333333335;0.24255000000000002
2020-08-08T00:00:00.000Z;0.2967666666666667;1.6560666666666666;0.06811333333333333;0.08799;0.11682333333333332;0.12721666666666667;0.13338;0.13928333333333334;0.14944666666666667;0.15458333333333332;0.2606366666666667;0.25881333333333334
2020-08-11T00:00:00.000Z;;;;;;;;;;;;
2020-08-13T00:00:00.000Z;0.2368333333333333;1.4047;0.06838666666666667;0.08385333333333334;0.1145;0.12479000000000001;0.12716333333333335;0.13711;0.14918666666666666;0.15234666666666669;0.2737;0.28020333333333336
2020-08-16T00:00:00.000Z;0.149;1.1180333333333334;0.05991333333333333;0.07487;0.10357333333333332;0.10998666666666666;0.11520000000000001;0.12265666666666666;0.1365766666666667;0.13693333333333332;0.24595666666666668;0.2530833333333333
2020-08-18T00:00:00.000Z;0.05583333333333334;1.4449;0.07429666666666668;0.09316;0.12247000000000001;0.13375;0.13668666666666665;0.14548;0.15621333333333334;0.16165666666666667;0.27229000000000003;0.27325
2020-08-21T00:00:00.000Z;0.1547666666666667;1.3601333333333334;0.06117666666666667;0.08000666666666667;0.10755333333333333;0.11816;0.12425333333333334;0.13351333333333334;0.14346;0.14852;0.24375000000000002;0.23744
2020-08-23T00:00:00.000Z;0.13293333333333335;2.173333333333333;0.08909333333333333;0.10452000000000002;0.1328766666666667;0.14656;0.15171;0.16314;0.16844333333333333;0.17898666666666666;0.2929766666666667;0.29155000000000003
2020-08-26T00:00:00.000Z;0.171;1.5335;0.06033;0.07720666666666667;0.10545666666666667;0.11549666666666668;0.11879333333333335;0.12759;0.13874666666666668;0.14098666666666665;0.24973000000000004;0.25584333333333337
2020-08-28T00:00:00.000Z;0.2967666666666667;1.9086333333333332;0.06478;0.08645;0.11849000000000001;0.13089333333333333;0.13463333333333333;0.1434966666666667;0.15071333333333334;0.15773666666666666;0.2730266666666667;0.2702266666666667
2020-08-31T00:00:00.000Z;0.138;1.0179333333333331;0.0601;0.07921666666666667;0.10920666666666666;0.11866666666666668;0.12173666666666666;0.12977000000000002;0.14489333333333335;0.14465333333333333;0.24920666666666666;0.2426366666666667
2020-09-02T00:00:00.000Z;0.1875;2.069;0.08299000000000001;0.0994;0.13213666666666665;0.14745666666666668;0.15040666666666666;0.16054333333333334;0.16936333333333337;0.1769266666666667;0.30155333333333334;0.3017666666666667
2020-09-05T00:00:00.000Z;0.1547666666666667;1.6083;0.05915666666666668;0.0757;0.10661;0.11620333333333334;0.11947666666666669;0.12835666666666667;0.14034000000000002;0.14233333333333334;0.2532333333333333;0.25566
2020-09-07T00:00:00.000Z;0.20926666666666668;2.186833333333333;0.07271000000000001;0.09143333333333334;0.12415999999999999;0.13811;0.14170000000000002;0.14975666666666668;0.15805;0.16695333333333334;0.28097;0.2745266666666667
2020-09-10T00:00:00.000Z;0.193;1.6734666666666667;0.056916666666666664;0.07634;0.10823666666666666;0.11819666666666667;0.12144333333333335;0.1291766666666667;0.1416;0.14537;0.24980666666666668;0.24139333333333335
2020-09-12T00:00:00.000Z;0.215;1.9273666666666665;0.07102333333333334;0.08867000000000001;0.12139333333333334;0.13194;0.13708;0.14856333333333335;0.15706333333333336;0.16228;0.2806333333333333;0.2815766666666667
2020-09-15T00:00:00.000Z;;;;;;;;;;;;
2020-09-17T00:00:00.000Z;;;;;;;;;;;;
2020-09-20T00:00:00.000Z;;;;;;;;;;;;
2020-09-22T00:00:00.000Z;0.24766666666666665;1.6485999999999998;0.07134333333333333;0.08916;0.12016666666666669;0.13387000000000002;0.14353333333333335;0.1556233333333333;0.16444666666666669;0.1705266666666667;0.28609;0.27887
2020-09-25T00:00:00.000Z;0.16566666666666666;1.2044000000000001;0.05907333333333334;0.07622000000000001;0.10785666666666667;0.11739000000000001;0.12264333333333334;0.13276666666666667;0.14760666666666666;0.14806666666666668;0.26331;0.26011
2020-09-27T00:00:00.000Z;0.149;0.9186000000000001;0.062003333333333334;0.08398666666666667;0.11809000000000001;0.13044666666666668;0.13561333333333336;0.14581666666666668;0.16050999999999999;0.16279666666666667;0.28026;0.2717266666666667
2020-09-30T00:00:00.000Z;;;;;;;;;;;;
2020-10-02T00:00:00.000Z;;;;;;;;;;;;
2020-10-05T00:00:00.000Z;0.182;0.9018666666666668;0.08419666666666667;0.10522333333333332;0.1439266666666667;0.1565166666666667;0.16285;0.1714266666666667;0.19504666666666667;0.18838666666666665;0.2746266666666667;0.24830333333333335
2020-10-07T00:00:00.000Z;0.171;1.030733333333333;0.08342000000000001;0.11343666666666666;0.15930333333333332;0.1748;0.17976333333333336;0.19110666666666665;0.2100866666666667;0.20945333333333335;0.31184;0.28130666666666665
2020-10-10T00:00:00.000Z;;;;;;;;;;;;
2020-10-12T00:00:00.000Z;0.127;0.8436333333333333;0.08718666666666668;0.11513666666666666;0.15939333333333336;0.17080666666666666;0.17808333333333334;0.1875966666666667;0.20971;0.20786333333333334;0.31121666666666664;0.28779333333333335
2020-10-15T00:00:00.000Z;0.105;0.8737666666666667;0.08048333333333334;0.10675666666666667;0.14964666666666668;0.15981;0.16583;0.17462333333333332;0.19759333333333332;0.19113;0.28866;0.26961666666666667
2020-10-17T00:00:00.000Z;;;;;;;;;;;;
2020-10-20T00:00:00.000Z;;;;;;;;;;;;
2020-10-25T00:00:00.000Z;0.193;1.1078;0.07706333333333333;0.10472333333333332;0.14683333333333334;0.15903333333333333;0.16554333333333335;0.17489333333333335;0.19640666666666665;0.19216;0.29053;0.2678566666666667
2020-10-27T00:00:00.000Z;0.116;1.3259333333333334;0.07658333333333334;0.10628333333333333;0.1490166666666667;0.16290333333333334;0.16777666666666669;0.17802;0.19280333333333333;0.19659333333333331;0.30172;0.27470333333333335
2020-10-30T00:00:00.000Z;0.116;0.9674;0.07102666666666667;0.09888;0.1399733333333333;0.1505466666666667;0.15790333333333334;0.16520666666666667;0.18545999999999999;0.18140333333333333;0.28021666666666667;0.2509966666666667
2020-11-01T00:00:00.000Z;0.127;1.2873333333333332;0.08227000000000001;0.10742333333333332;0.14659666666666668;0.1607;0.16560666666666668;0.17732333333333333;0.19274333333333332;0.19360333333333335;0.30160000000000003;0.28491333333333335
2020-11-04T00:00:00.000Z;;;;;;;;;;;;
2020-11-06T00:00:00.000Z;;;;;;;;;;;;
2020-11-09T00:00:00.000Z;0.105;1.438766666666667;0.056716666666666665;0.08136666666666667;0.11602333333333331;0.12897333333333333;0.13496333333333335;0.1446;0.15752000000000002;0.16233;0.26179;0.22487333333333331
2020-11-11T00:00:00.000Z;0.105;1.0460333333333334;0.08584;0.10792000000000002;0.14618666666666666;0.16321666666666668;0.17224333333333336;0.18575;0.1995;0.20600666666666667;0.33954666666666666;0.31016
2020-11-14T00:00:00.000Z;;;;;;;;;;;;
2020-11-16T00:00:00.000Z;;;;;;;;;;;;
2020-11-19T00:00:00.000Z;0.127;1.3663333333333332;0.08287000000000001;0.08899666666666667;0.09957666666666667;0.10814000000000001;0.10769333333333335;0.11004666666666668;0.11400333333333333;0.11708333333333333;0.15830333333333335;0.13469333333333336
2020-11-21T00:00:00.000Z;0.1;0.7161000000000001;0.08589666666666668;0.10943;0.14445333333333335;0.15650666666666666;0.16459666666666667;0.17469333333333334;0.19398666666666664;0.19330666666666665;0.3184633333333333;0.2977966666666667
2020-11-24T00:00:00.000Z;;;;;;;;;;;;
2020-11-26T00:00:00.000Z;;;;;;;;;;;;
2020-11-29T00:00:00.000Z;0.083;1.2339333333333333;0.05111666666666667;0.07391;0.10671;0.11926666666666667;0.12448666666666666;0.13301333333333334;0.14751333333333336;0.15103;0.2517233333333333;0.21721333333333334
2020-12-01T00:00:00.000Z;0.1;1.0720333333333334;0.06542666666666667;0.08697333333333333;0.1221;0.13591333333333336;0.14213333333333333;0.15233666666666668;0.16776;0.17149333333333336;0.28675333333333336;0.2596766666666667
2020-12-04T00:00:00.000Z;;;;;;;;;;;;
2020-12-06T00:00:00.000Z;0.083;0.46063333333333334;0.07058666666666667;0.09840666666666668;0.13504666666666668;0.14850666666666668;0.15575666666666665;0.16540000000000002;0.18598666666666663;0.18485333333333334;0.30435666666666666;0.2753566666666667
2020-12-09T00:00:00.000Z;0.067;0.5282333333333333;0.05512000000000001;0.08108666666666667;0.11498666666666667;0.12347666666666669;0.1296733333333333;0.13806666666666667;0.16043333333333334;0.15734333333333334;0.2591833333333333;0.22238000000000002
2020-12-11T00:00:00.000Z;;;;;;;;;;;;
2020-12-16T00:00:00.000Z;0.083;0.7330333333333333;0.07455333333333333;0.1029;0.13821666666666668;0.15220666666666666;0.15948333333333334;0.16823;0.18502000000000002;0.18682;0.306;0.2748366666666667
2020-12-19T00:00:00.000Z;0.1;1.2358;0.06940666666666667;0.09489333333333332;0.12849333333333335;0.14266;0.14706333333333335;0.15605666666666668;0.16930666666666666;0.17504333333333336;0.2847466666666667;0.25359333333333334
2020-12-21T00:00:00.000Z;;;;;;;;;;;;
2020-12-24T00:00:00.000Z;0.089;0.8653666666666667;0.07385;0.09472666666666668;0.12504666666666667;0.1353266666666667;0.14534666666666668;0.15328;0.16875333333333334;0.16723666666666667;0.27177;0.24691666666666667
2020-12-26T00:00:00.000Z;0.07200000000000001;0.23203333333333334;0.07416666666666667;0.10164000000000001;0.13999333333333336;0.15044000000000002;0.15782333333333332;0.16760333333333333;0.19049000000000002;0.1877;0.30505333333333334;0.2764566666666667
2020-12-29T00:00:00.000Z;0.07200000000000001;0.6572666666666667;0.07693;0.10073333333333334;0.1346266666666667;0.14564333333333335;0.15121333333333334;0.15923666666666667;0.17892000000000002;0.17654666666666669;0.2926;0.26130333333333333
2020-12-31T00:00:00.000Z;0.078;0.5088666666666667;0.07971333333333333;0.10545;0.1424766666666667;0.15408;0.16115666666666667;0.17144;0.19266333333333333;0.18946333333333332;0.3151;0.29136666666666666
2021-01-03T00:00:00.000Z;0.067;0.4037;0.05963666666666667;0.07876000000000001;0.10627;0.11399333333333335;0.11943333333333334;0.12498333333333334;0.14406666666666668;0.13813333333333333;0.22793000000000002;0.20864666666666667
2021-01-05T00:00:00.000Z;0.083;0.3476666666666667;0.07586333333333334;0.10565333333333334;0.14445333333333335;0.1569766666666667;0.16622;0.17374;0.19602000000000003;0.19351333333333334;0.31271;0.28365666666666667
2021-01-08T00:00:00.000Z;;;;;;;;;;;;
2021-01-10T00:00:00.000Z;;;;;;;;;;;;
2021-01-13T00:00:00.000Z;0.111;0.5165666666666667;0.05962333333333334;0.08098;0.11376;0.12181;0.12804333333333334;0.13770666666666667;0.15738666666666667;0.15374666666666667;0.26149666666666666;0.23166
2021-01-15T00:00:00.000Z;0.105;0.2714;0.07142000000000001;0.09997666666666669;0.13823;0.14888666666666667;0.1555966666666667;0.16467;0.18810000000000002;0.18555000000000002;0.30132333333333333;0.2707566666666667
2021-01-18T00:00:00.000Z;0.111;0.5758;0.06333333333333334;0.09215333333333332;0.12827333333333332;0.13940666666666668;0.14476333333333335;0.15311666666666668;0.17251333333333335;0.16999666666666668;0.2852866666666667;0.25368666666666667
2021-01-20T00:00:00.000Z;;;;;;;;;;;;
2021-01-23T00:00:00.000Z;;;;;;;;;;;;
2021-01-25T00:00:00.000Z;0.09796666666666669;1.4315;0.05839333333333333;0.07922000000000001;0.09866666666666667;0.10655333333333333;0.10946666666666668;0.11497000000000002;0.1253466666666667;0.12547333333333333;0.18776;0.17129333333333335
2021-01-28T00:00:00.000Z;0.089;0.9826;0.07033;0.09459333333333332;0.12818666666666667;0.1409766666666667;0.14664333333333335;0.15494333333333335;0.16926;0.17113333333333333;0.27821;0.2467366666666667
2021-01-30T00:00:00.000Z;;;;;;;;;;;;
2021-02-02T00:00:00.000Z;0.07200000000000001;0.7343;0.08095000000000001;0.10527000000000002;0.14267333333333332;0.15263666666666667;0.16014;0.17088333333333333;0.1900266666666667;0.18821;0.31342333333333333;0.29145333333333334
2021-02-04T00:00:00.000Z;0.122;1.0201;0.07827;0.1082266666666667;0.14756;0.16219333333333336;0.16920666666666667;0.17989666666666668;0.19325666666666666;0.19992000000000001;0.31829666666666667;0.29218000000000005
2021-02-07T00:00:00.000Z;;;;;;;;;;;;
2021-02-09T00:00:00.000Z;;;;;;;;;;;;
2021-02-12T00:00:00.000Z;;;;;;;;;;;;
2021-02-14T00:00:00.000Z;0.105;0.7839;0.08677333333333334;0.11979666666666668;0.16228666666666666;0.17616333333333337;0.1833766666666667;0.1928166666666667;0.20928666666666668;0.21154;0.33985000000000004;0.31046
2021-02-17T00:00:00.000Z;;;;;;;;;;;;
2021-02-19T00:00:00.000Z;0.122;0.6553333333333334;0.09451000000000001;0.12428666666666666;0.16468333333333332;0.18183666666666665;0.18946666666666667;0.19893666666666665;0.21555000000000002;0.21742666666666668;0.3498866666666667;0.32869000000000004
2021-02-22T00:00:00.000Z;;;;;;;;;;;;
2021-02-24T00:00:00.000Z;;;;;;;;;;;;
2021-02-27T00:00:00.000Z;;;;;;;;;;;;
2021-03-01T00:00:00.000Z;;;;;;;;;;;;
2021-03-04T00:00:00.000Z;;;;;;;;;;;;
2021-03-06T00:00:00.000Z;;;;;;;;;;;;
2021-03-09T00:00:00.000Z;0.247;1.1068;0.09755;0.10260000000000001;0.11405;0.12650999999999998;0.12902000000000002;0.13636;0.14786;0.14939000000000002;0.20062000000000002;0.16182000000000002
2021-03-11T00:00:00.000Z;0.116;1.294266666666667;0.08898;0.11798;0.15817;0.17495666666666668;0.18428666666666665;0.19692;0.20975333333333335;0.2155;0.3470866666666667;0.3152833333333333
2021-03-14T00:00:00.000Z;0.089;0.6555333333333333;0.08729666666666668;0.11622;0.1555733333333333;0.16902333333333333;0.17909000000000003;0.18940333333333334;0.20975333333333335;0.20674;0.3346466666666667;0.3111433333333333
2021-03-16T00:00:00.000Z;0.138;0.7693333333333334;0.09717666666666668;0.13179000000000002;0.17411666666666667;0.19261333333333333;0.20221;0.21335;0.22846333333333332;0.23208000000000004;0.3632666666666667;0.32847
2021-03-19T00:00:00.000Z;;;;;;;;;;;;
2021-03-21T00:00:00.000Z;0.13293333333333335;0.4498333333333333;0.10099333333333332;0.13327666666666668;0.17623;0.19197666666666668;0.20312000000000002;0.21472333333333332;0.23778000000000002;0.2346766666666667;0.3711933333333333;0.34183
2021-03-24T00:00:00.000Z;0.116;0.7792000000000001;0.09272999999999999;0.12312000000000001;0.16390666666666667;0.17780333333333334;0.1883466666666667;0.1996666666666667;0.21860000000000002;0.21716333333333332;0.34595333333333333;0.3201733333333333
2021-03-26T00:00:00.000Z;0.17666666666666667;0.7157666666666667;0.10272666666666669;0.1374266666666667;0.18302000000000002;0.2019766666666667;0.21186666666666668;0.22304333333333334;0.24053333333333332;0.24441666666666667;0.3769366666666667;0.33962
2021-03-29T00:00:00.000Z;;;;;;;;;;;;
2021-03-31T00:00:00.000Z;0.3619333333333333;0.8451333333333333;0.11986666666666668;0.15456333333333336;0.18441333333333332;0.2062766666666667;0.23119333333333336;0.24599000000000001;0.25805;0.26031666666666664;0.33868333333333334;0.30433333333333334
2021-04-03T00:00:00.000Z;;;;;;;;;;;;
2021-04-05T00:00:00.000Z;0.171;1.1029666666666667;0.10209333333333333;0.13671;0.17958000000000002;0.20065666666666665;0.2149766666666667;0.22676666666666667;0.24184333333333335;0.2502566666666667;0.39066333333333336;0.3490366666666667
2021-04-08T00:00:00.000Z;;;;;;;;;;;;
2021-04-10T00:00:00.000Z;;;;;;;;;;;;
2021-04-13T00:00:00.000Z;;;;;;;;;;;;
2021-04-15T00:00:00.000Z;;;;;;;;;;;;
2021-04-18T00:00:00.000Z;0.13293333333333335;0.43310000000000004;0.09459333333333332;0.12938666666666665;0.16975333333333334;0.18653;0.20151;0.21440666666666666;0.23582;0.23366333333333333;0.3543266666666667;0.31571
2021-04-20T00:00:00.000Z;0.19490000000000002;1.3896333333333335;0.13820666666666667;0.17162000000000002;0.21549333333333334;0.24011666666666667;0.2547433333333334;0.2688566666666667;0.2829766666666667;0.28926666666666667;0.43720000000000003;0.40176666666666666
2021-04-23T00:00:00.000Z;;;;;;;;;;;;
2021-04-25T00:00:00.000Z;;;;;;;;;;;;
2021-04-28T00:00:00.000Z;0.171;1.5099;0.07867666666666667;0.09860000000000001;0.12363333333333333;0.14059333333333335;0.14944000000000002;0.15822666666666668;0.16356;0.17300333333333334;0.23626;0.19318333333333335
2021-04-30T00:00:00.000Z;0.20926666666666668;1.2233;0.12627333333333332;0.16270333333333334;0.20844000000000001;0.23079333333333335;0.24916333333333332;0.2638566666666667;0.27826;0.28335;0.42425333333333337;0.38826333333333335
2021-05-03T00:00:00.000Z;;;;;;;;;;;;
2021-05-05T00:00:00.000Z;;;;;;;;;;;;
2021-05-08T00:00:00.000Z;0.138;0.7649333333333332;0.11882666666666669;0.15412;0.19448666666666664;0.21712333333333333;0.23835333333333333;0.25164333333333333;0.27156;0.2715166666666667;0.37928333333333336;0.33286
2021-05-10T00:00:00.000Z;;;;;;;;;;;;
2021-05-13T00:00:00.000Z;;;;;;;;;;;;
2021-05-15T00:00:00.000Z;0.116;1.1186333333333334;0.12745333333333334;0.16668666666666668;0.2124;0.23914000000000002;0.26292;0.27751333333333333;0.29070666666666667;0.29986999999999997;0.4209866666666667;0.3776033333333333
2021-05-18T00:00:00.000Z;0.122;1.0814000000000001;0.10777666666666669;0.1457266666666667;0.18945333333333333;0.2121766666666667;0.23110666666666668;0.24335;0.25830000000000003;0.26402333333333333;0.38046;0.33574333333333334
2021-05-20T00:00:00.000Z;0.16;1.5566333333333335;0.13193666666666667;0.17026333333333335;0.21644000000000002;0.24441333333333334;0.2615466666666667;0.2769333333333333;0.28937;0.2970833333333333;0.43193000000000004;0.39763000000000004
2021-05-23T00:00:00.000Z;;;;;;;;;;;;
2021-05-25T00:00:00.000Z;;;;;;;;;;;;
2021-05-28T00:00:00.000Z;;;;;;;;;;;;
2021-05-30T00:00:00.000Z;;;;;;;;;;;;
2021-06-02T00:00:00.000Z;;;;;;;;;;;;
2021-06-04T00:00:00.000Z;;;;;;;;;;;;
2021-06-07T00:00:00.000Z;0.138;1.5001;0.10398;0.14224;0.18592;0.21359666666666668;0.23265333333333335;0.24689666666666668;0.2579;0.26926;0.3857466666666666;0.3330366666666667
2021-06-09T00:00:00.000Z;0.1875;1.5195999999999998;0.13166333333333335;0.17173;0.2193866666666667;0.2478466666666667;0.2681733333333333;0.28714333333333336;0.2984;0.30782;0.44369;0.40569666666666665
2021-06-12T00:00:00.000Z;0.2201;1.4979666666666667;0.14196666666666669;0.17451333333333335;0.21165333333333333;0.23616;0.26464333333333334;0.2853866666666667;0.2939866666666667;0.30739333333333335;0.40095000000000003;0.33724000000000004
2021-06-14T00:00:00.000Z;0.3185333333333334;1.816266666666667;0.12793333333333334;0.17413333333333333;0.21836999999999998;0.24852;0.27188666666666667;0.28544;0.28972;0.30670333333333333;0.41115333333333337;0.35812333333333335
2021-06-17T00:00:00.000Z;;;;;;;;;;;;
2021-06-19T00:00:00.000Z;;;;;;;;;;;;
2021-06-22T00:00:00.000Z;;;;;;;;;;;;
2021-06-24T00:00:00.000Z;0.171;1.5712333333333333;0.13191333333333335;0.17658000000000001;0.22739333333333336;0.2586266666666667;0.27945333333333333;0.2940566666666667;0.30415000000000003;0.31704333333333334;0.44442;0.38933
2021-06-27T00:00:00.000Z;0.1547666666666667;1.6162333333333332;0.11462000000000001;0.1554;0.20214000000000001;0.23001;0.24909333333333336;0.2638066666666667;0.27366;0.2852366666666667;0.3982833333333334;0.34265
2021-06-29T00:00:00.000Z;0.105;1.1263;0.1383666666666667;0.18156666666666668;0.23055;0.25932333333333335;0.2812766666666667;0.2978366666666667;0.31484333333333336;0.31954333333333335;0.44966000000000006;0.4048233333333333
2021-07-02T00:00:00.000Z;0.13293333333333335;1.1185;0.11977333333333331;0.15856;0.20694;0.23076666666666668;0.25379333333333337;0.26965333333333336;0.2841866666666667;0.2876666666666667;0.40938;0.3658166666666667
2021-07-04T00:00:00.000Z;0.061;1.4199000000000002;0.13600666666666666;0.18224;0.23239666666666667;0.26224333333333333;0.2830766666666667;0.2979;0.3080266666666667;0.32029;0.44892666666666664;0.39352
2021-07-07T00:00:00.000Z;;;;;;;;;;;;
2021-07-09T00:00:00.000Z;0.275;2.1198333333333332;0.16167;0.20689000000000002;0.2579366666666667;0.29430333333333336;0.31820333333333334;0.3384466666666667;0.34315666666666667;0.35966333333333333;0.48081000000000007;0.4233666666666667
2021-07-12T00:00:00.000Z;0.35886666666666667;1.0621333333333334;0.1174266666666667;0.1618;0.21196;0.2363766666666667;0.2588333333333333;0.2755333333333333;0.29051333333333335;0.2952166666666667;0.40313000000000004;0.35347
2021-07-14T00:00:00.000Z;0.111;1.6188666666666667;0.13597;0.18305666666666665;0.23437;0.26499666666666666;0.28364333333333336;0.29883333333333334;0.3062833333333333;0.32030000000000003;0.44815000000000005;0.39056
2021-07-17T00:00:00.000Z;0.13293333333333335;1.6215666666666666;0.11611333333333335;0.15800666666666666;0.20205333333333333;0.23132333333333333;0.24987333333333334;0.26454333333333335;0.27348000000000006;0.2844933333333334;0.39183333333333337;0.33310333333333336
2021-07-19T00:00:00.000Z;0.29113333333333336;1.9753333333333334;0.14128333333333334;0.18654666666666667;0.2398866666666667;0.2716633333333333;0.29009;0.30574;0.3152366666666667;0.3260966666666667;0.45859333333333335;0.4058066666666667
2021-07-22T00:00:00.000Z;0.215;1.0493;0.12147333333333332;0.16256;0.21466666666666667;0.2389333333333333;0.25850333333333336;0.27397;0.29114666666666666;0.29251;0.41412;0.3662433333333333
2021-07-24T00:00:00.000Z;0.41100000000000003;1.5047666666666668;0.13681333333333334;0.18903333333333333;0.24181;0.2726;0.29052;0.30555;0.3111066666666667;0.32585000000000003;0.43432;0.36956333333333335
2021-07-27T00:00:00.000Z;0.2368333333333333;1.7595666666666667;0.11002;0.15411333333333335;0.2038266666666667;0.23146333333333333;0.2478266666666667;0.26216;0.27042;0.28314333333333336;0.39975;0.3368766666666667
2021-07-29T00:00:00.000Z;0.24766666666666665;1.825;0.13454000000000002;0.17789666666666668;0.2266466666666667;0.25555333333333335;0.27352333333333334;0.29149;0.2980333333333333;0.30921333333333334;0.43501000000000006;0.38647
2021-08-01T00:00:00.000Z;0.20926666666666668;1.3837666666666668;0.11672;0.15720666666666666;0.20811333333333334;0.23236333333333334;0.2505733333333333;0.26439666666666667;0.27852;0.2841166666666667;0.4074766666666667;0.36124666666666666
2021-08-03T00:00:00.000Z;;;;;;;;;;;;
2021-08-06T00:00:00.000Z;0.1875;1.7444666666666668;0.11430333333333334;0.15847333333333333;0.20789333333333335;0.23468000000000003;0.2488233333333333;0.26149666666666666;0.26940000000000003;0.2830866666666667;0.39964000000000005;0.3415333333333333
2021-08-08T00:00:00.000Z;0.116;2.204833333333333;0.13826333333333335;0.18112666666666669;0.23087;0.2628766666666667;0.27646666666666664;0.29339333333333334;0.29842;0.3143166666666667;0.44559333333333334;0.3979266666666667
2021-08-11T00:00:00.000Z;;;;;;;;;;;;
2021-08-13T00:00:00.000Z;0.32939999999999997;1.4722000000000002;0.12716;0.17574;0.22565666666666667;0.25498000000000004;0.27219333333333334;0.2857466666666667;0.2929733333333333;0.3063966666666667;0.41646000000000005;0.35722
2021-08-16T00:00:00.000Z;0.3785333333333334;1.3797333333333333;0.11309333333333335;0.15945333333333334;0.20892;0.2360866666666667;0.25200666666666666;0.26548000000000005;0.2758;0.2848;0.38491333333333333;0.32421
2021-08-18T00:00:00.000Z;0.264;2.2728076923076923;0.1223423076923077;0.14282692307692307;0.16790384615384615;0.19488461538461538;0.2101115384615385;0.22861923076923082;0.19772692307692308;0.24551153846153848;0.2909076923076923;0.25422692307692313
2021-08-21T00:00:00.000Z;;;;;;;;;;;;
2021-08-23T00:00:00.000Z;;;;;;;;;;;;
2021-08-26T00:00:00.000Z;0.24766666666666665;2.2435666666666667;0.10853666666666666;0.15019333333333335;0.20069333333333333;0.22898000000000002;0.24189000000000002;0.25559000000000004;0.26014000000000004;0.2747733333333333;0.38755;0.32437333333333335
2021-08-28T00:00:00.000Z;0.28583333333333333;1.8960333333333332;0.1286766666666667;0.17371666666666669;0.22556333333333334;0.25389666666666666;0.2670866666666667;0.28450000000000003;0.29121;0.3028666666666667;0.42879666666666666;0.37749666666666665
2021-08-31T00:00:00.000Z;0.3348666666666667;2.7274333333333334;0.13014;0.1758;0.22834666666666667;0.25807;0.27375;0.29266333333333333;0.2962066666666667;0.31396;0.4366366666666667;0.3797433333333333
2021-09-02T00:00:00.000Z;0.122;2.4921666666666664;0.10105333333333333;0.13561333333333336;0.1788266666666667;0.20909000000000003;0.22658000000000003;0.24000666666666667;0.24237333333333333;0.26276666666666665;0.36334000000000005;0.29019666666666666
2021-09-05T00:00:00.000Z;0.14386666666666667;1.9601666666666668;0.11248;0.15478;0.20305333333333334;0.23284000000000002;0.25094;0.2649833333333333;0.27315333333333336;0.28695333333333334;0.40275;0.3445066666666667
2021-09-07T00:00:00.000Z;0.2585333333333334;1.8303;0.11115333333333334;0.15156;0.19233333333333333;0.22061;0.23893000000000003;0.2555266666666667;0.26072;0.27286666666666665;0.3750866666666667;0.3320966666666667
2021-09-10T00:00:00.000Z;0.171;2.0034;0.11334000000000001;0.15037333333333333;0.19680666666666666;0.22253000000000003;0.2425233333333333;0.25776;0.2661866666666667;0.27609;0.3986433333333333;0.35118333333333335
2021-09-12T00:00:00.000Z;0.2201;1.5517333333333332;0.11292333333333332;0.15695333333333333;0.20618000000000003;0.23500333333333334;0.25468;0.2688933333333334;0.2760566666666667;0.2886366666666667;0.4089933333333333;0.35235333333333335
2021-09-15T00:00:00.000Z;0.1985217391304348;1.649;0.09989565217391304;0.13568695652173912;0.17575652173913045;0.2005608695652174;0.2179826086956521;0.23137391304347826;0.23975652173913045;0.2515;0.3424913043478261;0.2805956521739131
2021-09-17T00:00:00.000Z;0.215;2.185266666666667;0.0983;0.13513;0.1797;0.20615;0.22625333333333333;0.24343000000000004;0.24894000000000002;0.26187333333333335;0.37333333333333335;0.31526333333333334
2021-09-20T00:00:00.000Z;0.16566666666666666;1.6526333333333334;0.10525333333333334;0.14234666666666668;0.18593333333333334;0.2109366666666667;0.2338866666666667;0.24966;0.2614266666666667;0.26733;0.38814666666666664;0.3412233333333333
2021-09-22T00:00:00.000Z;;;;;;;;;;;;
2021-09-25T00:00:00.000Z;;;;;;;;;;;;
2021-09-27T00:00:00.000Z;;;;;;;;;;;;
2021-09-30T00:00:00.000Z;0.28026666666666666;2.165833333333333;0.11567333333333332;0.14795333333333333;0.18595333333333333;0.21253000000000002;0.24048333333333333;0.2574766666666667;0.265;0.27595000000000003;0.3888866666666667;0.3348266666666667
2021-10-02T00:00:00.000Z;;;;;;;;;;;;
2021-10-05T00:00:00.000Z;0.1;1.7407000000000001;0.09305000000000001;0.13176666666666667;0.17118;0.19716;0.22290000000000001;0.23675000000000002;0.24614000000000003;0.25676333333333334;0.34826666666666667;0.2901266666666667
2021-10-07T00:00:00.000Z;0.127;1.4195;0.14538333333333334;0.18694333333333332;0.23012333333333332;0.2607833333333333;0.29473000000000005;0.3153166666666667;0.32571;0.33575;0.43145666666666666;0.3687
2021-10-10T00:00:00.000Z;;;;;;;;;;;;
2021-10-12T00:00:00.000Z;0.20400000000000001;1.364625;0.247725;0.27637500000000004;0.30393125000000004;0.34013750000000004;0.3788;0.39215625000000004;0.395575;0.40956875000000004;0.46150625;0.38813125000000004
2021-10-15T00:00:00.000Z;0.127;1.244233333333333;0.09522666666666668;0.13321333333333335;0.16998666666666667;0.19695000000000001;0.22620666666666667;0.24032333333333333;0.2524133333333333;0.25751666666666667;0.34309666666666666;0.2825533333333333
2021-10-17T00:00:00.000Z;0.089;1.9537666666666669;0.12110666666666667;0.15968666666666667;0.20178000000000001;0.23313000000000003;0.2653833333333333;0.2863233333333333;0.29207333333333335;0.30616;0.41736000000000006;0.3615433333333333
2021-10-20T00:00:00.000Z;0.094;0.9512999999999999;0.09605333333333332;0.1317266666666667;0.16961333333333337;0.1907;0.22235000000000002;0.23735333333333333;0.25526666666666664;0.25426;0.34454666666666667;0.2961533333333333
2021-10-22T00:00:00.000Z;;;;;;;;;;;;
2021-10-25T00:00:00.000Z;;;;;;;;;;;;
2021-10-27T00:00:00.000Z;;;;;;;;;;;;
2021-10-30T00:00:00.000Z;;;;;;;;;;;;
2021-11-01T00:00:00.000Z;0.067;1.901;0.037083333333333336;0.04995;0.059660000000000005;0.07015;0.08423333333333334;0.09099666666666668;0.08203333333333335;0.09997666666666669;0.10188666666666668;0.08781000000000001
2021-11-04T00:00:00.000Z;0.094;0.8376666666666667;0.10702;0.14292000000000002;0.1786;0.20619333333333334;0.24075666666666667;0.25695666666666667;0.27663333333333334;0.27747333333333335;0.34330333333333335;0.2833866666666667
2021-11-06T00:00:00.000Z;0.05583333333333334;0.4875;0.10615999999999999;0.13968;0.17603333333333335;0.20464333333333332;0.23589333333333334;0.25052;0.2646466666666667;0.2694066666666667;0.3433733333333333;0.29738333333333333
2021-11-09T00:00:00.000Z;0.094;0.9172333333333332;0.09407666666666668;0.12872;0.16475333333333333;0.18588666666666664;0.21849666666666667;0.23161;0.24982;0.24681333333333333;0.33150333333333337;0.28396
2021-11-11T00:00:00.000Z;0.1;0.9821666666666666;0.0951;0.13475;0.17580333333333334;0.20081333333333334;0.23001666666666667;0.24516;0.2577433333333333;0.26315333333333335;0.3460266666666667;0.29264
2021-11-14T00:00:00.000Z;0.094;1.1331666666666667;0.08569333333333333;0.12181333333333334;0.1595;0.18327333333333332;0.21214000000000002;0.22625;0.24097333333333332;0.24356;0.3176833333333333;0.2616266666666667
2021-11-16T00:00:00.000Z;0.094;0.8853666666666667;0.09977000000000001;0.13742000000000001;0.17535333333333333;0.20084333333333332;0.22868333333333332;0.24514000000000002;0.2636266666666667;0.2635266666666667;0.34941666666666665;0.3001333333333333
2021-11-19T00:00:00.000Z;;;;;;;;;;;;
2021-11-21T00:00:00.000Z;;;;;;;;;;;;
2021-11-24T00:00:00.000Z;0.122;0.8370370370370371;0.09178148148148148;0.11564444444444444;0.14103333333333334;0.1616962962962963;0.1906851851851852;0.19719629629629631;0.2326888888888889;0.2118740740740741;0.26005555555555565;0.19367777777777778
2021-11-26T00:00:00.000Z;;;;;;;;;;;;
2021-11-29T00:00:00.000Z;0.07200000000000001;1.2293333333333334;0.09017333333333333;0.12166666666666669;0.15709333333333333;0.18001333333333336;0.2107733333333333;0.22665000000000002;0.24228000000000002;0.24244000000000002;0.3254266666666667;0.2777966666666667
2021-12-01T00:00:00.000Z;0.089;0.9530333333333332;0.08925333333333334;0.13048333333333334;0.1671733333333333;0.19246;0.2231266666666667;0.2362866666666667;0.2508333333333333;0.25423666666666667;0.3309;0.27751333333333333
2021-12-04T00:00:00.000Z;0.07200000000000001;0.6777000000000001;0.08306333333333334;0.11838666666666667;0.15432;0.17754333333333336;0.20680666666666667;0.21876333333333334;0.24048666666666668;0.23527333333333333;0.3051066666666667;0.2516
2021-12-06T00:00:00.000Z;0.078;0.9520333333333332;0.0975;0.13465000000000002;0.17085;0.19329666666666667;0.22632;0.23973333333333333;0.2560366666666667;0.25805;0.3380266666666667;0.29253666666666667
2021-12-09T00:00:00.000Z;0.078;1.1298;0.09052;0.12383;0.1588266666666667;0.18163;0.21416333333333334;0.2277766666666667;0.24466666666666667;0.24480000000000002;0.3201;0.27426333333333336
2021-12-11T00:00:00.000Z;0.078;1.1343666666666665;0.09225333333333333;0.13140666666666667;0.1703766666666667;0.19754333333333332;0.22818333333333332;0.24132;0.25137;0.2595;0.3363566666666667;0.2826266666666667
2021-12-14T00:00:00.000Z;0.067;0.7167666666666667;0.08243333333333334;0.11766333333333336;0.1525733333333333;0.1754166666666667;0.20429000000000003;0.21811333333333333;0.23969333333333334;0.23641;0.3015066666666667;0.24617
2021-12-16T00:00:00.000Z;;;;;;;;;;;;
2021-12-19T00:00:00.000Z;;;;;;;;;;;;
2021-12-21T00:00:00.000Z;;;;;;;;;;;;
2021-12-24T00:00:00.000Z;;;;;;;;;;;;
2021-12-26T00:00:00.000Z;;;;;;;;;;;;
2021-12-29T00:00:00.000Z;;;;;;;;;;;;
2021-12-31T00:00:00.000Z;0.07200000000000001;0.6474;0.09108666666666668;0.13044000000000003;0.16726666666666667;0.19135333333333335;0.22231666666666666;0.23408000000000004;0.2504866666666667;0.25275333333333333;0.32981333333333335;0.2790833333333333
2022-01-03T00:00:00.000Z;0.061;0.7225;0.08317333333333334;0.11906;0.15284;0.17423;0.20352;0.21547;0.2350266666666667;0.23176;0.30186;0.24795
2022-01-05T00:00:00.000Z;0.078;0.5659;0.10985333333333333;0.1465733333333333;0.1870666666666667;0.21205000000000002;0.24403666666666668;0.2563333333333333;0.2785833333333333;0.27496666666666664;0.36216333333333334;0.3112866666666667
2022-01-08T00:00:00.000Z;;;;;;;;;;;;
2022-01-10T00:00:00.000Z;0.089;1.3428333333333333;0.08023;0.10921;0.1373666666666667;0.15819000000000003;0.17793666666666666;0.1870766666666667;0.18994000000000003;0.20038666666666663;0.24943000000000004;0.21245333333333333
2022-01-13T00:00:00.000Z;;;;;;;;;;;;
2022-01-15T00:00:00.000Z;0.094;0.5572333333333334;0.10449666666666667;0.13985333333333333;0.18030000000000002;0.20336333333333334;0.23227;0.24475000000000002;0.2653466666666667;0.2626866666666667;0.3452233333333333;0.29782
2022-01-18T00:00:00.000Z;0.07200000000000001;0.2787333333333333;0.09018333333333334;0.12229666666666668;0.15938;0.17749333333333334;0.20699;0.2191866666666667;0.24879333333333334;0.23548666666666668;0.31320000000000003;0.26423
2022-01-20T00:00:00.000Z;0.1;0.5780333333333333;0.09728;0.1355766666666667;0.17848;0.20485;0.23253333333333331;0.24490333333333333;0.2588833333333333;0.2630766666666667;0.34190000000000004;0.29009333333333337
2022-01-23T00:00:00.000Z;;;;;;;;;;;;
2022-01-25T00:00:00.000Z;;;;;;;;;;;;
2022-01-28T00:00:00.000Z;0.116;0.5837333333333333;0.08773333333333334;0.12201333333333335;0.1593266666666667;0.17929;0.20884000000000003;0.22004333333333334;0.24300000000000002;0.23578333333333332;0.3137766666666667;0.2687833333333333
2022-01-30T00:00:00.000Z;0.094;0.21613333333333334;0.09804;0.1377766666666667;0.18075333333333335;0.20174333333333333;0.22820000000000001;0.24122333333333332;0.2641366666666667;0.2594066666666667;0.3406266666666667;0.29029000000000005
2022-02-02T00:00:00.000Z;0.067;0.44056666666666666;0.08727000000000001;0.12612;0.16398000000000001;0.1827766666666667;0.20896333333333333;0.22215000000000001;0.24476666666666666;0.23694;0.31401;0.26125333333333334
2022-02-04T00:00:00.000Z;;;;;;;;;;;;
2022-02-07T00:00:00.000Z;0.07200000000000001;0.6468666666666667;0.09342;0.12940000000000002;0.16939333333333334;0.19160333333333335;0.2165333333333333;0.2286966666666667;0.24716666666666667;0.2448366666666667;0.3291866666666667;0.28502333333333335
2022-02-09T00:00:00.000Z;;;;;;;;;;;;
2022-02-12T00:00:00.000Z;;;;;;;;;;;;
2022-02-14T00:00:00.000Z;;;;;;;;;;;;
2022-02-17T00:00:00.000Z;0.07200000000000001;0.6058333333333333;0.09693;0.13300666666666666;0.17482666666666669;0.19555333333333333;0.2206366666666667;0.2331766666666667;0.2545;0.24746;0.3359666666666667;0.2904933333333333
2022-02-19T00:00:00.000Z;;;;;;;;;;;;
2022-02-22T00:00:00.000Z;0.078;0.32353333333333334;0.09518333333333334;0.13542;0.1782733333333333;0.19641666666666668;0.22134333333333334;0.23313000000000003;0.2581466666666667;0.2514733333333333;0.3323233333333333;0.27766
2022-02-24T00:00:00.000Z;0.171;0.9404;0.10299000000000001;0.13426666666666667;0.16856333333333334;0.1903733333333333;0.20940333333333333;0.21966;0.23237;0.23188666666666669;0.29174333333333335;0.24105666666666667
2022-02-27T00:00:00.000Z;;;;;;;;;;;;
2022-03-01T00:00:00.000Z;0.111;0.6341666666666667;0.11005000000000001;0.15378333333333333;0.19970666666666664;0.22406333333333334;0.2465466666666667;0.2588333333333333;0.27595333333333333;0.27760333333333337;0.37146666666666667;0.31938000000000005
2022-03-04T00:00:00.000Z;;;;;;;;;;;;
2022-03-06T00:00:00.000Z;;;;;;;;;;;;
2022-03-09T00:00:00.000Z;0.105;0.8820333333333333;0.08505666666666667;0.11951333333333335;0.15795333333333333;0.18075000000000002;0.2056;0.2187;0.23543333333333333;0.23465666666666668;0.31041;0.25421333333333335
2022-03-11T00:00:00.000Z;;;;;;;;;;;;
2022-03-14T00:00:00.000Z;;;;;;;;;;;;
2022-03-16T00:00:00.000Z;;;;;;;;;;;;
2022-03-19T00:00:00.000Z;;;;;;;;;;;;
2022-03-21T00:00:00.000Z;;;;;;;;;;;;
2022-03-24T00:00:00.000Z;;;;;;;;;;;;
2022-03-26T00:00:00.000Z;;;;;;;;;;;;
2022-03-29T00:00:00.000Z;;;;;;;;;;;;
2022-03-31T00:00:00.000Z;;;;;;;;;;;;
2022-04-03T00:00:00.000Z;0.1;0.2806;0.09998;0.14252;0.1817266666666667;0.20604333333333336;0.23668000000000003;0.2489833333333333;0.2767733333333333;0.26585333333333333;0.33766;0.28329000000000004
2022-04-05T00:00:00.000Z;;;;;;;;;;;;
2022-04-08T00:00:00.000Z;;;;;;;;;;;;
2022-04-10T00:00:00.000Z;;;;;;;;;;;;
2022-04-13T00:00:00.000Z;;;;;;;;;;;;
2022-04-15T00:00:00.000Z;;;;;;;;;;;;
2022-04-18T00:00:00.000Z;;;;;;;;;;;;
2022-04-20T00:00:00.000Z;;;;;;;;;;;;
2022-04-23T00:00:00.000Z;0.116;0.6582;0.12460666666666667;0.17263333333333333;0.2168466666666667;0.25461;0.3032866666666667;0.32187333333333334;0.3406;0.34441666666666665;0.40847;0.3212466666666667
2022-04-25T00:00:00.000Z;0.116;0.9391333333333333;0.12528666666666666;0.17243666666666665;0.21188000000000004;0.2490733333333333;0.29089000000000004;0.30872;0.32442333333333334;0.32537333333333335;0.40761000000000003;0.35408000000000006
2022-04-28T00:00:00.000Z;;;;;;;;;;;;
2022-04-30T00:00:00.000Z;;;;;;;;;;;;
2022-05-03T00:00:00.000Z;0.13292592592592592;1.4716296296296296;0.10614074074074074;0.14477037037037038;0.17502222222222222;0.2175740740740741;0.2688925925925926;0.28621481481481487;0.29794814814814813;0.30552222222222225;0.344262962962963;0.2621
2022-05-05T00:00:00.000Z;;;;;;;;;;;;
2022-05-08T00:00:00.000Z;0.111;1.0001;0.10688666666666666;0.14995333333333333;0.18483333333333332;0.22169666666666668;0.2718766666666667;0.28920666666666667;0.30564;0.30575;0.36612333333333336;0.3098
2022-05-10T00:00:00.000Z;0.149;1.0208;0.12326;0.1727766666666667;0.21176999999999999;0.25456666666666666;0.30628000000000005;0.32323;0.33441333333333334;0.3420033333333333;0.40519000000000005;0.33899666666666667
2022-05-13T00:00:00.000Z;0.171;1.7356;0.10773666666666666;0.1529666666666667;0.1879;0.22840000000000002;0.27959666666666666;0.29458;0.30295333333333335;0.3132333333333333;0.36214;0.29596333333333336
2022-05-15T00:00:00.000Z;0.20926666666666668;1.5353333333333332;0.13411333333333336;0.18171;0.21641;0.25860333333333335;0.31476;0.3351766666666667;0.34495000000000003;0.3510066666666667;0.40953333333333336;0.35052333333333335
2022-05-18T00:00:00.000Z;0.16566666666666666;1.4650333333333334;0.1124766666666667;0.15642;0.19139333333333333;0.22911;0.2820333333333333;0.30135333333333336;0.31159333333333333;0.31719;0.3710833333333334;0.3130733333333333
2022-05-20T00:00:00.000Z;;;;;;;;;;;;
2022-05-23T00:00:00.000Z;0.16;1.4831666666666667;0.10988666666666666;0.15743333333333334;0.19518;0.23660333333333333;0.28736333333333336;0.30556666666666665;0.31459333333333334;0.3219333333333333;0.3743;0.30305333333333334
2022-05-25T00:00:00.000Z;0.127;1.221;0.07095;0.10285000000000001;0.13285;0.1628;0.18280000000000002;0.20070000000000002;0.17435;0.2005;0.2082;0.1718
2022-05-28T00:00:00.000Z;0.111;1.3552666666666668;0.11696666666666668;0.16134666666666667;0.20222;0.24090333333333333;0.2880333333333333;0.30832333333333334;0.32025333333333333;0.32533;0.38408000000000003;0.3241233333333333
2022-05-30T00:00:00.000Z;0.138;1.0267666666666668;0.13469333333333336;0.18838666666666665;0.23317333333333332;0.27875;0.32776666666666665;0.3447633333333333;0.3577366666666667;0.36432;0.42855000000000004;0.3547366666666667
2022-06-02T00:00:00.000Z;;;;;;;;;;;;
2022-06-04T00:00:00.000Z;0.1875;1.5313333333333332;0.14031;0.1907;0.23797;0.2823466666666667;0.3242233333333333;0.34527666666666673;0.35591666666666666;0.3643133333333333;0.43431333333333333;0.36813333333333337
2022-06-07T00:00:00.000Z;0.111;1.5963;0.12051333333333335;0.16542;0.2106333333333333;0.25006;0.29034000000000004;0.31016;0.32101999999999997;0.32908333333333334;0.39876333333333336;0.33453000000000005
2022-06-09T00:00:00.000Z;0.17666666666666667;2.113366666666667;0.13881666666666667;0.19223;0.24403000000000002;0.29020666666666667;0.3279833333333333;0.34415666666666667;0.34745333333333334;0.36594666666666664;0.4432066666666667;0.36371333333333333
2022-06-12T00:00:00.000Z;0.127;1.3391333333333335;0.11612000000000001;0.16284;0.2062733333333333;0.24484666666666668;0.28516;0.3024766666666667;0.31379333333333337;0.32259333333333334;0.37927;0.3057366666666667
2022-06-14T00:00:00.000Z;0.24766666666666665;1.2693666666666665;0.13927333333333333;0.19053666666666663;0.23750666666666667;0.27719000000000005;0.31627;0.33563000000000004;0.34809333333333337;0.3549733333333333;0.4241866666666667;0.35830666666666666
2022-06-17T00:00:00.000Z;0.122;1.5526333333333335;0.12159333333333334;0.1646466666666667;0.20865333333333333;0.24584666666666669;0.28251;0.30112;0.31118666666666667;0.32059000000000004;0.38617;0.3231
2022-06-19T00:00:00.000Z;0.28583333333333333;1.4183666666666666;0.1376166666666667;0.19380666666666665;0.24453333333333332;0.2875466666666667;0.3226766666666667;0.33949333333333337;0.34627;0.3599233333333333;0.4262866666666667;0.34543
2022-06-22T00:00:00.000Z;0.111;0.7484333333333333;0.11170666666666666;0.159;0.2109333333333333;0.24708333333333332;0.28267333333333333;0.29836666666666667;0.31876666666666664;0.3209333333333333;0.39019666666666664;0.3143366666666667
2022-06-24T00:00:00.000Z;0.171;1.4963;0.13866;0.19123666666666664;0.24591;0.28791;0.31993000000000005;0.3388266666666667;0.3525466666666667;0.3595066666666667;0.44907;0.38221
2022-06-27T00:00:00.000Z;0.127;1.2526666666666668;0.11983333333333333;0.16578666666666667;0.21694000000000002;0.25340333333333337;0.28613000000000005;0.30329;0.31878;0.3237266666666667;0.40491;0.33849
2022-06-29T00:00:00.000Z;0.2201;1.8323666666666665;0.13759666666666667;0.19146333333333332;0.24972333333333332;0.2946866666666667;0.32358333333333333;0.3399766666666667;0.34636666666666666;0.3644433333333333;0.4495100000000001;0.36651666666666666
2022-07-02T00:00:00.000Z;0.3675333333333334;1.9875666666666665;0.11559333333333334;0.16846666666666668;0.21756;0.25771;0.2893966666666667;0.30493333333333333;0.3100866666666667;0.3265766666666667;0.38357;0.30190333333333336
2022-07-04T00:00:00.000Z;0.23516666666666663;2.1329000000000002;0.14157333333333333;0.19263333333333332;0.24447333333333332;0.2869566666666667;0.3175366666666667;0.3383466666666667;0.34363333333333335;0.36022333333333334;0.43723000000000006;0.36365333333333333
2022-07-07T00:00:00.000Z;0.149;2.2;0.11900000000000001;0.13845000000000002;0.15560000000000002;0.177375;0.19795000000000001;0.215125;0.18885000000000002;0.22465000000000002;0.237275;0.20172500000000002
2022-07-09T00:00:00.000Z;0.20926666666666668;1.604266666666667;0.1327266666666667;0.18674000000000002;0.24402333333333331;0.28675666666666666;0.31592;0.33211666666666667;0.3415266666666667;0.3556666666666667;0.4495033333333334;0.36904000000000003
2022-07-12T00:00:00.000Z;0.19840000000000002;1.4400333333333333;0.11508;0.16611333333333336;0.21866666666666668;0.25619000000000003;0.28412;0.29997;0.3107066666666667;0.32147;0.40179666666666664;0.32541333333333333
2022-07-14T00:00:00.000Z;0.29113333333333336;1.4304666666666668;0.13424000000000003;0.18534333333333333;0.24235333333333334;0.28180333333333335;0.31118;0.33037333333333335;0.3449066666666667;0.3521533333333334;0.44909333333333334;0.37955666666666665
2022-07-17T00:00:00.000Z;0.16566666666666666;1.0567;0.11857000000000001;0.16599333333333335;0.22122;0.25495;0.2835766666666667;0.30040666666666666;0.3195266666666667;0.32110666666666665;0.4089966666666666;0.34288
2022-07-19T00:00:00.000Z;0.1547666666666667;1.6900333333333333;0.13222;0.18330000000000002;0.23681;0.27791;0.3053266666666667;0.32145;0.3281233333333333;0.3441266666666667;0.43383000000000005;0.35829333333333335
2022-07-22T00:00:00.000Z;0.182;2.014766666666667;0.11545333333333334;0.1630266666666667;0.21571333333333334;0.2550233333333333;0.27905;0.29601;0.3026866666666667;0.31834666666666667;0.39836;0.32016333333333336
2022-07-24T00:00:00.000Z;0.28026666666666666;1.0705;0.14234333333333335;0.19483666666666663;0.25399333333333335;0.29291666666666666;0.31866;0.3356466666666667;0.3543866666666667;0.35764666666666667;0.44845333333333337;0.37616
2022-07-27T00:00:00.000Z;0.253;2.4388;0.11909333333333334;0.16690000000000002;0.2227866666666667;0.2614;0.28476;0.3030333333333333;0.3089;0.32443000000000005;0.4135866666666667;0.34014333333333335
2022-07-29T00:00:00.000Z;0.20400000000000001;2.2252;0.1317266666666667;0.18419666666666668;0.24316333333333334;0.28465666666666667;0.30855333333333335;0.32489;0.32767;0.34991333333333335;0.4436066666666667;0.36061333333333334
2022-08-01T00:00:00.000Z;0.182;2.4809;0.11410333333333333;0.16208666666666666;0.2143866666666667;0.25416333333333335;0.2764566666666667;0.2927866666666667;0.2968733333333333;0.31695666666666666;0.3989533333333333;0.3169166666666667
2022-08-03T00:00:00.000Z;0.264;1.6704666666666668;0.1373666666666667;0.1882766666666667;0.24524;0.2859733333333333;0.31055;0.3291866666666667;0.33876;0.35009;0.4401666666666667;0.36830666666666667
2022-08-06T00:00:00.000Z;0.193;1.4125333333333334;0.11765333333333333;0.16558;0.2196266666666667;0.25450333333333336;0.2790033333333333;0.29621000000000003;0.31096666666666667;0.31745;0.4030533333333333;0.33353000000000005
2022-08-08T00:00:00.000Z;0.2585333333333334;1.2425333333333333;0.13440333333333335;0.19033;0.25335;0.2944733333333333;0.3170266666666667;0.33394;0.34569000000000005;0.3563366666666667;0.44636666666666674;0.3621433333333333
2022-08-11T00:00:00.000Z;0.116;1.714;0.11532;0.16172666666666669;0.2146866666666667;0.25189333333333336;0.27433;0.2893233333333333;0.2981866666666667;0.31129333333333337;0.39102333333333333;0.31381000000000003
2022-08-13T00:00:00.000Z;;;;;;;;;;;;
2022-08-16T00:00:00.000Z;0.1875;1.5419333333333334;0.111;0.16002000000000002;0.21471333333333334;0.24877333333333332;0.2730166666666667;0.28995000000000004;0.30399333333333334;0.31088000000000005;0.40412333333333333;0.3353766666666667
2022-08-18T00:00:00.000Z;0.2201;1.2631666666666668;0.12750666666666666;0.1849;0.24547333333333332;0.28595333333333334;0.30849000000000004;0.3228533333333333;0.33570666666666665;0.34488;0.43857333333333337;0.35589000000000004
2022-08-21T00:00:00.000Z;0.20400000000000001;1.5375;0.11573333333333333;0.17146666666666668;0.2337866666666667;0.2742833333333333;0.29902;0.31790333333333337;0.3311866666666667;0.34263333333333335;0.42206000000000005;0.33711
2022-08-23T00:00:00.000Z;0.253;2.6400333333333332;0.12983333333333333;0.18242333333333333;0.24135;0.2825766666666667;0.30342;0.32361666666666666;0.32476333333333335;0.3450066666666667;0.44139333333333336;0.3662533333333333
2022-08-26T00:00:00.000Z;;;;;;;;;;;;
2022-08-28T00:00:00.000Z;0.275;2.254766666666667;0.11209666666666668;0.16643666666666668;0.22158333333333333;0.2641866666666667;0.2864766666666667;0.3028966666666667;0.3069733333333333;0.3261;0.4132133333333333;0.3324833333333333
2022-08-31T00:00:00.000Z;0.3185333333333334;2.5635666666666665;0.10914333333333334;0.16456;0.2159333333333333;0.26041333333333333;0.28796;0.3062366666666667;0.31001333333333336;0.33289;0.40886333333333336;0.31929
2022-09-02T00:00:00.000Z;0.20926666666666668;1.9094000000000002;0.12232333333333331;0.17128333333333334;0.22211666666666666;0.2599966666666667;0.28612333333333334;0.3067533333333333;0.31379333333333337;0.3255966666666667;0.42089666666666664;0.35368000000000005
2022-09-05T00:00:00.000Z;0.14386666666666667;1.3254333333333335;0.10640999999999999;0.15014666666666668;0.19943333333333332;0.23012;0.25966;0.27541666666666664;0.2906533333333333;0.29522333333333334;0.38331;0.32019000000000003
2022-09-07T00:00:00.000Z;0.1875;1.0028;0.12022333333333332;0.17088;0.2263966666666667;0.25944666666666666;0.28759333333333337;0.3039;0.3199033333333334;0.32687333333333335;0.4183166666666667;0.34166
2022-09-10T00:00:00.000Z;0.17666666666666667;1.5474;0.10447000000000001;0.15059333333333336;0.20059333333333332;0.23434000000000002;0.2596466666666667;0.27515;0.28604;0.29717;0.3771566666666667;0.3015466666666667
2022-09-12T00:00:00.000Z;;;;;;;;;;;;
2022-09-15T00:00:00.000Z;0.1547666666666667;2.1302;0.10314666666666668;0.1465266666666667;0.19390000000000002;0.22533666666666669;0.25065333333333334;0.2684866666666667;0.27640000000000003;0.2883366666666667;0.37745666666666666;0.31168
2022-09-17T00:00:00.000Z;0.2201;2.134733333333333;0.11280333333333334;0.16325333333333333;0.21422;0.25134;0.27723000000000003;0.2920066666666667;0.29664;0.31525333333333333;0.40752;0.3312966666666667
2022-09-20T00:00:00.000Z;0.1875;1.9714;0.09848666666666668;0.14344666666666667;0.19114000000000003;0.22491;0.24964333333333336;0.26436666666666664;0.27257333333333333;0.28547;0.36472;0.28956666666666664
2022-09-22T00:00:00.000Z;0.215;2.3226999999999998;0.11875666666666666;0.16703666666666667;0.21656999999999998;0.25279;0.27691;0.29724;0.3001666666666667;0.31537333333333334;0.40863000000000005;0.3404266666666667
2022-09-25T00:00:00.000Z;;;;;;;;;;;;
2022-09-27T00:00:00.000Z;0.14386666666666667;0.9425;0.10798666666666666;0.15698;0.20674;0.2400366666666667;0.2662;0.2824766666666667;0.29714;0.30166666666666664;0.3911833333333334;0.31981
2022-09-30T00:00:00.000Z;0.111;0.7740333333333334;0.09489333333333332;0.13965333333333332;0.185;0.21405333333333335;0.24086333333333335;0.2541766666666667;0.27568000000000004;0.27599333333333337;0.35056;0.2768333333333333
2022-10-02T00:00:00.000Z;0.17666666666666667;0.9949666666666668;0.11318333333333333;0.1603766666666667;0.2083;0.23940666666666668;0.26714000000000004;0.2836;0.3013733333333333;0.30329333333333336;0.38883000000000006;0.32434666666666667
2022-10-05T00:00:00.000Z;0.17666666666666667;1.6685999999999999;0.1837266666666667;0.21450000000000002;0.25020000000000003;0.28681;0.3142266666666667;0.33148000000000005;0.3352466666666667;0.34695333333333334;0.3907333333333334;0.31264333333333333
2022-10-07T00:00:00.000Z;0.242;2.1473000000000004;0.09299666666666669;0.14065;0.1827433333333333;0.2229366666666667;0.24918000000000004;0.2627066666666667;0.26515666666666665;0.28259;0.34715;0.2695
2022-10-10T00:00:00.000Z;;;;;;;;;;;;
2022-10-12T00:00:00.000Z;0.1655294117647059;1.9040000000000001;0.05492941176470588;0.06825294117647059;0.07963529411764707;0.09555882352941177;0.11047058823529413;0.11862352941176471;0.12421764705882354;0.12537058823529412;0.15332352941176472;0.11648235294117647
2022-10-15T00:00:00.000Z;0.171;1.4476333333333335;0.09200333333333333;0.13107333333333332;0.16826666666666668;0.19898333333333335;0.23161333333333334;0.2476266666666667;0.25897333333333333;0.2627;0.3331966666666667;0.27572
2022-10-17T00:00:00.000Z;0.1875;1.772733333333333;0.09429;0.14073;0.17957;0.21299666666666667;0.24528000000000003;0.26075000000000004;0.26493000000000005;0.2794333333333333;0.3516533333333334;0.2865366666666667
2022-10-20T00:00:00.000Z;;;;;;;;;;;;
2022-10-22T00:00:00.000Z;;;;;;;;;;;;
2022-10-25T00:00:00.000Z;;;;;;;;;;;;
2022-10-27T00:00:00.000Z;;;;;;;;;;;;
2022-10-30T00:00:00.000Z;;;;;;;;;;;;
2022-11-01T00:00:00.000Z;0.138;1.6998;0.09871666666666666;0.13763;0.17604000000000003;0.21418000000000004;0.24482333333333334;0.2616133333333333;0.25851999999999997;0.27632;0.3603733333333333;0.30283333333333334
2022-11-04T00:00:00.000Z;0.05583333333333334;0.9877333333333332;0.10400000000000001;0.13768;0.17406666666666668;0.20487333333333332;0.23822;0.25400666666666666;0.26497333333333334;0.2692866666666667;0.34369000000000005;0.28481
2022-11-06T00:00:00.000Z;0.1;0.514;0.09123666666666669;0.13547;0.17588666666666666;0.20973000000000003;0.2421;0.25618;0.26456999999999997;0.2756866666666667;0.3495266666666667;0.28961333333333333
2022-11-09T00:00:00.000Z;;;;;;;;;;;;
2022-11-11T00:00:00.000Z;;;;;;;;;;;;
2022-11-14T00:00:00.000Z;0.127;1.6900333333333333;0.08380333333333334;0.11849333333333334;0.15108666666666667;0.18248;0.21770333333333333;0.23366;0.24157333333333333;0.24946666666666667;0.31362;0.2541466666666667
2022-11-16T00:00:00.000Z;;;;;;;;;;;;
2022-11-19T00:00:00.000Z;0.089;0.8325833333333333;0.022125000000000002;0.03189166666666667;0.03716666666666667;0.043500000000000004;0.051691666666666664;0.05743333333333334;0.05915833333333334;0.05894166666666666;0.06538333333333333;0.04788333333333333
2022-11-21T00:00:00.000Z;;;;;;;;;;;;
2022-11-24T00:00:00.000Z;0.089;1.4412333333333331;0.07846333333333334;0.11062000000000001;0.14176666666666668;0.16690666666666668;0.20135333333333333;0.21500333333333335;0.22947333333333333;0.23055666666666666;0.2901033333333333;0.23789333333333335
2022-11-26T00:00:00.000Z;;;;;;;;;;;;
2022-11-29T00:00:00.000Z;0.07200000000000001;0.7591;0.07675666666666668;0.11371666666666667;0.14647333333333332;0.17978;0.2151833333333333;0.22652333333333333;0.2382466666666667;0.24359000000000003;0.30183000000000004;0.24090333333333333
2022-12-01T00:00:00.000Z;;;;;;;;;;;;
2022-12-04T00:00:00.000Z;;;;;;;;;;;;
2022-12-06T00:00:00.000Z;;;;;;;;;;;;
2022-12-09T00:00:00.000Z;;;;;;;;;;;;
2022-12-11T00:00:00.000Z;;;;;;;;;;;;
2022-12-14T00:00:00.000Z;;;;;;;;;;;;
2022-12-16T00:00:00.000Z;;;;;;;;;;;;
2022-12-19T00:00:00.000Z;;;;;;;;;;;;
2022-12-21T00:00:00.000Z;;;;;;;;;;;;
2022-12-24T00:00:00.000Z;0.067;0.9317000000000001;0.07344;0.10645666666666667;0.13333333333333333;0.15937;0.20090333333333335;0.21561666666666665;0.23238666666666669;0.23068000000000002;0.28263000000000005;0.22825333333333334
2022-12-26T00:00:00.000Z;;;;;;;;;;;;
2022-12-29T00:00:00.000Z;;;;;;;;;;;;
2022-12-31T00:00:00.000Z;0.083;0.6210666666666668;0.08847000000000001;0.12318666666666667;0.15616333333333335;0.18611;0.22497333333333333;0.23982;0.25668;0.25684;0.3182833333333333;0.26214000000000004
2023-01-03T00:00:00.000Z;0.083;1.2273333333333334;0.08143333333333334;0.11206333333333335;0.14;0.17184000000000002;0.20650666666666667;0.22114333333333336;0.2318;0.23742;0.29364333333333337;0.23936
2023-01-05T00:00:00.000Z;0.094;0.7269333333333333;0.08627666666666667;0.12468666666666667;0.15492666666666668;0.18350333333333335;0.2219833333333333;0.23514666666666667;0.2520133333333333;0.2525133333333333;0.30006666666666665;0.23898666666666668
2023-01-08T00:00:00.000Z;;;;;;;;;;;;
2023-01-10T00:00:00.000Z;0.078;1.2201666666666668;0.08896000000000001;0.12510000000000002;0.15807000000000002;0.18754;0.22429000000000002;0.23831666666666668;0.25026333333333334;0.25518;0.32245;0.267
2023-01-13T00:00:00.000Z;0.083;0.4136;0.07869666666666668;0.11311666666666668;0.14501333333333336;0.1699266666666667;0.20841;0.22136;0.2465733333333333;0.24016;0.2990066666666667;0.2451866666666667
2023-01-15T00:00:00.000Z;0.07200000000000001;0.8745333333333333;0.08772;0.12793666666666667;0.1637;0.19653;0.2309466666666667;0.24416666666666667;0.2562333333333333;0.26284;0.3271266666666667;0.26578666666666667
2023-01-18T00:00:00.000Z;;;;;;;;;;;;
2023-01-20T00:00:00.000Z;;;;;;;;;;;;
2023-01-23T00:00:00.000Z;0.078;0.38676666666666665;0.07917333333333335;0.11311;0.14542000000000002;0.16826666666666668;0.20741333333333334;0.21964666666666668;0.24636666666666665;0.23654333333333336;0.29630333333333336;0.2423766666666667
2023-01-25T00:00:00.000Z;;;;;;;;;;;;
2023-01-28T00:00:00.000Z;0.083;0.46280000000000004;0.07532000000000001;0.11351;0.14694000000000002;0.17283;0.20840333333333333;0.22102;0.24410666666666667;0.23778333333333332;0.2935566666666667;0.23252
2023-01-30T00:00:00.000Z;0.1;0.6009;0.09494666666666668;0.13286333333333336;0.17060666666666666;0.19834333333333332;0.23451;0.24615;0.26719000000000004;0.26561999999999997;0.33608333333333335;0.2791466666666667
2023-02-02T00:00:00.000Z;0.083;0.6366;0.08356333333333334;0.11769333333333334;0.15310666666666667;0.1797266666666667;0.2153266666666667;0.2280266666666667;0.24602;0.24556;0.31106666666666666;0.2552233333333333
2023-02-04T00:00:00.000Z;0.089;0.2278;0.09208666666666668;0.13484333333333334;0.1747466666666667;0.19899666666666668;0.2339966666666667;0.24808000000000002;0.2723433333333333;0.2668233333333333;0.33419000000000004;0.27265333333333336
2023-02-07T00:00:00.000Z;;;;;;;;;;;;
2023-02-09T00:00:00.000Z;;;;;;;;;;;;
2023-02-12T00:00:00.000Z;;;;;;;;;;;;
2023-02-14T00:00:00.000Z;;;;;;;;;;;;
2023-02-17T00:00:00.000Z;;;;;;;;;;;;
2023-02-19T00:00:00.000Z;0.3185333333333334;1.0451;0.09627333333333332;0.13984666666666667;0.1767266666666667;0.20580666666666667;0.2376366666666667;0.2525366666666667;0.26419000000000004;0.26968000000000003;0.33623333333333333;0.28081333333333336
2023-02-22T00:00:00.000Z;0.3458333333333333;0.973;0.09072333333333332;0.1331266666666667;0.16942000000000002;0.19740000000000002;0.22855666666666666;0.24291333333333334;0.25558000000000003;0.25626333333333334;0.3188666666666667;0.26065666666666665
2023-02-24T00:00:00.000Z;;;;;;;;;;;;
2023-02-27T00:00:00.000Z;0.078;0.20203333333333334;0.08786000000000001;0.12574000000000002;0.16505333333333333;0.18873666666666664;0.21948000000000004;0.23262333333333332;0.25966666666666666;0.2504466666666667;0.3181733333333333;0.25544666666666666
2023-03-01T00:00:00.000Z;0.122;0.4332;0.10835;0.1511266666666667;0.19415666666666664;0.21991;0.2512066666666667;0.26570333333333335;0.28772;0.28323000000000004;0.3653733333333333;0.3096966666666667
2023-03-04T00:00:00.000Z;0.105;0.5174;0.0956;0.1323266666666667;0.17244;0.19589333333333334;0.22784666666666667;0.24005666666666667;0.26354;0.2563266666666667;0.33316;0.279
2023-03-06T00:00:00.000Z;;;;;;;;;;;;
2023-03-09T00:00:00.000Z;;;;;;;;;;;;
2023-03-11T00:00:00.000Z;;;;;;;;;;;;
2023-03-14T00:00:00.000Z;;;;;;;;;;;;
2023-03-16T00:00:00.000Z;0.1;0.7094333333333332;0.11123666666666666;0.15644666666666668;0.20298;0.23356666666666667;0.2631133333333333;0.27713000000000004;0.29048666666666667;0.2954466666666667;0.38115000000000004;0.31724
2023-03-19T00:00:00.000Z;0.105;0.9560000000000001;0.09962333333333333;0.14300000000000002;0.1845;0.21135;0.24032;0.2532833333333333;0.2696466666666667;0.27206;0.34895333333333334;0.28115
2023-03-21T00:00:00.000Z;;;;;;;;;;;;
2023-03-24T00:00:00.000Z;0.1;0.7905;0.10810333333333333;0.14875333333333335;0.19166666666666668;0.21646;0.24776;0.26193000000000005;0.28064666666666666;0.2781266666666667;0.3611933333333333;0.3015766666666667
2023-03-26T00:00:00.000Z;;;;;;;;;;;;
2023-03-29T00:00:00.000Z;0.105;0.6653;0.10215333333333332;0.14581333333333335;0.18959333333333334;0.21633333333333332;0.24511;0.25856999999999997;0.27926;0.27755;0.35662;0.2875833333333333
2023-03-31T00:00:00.000Z;;;;;;;;;;;;
2023-04-03T00:00:00.000Z;0.089;0.35436666666666666;0.1089266666666667;0.15128666666666665;0.19808;0.22229666666666667;0.25164333333333333;0.2645466666666667;0.2917266666666667;0.2824066666666667;0.3708666666666667;0.31185
2023-04-05T00:00:00.000Z;0.149;0.41743333333333327;0.12059333333333334;0.17139000000000001;0.22261999999999998;0.25125000000000003;0.2812266666666667;0.29596333333333336;0.3164266666666667;0.31353333333333333;0.40504666666666667;0.33385000000000004
2023-04-08T00:00:00.000Z;0.116;0.42213333333333336;0.1095;0.15408;0.20242000000000002;0.22896333333333332;0.25514333333333333;0.27002;0.2937666666666667;0.2866266666666667;0.37159333333333333;0.3002966666666667
2023-04-10T00:00:00.000Z;0.32939999999999997;1.3698666666666666;0.08737333333333334;0.11108666666666667;0.13423333333333334;0.15349333333333334;0.16995000000000002;0.18009000000000003;0.18404;0.1881233333333333;0.20968000000000003;0.1626
2023-04-13T00:00:00.000Z;;;;;;;;;;;;
2023-04-15T00:00:00.000Z;0.16;0.9040666666666669;0.12959;0.1824666666666667;0.23596;0.26879000000000003;0.29525666666666667;0.30737;0.32173;0.32666;0.4225833333333333;0.34911333333333333
2023-04-18T00:00:00.000Z;0.089;0.7616333333333334;0.11345333333333334;0.15984;0.2088866666666667;0.23862333333333333;0.2621766666666667;0.2764766666666667;0.29624666666666666;0.29581999999999997;0.38147;0.31001333333333336
2023-04-20T00:00:00.000Z;0.16566666666666666;0.7804333333333333;0.13629000000000002;0.18572000000000002;0.24065;0.27286;0.2993966666666667;0.31315000000000004;0.3325366666666667;0.33207333333333333;0.4345233333333334;0.36765000000000003
2023-04-23T00:00:00.000Z;0.122;0.8233333333333334;0.12236666666666668;0.16780666666666666;0.221;0.24828333333333333;0.27368000000000003;0.2873766666666667;0.30696666666666667;0.3041433333333334;0.40191666666666664;0.33892
2023-04-25T00:00:00.000Z;0.094;1.1803;0.13276666666666667;0.18528;0.24014333333333335;0.2734666666666667;0.29864333333333337;0.31199333333333334;0.32325333333333334;0.33200666666666667;0.4361366666666667;0.36226
2023-04-28T00:00:00.000Z;;;;;;;;;;;;
2023-04-30T00:00:00.000Z;;;;;;;;;;;;
2023-05-03T00:00:00.000Z;;;;;;;;;;;;
2023-05-05T00:00:00.000Z;0.1;1.0051;0.13672;0.1894766666666667;0.24745;0.2791466666666667;0.30216666666666664;0.3173033333333333;0.3304833333333333;0.3376266666666667;0.44300666666666666;0.36760000000000004
2023-05-08T00:00:00.000Z;;;;;;;;;;;;
2023-05-10T00:00:00.000Z;0.1;1.5655333333333334;0.14574333333333334;0.19468333333333335;0.2523666666666667;0.28736666666666666;0.30796;0.3244266666666667;0.33536333333333335;0.34507;0.4551166666666667;0.3884633333333333
2023-05-13T00:00:00.000Z;;;;;;;;;;;;
2023-05-15T00:00:00.000Z;0.05583333333333334;0.6182666666666666;0.16133333333333333;0.21490666666666666;0.2751733333333333;0.31101666666666666;0.34171666666666667;0.35959;0.38020000000000004;0.3816766666666667;0.47478333333333333;0.39629000000000003
2023-05-18T00:00:00.000Z;;;;;;;;;;;;
2023-05-20T00:00:00.000Z;;;;;;;;;;;;
2023-05-23T00:00:00.000Z;;;;;;;;;;;;
2023-05-25T00:00:00.000Z;;;;;;;;;;;;
2023-05-28T00:00:00.000Z;;;;;;;;;;;;
2023-05-30T00:00:00.000Z;0.122;1.6343666666666665;0.11914000000000001;0.14721333333333336;0.17583333333333334;0.20750000000000002;0.2360833333333333;0.25090666666666667;0.2532066666666667;0.2660466666666667;0.30517333333333335;0.23382333333333333
2023-06-02T00:00:00.000Z;0.4217666666666667;1.8272666666666668;0.10819333333333335;0.15444666666666668;0.20085333333333333;0.23859333333333335;0.27225;0.2900433333333334;0.29864666666666667;0.30794333333333335;0.3779933333333333;0.29191666666666666
2023-06-04T00:00:00.000Z;0.078;1.8192333333333333;0.12226666666666668;0.16962333333333332;0.21541666666666667;0.2535966666666667;0.28684333333333334;0.30085666666666666;0.30621;0.32283000000000006;0.41336000000000006;0.3377466666666667
2023-06-07T00:00:00.000Z;;;;;;;;;;;;
2023-06-09T00:00:00.000Z;;;;;;;;;;;;
2023-06-12T00:00:00.000Z;;;;;;;;;;;;
2023-06-14T00:00:00.000Z;0.14386666666666667;1.715266666666667;0.13280666666666666;0.1849;0.23314333333333334;0.2706366666666667;0.3109466666666667;0.32694666666666666;0.33161666666666667;0.3451466666666667;0.43778000000000006;0.3637366666666667
2023-06-17T00:00:00.000Z;0.14386666666666667;1.7964333333333333;0.11277666666666669;0.15777333333333332;0.20170666666666665;0.2374333333333333;0.2759433333333334;0.29281;0.29893333333333333;0.31118;0.39169666666666664;0.32127
2023-06-19T00:00:00.000Z;;;;;;;;;;;;
2023-06-22T00:00:00.000Z;0.215;1.7006333333333334;0.09742666666666668;0.13861333333333334;0.17703333333333335;0.21154333333333336;0.2536733333333333;0.27242;0.28120666666666666;0.2892733333333333;0.35985333333333336;0.29019
2023-06-24T00:00:00.000Z;0.16;1.5377;0.12986666666666669;0.17906;0.22628000000000004;0.2668566666666667;0.30913;0.3285166666666667;0.3342766666666667;0.3481366666666667;0.43356000000000006;0.3617766666666667
2023-06-27T00:00:00.000Z;0.35653333333333337;2.0021;0.10891333333333335;0.15064666666666668;0.18509333333333333;0.22364000000000003;0.26992;0.2900066666666667;0.2938733333333333;0.3110966666666667;0.38281333333333334;0.3084
2023-06-29T00:00:00.000Z;0.5737333333333333;2.062;0.12742;0.17404666666666668;0.21780333333333335;0.2593566666666667;0.30485333333333337;0.33163333333333334;0.33795000000000003;0.35128333333333334;0.44999666666666666;0.37978000000000006
2023-07-02T00:00:00.000Z;0.149;2.3289333333333335;0.11876666666666667;0.16258666666666666;0.20521333333333333;0.23819;0.27837;0.29758666666666667;0.30060000000000003;0.31461;0.39638333333333337;0.33576
2023-07-04T00:00:00.000Z;0.1875;1.673733333333333;0.13556666666666667;0.18788666666666665;0.2370833333333333;0.27514333333333335;0.3152466666666667;0.33285333333333333;0.33791666666666664;0.3533733333333333;0.4411366666666667;0.3656066666666667
2023-07-07T00:00:00.000Z;;;;;;;;;;;;
2023-07-09T00:00:00.000Z;0.2368333333333333;2.3359;0.13493333333333332;0.18460666666666664;0.22745;0.26675;0.3015933333333334;0.32234333333333337;0.3235266666666667;0.33941666666666664;0.4225866666666667;0.35889333333333334
2023-07-12T00:00:00.000Z;0.25025000000000003;1.558375;0.14615;0.187925;0.237625;0.269675;0.30355000000000004;0.32498750000000004;0.33395;0.33911250000000004;0.41540000000000005;0.353075
2023-07-14T00:00:00.000Z;0.215;1.7682666666666669;0.1356266666666667;0.1884266666666667;0.23893666666666669;0.27887;0.31186;0.32845;0.33352333333333334;0.34799;0.43911000000000006;0.36125666666666667
2023-07-17T00:00:00.000Z;0.242;1.4225999999999999;0.11114666666666667;0.15924666666666668;0.20441333333333334;0.23926;0.2725166666666667;0.28875333333333336;0.2965466666666667;0.3072166666666667;0.3822033333333333;0.3090866666666667
2023-07-19T00:00:00.000Z;;;;;;;;;;;;
2023-07-22T00:00:00.000Z;;;;;;;;;;;;
2023-07-24T00:00:00.000Z;0.32930000000000004;1.7244666666666668;0.14323333333333332;0.18899333333333332;0.23370666666666667;0.27502333333333334;0.3093266666666667;0.3276;0.32625333333333334;0.3466166666666667;0.41594333333333333;0.3395533333333334
2023-07-27T00:00:00.000Z;0.111;2.6008666666666667;0.11378666666666666;0.15760000000000002;0.20120666666666664;0.23826999999999998;0.26702;0.28257;0.2823266666666667;0.30186666666666667;0.38530000000000003;0.31017
2023-07-29T00:00:00.000Z;0.264;1.4626;0.13945000000000002;0.1918;0.24280666666666667;0.28018000000000004;0.30901666666666666;0.32931666666666665;0.3380333333333333;0.3462;0.4400166666666667;0.37243000000000004
2023-08-01T00:00:00.000Z;0.16566666666666666;1.2306666666666668;0.11646;0.16126666666666667;0.21006666666666665;0.2426833333333333;0.27305333333333337;0.28850000000000003;0.3017333333333333;0.3067066666666667;0.3979566666666667;0.33435333333333334
2023-08-03T00:00:00.000Z;0.193;1.6673333333333333;0.13560333333333333;0.18988;0.24466666666666667;0.28323000000000004;0.30970333333333333;0.32375000000000004;0.33024333333333333;0.3446466666666667;0.44210000000000005;0.3639033333333333
2023-08-06T00:00:00.000Z;0.1547666666666667;1.3915333333333333;0.1149766666666667;0.16399333333333335;0.21336666666666665;0.2485466666666667;0.2760833333333333;0.2902733333333333;0.29998;0.30875;0.3927333333333334;0.31748333333333334
2023-08-08T00:00:00.000Z;0.22593333333333332;2.2734;0.13687333333333332;0.18479333333333334;0.22911333333333334;0.26698000000000005;0.29377;0.31456666666666666;0.31414000000000003;0.33052333333333334;0.41321666666666673;0.34582
2023-08-11T00:00:00.000Z;0.19840000000000002;1.6105333333333334;0.11957666666666669;0.16685333333333333;0.2156;0.24994333333333335;0.27626;0.2919966666666667;0.3037866666666667;0.3099166666666667;0.39942333333333335;0.3307
2023-08-13T00:00:00.000Z;0.24766666666666665;2.127466666666667;0.13311;0.18715666666666664;0.24026333333333333;0.2812366666666667;0.3072266666666667;0.32173;0.3228566666666667;0.3404266666666667;0.43707;0.3563133333333333
2023-08-16T00:00:00.000Z;0.116;2.0214666666666665;0.1131;0.1579;0.20264000000000001;0.23916666666666667;0.26305333333333336;0.2776366666666667;0.2823733333333333;0.29578333333333334;0.3784433333333333;0.30266666666666664
2023-08-18T00:00:00.000Z;0.193;1.1326333333333334;0.13765666666666668;0.1900966666666667;0.24541333333333334;0.2813366666666667;0.30672333333333335;0.32308000000000003;0.33715;0.3412733333333333;0.43998333333333334;0.3698
2023-08-21T00:00:00.000Z;0.16;1.9446666666666668;0.11671;0.16175333333333333;0.21145333333333335;0.24556999999999998;0.26936;0.2881366666666667;0.2936533333333333;0.30354333333333333;0.39736333333333335;0.32970333333333335
2023-08-23T00:00:00.000Z;0.22593333333333332;1.5134333333333334;0.12884;0.18274;0.23737;0.27727;0.30127333333333334;0.3168266666666667;0.3232266666666667;0.33670666666666665;0.43099;0.35194000000000003
2023-08-26T00:00:00.000Z;0.3185333333333334;1.734;0.12699333333333335;0.17489333333333335;0.21910000000000002;0.25534666666666667;0.28043666666666667;0.29528000000000004;0.2988266666666667;0.3132066666666667;0.37735;0.29588333333333333
2023-08-28T00:00:00.000Z;0.16566666666666666;1.1260000000000001;0.13160333333333335;0.18381666666666668;0.23656666666666668;0.27313000000000004;0.29747;0.31233000000000005;0.32832;0.33215333333333336;0.43022;0.3615966666666666
2023-08-31T00:00:00.000Z;0.171;1.7075;0.11261333333333334;0.15836666666666668;0.20823333333333333;0.24317;0.2674766666666667;0.28257;0.2926666666666667;0.3013466666666667;0.3904933333333333;0.3232833333333333
2023-09-02T00:00:00.000Z;;;;;;;;;;;;
2023-09-05T00:00:00.000Z;0.3348666666666667;2.228;0.12053333333333333;0.17308;0.21696000000000001;0.25924;0.28555;0.29958;0.3016466666666667;0.31885;0.38038333333333335;0.29678333333333334
2023-09-07T00:00:00.000Z;0.20400000000000001;2.6021;0.12235333333333334;0.17201333333333335;0.21958333333333332;0.25885;0.28738;0.30651666666666666;0.3052866666666667;0.32512666666666673;0.41211333333333333;0.34365
2023-09-10T00:00:00.000Z;0.182;2.1926;0.10976666666666668;0.15081333333333335;0.19664;0.2310766666666667;0.2580133333333333;0.2750833333333333;0.28204666666666667;0.2930433333333334;0.3740533333333333;0.30931333333333333
2023-09-12T00:00:00.000Z;;;;;;;;;;;;
2023-09-15T00:00:00.000Z;0.105;2.4851;0.11638;0.15898666666666667;0.19974000000000003;0.24071666666666666;0.27410666666666667;0.28837;0.2922133333333333;0.31057;0.39104000000000005;0.3088333333333333
2023-09-17T00:00:00.000Z;0.20400000000000001;2.7276;0.112;0.15938666666666668;0.20189666666666667;0.24192;0.27104666666666666;0.29203666666666667;0.29201333333333335;0.31275000000000003;0.39108000000000004;0.31692
2023-09-20T00:00:00.000Z;0.138;1.917733333333333;0.10440666666666666;0.14386666666666667;0.18372000000000002;0.2168866666666667;0.24658000000000002;0.26387;0.2716733333333333;0.27931333333333336;0.3637766666666667;0.29921000000000003
2023-09-22T00:00:00.000Z;0.05583333333333334;0.9743666666666668;0.09739333333333332;0.13124666666666668;0.1703266666666667;0.19996666666666668;0.23157;0.24845;0.24500666666666668;0.2689766666666667;0.3300766666666667;0.28078000000000003
2023-09-25T00:00:00.000Z;0.094;1.0583;0.0978;0.14194666666666667;0.18336;0.21349666666666667;0.24126333333333333;0.2551966666666667;0.26981333333333335;0.27454;0.35314666666666666;0.28430666666666665
2023-09-27T00:00:00.000Z;0.122;1.4802000000000002;0.11497333333333332;0.16121333333333335;0.20416;0.23739666666666667;0.26456666666666667;0.28176;0.2910466666666667;0.2992633333333333;0.3910766666666667;0.3300766666666667
2023-09-30T00:00:00.000Z;0.089;1.3629333333333333;0.10227666666666668;0.14137333333333332;0.18386666666666668;0.21375000000000002;0.24070333333333335;0.2555733333333333;0.26826666666666665;0.27156;0.36128333333333335;0.3017
2023-10-02T00:00:00.000Z;0.105;0.9379666666666668;0.11064000000000002;0.1574;0.2047233333333333;0.23809000000000002;0.26423;0.2779766666666667;0.2910766666666667;0.29879;0.38633333333333336;0.31742333333333334
2023-10-05T00:00:00.000Z;0.127;1.1828333333333332;0.09979;0.1425266666666667;0.18510666666666664;0.21572333333333332;0.24150666666666668;0.2549633333333333;0.2672266666666667;0.27419000000000004;0.3516266666666667;0.2812366666666667
2023-10-07T00:00:00.000Z;0.14386666666666667;1.2631;0.11495999999999999;0.16000999999999999;0.20555666666666667;0.23756;0.26488;0.2792733333333333;0.28987;0.29751;0.3882366666666667;0.3263866666666667
2023-10-10T00:00:00.000Z;0.111;1.2021818181818182;0.0993181818181818;0.13331818181818184;0.16816363636363635;0.19856818181818187;0.22295;0.23465;0.24963636363636366;0.24957272727272725;0.32828636363636365;0.2732318181818182
2023-10-12T00:00:00.000Z;0.127;1.0589666666666666;0.10572666666666669;0.15212333333333333;0.19716;0.2321266666666667;0.2560766666666667;0.27013000000000004;0.28012;0.28953;0.37675000000000003;0.3065833333333333
2023-10-15T00:00:00.000Z;0.14386666666666667;1.6834666666666667;0.09666333333333332;0.1396;0.18150000000000002;0.21377333333333332;0.2398366666666667;0.2505733333333333;0.25896;0.26857;0.34815333333333337;0.2773266666666667
2023-10-17T00:00:00.000Z;;;;;;;;;;;;
2023-10-20T00:00:00.000Z;0.111;1.1520333333333332;0.025913333333333333;0.03429666666666666;0.044416666666666674;0.05369333333333333;0.06374666666666667;0.07422000000000001;0.06054666666666667;0.08133;0.09062;0.07874666666666667
2023-10-22T00:00:00.000Z;;;;;;;;;;;;
2023-10-25T00:00:00.000Z;0.067;1.4669666666666668;0.03674666666666666;0.05843333333333334;0.07566666666666666;0.09114;0.10409666666666667;0.11033;0.11286;0.11860000000000001;0.1364733333333333;0.10159333333333333
2023-10-27T00:00:00.000Z;;;;;;;;;;;;
2023-10-30T00:00:00.000Z;0.094;1.5198666666666667;0.11313;0.1547266666666667;0.19782000000000002;0.234;0.26459000000000005;0.2796366666666667;0.29633333333333334;0.29724;0.38992333333333334;0.3058966666666667
2023-11-01T00:00:00.000Z;;;;;;;;;;;;
2023-11-04T00:00:00.000Z;;;;;;;;;;;;
2023-11-06T00:00:00.000Z;;;;;;;;;;;;
2023-11-09T00:00:00.000Z;;;;;;;;;;;;
2023-11-11T00:00:00.000Z;0.05583333333333334;1.4679333333333335;0.09951333333333333;0.13730666666666666;0.17676666666666668;0.20937;0.23361666666666667;0.24269666666666667;0.24237;0.25855666666666666;0.32605666666666666;0.2655
2023-11-14T00:00:00.000Z;0.078;0.9864666666666668;0.08563;0.12690666666666667;0.16589333333333334;0.19704666666666668;0.2233266666666667;0.23501;0.25150666666666666;0.2538;0.3224;0.2545233333333333
2023-11-16T00:00:00.000Z;;;;;;;;;;;;
2023-11-19T00:00:00.000Z;0.078;1.0259666666666667;0.09145333333333332;0.13154666666666667;0.17238666666666666;0.2034466666666667;0.22954000000000002;0.24162333333333333;0.2559266666666667;0.2599966666666667;0.33579000000000003;0.2745833333333333
2023-11-21T00:00:00.000Z;0.089;0.6140333333333333;0.0941566666666667;0.13930333333333333;0.18256333333333333;0.21339000000000002;0.24037333333333333;0.2526366666666667;0.26905666666666667;0.27075333333333335;0.3428933333333334;0.27779333333333334
2023-11-24T00:00:00.000Z;0.07200000000000001;0.6252000000000001;0.08319;0.12544000000000002;0.16503333333333334;0.1925;0.21917333333333333;0.23021333333333333;0.2505133333333333;0.24880666666666668;0.31446666666666667;0.24800666666666668
2023-11-26T00:00:00.000Z;0.13293333333333335;0.9518666666666669;0.11093666666666666;0.14019666666666666;0.17386666666666667;0.20291333333333333;0.22446;0.23629666666666668;0.24076666666666666;0.24850666666666668;0.29979333333333336;0.24871333333333334
2023-11-29T00:00:00.000Z;;;;;;;;;;;;
2023-12-01T00:00:00.000Z;;;;;;;;;;;;
2023-12-04T00:00:00.000Z;;;;;;;;;;;;
2023-12-06T00:00:00.000Z;0.05;1.3796666666666668;0.14126666666666668;0.14273333333333332;0.15216666666666667;0.16508333333333333;0.17250000000000001;0.17981666666666668;0.19423333333333334;0.1827166666666667;0.2336333333333333;0.19185000000000002
2023-12-09T00:00:00.000Z;;;;;;;;;;;;
2023-12-11T00:00:00.000Z;0.083;0.9971666666666666;0.08526;0.12607000000000002;0.16520333333333334;0.19651;0.21851666666666666;0.2296;0.24028333333333332;0.24799666666666667;0.3086966666666667;0.24525000000000002
2023-12-14T00:00:00.000Z;0.067;0.5901333333333333;0.07880000000000001;0.11751333333333334;0.15612;0.18456333333333333;0.2112766666666667;0.22256333333333334;0.24328000000000002;0.2412766666666667;0.30101666666666665;0.23384000000000002
2023-12-16T00:00:00.000Z;0.07200000000000001;0.543;0.09789333333333332;0.13771666666666668;0.17886666666666667;0.20465333333333335;0.2358;0.24646;0.26841;0.26436333333333334;0.33576666666666666;0.27652333333333334
2023-12-19T00:00:00.000Z;0.067;0.4122;0.08264333333333333;0.11988;0.15724000000000002;0.18340333333333333;0.21188000000000004;0.22285666666666668;0.25;0.2402466666666667;0.30677;0.2484366666666667
2023-12-21T00:00:00.000Z;0.07200000000000001;0.7410666666666668;0.09068333333333334;0.13255;0.17431;0.20601;0.23025333333333334;0.24415;0.2589033333333333;0.26213000000000003;0.33021;0.26491333333333333
2023-12-24T00:00:00.000Z;0.067;0.5278666666666667;0.08041666666666666;0.12184666666666667;0.15858666666666665;0.18558666666666665;0.21150000000000002;0.22282333333333332;0.24478000000000003;0.2409766666666667;0.3006766666666667;0.23493333333333333
2023-12-26T00:00:00.000Z;0.07200000000000001;0.3098;0.10018333333333335;0.14056333333333335;0.18266666666666667;0.20800333333333335;0.23620666666666668;0.24721;0.27507333333333334;0.26987;0.34002333333333334;0.27831666666666666
2023-12-29T00:00:00.000Z;;;;;;;;;;;;
2023-12-31T00:00:00.000Z;;;;;;;;;;;;
2024-01-03T00:00:00.000Z;;;;;;;;;;;;
2024-01-05T00:00:00.000Z;;;;;;;;;;;;
2024-01-08T00:00:00.000Z;0.067;0.39716666666666667;0.08333;0.11975333333333334;0.15829333333333334;0.18453;0.21292333333333333;0.2238766666666667;0.24888000000000002;0.24141333333333334;0.3087366666666667;0.24989333333333336
2024-01-10T00:00:00.000Z;;;;;;;;;;;;
2024-01-13T00:00:00.000Z;;;;;;;;;;;;
2024-01-18T00:00:00.000Z;0.056;0.85;0.1182;0.152;0.1592;0.1786;0.20470000000000002;0.229;0.2068;0.2503;0.2525;0.2378
2024-01-20T00:00:00.000Z;;;;;;;;;;;;
2024-01-23T00:00:00.000Z;0.089;1.2320333333333333;0.07877666666666668;0.11636333333333335;0.1519;0.18197333333333332;0.20698000000000003;0.21664333333333335;0.22858000000000003;0.23237333333333332;0.29309666666666667;0.23137333333333332
2024-01-25T00:00:00.000Z;;;;;;;;;;;;
2024-01-28T00:00:00.000Z;;;;;;;;;;;;
2024-01-30T00:00:00.000Z;;;;;;;;;;;;
2024-02-02T00:00:00.000Z;0.083;0.987;0.08556333333333334;0.12321333333333336;0.16048;0.18966;0.21400000000000002;0.22505333333333333;0.23753333333333332;0.24045666666666668;0.3089633333333333;0.24675000000000002
2024-02-04T00:00:00.000Z;0.083;0.4721;0.10223666666666668;0.1451666666666667;0.18936333333333333;0.21916666666666665;0.24477;0.25723666666666667;0.2790166666666667;0.27831;0.36178333333333335;0.30416
2024-02-07T00:00:00.000Z;0.1;0.9504666666666668;0.08977333333333334;0.12636;0.16410666666666668;0.19164333333333333;0.21644333333333335;0.2280266666666667;0.24194000000000002;0.2429333333333333;0.3203666666666667;0.26601
2024-02-09T00:00:00.000Z;;;;;;;;;;;;
2024-02-12T00:00:00.000Z;0.083;1.0909000000000002;0.07038;0.10825333333333334;0.1434666666666667;0.17312333333333332;0.19839;0.20799333333333334;0.2223266666666667;0.22472333333333333;0.27879333333333334;0.2088266666666667
2024-02-14T00:00:00.000Z;;;;;;;;;;;;
2024-02-17T00:00:00.000Z;0.078;1.022;0.08984666666666667;0.12927333333333332;0.16772;0.1964266666666667;0.22444000000000003;0.2368833333333333;0.25090666666666667;0.25226;0.3262366666666667;0.2715766666666667
2024-02-19T00:00:00.000Z;;;;;;;;;;;;
2024-02-22T00:00:00.000Z;;;;;;;;;;;;
2024-02-24T00:00:00.000Z;0.05583333333333334;0.664;0.14096666666666668;0.18347333333333332;0.23249666666666668;0.2708566666666667;0.3032533333333333;0.3197933333333334;0.3411266666666667;0.3427733333333333;0.44182666666666665;0.3633166666666667
2024-02-27T00:00:00.000Z;;;;;;;;;;;;
2024-02-29T00:00:00.000Z;0.105;0.5919666666666668;0.10597666666666669;0.15446333333333334;0.20091;0.23273333333333332;0.25753000000000004;0.2705866666666667;0.28659666666666667;0.28914666666666666;0.37454000000000004;0.30987333333333333
2024-03-03T00:00:00.000Z;0.083;0.47403333333333336;0.09295666666666669;0.13571333333333335;0.17794000000000001;0.2063333333333333;0.23121999999999998;0.24220666666666668;0.26476;0.26154333333333335;0.3347833333333333;0.2680133333333333
2024-03-05T00:00:00.000Z;0.111;0.6522000000000001;0.11595666666666667;0.1598966666666667;0.20747333333333332;0.23830333333333334;0.26578666666666667;0.2802266666666667;0.29843000000000003;0.2983866666666667;0.3885166666666667;0.32925333333333334
2024-03-08T00:00:00.000Z;0.05583333333333334;0.9388333333333334;0.04512;0.05100333333333334;0.06004333333333333;0.06967333333333334;0.08038333333333333;0.08422666666666667;0.09118;0.08949333333333333;0.10752333333333332;0.07919666666666668
2024-03-10T00:00:00.000Z;0.056;0.975;0.08397500000000001;0.11515;0.1345;0.1462;0.1446;0.13570000000000002;0.13670000000000002;0.1348;0.1338;0.093
2024-03-13T00:00:00.000Z;0.083;0.6005666666666667;0.09818;0.14104000000000003;0.18578666666666666;0.21473000000000003;0.2409266666666667;0.2519866666666667;0.2718933333333334;0.27119000000000004;0.3434933333333334;0.27778
2024-03-15T00:00:00.000Z;0.116;0.8606;0.12018;0.16698333333333334;0.21568000000000004;0.24730333333333335;0.2743933333333334;0.28887;0.3055233333333333;0.3070966666666667;0.39842;0.33799
2024-03-18T00:00:00.000Z;;;;;;;;;;;;
2024-03-20T00:00:00.000Z;;;;;;;;;;;;
2024-03-23T00:00:00.000Z;;;;;;;;;;;;
2024-03-25T00:00:00.000Z;;;;;;;;;;;;
2024-03-28T00:00:00.000Z;;;;;;;;;;;;
2024-03-30T00:00:00.000Z;;;;;;;;;;;;
2024-04-02T00:00:00.000Z;;;;;;;;;;;;
2024-04-04T00:00:00.000Z;;;;;;;;;;;;
2024-04-07T00:00:00.000Z;;;;;;;;;;;;
2024-04-09T00:00:00.000Z;0.138;0.3700333333333334;0.12776333333333334;0.1805266666666667;0.23566666666666666;0.26522;0.29161;0.30685333333333337;0.3256366666666667;0.3234166666666667;0.41914666666666667;0.35052333333333335
2024-04-12T00:00:00.000Z;0.094;0.7636333333333334;0.11278666666666666;0.15621333333333334;0.20304666666666668;0.23248333333333332;0.2583666666666667;0.2708933333333334;0.2861666666666667;0.28819;0.37425;0.3092866666666667
2024-04-14T00:00:00.000Z;0.1547666666666667;0.6688999999999999;0.1351766666666667;0.18603333333333333;0.23987333333333333;0.27319000000000004;0.2972766666666667;0.3107533333333333;0.32986666666666664;0.32971666666666666;0.43184333333333336;0.37082333333333334
2024-04-17T00:00:00.000Z;0.138;1.2547333333333333;0.1194266666666667;0.16489333333333334;0.21671333333333334;0.2480266666666667;0.27059333333333335;0.2836666666666667;0.29560000000000003;0.30044333333333334;0.40304666666666666;0.3409433333333334
2024-04-19T00:00:00.000Z;;;;;;;;;;;;
2024-04-22T00:00:00.000Z;;;;;;;;;;;;
2024-04-24T00:00:00.000Z;0.122;0.29833333333333334;0.14153666666666667;0.1927766666666667;0.2502766666666667;0.2800666666666667;0.30441666666666667;0.31677;0.34428000000000003;0.33741333333333334;0.44201333333333337;0.37909000000000004
2024-04-27T00:00:00.000Z;;;;;;;;;;;;
2024-04-29T00:00:00.000Z;;;;;;;;;;;;
2024-05-02T00:00:00.000Z;0.089;0.5108;0.12344666666666668;0.17198666666666668;0.22736666666666666;0.25573;0.2792466666666667;0.2897733333333333;0.3111466666666667;0.30789333333333335;0.4047133333333333;0.33406
2024-05-04T00:00:00.000Z;0.13293333333333335;1.0634333333333335;0.14585333333333333;0.19722333333333333;0.25601666666666667;0.2914466666666667;0.31373;0.32771333333333336;0.33891666666666664;0.34500000000000003;0.45729;0.39427
2024-05-07T00:00:00.000Z;0.111;1.0125;0.14288666666666666;0.19122;0.25071333333333334;0.2843266666666667;0.30723000000000006;0.32196;0.34023333333333333;0.34291333333333335;0.4532966666666666;0.3818166666666667
2024-05-09T00:00:00.000Z;;;;;;;;;;;;
2024-05-12T00:00:00.000Z;0.089;1.1164333333333334;0.12722666666666668;0.17715333333333333;0.23276;0.2647566666666667;0.2844333333333333;0.29683000000000004;0.3103266666666667;0.3171833333333333;0.41665;0.34311
2024-05-14T00:00:00.000Z;0.05583333333333334;0.8286;0.14993666666666666;0.20065666666666665;0.2612233333333333;0.2955066666666667;0.31763;0.3318766666666667;0.34825666666666666;0.35152;0.4668966666666666;0.40115666666666666
2024-05-17T00:00:00.000Z;;;;;;;;;;;;
2024-05-19T00:00:00.000Z;0.122;1.1708;0.15522000000000002;0.2126866666666667;0.2755866666666667;0.31290666666666667;0.33414000000000005;0.3476766666666667;0.35624;0.36705000000000004;0.48146000000000005;0.40092333333333335
2024-05-22T00:00:00.000Z;0.089;0.9893666666666668;0.13055333333333333;0.18166666666666667;0.2402266666666667;0.2731766666666667;0.2928466666666667;0.3048966666666667;0.31954000000000005;0.32361;0.42789;0.35048666666666667
2024-05-24T00:00:00.000Z;0.1303666666666667;1.213266666666667;0.15617;0.21069666666666667;0.2717266666666667;0.30857;0.3272333333333333;0.3433966666666667;0.35372;0.36140666666666665;0.4725733333333334;0.4031366666666667
2024-05-27T00:00:00.000Z;0.17666666666666667;1.8463333333333334;0.13279333333333335;0.1778;0.23188666666666669;0.2644566666666667;0.2841033333333333;0.29838000000000003;0.30405333333333334;0.3149366666666667;0.4212633333333333;0.35631
2024-05-29T00:00:00.000Z;0.122;1.4085666666666667;0.14983333333333335;0.2040266666666667;0.2663266666666667;0.30474333333333337;0.3234;0.33636666666666665;0.34367;0.35824333333333336;0.4747366666666667;0.3966333333333334
2024-06-01T00:00:00.000Z;;;;;;;;;;;;
2024-06-03T00:00:00.000Z;;;;;;;;;;;;
2024-06-06T00:00:00.000Z;;;;;;;;;;;;
2024-06-08T00:00:00.000Z;0.4165;2.2824;0.15344000000000002;0.21180000000000002;0.27028;0.3097566666666667;0.32571333333333335;0.3375333333333333;0.33504666666666666;0.35789000000000004;0.45552;0.3728
2024-06-11T00:00:00.000Z;;;;;;;;;;;;
2024-06-13T00:00:00.000Z;0.083;1.5865;0.12568666666666667;0.16854000000000002;0.21370666666666668;0.25424;0.2802233333333333;0.29736666666666667;0.30637333333333333;0.31826666666666664;0.4052733333333333;0.3206266666666667
2024-06-16T00:00:00.000Z;0.067;1.4371333333333334;0.12785333333333335;0.1735266666666667;0.22646;0.26010666666666665;0.28725;0.3029733333333333;0.3132333333333333;0.32284333333333337;0.42727666666666664;0.36888000000000004
2024-06-18T00:00:00.000Z;0.122;1.605233333333333;0.14497000000000002;0.20024000000000003;0.2559266666666667;0.29679;0.32582333333333335;0.3395066666666667;0.34478000000000003;0.35927333333333333;0.46791000000000005;0.3921733333333333
2024-06-21T00:00:00.000Z;0.089;1.2545;0.12557333333333331;0.17553333333333335;0.22724000000000003;0.2640366666666667;0.29132;0.30784;0.31650666666666666;0.32584;0.4197766666666667;0.34808000000000006
2024-06-23T00:00:00.000Z;0.127;2.644333333333333;0.1544766666666667;0.20692333333333332;0.2632933333333334;0.30334;0.3331;0.3527966666666667;0.34950000000000003;0.3699333333333334;0.4837766666666667;0.42022
2024-06-26T00:00:00.000Z;0.3458333333333333;2.2186;0.14374;0.18865333333333334;0.23356;0.2700966666666667;0.3009233333333333;0.32062;0.32070000000000004;0.3388333333333333;0.41448999999999997;0.34540000000000004
2024-06-28T00:00:00.000Z;;;;;;;;;;;;
2024-07-01T00:00:00.000Z;0.105;2.1944000000000004;0.12977333333333332;0.17704000000000003;0.22552;0.2680333333333333;0.3005733333333333;0.3160366666666667;0.3192066666666667;0.33904333333333336;0.43251000000000006;0.35542
2024-07-03T00:00:00.000Z;0.061;1.7697333333333332;0.149;0.20002666666666669;0.25354333333333334;0.29280666666666666;0.3247766666666667;0.34427;0.34998;0.36527333333333334;0.46965666666666667;0.40639666666666663
2024-07-06T00:00:00.000Z;0.08623333333333334;1.7508;0.1275666666666667;0.17291333333333336;0.2222333333333333;0.25584;0.28759333333333337;0.30566;0.31216;0.32270333333333334;0.41835666666666665;0.35656333333333334
2024-07-08T00:00:00.000Z;0.094;2.052833333333333;0.1429666666666667;0.19669333333333333;0.24980000000000002;0.2894233333333333;0.3211366666666667;0.33806;0.33888;0.35877333333333333;0.46346000000000004;0.3858566666666667
2024-07-11T00:00:00.000Z;0.09953333333333332;1.6338666666666666;0.12442000000000002;0.17204666666666668;0.22294666666666668;0.25814000000000004;0.2863466666666667;0.30313;0.3090866666666667;0.3236766666666667;0.41174333333333335;0.3382966666666667
2024-07-23T00:00:00.000Z;0.061;1.7345333333333333;0.15093;0.20264666666666667;0.25699;0.29585;0.32187333333333334;0.3403466666666667;0.3467166666666667;0.35969;0.4696766666666667;0.40262333333333333
2024-07-26T00:00:00.000Z;0.083;1.6778333333333333;0.1355;0.18294666666666667;0.23905333333333334;0.27076;0.29466333333333333;0.31184666666666666;0.31976;0.32866666666666666;0.4340166666666667;0.36767333333333335
2024-07-28T00:00:00.000Z;0.17296666666666669;1.911433333333333;0.14082333333333333;0.19320666666666664;0.2468766666666667;0.28573000000000004;0.31195666666666666;0.3276966666666667;0.3279533333333333;0.34914333333333336;0.44617333333333337;0.36896
2024-07-31T00:00:00.000Z;0.149;1.6660666666666666;0.13004666666666667;0.18018666666666663;0.23448666666666668;0.2686633333333333;0.29069333333333336;0.30629333333333336;0.31240666666666667;0.32564000000000004;0.4180066666666667;0.34104333333333336
2024-08-02T00:00:00.000Z;0.067;1.484;0.14338;0.19197;0.2483466666666667;0.28591666666666665;0.31029666666666667;0.3305266666666667;0.3383266666666667;0.34980666666666665;0.46341000000000004;0.3974566666666667
2024-08-05T00:00:00.000Z;0.105;2.1079000000000003;0.12675999999999998;0.1711;0.22425333333333333;0.26005666666666666;0.28327;0.30201666666666666;0.30559333333333333;0.32150666666666666;0.4249666666666667;0.35872
2024-08-07T00:00:00.000Z;0.111;1.567766666666667;0.14096666666666668;0.19480666666666666;0.25356666666666666;0.29301;0.31618666666666667;0.3312966666666667;0.33561;0.3514233333333333;0.4604533333333334;0.38114333333333333
2024-08-10T00:00:00.000Z;0.078;1.4503333333333333;0.13034;0.17846;0.23457333333333333;0.2677366666666667;0.2887966666666667;0.30316666666666664;0.31356666666666666;0.32310333333333335;0.4191166666666667;0.3423933333333334
2024-08-12T00:00:00.000Z;0.067;1.8924;0.14613;0.197;0.2538533333333333;0.2917766666666667;0.31416;0.3313933333333334;0.3356133333333333;0.3504466666666667;0.46022;0.39098000000000005
2024-08-15T00:00:00.000Z;0.089;1.5375333333333334;0.12551333333333334;0.17070000000000002;0.22516666666666665;0.2576333333333333;0.27841333333333335;0.2941566666666667;0.30634;0.31390333333333337;0.41973000000000005;0.35278333333333334
2024-08-17T00:00:00.000Z;0.116;1.7818;0.13424000000000003;0.1875766666666667;0.24503000000000003;0.2858133333333333;0.3066233333333333;0.32020000000000004;0.32400666666666667;0.3432866666666667;0.4514533333333334;0.3735566666666667
2024-08-20T00:00:00.000Z;0.111;2.613766666666667;0.11939333333333335;0.16660666666666668;0.21810000000000002;0.25531666666666664;0.27386666666666665;0.28783333333333333;0.2877;0.30829;0.40769666666666665;0.32986666666666664
2024-08-22T00:00:00.000Z;0.1547666666666667;3.0679333333333334;0.1316;0.17280666666666666;0.22042;0.25741;0.27718333333333334;0.29661666666666664;0.29139333333333334;0.3143533333333333;0.41252;0.3480866666666667
2024-08-25T00:00:00.000Z;0.40013333333333334;2.609866666666667;0.12109666666666667;0.16911333333333337;0.2206266666666667;0.2558766666666667;0.27784333333333333;0.29538000000000003;0.29331999999999997;0.31502;0.39848333333333336;0.32802333333333333
2024-08-27T00:00:00.000Z;;;;;;;;;;;;
2024-08-30T00:00:00.000Z;;;;;;;;;;;;
2024-09-01T00:00:00.000Z;0.1875;2.6854666666666667;0.14034666666666668;0.18639333333333333;0.2363833333333333;0.27447;0.29357;0.31182;0.30778000000000005;0.3308566666666667;0.4231733333333334;0.3526166666666667
2024-09-04T00:00:00.000Z;0.105;1.8878;0.09262666666666668;0.1320666666666667;0.17545333333333335;0.20981333333333332;0.23218333333333332;0.2481766666666667;0.25490666666666667;0.2661466666666667;0.34579333333333334;0.27201333333333333
2024-09-06T00:00:00.000Z;;;;;;;;;;;;
2024-09-09T00:00:00.000Z;0.127;1.0513;0.10651666666666668;0.15362;0.20121333333333333;0.23514666666666667;0.2646733333333333;0.2779333333333333;0.29088;0.29721000000000003;0.3799633333333333;0.30751666666666666
2024-09-11T00:00:00.000Z;0.067;2.006133333333333;0.12791666666666668;0.17288333333333333;0.2199866666666667;0.25568;0.28515666666666667;0.3035566666666667;0.3063133333333333;0.3224;0.41875666666666667;0.35517333333333334
2024-09-14T00:00:00.000Z;0.1;1.8859666666666668;0.15282;0.19740000000000002;0.25090666666666667;0.2930233333333333;0.33368000000000003;0.35620333333333337;0.3657066666666667;0.3813666666666667;0.49262;0.40929666666666664
2024-09-16T00:00:00.000Z;0.13293333333333335;1.0286666666666668;0.11775666666666666;0.16761333333333336;0.21895666666666666;0.25730000000000003;0.28569333333333335;0.3007;0.31043333333333334;0.3214366666666667;0.4122533333333334;0.3396633333333333
2024-09-19T00:00:00.000Z;;;;;;;;;;;;
2024-09-21T00:00:00.000Z;0.13793333333333335;2.0022333333333333;0.09602333333333332;0.13771666666666668;0.1815466666666667;0.2207;0.2511366666666667;0.2700266666666667;0.2735366666666667;0.28886333333333336;0.36006666666666665;0.27940333333333334
2024-09-24T00:00:00.000Z;;;;;;;;;;;;
2024-09-26T00:00:00.000Z;0.111;1.6096666666666668;0.11316;0.16188;0.2090766666666667;0.24620666666666668;0.27532;0.29127;0.29539333333333334;0.31071666666666664;0.39979333333333333;0.3292366666666667
2024-09-29T00:00:00.000Z;0.089;1.3463333333333334;0.10259000000000001;0.14545333333333335;0.18866666666666668;0.22006333333333333;0.2502866666666667;0.26615333333333335;0.27564;0.28225333333333336;0.35885666666666666;0.28778000000000004
2024-10-01T00:00:00.000Z;0.122;1.5371333333333335;0.11778666666666666;0.16265000000000002;0.20855;0.24259666666666668;0.27413333333333334;0.2910766666666667;0.29636666666666667;0.30732;0.39867666666666673;0.3359866666666667
2024-10-04T00:00:00.000Z;0.105;1.4893;0.10663333333333333;0.14851333333333336;0.19360666666666665;0.2224866666666667;0.2512866666666667;0.26750666666666667;0.27715333333333336;0.28264333333333336;0.3716933333333333;0.3108966666666667
2024-10-06T00:00:00.000Z;0.16;1.9145;0.11204666666666667;0.16213666666666665;0.20803666666666668;0.24331;0.2717133333333333;0.28680333333333335;0.28573333333333334;0.3032566666666667;0.39416666666666667;0.32308000000000003
2024-10-09T00:00:00.000Z;;;;;;;;;;;;
2024-10-11T00:00:00.000Z;;;;;;;;;;;;
2024-10-14T00:00:00.000Z;;;;;;;;;;;;
2024-10-16T00:00:00.000Z;;;;;;;;;;;;
2024-10-19T00:00:00.000Z;0.116;1.8757826086956522;0.04214347826086957;0.05347826086956522;0.06292608695652174;0.07491739130434782;0.08807826086956522;0.09522608695652174;0.09177826086956521;0.1017695652173913;0.12781739130434785;0.11168695652173913
2024-10-21T00:00:00.000Z;0.111;2.1186;0.11074666666666667;0.15505000000000002;0.19704000000000002;0.23105666666666666;0.25887;0.2759366666666667;0.2779066666666667;0.29251666666666665;0.3810833333333334;0.3193066666666667
2024-10-24T00:00:00.000Z;;;;;;;;;;;;
2024-10-26T00:00:00.000Z;0.105;0.7266666666666667;0.11243333333333333;0.1668;0.21633333333333332;0.25316666666666665;0.29586666666666667;0.31066666666666665;0.3275666666666667;0.3356;0.3768666666666667;0.2899
2024-10-29T00:00:00.000Z;;;;;;;;;;;;
2024-10-31T00:00:00.000Z;;;;;;;;;;;;
2024-11-03T00:00:00.000Z;;;;;;;;;;;;
2024-11-05T00:00:00.000Z;0.149;1.4345666666666665;0.09064666666666668;0.1316266666666667;0.1715;0.2106866666666667;0.24299;0.25789;0.2565733333333333;0.2741633333333333;0.33571333333333336;0.2636466666666667
2024-11-08T00:00:00.000Z;;;;;;;;;;;;
2024-11-10T00:00:00.000Z;;;;;;;;;;;;
2024-11-13T00:00:00.000Z;;;;;;;;;;;;
2024-11-15T00:00:00.000Z;;;;;;;;;;;;
2024-11-18T00:00:00.000Z;0.083;1.2829000000000002;0.06858;0.10412666666666669;0.1315;0.16183333333333333;0.20025;0.21551;0.22541333333333333;0.23183000000000004;0.27093;0.20263
2024-11-20T00:00:00.000Z;0.078;1.3315333333333332;0.09443333333333334;0.13331333333333334;0.16777666666666669;0.19899333333333333;0.23914333333333335;0.2569;0.2636766666666667;0.27221;0.3341366666666667;0.27118000000000003
2024-11-23T00:00:00.000Z;0.083;1.7475;0.09555000000000001;0.1257;0.15335000000000001;0.18085;0.2285;0.255;0.24815;0.2627;0.2903;0.2331
2024-11-25T00:00:00.000Z;;;;;;;;;;;;
2024-11-28T00:00:00.000Z;;;;;;;;;;;;
2024-11-30T00:00:00.000Z;0.105;1.3399;0.0922;0.12815666666666667;0.16033;0.19092;0.2355866666666667;0.25309333333333334;0.2613266666666667;0.26669333333333334;0.31870333333333334;0.26184666666666667
2024-12-03T00:00:00.000Z;0.083;1.1407;0.08366666666666667;0.11575666666666666;0.1432266666666667;0.17225333333333334;0.21452;0.23018666666666668;0.24387333333333333;0.24541666666666667;0.2886266666666667;0.2295766666666667
2024-12-05T00:00:00.000Z;0.05583333333333334;1.0987;0.09196;0.1313666666666667;0.16268;0.19660666666666665;0.2428266666666667;0.25751999999999997;0.26811999999999997;0.27591333333333334;0.3197766666666667;0.2512066666666667
2024-12-08T00:00:00.000Z;0.061;0.44480000000000003;0.07577333333333335;0.11336333333333334;0.1445266666666667;0.17296;0.21826;0.23374000000000003;0.2556466666666667;0.2511233333333333;0.28915;0.22539
2024-12-10T00:00:00.000Z;0.067;0.7421333333333333;0.09368666666666668;0.1306166666666667;0.16194333333333336;0.19240333333333334;0.23775000000000002;0.2560633333333333;0.2717733333333333;0.2733333333333333;0.32171333333333335;0.26265333333333335
2024-12-13T00:00:00.000Z;0.067;0.9407333333333332;0.08143;0.11444666666666667;0.14387333333333333;0.17195000000000002;0.21717;0.23299666666666669;0.2502466666666667;0.24926;0.29323000000000005;0.23536666666666667
2024-12-15T00:00:00.000Z;0.067;0.5051;0.08987333333333333;0.13153666666666666;0.16771;0.19832333333333332;0.24085666666666666;0.2562966666666667;0.27432;0.2734866666666667;0.32134333333333337;0.25827
2024-12-18T00:00:00.000Z;;;;;;;;;;;;
2024-12-20T00:00:00.000Z;0.067;0.3753666666666667;0.09548666666666668;0.13287333333333332;0.16998666666666667;0.19619000000000003;0.24124;0.2545966666666667;0.27994;0.2744666666666667;0.32443000000000005;0.26466
2024-12-23T00:00:00.000Z;0.061;0.5676333333333333;0.08080666666666668;0.11510333333333334;0.14680666666666667;0.17313333333333333;0.21725666666666668;0.23332333333333333;0.2549133333333333;0.2489833333333333;0.2931166666666667;0.23657
2024-12-25T00:00:00.000Z;0.067;0.9007000000000001;0.08350333333333333;0.12293666666666667;0.15744333333333335;0.19191666666666668;0.23511;0.25037;0.26102333333333333;0.2681466666666667;0.3142433333333334;0.25093333333333334
2024-12-28T00:00:00.000Z;;;;;;;;;;;;
2024-12-30T00:00:00.000Z;0.078;0.9799333333333332;0.0935;0.12687;0.15940333333333334;0.18695666666666666;0.22545;0.24067333333333332;0.2543666666666667;0.25795;0.3135233333333333;0.2589
2025-01-02T00:00:00.000Z;0.07200000000000001;0.7007000000000001;0.06732333333333333;0.10041333333333333;0.12849000000000002;0.15608333333333332;0.19787000000000002;0.21397333333333332;0.2330866666666667;0.22971999999999998;0.26292;0.20015666666666665
2025-01-04T00:00:00.000Z;0.078;0.5944666666666667;0.05872000000000001;0.08670333333333334;0.11058;0.13159666666666667;0.16373000000000001;0.17358;0.18255333333333335;0.18397000000000002;0.19754333333333332;0.14934333333333336
2025-01-09T00:00:00.000Z;0.05;1.348;0.08667000000000001;0.11884000000000002;0.14903333333333332;0.17909333333333335;0.21563333333333332;0.23179000000000002;0.23756666666666668;0.24711;0.29399000000000003;0.2408833333333333
2025-01-12T00:00:00.000Z;;;;;;;;;;;;
2025-01-14T00:00:00.000Z;0.07200000000000001;0.29456666666666664;0.09475333333333333;0.136;0.17751;0.20510333333333333;0.24556999999999998;0.25945333333333337;0.28066;0.2761866666666667;0.33030000000000004;0.2670166666666667
2025-01-17T00:00:00.000Z;;;;;;;;;;;;
2025-01-19T00:00:00.000Z;0.078;0.49673333333333336;0.09338;0.13070666666666667;0.16786;0.19638666666666665;0.23798333333333332;0.25366333333333335;0.27496;0.2708933333333334;0.32551;0.2664066666666667
2025-01-22T00:00:00.000Z;;;;;;;;;;;;
2025-01-24T00:00:00.000Z;0.078;1.0366666666666668;0.08879333333333334;0.13055333333333333;0.1661166666666667;0.20090000000000002;0.23913000000000004;0.2520233333333333;0.26494333333333336;0.27093;0.32392333333333334;0.25289333333333336
2025-01-27T00:00:00.000Z;;;;;;;;;;;;
2025-01-29T00:00:00.000Z;;;;;;;;;;;;
2025-02-01T00:00:00.000Z;0.067;0.7094;0.08602000000000001;0.12101333333333335;0.15811333333333336;0.18506;0.22331;0.23873333333333333;0.2575;0.25418666666666667;0.31327;0.2544766666666667
2025-02-03T00:00:00.000Z;0.083;0.7070333333333333;0.10215333333333332;0.14057;0.17570666666666668;0.2088366666666667;0.24836333333333332;0.2606833333333333;0.27686;0.27977666666666673;0.33618333333333333;0.26403000000000004
2025-02-06T00:00:00.000Z;0.078;0.6446333333333334;0.08598;0.12448666666666666;0.15938666666666668;0.19035000000000002;0.2287266666666667;0.24092333333333332;0.26142;0.2590366666666667;0.31124;0.24328666666666668
2025-02-08T00:00:00.000Z;0.083;0.638;0.10546;0.14681;0.18654333333333334;0.21651333333333334;0.2551466666666667;0.27186333333333335;0.29109666666666667;0.28955000000000003;0.35419;0.29106666666666664
2025-02-11T00:00:00.000Z;0.078;0.8429333333333333;0.09272000000000001;0.12952000000000002;0.16699333333333335;0.19552333333333333;0.23319;0.2488766666666667;0.26566666666666666;0.26453333333333334;0.32577;0.2638866666666667
2025-02-13T00:00:00.000Z;0.083;0.7104333333333333;0.10171333333333332;0.14783;0.18947000000000003;0.22083333333333333;0.2552466666666667;0.2694533333333333;0.2859933333333334;0.28774;0.35259;0.27957333333333334
2025-02-16T00:00:00.000Z;0.083;0.8013333333333333;0.09475;0.13827333333333333;0.17557333333333333;0.2059966666666667;0.24271;0.25477;0.27665333333333336;0.27418000000000003;0.3361166666666667;0.26489666666666667
2025-02-18T00:00:00.000Z;;;;;;;;;;;;
2025-02-21T00:00:00.000Z;;;;;;;;;;;;
2025-02-23T00:00:00.000Z;0.111;0.8924;0.10654000000000001;0.15536;0.19849333333333333;0.23110666666666668;0.26342333333333334;0.2754266666666667;0.29077333333333333;0.29577;0.3670366666666667;0.2904766666666667
2025-02-26T00:00:00.000Z;0.078;0.3362;0.09841666666666667;0.13905333333333333;0.17721333333333336;0.20625333333333334;0.24095333333333335;0.2525833333333333;0.27884000000000003;0.27194;0.32871;0.2593333333333333
2025-02-28T00:00:00.000Z;0.253;1.2109;0.15066666666666667;0.19048;0.23244;0.2703833333333333;0.3058133333333333;0.32466;0.33938666666666667;0.34246;0.4001;0.33198000000000005
2025-03-03T00:00:00.000Z;;;;;;;;;;;;
2025-03-05T00:00:00.000Z;;;;;;;;;;;;
2025-03-08T00:00:00.000Z;;;;;;;;;;;;
2025-03-10T00:00:00.000Z;0.067;1.2701333333333336;0.08152000000000001;0.11204666666666667;0.13987333333333332;0.1741;0.21073000000000003;0.22752;0.22074666666666667;0.24598000000000003;0.26759;0.20185666666666666
2025-03-13T00:00:00.000Z;;;;;;;;;;;;
2025-03-15T00:00:00.000Z;;;;;;;;;;;;
2025-03-17T00:00:00.000Z;;;;;;;;;;;;
2025-03-18T00:00:00.000Z;;;;;;;;;;;;
2025-03-20T00:00:00.000Z;;;;;;;;;;;;
2025-03-23T00:00:00.000Z;;;;;;;;;;;;
2025-03-25T00:00:00.000Z;0.078;1.0982857142857143;0.1605;0.1993357142857143;0.23170714285714286;0.27466428571428575;0.31398928571428575;0.3253285714285714;0.3350571428571429;0.3444428571428572;0.38654285714285724;0.28781428571428574
2025-03-27T00:00:00.000Z;;;;;;;;;;;;
2025-03-28T00:00:00.000Z;;;;;;;;;;;;
2025-03-30T00:00:00.000Z;0.078;0.4264;0.09964333333333332;0.14384000000000002;0.18217333333333333;0.21645666666666666;0.2567466666666667;0.2717266666666667;0.2927866666666667;0.2881833333333333;0.3459233333333333;0.27741
2025-04-02T00:00:00.000Z;0.094;1.250233333333333;0.10569666666666667;0.1459;0.18178666666666665;0.21580666666666667;0.2578666666666667;0.27429000000000003;0.2867733333333333;0.29000333333333334;0.35222333333333333;0.29253
2025-04-04T00:00:00.000Z;0.149;1.4001333333333335;0.11978666666666667;0.1700766666666667;0.20997333333333332;0.25190333333333337;0.29467333333333334;0.3084166666666667;0.3180466666666667;0.3275266666666667;0.3937;0.3130133333333333
2025-04-06T00:00:00.000Z;;;;;;;;;;;;
2025-04-07T00:00:00.000Z;0.089;0.9864333333333332;0.10575000000000001;0.15133333333333332;0.18778666666666663;0.22606333333333334;0.27099333333333336;0.28441333333333335;0.30242;0.30219333333333337;0.35829333333333335;0.2863866666666667
2025-04-09T00:00:00.000Z;0.089;0.7951333333333334;0.10437;0.14849333333333334;0.18528666666666666;0.22154333333333334;0.2656466666666667;0.28213000000000005;0.29725333333333337;0.29993000000000003;0.34781333333333336;0.2774333333333333
2025-04-12T00:00:00.000Z;;;;;;;;;;;;
2025-04-14T00:00:00.000Z;0.138;1.512233333333333;0.13160666666666668;0.1824266666666667;0.22102;0.2697733333333333;0.32118;0.3369833333333333;0.34524000000000005;0.35819333333333336;0.41568000000000005;0.32459333333333334
2025-04-16T00:00:00.000Z;;;;;;;;;;;;
2025-04-17T00:00:00.000Z;;;;;;;;;;;;
2025-04-19T00:00:00.000Z;0.0554;0.8964;0.12094333333333335;0.16458666666666666;0.20029333333333332;0.24044000000000001;0.2936866666666667;0.31015333333333334;0.3317333333333333;0.32835333333333333;0.36915000000000003;0.2899366666666667
2025-04-22T00:00:00.000Z;;;;;;;;;;;;
2025-04-24T00:00:00.000Z;0.127;1.0317333333333332;0.12099666666666667;0.17324333333333336;0.21454333333333334;0.26139;0.3090566666666667;0.32466;0.3363566666666667;0.3431166666666667;0.4036;0.3217066666666667
2025-04-26T00:00:00.000Z;;;;;;;;;;;;
2025-04-27T00:00:00.000Z;0.105;0.7487;0.10634666666666667;0.15464000000000003;0.19095333333333334;0.23470333333333335;0.28661000000000003;0.3015466666666667;0.32222;0.32117;0.3653366666666667;0.2888733333333333
2025-04-29T00:00:00.000Z;;;;;;;;;;;;
2025-05-02T00:00:00.000Z;0.4217666666666667;2.1314;0.12973666666666667;0.18141333333333334;0.21955333333333335;0.2671233333333333;0.32450666666666667;0.34702;0.35179333333333335;0.3625566666666667;0.38836;0.30429333333333336
2025-05-04T00:00:00.000Z;;;;;;;;;;;;
2025-05-06T00:00:00.000Z;;;;;;;;;;;;
2025-05-07T00:00:00.000Z;;;;;;;;;;;;
2025-05-09T00:00:00.000Z;;;;;;;;;;;;
2025-05-12T00:00:00.000Z;0.1;1.427;0.08538;0.12028;0.14806;0.18856;0.22832;0.24194000000000002;0.24848000000000003;0.25508000000000003;0.25482;0.19992000000000001
2025-05-14T00:00:00.000Z;0.242;1.1382999999999999;0.18384666666666669;0.22235333333333335;0.2505;0.29546;0.33890333333333333;0.35335666666666665;0.36200000000000004;0.37173333333333336;0.3843566666666667;0.28836
2025-05-16T00:00:00.000Z;0.16;1.3086666666666669;0.10555333333333333;0.15366666666666667;0.1943266666666667;0.2434766666666667;0.29079333333333335;0.31142;0.32118;0.33612;0.3857933333333333;0.2902
2025-05-17T00:00:00.000Z;0.116;1.1493;0.11698;0.16518666666666668;0.20518000000000003;0.25310333333333335;0.3009133333333333;0.3190466666666667;0.3375066666666667;0.3442866666666667;0.3945133333333333;0.30406333333333335
2025-05-19T00:00:00.000Z;0.116;1.0704333333333333;0.11225;0.16166666666666668;0.20498000000000002;0.25058;0.2940433333333334;0.31315333333333334;0.3297866666666667;0.33638;0.39574333333333334;0.31213
2025-05-22T00:00:00.000Z;;;;;;;;;;;;
2025-05-24T00:00:00.000Z;0.149;0.8755333333333333;0.11545000000000001;0.16787333333333332;0.21192;0.26088000000000006;0.3043633333333333;0.32303000000000004;0.34170333333333336;0.3498966666666667;0.40417;0.30622333333333335
2025-05-26T00:00:00.000Z;0.13293333333333335;1.4461666666666668;0.13138333333333332;0.18438333333333334;0.23077333333333333;0.2805666666666667;0.3250966666666667;0.34340000000000004;0.35312333333333334;0.3686766666666667;0.44252;0.3578133333333333
2025-05-27T00:00:00.000Z;0.138;1.3011;0.11464000000000002;0.16439333333333334;0.20553333333333332;0.25223;0.29746333333333336;0.31525333333333333;0.33097333333333334;0.34010666666666667;0.4022366666666667;0.3173766666666667
2025-05-29T00:00:00.000Z;0.1547666666666667;1.3813666666666666;0.11731333333333335;0.16614;0.21151999999999999;0.25616;0.29740333333333335;0.31698000000000004;0.32925333333333334;0.3409066666666667;0.40064000000000005;0.31605666666666665
2025-06-01T00:00:00.000Z;;;;;;;;;;;;
2025-06-03T00:00:00.000Z;;;;;;;;;;;;
2025-06-05T00:00:00.000Z;0.1875;1.5480666666666667;0.13128;0.18132;0.22735333333333335;0.27231666666666665;0.3200266666666667;0.3414766666666667;0.3503366666666667;0.36741666666666667;0.44586000000000003;0.35862333333333335
2025-06-06T00:00:00.000Z;0.17666666666666667;1.5208666666666666;0.11729333333333335;0.16858666666666666;0.21124;0.25614333333333333;0.3015766666666667;0.31927333333333335;0.3336;0.3448566666666667;0.40992333333333336;0.32260666666666665
2025-06-08T00:00:00.000Z;0.24766666666666665;1.5616333333333334;0.11646666666666668;0.16692;0.2088;0.2549366666666667;0.29612333333333335;0.31671;0.32453333333333334;0.33969333333333335;0.3938266666666667;0.3076266666666667
2025-06-11T00:00:00.000Z;0.45453333333333334;2.278833333333333;0.11959333333333334;0.17554666666666668;0.22407333333333332;0.26974000000000004;0.31654000000000004;0.34080333333333335;0.34497333333333335;0.3656366666666667;0.41541000000000006;0.32844666666666666
2025-06-13T00:00:00.000Z;;;;;;;;;;;;
2025-06-15T00:00:00.000Z;0.4436666666666667;2.1824666666666666;0.14024;0.20045333333333334;0.2539166666666667;0.3054633333333333;0.34776;0.3676566666666667;0.36538000000000004;0.39083;0.4552433333333334;0.3573266666666667
2025-06-16T00:00:00.000Z;0.35113333333333335;2.2948000000000004;0.1253733333333333;0.18368666666666664;0.22931333333333334;0.28115666666666667;0.3272933333333334;0.34530666666666665;0.35317333333333334;0.3746366666666667;0.43460000000000004;0.33718000000000004
2025-06-18T00:00:00.000Z;0.193;2.3935;0.12183333333333334;0.16960666666666666;0.21659333333333336;0.26142;0.29873000000000005;0.3196833333333333;0.32155333333333336;0.3470866666666667;0.41008000000000006;0.31909333333333334
2025-06-21T00:00:00.000Z;0.193;2.058133333333333;0.12073333333333333;0.16766;0.2155733333333333;0.25612;0.2940466666666667;0.31745333333333337;0.32172;0.34009666666666666;0.4139033333333334;0.3359766666666667
2025-06-23T00:00:00.000Z;0.20400000000000001;1.3937000000000002;0.13587333333333332;0.19102000000000002;0.24129333333333336;0.28594;0.32269000000000003;0.34026;0.35248;0.36554000000000003;0.44134;0.3502133333333333
2025-06-25T00:00:00.000Z;0.16566666666666666;1.7317333333333331;0.1354233333333333;0.18772000000000003;0.2400233333333333;0.28629000000000004;0.32265333333333335;0.34153000000000006;0.3483566666666667;0.36685666666666666;0.4462533333333334;0.3574233333333333
2025-06-26T00:00:00.000Z;0.127;1.0435333333333334;0.12026666666666667;0.17388666666666666;0.22309333333333334;0.26611666666666667;0.30324666666666666;0.3200266666666667;0.33910666666666667;0.3463233333333333;0.4207033333333334;0.3281833333333333
2025-06-28T00:00:00.000Z;0.231;1.4383666666666666;0.12112;0.17418;0.22518000000000002;0.27056;0.30390666666666666;0.3244033333333333;0.3342466666666667;0.3477366666666667;0.41791000000000006;0.3250166666666667
2025-07-01T00:00:00.000Z;0.242;1.9114000000000002;0.1250666666666667;0.17318;0.22684666666666667;0.26983;0.30372333333333335;0.32558333333333334;0.33108000000000004;0.34764;0.42782;0.3445366666666667
2025-07-03T00:00:00.000Z;0.13293333333333335;2.4180333333333333;0.1365;0.18854;0.24294333333333334;0.29186;0.3258266666666667;0.3425833333333333;0.3437466666666667;0.3714533333333333;0.4607666666666667;0.3625066666666667
2025-07-05T00:00:00.000Z;0.127;1.8745666666666665;0.13875;0.19432000000000002;0.2512433333333334;0.30006333333333335;0.3322766666666667;0.35044333333333333;0.35448666666666667;0.37669;0.4647533333333334;0.3697166666666667
2025-07-06T00:00:00.000Z;0.275;2.360733333333333;0.11477000000000001;0.16824666666666668;0.22001333333333334;0.2669;0.301;0.31749333333333335;0.32641333333333333;0.3453833333333333;0.4219333333333333;0.3274533333333333
2025-07-08T00:00:00.000Z;0.138;2.9169333333333336;0.12648;0.16745333333333334;0.2121;0.2573366666666667;0.2880433333333334;0.30757;0.3071066666666667;0.33511;0.4139866666666667;0.32245666666666667
2025-07-11T00:00:00.000Z;0.1;1.6041666666666667;0.12125000000000001;0.16785333333333333;0.22071333333333334;0.2619166666666667;0.2933766666666667;0.31405;0.32492;0.33835000000000004;0.42041000000000006;0.34041
2025-07-13T00:00:00.000Z;0.078;1.5475;0.13886333333333334;0.1944266666666667;0.25115333333333334;0.2960766666666667;0.33024000000000003;0.3459933333333334;0.35731666666666667;0.3734033333333333;0.4594233333333334;0.36216
2025-07-15T00:00:00.000Z;0.1006;1.4563666666666666;0.1364466666666667;0.19154666666666667;0.24906666666666666;0.29516333333333333;0.32832;0.34618000000000004;0.3538833333333333;0.3707166666666667;0.45963333333333334;0.3662066666666667
2025-07-16T00:00:00.000Z;0.231;1.8764666666666667;0.11920333333333334;0.17429333333333336;0.22916666666666666;0.27599333333333337;0.3075233333333333;0.32298000000000004;0.3326866666666667;0.34876666666666667;0.42651000000000006;0.3307866666666667
2025-07-18T00:00:00.000Z;0.242;2.0194666666666667;0.11936;0.17251333333333335;0.2272866666666667;0.2729066666666667;0.30119;0.31899333333333335;0.32269333333333333;0.34281;0.41958999999999996;0.32536333333333334
2025-07-21T00:00:00.000Z;0.171;1.731;0.12262666666666669;0.17235999999999999;0.22869333333333336;0.2709666666666667;0.3009266666666667;0.32084333333333337;0.3297466666666667;0.3428933333333334;0.42701333333333336;0.3424466666666667
2025-07-23T00:00:00.000Z;;;;;;;;;;;;
2025-07-25T00:00:00.000Z;;;;;;;;;;;;
2025-07-26T00:00:00.000Z;0.182;1.6680333333333333;0.11289333333333335;0.16734666666666667;0.21769333333333335;0.2670166666666667;0.2999366666666667;0.31605666666666665;0.3292;0.34227666666666673;0.41339;0.31916333333333335
2025-07-28T00:00:00.000Z;0.215;1.8610666666666664;0.11363666666666666;0.16504666666666667;0.2162266666666667;0.2651766666666667;0.29648;0.31418;0.32056666666666667;0.3406633333333333;0.4155666666666667;0.32437333333333335
2025-07-31T00:00:00.000Z;0.20926666666666668;1.9990999999999999;0.12025999999999999;0.16848666666666667;0.21919333333333335;0.26416666666666666;0.29816;0.3183666666666667;0.32402;0.3411766666666667;0.42064333333333337;0.3408066666666667
2025-08-02T00:00:00.000Z;0.22593333333333332;1.6942333333333333;0.11921333333333335;0.17516333333333337;0.22677;0.2747266666666667;0.30677;0.3235366666666667;0.33246000000000003;0.3501166666666667;0.42425333333333337;0.32426
2025-08-04T00:00:00.000Z;0.275;2.2825;0.13026666666666667;0.18586;0.2385866666666667;0.2881333333333333;0.3219966666666667;0.33976666666666666;0.33879333333333334;0.36482333333333333;0.4485233333333334;0.35552
2025-08-05T00:00:00.000Z;0.30206666666666665;1.8813333333333333;0.11539000000000002;0.16904666666666668;0.21580666666666667;0.2614;0.29509;0.31138000000000005;0.31969333333333333;0.33330000000000004;0.4071133333333333;0.31606
2025-08-07T00:00:00.000Z;0.253;1.1341333333333334;0.1139;0.16546666666666668;0.2165466666666667;0.25739666666666666;0.28886333333333336;0.30721;0.3199333333333333;0.32924333333333333;0.39867;0.3094866666666667
2025-08-10T00:00:00.000Z;0.19840000000000002;1.9085333333333334;0.12020666666666667;0.16769333333333336;0.21904666666666667;0.25930000000000003;0.2917966666666667;0.30952;0.31777333333333335;0.3325333333333333;0.4184866666666667;0.33656
2025-08-12T00:00:00.000Z;0.253;2.2531;0.13231333333333334;0.18769333333333332;0.24176333333333333;0.28691333333333335;0.3167333333333333;0.3321966666666667;0.33531333333333335;0.3606433333333333;0.44658000000000003;0.34933000000000003
2025-08-14T00:00:00.000Z;0.1547666666666667;1.7354;0.1300666666666667;0.1813266666666667;0.2333366666666667;0.2791633333333333;0.3078633333333333;0.32561666666666667;0.33049666666666666;0.3511166666666667;0.43940666666666667;0.35086666666666666
2025-08-15T00:00:00.000Z;0.2695;1.5046;0.11657000000000001;0.17232;0.2243333333333333;0.26955;0.30058;0.31583000000000006;0.32924000000000003;0.34122;0.4219066666666667;0.32569333333333333
2025-08-17T00:00:00.000Z;0.3076666666666667;1.51;0.11212333333333331;0.15835333333333335;0.20733333333333331;0.24815;0.27835;0.29569;0.3060466666666667;0.31991;0.39807;0.3084733333333333
2025-08-20T00:00:00.000Z;0.3458333333333333;1.6470333333333333;0.11351666666666668;0.15410000000000001;0.2048;0.24514000000000002;0.27539;0.2954333333333333;0.3058266666666667;0.31920000000000004;0.41192;0.32903333333333334
2025-08-22T00:00:00.000Z;0.384;1.8788095238095242;0.21186190476190483;0.26104761904761903;0.3081190476190476;0.36014761904761905;0.3937142857142857;0.4141285714285715;0.373752380952381;0.4401380952380953;0.4680047619047619;0.369
2025-08-24T00:00:00.000Z;0.28583333333333333;1.8815333333333333;0.12437000000000001;0.17937333333333333;0.2335366666666667;0.27745333333333333;0.30785666666666667;0.3235366666666667;0.32791333333333333;0.3492366666666667;0.4313866666666667;0.3411133333333333
2025-08-25T00:00:00.000Z;;;;;;;;;;;;
2025-08-27T00:00:00.000Z;0.37839999999999996;2.454766666666667;0.11155666666666667;0.16428666666666666;0.21084000000000003;0.25312;0.2765166666666667;0.2930833333333333;0.2941533333333333;0.31716666666666665;0.37638333333333335;0.28776999999999997
2025-08-30T00:00:00.000Z;0.16566666666666666;1.7803333333333333;0.11533333333333333;0.16439333333333334;0.21730666666666668;0.25604000000000005;0.28373000000000004;0.3023666666666667;0.31087333333333333;0.3217933333333334;0.40833;0.3292466666666667
2025-09-01T00:00:00.000Z;0.182;0.7399333333333333;0.12780666666666668;0.18550333333333333;0.2409366666666667;0.2818766666666667;0.3111233333333333;0.32481666666666664;0.3461466666666667;0.3517366666666667;0.4335533333333334;0.33738
2025-09-03T00:00:00.000Z;0.17666666666666667;1.139233333333333;0.12855;0.18481;0.24130333333333334;0.28380333333333335;0.3112366666666667;0.32694;0.3391166666666667;0.3511533333333334;0.43498000000000003;0.34514
2025-09-04T00:00:00.000Z;0.193;1.2709000000000001;0.11738666666666667;0.1713;0.22460666666666668;0.2669766666666667;0.2958766666666667;0.3110366666666667;0.3276733333333333;0.3346633333333333;0.4124866666666667;0.31673
2025-09-06T00:00:00.000Z;;;;;;;;;;;;
2025-09-09T00:00:00.000Z;0.2201;2.2728;0.11900333333333334;0.1706;0.22488666666666668;0.27160666666666666;0.30123000000000005;0.324;0.3291866666666667;0.3489766666666667;0.42341333333333336;0.3248333333333333
2025-09-11T00:00:00.000Z;0.1547666666666667;1.978233333333333;0.11954333333333335;0.17498333333333332;0.22647;0.27081;0.2986766666666667;0.31201;0.31436000000000003;0.33519000000000004;0.4277066666666667;0.3283233333333333
2025-09-13T00:00:00.000Z;;;;;;;;;;;;
2025-09-14T00:00:00.000Z;0.1547666666666667;1.6120666666666665;0.10758333333333334;0.1591266666666667;0.20673333333333332;0.2499;0.27734333333333333;0.29048666666666667;0.3009266666666667;0.3128033333333333;0.3940866666666667;0.30499333333333334
2025-09-16T00:00:00.000Z;0.16566666666666666;1.7813333333333332;0.10539333333333334;0.15633333333333332;0.20587333333333332;0.2462333333333333;0.2711733333333333;0.28617333333333334;0.2939;0.30913666666666667;0.38407666666666673;0.2942033333333333
2025-09-19T00:00:00.000Z;0.171;1.9970999999999999;0.11036666666666668;0.15628;0.20601999999999998;0.24431333333333333;0.26964333333333335;0.28780666666666666;0.29476;0.30783000000000005;0.3880266666666667;0.3080266666666667
2025-09-21T00:00:00.000Z;0.22593333333333332;2.222566666666667;0.1311;0.18124;0.22766;0.26928;0.29539333333333334;0.3101566666666667;0.3100466666666667;0.33492;0.39242333333333335;0.2987333333333333
2025-09-23T00:00:00.000Z;0.067;1.0036071428571427;0.092475;0.12695;0.1621321428571429;0.1935321428571429;0.21175357142857143;0.22261428571428574;0.22781428571428575;0.2375464285714286;0.28785;0.20746428571428574
2025-09-24T00:00:00.000Z;;;;;;;;;;;;
2025-09-26T00:00:00.000Z;0.1875;1.321233333333333;0.10630666666666666;0.15735333333333335;0.2061266666666667;0.24700000000000003;0.27171;0.2861066666666667;0.2981666666666667;0.3089;0.37758;0.2862766666666667
2025-09-29T00:00:00.000Z;;;;;;;;;;;;
