TIMESTAMP_UTC;AOT;TCWV;B02;B03;B04;B05;B06;B07;B08;B8A;B11;B12
2015-10-04T00:00:00.000Z;;;;;;;;;;;;
2015-11-13T00:00:00.000Z;0.11;1.0150208333333335;0.06615;0.09089375000000001;0.09112916666666666;0.12989166666666668;0.202525;0.22158750000000002;0.235375;0.24149583333333333;0.22728541666666666;0.15755625
2015-11-16T00:00:00.000Z;0.0770625;0.7404791666666667;0.03493541666666667;0.05935833333333334;0.06265625;0.09450625;0.1551625;0.17178958333333333;0.18797083333333334;0.18827291666666668;0.17965208333333332;0.12012291666666668
2015-11-26T00:00:00.000Z;0.066;0.6733958333333334;0.03434166666666667;0.05965416666666667;0.06292916666666666;0.09353125000000001;0.1551854166666667;0.17194791666666667;0.18702083333333333;0.18989375;0.17928958333333334;0.12037083333333333
2015-12-03T00:00:00.000Z;0.08808333333333333;1.1546666666666667;0.03920208333333333;0.0679375;0.06980833333333335;0.10970208333333333;0.18122291666666668;0.2007604166666667;0.21163958333333333;0.21863125;0.19625833333333334;0.1333541666666667
2015-12-06T00:00:00.000Z;;;;;;;;;;;;
2015-12-16T00:00:00.000Z;;;;;;;;;;;;
2015-12-23T00:00:00.000Z;;;;;;;;;;;;
2015-12-26T00:00:00.000Z;;;;;;;;;;;;
2016-01-02T00:00:00.000Z;;;;;;;;;;;;
2016-01-05T00:00:00.000Z;;;;;;;;;;;;
2016-01-12T00:00:00.000Z;0.07200000000000001;0.9933958333333334;0.04025625;0.06768333333333335;0.0699625;0.10631458333333334;0.17637291666666668;0.19573125;0.20859375000000002;0.21391875000000002;0.1953166666666667;0.13417500000000002
2016-01-22T00:00:00.000Z;;;;;;;;;;;;
2016-01-25T00:00:00.000Z;0.0770625;1.1577291666666667;0.4216375;0.434825;0.451575;0.49086666666666673;0.52876875;0.5385354166666667;0.5581;0.5578166666666667;0.5799979166666668;0.5349645833333333
2016-02-01T00:00:00.000Z;0.0770625;0.7711666666666667;0.04459375;0.07202916666666667;0.07803958333333334;0.11193125000000001;0.17850000000000002;0.19459375;0.21175625;0.21423541666666665;0.20525000000000002;0.14138958333333335
2016-02-04T00:00:00.000Z;0.0770625;0.5300208333333334;0.038206250000000004;0.06229791666666667;0.06741875;0.09586041666666667;0.1508479166666667;0.16979166666666667;0.18687083333333335;0.18461666666666668;0.18084583333333334;0.12252500000000001
2016-02-11T00:00:00.000Z;;;;;;;;;;;;
2016-02-14T00:00:00.000Z;;;;;;;;;;;;
2016-02-21T00:00:00.000Z;;;;;;;;;;;;
2016-03-02T00:00:00.000Z;;;;;;;;;;;;
2016-03-05T00:00:00.000Z;0.083;0.390125;0.04547291666666667;0.07320416666666667;0.0834125;0.11314791666666668;0.16070208333333333;0.17673541666666667;0.19574166666666667;0.19532083333333333;0.20945625;0.14756875
2016-03-12T00:00:00.000Z;0.105;0.4250416666666667;0.061312500000000006;0.09380625000000001;0.10518333333333334;0.14094791666666667;0.19720000000000001;0.21563125;0.23564166666666667;0.2365375;0.2541625;0.18418125000000002
2016-03-15T00:00:00.000Z;;;;;;;;;;;;
2016-03-22T00:00:00.000Z;;;;;;;;;;;;
2016-03-25T00:00:00.000Z;0.083;0.5706666666666667;0.06573333333333334;0.09327291666666666;0.10386666666666668;0.1351291666666667;0.18193958333333332;0.1976854166666667;0.2142458333333333;0.21514375000000002;0.23553333333333332;0.16816041666666667
2016-04-01T00:00:00.000Z;0.116;0.5655625;0.06797708333333334;0.10449791666666668;0.11694166666666668;0.15577291666666668;0.2147895833333333;0.23133541666666665;0.2515145833333333;0.253575;0.2760416666666667;0.20346875
2016-04-04T00:00:00.000Z;;;;;;;;;;;;
2016-04-11T00:00:00.000Z;;;;;;;;;;;;
2016-04-14T00:00:00.000Z;0.083;0.7458333333333333;0.057225000000000005;0.0876875;0.09783541666666666;0.13088333333333332;0.18298541666666668;0.19789791666666667;0.2152458333333333;0.21706666666666666;0.24130625;0.17196458333333334
2016-04-21T00:00:00.000Z;0.116;0.8550416666666667;0.07308541666666667;0.11160416666666668;0.12406666666666669;0.16566458333333334;0.23127708333333333;0.25156666666666666;0.2695895833333333;0.27394166666666664;0.2989125;0.21861666666666665
2016-04-24T00:00:00.000Z;0.094;0.5635625;0.05655625;0.08823333333333334;0.09968125;0.13266458333333334;0.18804791666666668;0.20471250000000002;0.2237875;0.22498958333333333;0.2492833333333333;0.17665
2016-05-01T00:00:00.000Z;0.105;0.4687916666666667;0.07242291666666667;0.11032291666666667;0.1219375;0.16198125000000002;0.22835625;0.24671875000000001;0.2679916666666667;0.26864375;0.29399375;0.2165395833333333
2016-05-04T00:00:00.000Z;0.08808333333333333;0.4993958333333333;0.06512708333333334;0.09733541666666667;0.10672291666666668;0.14255416666666668;0.19925416666666668;0.21757083333333332;0.23677083333333332;0.23778333333333332;0.2592083333333333;0.18804583333333333
2016-05-11T00:00:00.000Z;0.105;0.928;0.096255;0.13085;0.132615;0.181235;0.26794;0.294385;0.312555;0.32171;0.32416;0.228595
2016-05-14T00:00:00.000Z;;;;;;;;;;;;
2016-05-21T00:00:00.000Z;0.138;1.2721666666666667;0.07997916666666667;0.11739166666666669;0.12805833333333333;0.17195208333333334;0.2415145833333333;0.26078125;0.27265;0.28176666666666667;0.3110541666666667;0.23114166666666666
2016-05-24T00:00:00.000Z;0.312;1.3694583333333332;0.06381666666666666;0.10440208333333333;0.11630833333333333;0.15766875;0.21750208333333332;0.2359083333333333;0.24680833333333332;0.2564;0.27520833333333333;0.19749583333333334
2016-06-10T00:00:00.000Z;;;;;;;;;;;;
2016-06-13T00:00:00.000Z;0.094;1.9024166666666669;0.06773958333333334;0.10179375;0.11547500000000001;0.15339583333333334;0.19989791666666668;0.21804375;0.22487500000000002;0.239625;0.27846875;0.2013125
2016-06-20T00:00:00.000Z;0.055;1.2842708333333333;0.08985416666666667;0.13170416666666668;0.14960208333333333;0.19462291666666667;0.2477458333333333;0.26695;0.27971250000000003;0.290725;0.33765625;0.25128125
2016-06-23T00:00:00.000Z;0.138;1.0381666666666667;0.06725;0.10280833333333333;0.12007083333333333;0.15948333333333334;0.2034729166666667;0.22007083333333333;0.23422500000000002;0.24199583333333333;0.2825333333333333;0.2021041666666667
2016-06-30T00:00:00.000Z;0.3707916666666667;2.41375;0.09352083333333334;0.13902708333333333;0.1605291666666667;0.2099708333333333;0.259425;0.2781083333333333;0.2836666666666667;0.30506875;0.3508041666666667;0.25385
2016-07-03T00:00:00.000Z;0.2415;1.9543333333333333;0.07360833333333335;0.11237916666666668;0.13241250000000002;0.17028125;0.21280833333333332;0.2294520833333333;0.2380625;0.253125;0.2926958333333333;0.20673333333333332
2016-07-10T00:00:00.000Z;0.149;1.7261666666666668;0.08889166666666666;0.1322;0.15331041666666667;0.20227083333333334;0.25025625;0.26855;0.27902916666666666;0.2948104166666667;0.34474375;0.25063541666666667
2016-07-13T00:00:00.000Z;0.154;2.2539583333333333;0.09887083333333334;0.13262083333333333;0.15054166666666668;0.19786458333333334;0.24701250000000002;0.2694875;0.27829166666666666;0.2978645833333333;0.33815833333333334;0.22763333333333333
2016-07-20T00:00:00.000Z;;;;;;;;;;;;
2016-07-23T00:00:00.000Z;0.231;2.1959166666666667;0.06865208333333334;0.10398333333333333;0.12238541666666668;0.16452916666666667;0.20308958333333332;0.21921875000000002;0.22538333333333332;0.24210416666666668;0.28358958333333334;0.19789583333333333
2016-07-30T00:00:00.000Z;0.296;1.8294583333333332;0.08572291666666666;0.13517291666666667;0.1594229166666667;0.20979375;0.2560958333333333;0.27480208333333334;0.2843895833333333;0.30006041666666666;0.3428125;0.24554375
2016-08-02T00:00:00.000Z;0.08808333333333333;1.2597916666666669;0.07246666666666667;0.10615833333333333;0.12477708333333333;0.16505833333333333;0.20197083333333332;0.2181145833333333;0.23063750000000002;0.24020416666666666;0.27773125000000004;0.1940875
2016-08-09T00:00:00.000Z;0.055;1.2543333333333333;0.08965208333333334;0.13085208333333334;0.15192291666666669;0.19895000000000002;0.24184791666666666;0.2586708333333333;0.2718375;0.2833208333333333;0.32805416666666665;0.23575000000000002
2016-08-12T00:00:00.000Z;0.11;1.6755;0.111775;0.15065;0.16935;0.216975;0.25605;0.2714875;0.272025;0.2986875;0.34040000000000004;0.238925
2016-08-19T00:00:00.000Z;0.083;1.7549375;0.08040833333333335;0.121675;0.14005625;0.18828958333333334;0.23182291666666666;0.24900625;0.2580770833333333;0.27379375;0.31460625000000003;0.2268208333333333
2016-08-22T00:00:00.000Z;0.094;2.106145833333333;0.06620625000000001;0.10088333333333334;0.11715416666666668;0.15872291666666669;0.19438750000000002;0.20875000000000002;0.2156625;0.22890833333333332;0.2636708333333333;0.18355000000000002
2016-08-29T00:00:00.000Z;0.165;1.4192708333333333;0.07491875;0.119825;0.13983125000000002;0.18786458333333333;0.23297083333333332;0.2494458333333333;0.2619125;0.27414375;0.31041250000000004;0.22034583333333332
2016-09-01T00:00:00.000Z;;;;;;;;;;;;
2016-09-08T00:00:00.000Z;0.066625;1.3370208333333333;0.07607083333333334;0.11807916666666668;0.13633125000000001;0.18533125;0.2269520833333333;0.24316875000000002;0.2556645833333333;0.26765416666666664;0.2989541666666667;0.21303333333333332
2016-09-11T00:00:00.000Z;0.149;2.0420625;0.06476041666666667;0.09898125;0.11374166666666669;0.1558979166666667;0.1919479166666667;0.20650416666666666;0.2142;0.22820625;0.2556625;0.17590208333333335
2016-09-18T00:00:00.000Z;0.099;1.3548541666666667;0.06900833333333334;0.11142708333333333;0.1295125;0.17718958333333334;0.2188895833333333;0.23360416666666667;0.24549375;0.2561291666666667;0.288075;0.20691666666666667
2016-09-21T00:00:00.000Z;0.11;1.3841458333333332;0.06218541666666667;0.09543750000000001;0.11028750000000001;0.15055833333333332;0.18600833333333333;0.20035;0.21120416666666667;0.22023125000000002;0.24664375000000002;0.16979166666666667
2016-09-28T00:00:00.000Z;;;;;;;;;;;;
2016-10-01T00:00:00.000Z;0.121;1.3426041666666668;0.05588958333333334;0.09036041666666667;0.10574375000000001;0.14584375;0.18285208333333333;0.19586041666666668;0.20789166666666667;0.21716875000000002;0.2403583333333333;0.16458958333333334
2016-10-08T00:00:00.000Z;;;;;;;;;;;;
2016-10-11T00:00:00.000Z;0.11;0.7624583333333333;0.05075;0.08608541666666666;0.10054583333333335;0.1393375;0.17605833333333334;0.1891354166666667;0.2069583333333333;0.20953541666666667;0.23130208333333332;0.15760833333333332
2016-10-18T00:00:00.000Z;;;;;;;;;;;;
2016-10-21T00:00:00.000Z;;;;;;;;;;;;
2016-10-28T00:00:00.000Z;;;;;;;;;;;;
2016-10-31T00:00:00.000Z;0.099;0.9514583333333334;0.05170833333333334;0.07741666666666666;0.08097708333333334;0.11743541666666668;0.16484583333333333;0.17760625000000002;0.19022083333333334;0.19365416666666668;0.20072083333333335;0.13734583333333333
2016-11-07T00:00:00.000Z;0.0770625;0.6634583333333334;0.05929583333333334;0.09191041666666666;0.09752083333333335;0.1379875;0.19963750000000002;0.2161270833333333;0.23696250000000002;0.23956875000000002;0.23730625000000002;0.16415208333333334
2016-11-10T00:00:00.000Z;0.0770625;0.6710625;0.04145;0.06775625;0.07333541666666667;0.10621041666666668;0.15683333333333332;0.1698625;0.18636666666666668;0.1864375;0.1924854166666667;0.13090625
2016-11-17T00:00:00.000Z;0.07200000000000001;0.8686458333333333;0.045312500000000006;0.07695416666666667;0.08227291666666667;0.12067083333333334;0.17755;0.19398333333333334;0.2076833333333333;0.21313125000000002;0.2118145833333333;0.14877500000000002
2016-11-20T00:00:00.000Z;;;;;;;;;;;;
2016-11-27T00:00:00.000Z;;;;;;;;;;;;
2016-11-30T00:00:00.000Z;;;;;;;;;;;;
2016-12-07T00:00:00.000Z;0.08808333333333333;0.947875;0.03015;0.05739583333333334;0.058493750000000004;0.09477916666666666;0.15646041666666669;0.16812708333333334;0.18240416666666667;0.18796041666666669;0.16895208333333334;0.11040833333333333
2016-12-10T00:00:00.000Z;;;;;;;;;;;;
2016-12-17T00:00:00.000Z;;;;;;;;;;;;
2016-12-20T00:00:00.000Z;0.07200000000000001;0.8285625;0.021710416666666663;0.04480833333333333;0.04690833333333334;0.07677500000000001;0.13067708333333333;0.14425000000000002;0.15687500000000001;0.15994583333333334;0.14343333333333333;0.09092708333333334
2016-12-27T00:00:00.000Z;;;;;;;;;;;;
2016-12-30T00:00:00.000Z;0.07200000000000001;0.29211627906976745;0.05511627906976744;0.061013953488372095;0.05777906976744187;0.07457441860465117;0.10700697674418605;0.11611860465116282;0.12911162790697675;0.12556511627906977;0.11957209302325583;0.08712093023255814
2017-01-16T00:00:00.000Z;0.066;0.8575833333333334;0.040114583333333335;0.06815625;0.07131458333333333;0.10460625000000001;0.16922916666666668;0.18548541666666668;0.19965625;0.2001041666666667;0.19561875;0.13759583333333333
2017-01-19T00:00:00.000Z;;;;;;;;;;;;
2017-01-26T00:00:00.000Z;;;;;;;;;;;;
2017-01-29T00:00:00.000Z;;;;;;;;;;;;
2017-02-05T00:00:00.000Z;;;;;;;;;;;;
2017-02-08T00:00:00.000Z;0.061;0.46420833333333333;0.03905625;0.0633625;0.06728541666666667;0.09748958333333334;0.15445416666666667;0.16849375;0.1885791666666667;0.18694583333333334;0.18804375;0.1289604166666667
2017-02-15T00:00:00.000Z;0.08808333333333333;0.6253541666666667;0.0743625;0.09705625000000001;0.09906458333333334;0.13252916666666667;0.19390208333333334;0.21044166666666667;0.22849583333333331;0.22892916666666666;0.22261875;0.15915833333333335
2017-02-18T00:00:00.000Z;;;;;;;;;;;;
2017-02-25T00:00:00.000Z;0.105;0.704125;0.04893125;0.07820416666666667;0.08206666666666666;0.11793541666666668;0.18068958333333335;0.19772083333333335;0.21451666666666666;0.2172375;0.2161520833333333;0.15135625
2017-02-28T00:00:00.000Z;0.0770625;0.8174583333333334;0.04467708333333333;0.06923958333333334;0.07407291666666667;0.10308541666666668;0.15819166666666667;0.1723375;0.18705000000000002;0.1900416666666667;0.19702708333333332;0.13756875000000002
2017-03-07T00:00:00.000Z;;;;;;;;;;;;
2017-03-10T00:00:00.000Z;0.066;0.4868958333333333;0.04487708333333333;0.06991875;0.07595625;0.10381041666666668;0.15960625;0.17562291666666668;0.19337916666666669;0.19374166666666667;0.2035354166666667;0.142425
2017-03-17T00:00:00.000Z;;;;;;;;;;;;
2017-03-19T00:00:00.000Z;;;;;;;;;;;;
2017-03-20T00:00:00.000Z;0.11;1.1916875;0.051133333333333336;0.07766041666666666;0.08256875000000001;0.11567291666666668;0.17425416666666668;0.19163750000000002;0.2021041666666667;0.2088625;0.21836666666666665;0.15273333333333333
2017-03-25T00:00:00.000Z;0.083;0.6774166666666667;0.058375;0.08107708333333334;0.08525;0.11628333333333334;0.17283958333333332;0.18904791666666668;0.20577083333333332;0.205825;0.21826458333333332;0.15825208333333332
2017-03-27T00:00:00.000Z;;;;;;;;;;;;
2017-03-30T00:00:00.000Z;0.05;0.5538958333333334;0.06413125;0.09010833333333335;0.09661041666666667;0.12911458333333334;0.18528125;0.20282708333333332;0.22021666666666667;0.22182291666666668;0.23038958333333331;0.16465833333333332
2017-04-01T00:00:00.000Z;0.105;0.5536666666666666;0.06799375;0.09787916666666667;0.10466666666666669;0.141425;0.20928125;0.23018333333333332;0.2517645833333333;0.24949166666666667;0.26695416666666666;0.19793958333333334
2017-04-06T00:00:00.000Z;;;;;;;;;;;;
2017-04-09T00:00:00.000Z;0.066;0.7864772727272727;0.08925227272727274;0.1149590909090909;0.11912272727272728;0.1546977272727273;0.21641136363636365;0.2346681818181818;0.25825454545454546;0.25502727272727277;0.2666090909090909;0.1852636363636364
2017-04-11T00:00:00.000Z;0.132;0.8612708333333334;0.07406041666666667;0.10444583333333333;0.11176666666666668;0.15120208333333332;0.22043125000000002;0.24256250000000001;0.26004791666666666;0.2614270833333333;0.28201041666666665;0.20991875000000002
2017-04-14T00:00:00.000Z;;;;;;;;;;;;
2017-04-16T00:00:00.000Z;;;;;;;;;;;;
2017-04-19T00:00:00.000Z;;;;;;;;;;;;
2017-04-21T00:00:00.000Z;0.08808333333333333;0.49877083333333333;0.08151458333333333;0.11206875000000001;0.12019166666666668;0.15952708333333335;0.22914375;0.24876458333333332;0.27216250000000003;0.27026875;0.28996041666666666;0.21729791666666667
2017-04-24T00:00:00.000Z;0.2583541666666667;1.4413125;0.06205625;0.09361666666666667;0.10504166666666669;0.14070833333333332;0.20243750000000002;0.22220625000000002;0.233275;0.24144166666666667;0.2636395833333333;0.19385208333333334
2017-04-26T00:00:00.000Z;;;;;;;;;;;;
2017-04-29T00:00:00.000Z;;;;;;;;;;;;
2017-05-01T00:00:00.000Z;0.121;0.9108125;0.07094791666666667;0.10400000000000001;0.10986875;0.15005416666666668;0.21729166666666666;0.23699791666666667;0.2540854166666667;0.25695625;0.281075;0.20936875000000002
2017-05-04T00:00:00.000Z;0.171;1.1450416666666667;0.07075625;0.1013125;0.10942083333333333;0.14451666666666668;0.2041375;0.222975;0.23574583333333332;0.24004583333333332;0.26268125000000003;0.19625
2017-05-06T00:00:00.000Z;0.116;0.7757291666666667;0.07257708333333333;0.11165;0.12045;0.16194583333333334;0.22925625000000002;0.2489833333333333;0.2650416666666667;0.2698479166666667;0.2971979166666667;0.2211770833333333
2017-05-09T00:00:00.000Z;0.105;1.296;0.058172916666666664;0.09036458333333335;0.09934166666666666;0.13559583333333333;0.19133750000000002;0.2082520833333333;0.21797916666666667;0.2264520833333333;0.25381041666666665;0.18354791666666667
2017-05-11T00:00:00.000Z;;;;;;;;;;;;
2017-05-14T00:00:00.000Z;;;;;;;;;;;;
2017-05-16T00:00:00.000Z;;;;;;;;;;;;
2017-05-19T00:00:00.000Z;0.105;1.0438333333333332;0.06631458333333334;0.09786458333333334;0.10739166666666668;0.14454166666666668;0.20117291666666667;0.21900625;0.2323708333333333;0.23924791666666667;0.2678041666666667;0.1930916666666667
2017-05-21T00:00:00.000Z;;;;;;;;;;;;
2017-05-24T00:00:00.000Z;0.11;1.1685625;0.06810000000000001;0.09732916666666666;0.10845416666666668;0.14248750000000002;0.19688541666666667;0.2152125;0.22814166666666666;0.23274375;0.2678625;0.20118333333333333
2017-05-26T00:00:00.000Z;0.307;1.4238958333333334;0.07556458333333334;0.12368541666666669;0.1405354166666667;0.18753958333333334;0.2545625;0.2746;0.28612291666666667;0.29749375;0.329125;0.24246250000000003
2017-05-29T00:00:00.000Z;0.094;1.4223958333333333;0.07396458333333335;0.10511666666666668;0.11572708333333333;0.15253958333333334;0.2025125;0.21877916666666666;0.22882916666666667;0.23862916666666667;0.2698479166666667;0.19455
2017-06-03T00:00:00.000Z;;;;;;;;;;;;
2017-06-05T00:00:00.000Z;0.055;0.9378541666666667;0.08133333333333334;0.12082916666666668;0.1348291666666667;0.1777125;0.23631666666666667;0.25491041666666664;0.2714625;0.27671875;0.31617500000000004;0.2327958333333333
2017-06-08T00:00:00.000Z;0.094;1.3286875;0.06873541666666666;0.10048125000000001;0.1129;0.14897291666666668;0.1968625;0.21335416666666665;0.22391666666666665;0.233775;0.2711958333333333;0.19643958333333333
2017-06-10T00:00:00.000Z;0.231;1.961375;0.0951125;0.13087916666666669;0.14324166666666668;0.18642083333333334;0.24411041666666666;0.26743958333333334;0.27262916666666664;0.28684375;0.3272145833333333;0.247475
2017-06-13T00:00:00.000Z;0.099;1.8202083333333332;0.07644375;0.10672083333333333;0.11986666666666668;0.15446458333333332;0.19958125000000002;0.21766875000000002;0.2270208333333333;0.23666458333333332;0.282025;0.21318958333333332
2017-06-15T00:00:00.000Z;0.187;1.5967222222222222;0.0899388888888889;0.13235555555555556;0.1489;0.1929861111111111;0.24787222222222222;0.267925;0.27855;0.2916027777777778;0.33292222222222223;0.2477583333333333
2017-06-18T00:00:00.000Z;0.132;1.9023958333333333;0.07618333333333334;0.10856458333333333;0.12209166666666668;0.15857291666666667;0.20117708333333334;0.21825208333333332;0.22492083333333332;0.23707083333333331;0.27940625;0.20106666666666667
2017-06-20T00:00:00.000Z;0.214;2.1233125;0.09429166666666666;0.13286875;0.14919583333333333;0.19448333333333334;0.25028541666666665;0.2729333333333333;0.28013125;0.29452708333333333;0.34520416666666665;0.2605458333333333
2017-06-23T00:00:00.000Z;0.18175;1.8429166666666668;0.07605208333333334;0.10561250000000001;0.12128333333333333;0.15703333333333333;0.20083125000000002;0.21841875000000002;0.22771666666666665;0.23767708333333332;0.286875;0.21316666666666667
2017-06-25T00:00:00.000Z;;;;;;;;;;;;
2017-06-28T00:00:00.000Z;0.08808333333333333;1.3195416666666668;0.0694625;0.10394583333333333;0.11947708333333333;0.1574875;0.1999041666666667;0.21544166666666667;0.22829166666666667;0.23796041666666667;0.27961041666666664;0.20183333333333334
2017-06-30T00:00:00.000Z;0.055;0.8249791666666666;0.09543750000000001;0.13270416666666668;0.14968333333333333;0.19214166666666668;0.24419791666666665;0.2637791666666667;0.2838;0.285825;0.33780208333333334;0.25730625
2017-07-03T00:00:00.000Z;0.08808333333333333;1.1369375;0.071425;0.10238958333333334;0.11777083333333332;0.1547291666666667;0.19796875;0.21441041666666666;0.22894166666666665;0.23548750000000002;0.2807645833333333;0.20846041666666665
2017-07-05T00:00:00.000Z;0.18175;1.4612916666666669;0.09435625;0.13754166666666667;0.15753958333333334;0.20456875000000002;0.2539166666666667;0.27217916666666664;0.28346666666666664;0.29754583333333334;0.34145416666666667;0.24886666666666665
2017-07-10T00:00:00.000Z;0.116;1.5800416666666668;0.09486458333333334;0.13264166666666669;0.14982916666666668;0.19415000000000002;0.24402083333333333;0.2632791666666667;0.2768458333333333;0.28626666666666667;0.3386604166666667;0.25729375
2017-07-13T00:00:00.000Z;0.263;1.7704375;0.07742291666666666;0.11337916666666668;0.1320916666666667;0.16965208333333334;0.21324791666666665;0.23331875000000002;0.24260416666666668;0.2528458333333333;0.2968875;0.2161145833333333
2017-07-15T00:00:00.000Z;0.198;1.6708541666666668;0.09090208333333334;0.13756041666666668;0.15667708333333333;0.20454375;0.2540520833333333;0.27296875000000004;0.2826416666666667;0.29700208333333333;0.33979791666666664;0.24646041666666665
2017-07-18T00:00:00.000Z;0.307;1.41625;0.1135;0.16117083333333335;0.174325;0.21541875000000002;0.2580354166666667;0.2772645833333333;0.3058208333333333;0.3012416666666667;0.3444229166666667;0.24118125
2017-07-20T00:00:00.000Z;0.08808333333333333;1.7063958333333333;0.09378541666666666;0.1325375;0.1502375;0.19535833333333333;0.24368125000000002;0.26478541666666666;0.27645416666666667;0.28779375;0.3406458333333333;0.25314166666666665
2017-07-23T00:00:00.000Z;0.258;1.6376756756756756;0.05003243243243243;0.07568108108108108;0.09973243243243245;0.1380162162162162;0.1905054054054054;0.22174324324324327;0.15643783783783785;0.24014864864864868;0.2269837837837838;0.18211891891891888
2017-07-25T00:00:00.000Z;0.132;2.207708333333333;0.08923958333333334;0.12908125;0.14711666666666667;0.19714583333333333;0.24377083333333333;0.26214791666666665;0.26655625;0.28508958333333334;0.33348125;0.2414333333333333
2017-07-28T00:00:00.000Z;0.231;1.3487291666666668;0.06742708333333335;0.10192916666666667;0.11846458333333333;0.15842708333333333;0.19745625;0.21436041666666666;0.2255625;0.23593750000000002;0.2772645833333333;0.19454375000000002
2017-07-30T00:00:00.000Z;0.116;1.367125;0.09513125;0.13464583333333333;0.15133125;0.19644583333333335;0.2460395833333333;0.2662541666666667;0.28049375;0.28918958333333333;0.33547083333333333;0.249375
2017-08-02T00:00:00.000Z;;;;;;;;;;;;
2017-08-04T00:00:00.000Z;0.198;1.5510208333333333;0.08276041666666667;0.12899791666666668;0.14828333333333332;0.199325;0.24519166666666667;0.26376666666666665;0.27448125;0.2887354166666667;0.3329583333333333;0.24000416666666666
2017-08-07T00:00:00.000Z;0.2415;2.1544375000000002;0.06922083333333334;0.10964791666666668;0.1283041666666667;0.17288958333333335;0.20955833333333332;0.22678125000000002;0.23414166666666666;0.24997708333333332;0.2825770833333333;0.1968375
2017-08-09T00:00:00.000Z;0.198;1.9112291666666668;0.09365000000000001;0.13566041666666667;0.15256666666666668;0.20520833333333333;0.25354375;0.2750416666666667;0.2854895833333333;0.29873125;0.3418875;0.24845416666666667
2017-08-12T00:00:00.000Z;0.18175;1.6808333333333334;0.0635;0.09821250000000001;0.11510625000000001;0.1572666666666667;0.19762500000000002;0.21403541666666667;0.22470416666666665;0.23463125;0.27539375;0.19810833333333333
2017-08-14T00:00:00.000Z;0.2709791666666667;2.134020833333333;0.08088125;0.12995833333333334;0.15140833333333334;0.20387083333333333;0.25057291666666665;0.26812291666666666;0.2751708333333333;0.2940520833333333;0.3279666666666667;0.23385416666666667
2017-08-17T00:00:00.000Z;0.187;2.395625;0.06824583333333334;0.10456875;0.12117083333333332;0.16449166666666667;0.1996541666666667;0.2161875;0.22108333333333333;0.23786458333333332;0.27255;0.18889375
2017-08-19T00:00:00.000Z;0.198;2.530395833333333;0.09521458333333334;0.13204791666666668;0.1481791666666667;0.1977104166666667;0.2412083333333333;0.2621604166666667;0.26751458333333333;0.28435;0.32280000000000003;0.23658541666666666
2017-08-22T00:00:00.000Z;0.099;1.7683333333333333;0.07293125;0.10467291666666668;0.119675;0.15865625;0.1967604166666667;0.21282083333333332;0.2235;0.23292916666666666;0.27111875;0.19501666666666667
2017-08-24T00:00:00.000Z;0.105;1.6933958333333332;0.08628958333333334;0.12866666666666668;0.1454541666666667;0.19370416666666668;0.23782291666666666;0.25301250000000003;0.2628916666666667;0.27696666666666664;0.3138166666666667;0.22670416666666665
2017-08-27T00:00:00.000Z;;;;;;;;;;;;
2017-08-29T00:00:00.000Z;;;;;;;;;;;;
2017-09-01T00:00:00.000Z;0.258;2.5460833333333333;0.07416041666666667;0.10738750000000001;0.11515625;0.16504375000000002;0.213175;0.2318958333333333;0.23732916666666667;0.25413541666666667;0.2815145833333333;0.19879791666666669
2017-09-03T00:00:00.000Z;0.258;1.5487708333333332;0.09369166666666667;0.13344583333333332;0.14299166666666668;0.19619583333333335;0.25220625;0.26951458333333334;0.2793291666666667;0.29343125000000003;0.3067145833333333;0.21983541666666667
2017-09-06T00:00:00.000Z;;;;;;;;;;;;
2017-09-08T00:00:00.000Z;0.5070625;1.7632708333333333;0.08150625;0.11985833333333333;0.13015000000000002;0.18081250000000001;0.24386041666666666;0.26655416666666665;0.2753458333333333;0.2874625;0.3127583333333333;0.22192916666666665
2017-09-11T00:00:00.000Z;0.105;1.3075833333333333;0.056079166666666666;0.08461250000000001;0.09475208333333335;0.13034375;0.17552916666666668;0.19120833333333334;0.202;0.20648125;0.24302291666666667;0.17968958333333335
2017-09-13T00:00:00.000Z;0.16;1.6535208333333333;0.06298125;0.10310625000000001;0.11403125;0.15799583333333334;0.21387916666666665;0.22839583333333333;0.23641458333333332;0.2492583333333333;0.28084166666666666;0.20327083333333335
2017-09-16T00:00:00.000Z;0.138;1.2773125;0.06365;0.09379583333333334;0.10232708333333335;0.13952708333333333;0.1839875;0.1965916666666667;0.20686666666666667;0.21426250000000002;0.2414375;0.16966041666666667
2017-09-18T00:00:00.000Z;0.165;1.0495416666666668;0.07181041666666667;0.10605833333333332;0.11631041666666668;0.1575;0.2117895833333333;0.22979166666666667;0.24400833333333333;0.24821458333333332;0.28385625000000003;0.2110520833333333
2017-09-21T00:00:00.000Z;0.171;1.4783541666666669;0.05984583333333334;0.08805208333333334;0.09770208333333334;0.13392916666666668;0.17900208333333334;0.19416875;0.2058833333333333;0.21195;0.2436958333333333;0.177125
2017-09-23T00:00:00.000Z;;;;;;;;;;;;
2017-09-26T00:00:00.000Z;0.154;1.4233958333333332;0.0529;0.084325;0.09477083333333335;0.13340000000000002;0.17434166666666667;0.18996458333333333;0.19983333333333334;0.2083625;0.23893750000000002;0.16745000000000002
2017-09-28T00:00:00.000Z;0.187;2.2508000000000004;0.07329333333333334;0.0997066666666667;0.11127333333333332;0.1516;0.19698666666666664;0.2186266666666667;0.21714666666666668;0.23770000000000002;0.2743066666666667;0.20529333333333336
2017-10-01T00:00:00.000Z;;;;;;;;;;;;
2017-10-03T00:00:00.000Z;0.138;2.0811666666666664;0.05914375;0.09656041666666666;0.10750208333333333;0.15231875;0.2007104166666667;0.21649791666666665;0.2219958333333333;0.23670625;0.26691041666666665;0.18988333333333335
2017-10-06T00:00:00.000Z;0.105;0.967;0.05050625;0.08159375;0.09181875;0.12727083333333333;0.16953125;0.18355000000000002;0.1966416666666667;0.20150208333333333;0.228475;0.15961458333333334
2017-10-08T00:00:00.000Z;0.14300000000000002;1.433125;0.07183958333333335;0.10273750000000001;0.11069166666666667;0.15288125;0.20342708333333334;0.21942291666666666;0.2312145833333333;0.23820833333333333;0.2671958333333333;0.19362916666666669
2017-10-11T00:00:00.000Z;0.14300000000000002;1.3111458333333332;0.05633958333333334;0.08356041666666666;0.09206458333333334;0.12677083333333333;0.16952916666666668;0.18334583333333335;0.19537500000000002;0.20079583333333334;0.2296208333333333;0.16464583333333332
2017-10-13T00:00:00.000Z;0.18175;1.6869375;0.05623333333333334;0.09526666666666667;0.10553333333333333;0.14966041666666668;0.19808333333333333;0.21376250000000002;0.22040625;0.2320375;0.2594333333333333;0.18504791666666667
2017-10-16T00:00:00.000Z;0.127;1.0268125000000001;0.04771666666666667;0.07842500000000001;0.08701041666666667;0.12237083333333333;0.16303541666666668;0.17741458333333335;0.18999166666666667;0.1940541666666667;0.2191875;0.15141458333333332
2017-10-18T00:00:00.000Z;;;;;;;;;;;;
2017-10-21T00:00:00.000Z;0.094;1.7297708333333333;0.048543750000000004;0.07583541666666667;0.08362708333333334;0.11938750000000001;0.16085625;0.17425000000000002;0.18443333333333334;0.1916604166666667;0.22009166666666666;0.15691458333333333
2017-10-23T00:00:00.000Z;0.11;1.087178571428571;0.1676821428571429;0.18091071428571429;0.18080000000000002;0.20813214285714285;0.225225;0.2288;0.25902142857142857;0.23803928571428576;0.2889178571428572;0.2255928571428572
2017-10-26T00:00:00.000Z;0.08808333333333333;0.7149583333333334;0.0430375;0.07466666666666667;0.08324166666666667;0.118275;0.16043333333333334;0.17300625;0.18925833333333333;0.19196458333333333;0.21042291666666665;0.14494583333333333
2017-10-28T00:00:00.000Z;0.08808333333333333;1.3659791666666667;0.06594166666666666;0.094775;0.10243541666666668;0.14273541666666667;0.1904729166666667;0.20380625000000002;0.21552500000000002;0.22329375;0.24831041666666667;0.1797166666666667
2017-10-31T00:00:00.000Z;;;;;;;;;;;;
2017-11-02T00:00:00.000Z;;;;;;;;;;;;
2017-11-05T00:00:00.000Z;0.08808333333333333;1.138125;0.043225;0.07389375000000001;0.08201041666666667;0.11921458333333333;0.16063750000000002;0.17183125000000002;0.18565833333333334;0.1907541666666667;0.2095020833333333;0.14429375
2017-11-07T00:00:00.000Z;0.083;0.5968541666666667;0.05624791666666667;0.0852875;0.09287916666666667;0.12906458333333334;0.18031458333333333;0.19295;0.21372916666666666;0.2121708333333333;0.23170833333333332;0.16684583333333333
2017-11-10T00:00:00.000Z;0.0770625;0.6319375;0.04409791666666667;0.06924375;0.07659583333333334;0.10992916666666668;0.15348333333333333;0.16566666666666668;0.18328333333333333;0.18145208333333335;0.20072500000000001;0.14309375000000002
2017-11-12T00:00:00.000Z;0.083;0.56;0.04705625;0.08257916666666666;0.091;0.12863333333333332;0.17885833333333334;0.192425;0.21034583333333332;0.21029583333333332;0.22307500000000002;0.15883750000000002
2017-11-15T00:00:00.000Z;0.0770625;0.38745833333333335;0.03925;0.06872708333333334;0.07678750000000001;0.11056875000000001;0.1520979166666667;0.16554166666666667;0.1847541666666667;0.18242916666666667;0.19312500000000002;0.13205208333333332
2017-11-17T00:00:00.000Z;0.099;0.8287083333333334;0.05255208333333334;0.08149583333333334;0.08709375;0.1254229166666667;0.1776916666666667;0.19405833333333333;0.20890416666666667;0.20928541666666667;0.22238125;0.15898333333333334
2017-11-20T00:00:00.000Z;0.0770625;0.5952500000000001;0.042806250000000004;0.0675375;0.07401875000000001;0.10659583333333333;0.15249791666666668;0.16628958333333332;0.18280000000000002;0.1822;0.19600416666666667;0.13617708333333334
2017-11-22T00:00:00.000Z;0.099;0.4956666666666667;0.05344583333333334;0.08787291666666666;0.09657083333333334;0.13539583333333333;0.18491458333333333;0.19903333333333334;0.21726041666666665;0.2159708333333333;0.21970416666666667;0.15599375000000001
2017-11-25T00:00:00.000Z;;;;;;;;;;;;
2017-11-27T00:00:00.000Z;;;;;;;;;;;;
2017-11-30T00:00:00.000Z;;;;;;;;;;;;
2017-12-02T00:00:00.000Z;0.0770625;0.521;0.04191666666666667;0.07505833333333334;0.08205416666666666;0.12360833333333333;0.17472916666666669;0.18621458333333332;0.20558958333333333;0.20596041666666667;0.20051458333333333;0.14095416666666669
2017-12-05T00:00:00.000Z;0.0770625;0.32989583333333333;0.03647291666666667;0.06417291666666666;0.06932083333333335;0.10376666666666667;0.15155000000000002;0.16220833333333334;0.18228333333333332;0.17778333333333332;0.17345625;0.11653333333333334
2017-12-07T00:00:00.000Z;0.094;0.43527083333333333;0.08035;0.10742083333333333;0.1144;0.15805833333333333;0.22224166666666667;0.23899375;0.26611875;0.26203333333333334;0.26837500000000003;0.20820625
2017-12-10T00:00:00.000Z;;;;;;;;;;;;
2017-12-12T00:00:00.000Z;0.083;0.44856250000000003;0.03932916666666667;0.071825;0.07815;0.11971875000000001;0.17382916666666667;0.18660208333333334;0.20752083333333332;0.2070645833333333;0.1944729166666667;0.13529791666666668
2017-12-15T00:00:00.000Z;0.08808333333333333;1.1921458333333332;0.035425000000000005;0.06311875;0.06822083333333334;0.10758958333333334;0.15415625;0.16663333333333333;0.17787916666666667;0.18079791666666667;0.17932708333333333;0.11987083333333333
2017-12-17T00:00:00.000Z;0.0770625;0.4799166666666667;0.04846458333333333;0.07367291666666667;0.07753958333333334;0.11761458333333333;0.17485625000000002;0.18806041666666667;0.20940416666666667;0.20690625;0.19666250000000002;0.13638125
2017-12-20T00:00:00.000Z;0.083;0.8629791666666666;0.042272916666666674;0.06512708333333334;0.06855416666666667;0.10370208333333333;0.15558750000000002;0.1678916666666667;0.18319583333333334;0.18397708333333335;0.17819583333333333;0.1199375
2017-12-22T00:00:00.000Z;0.0770625;0.9715;0.04161666666666667;0.07350833333333334;0.07799375;0.12017708333333334;0.17577916666666668;0.18874583333333333;0.2020375;0.20615416666666667;0.19468333333333335;0.13410625
2017-12-25T00:00:00.000Z;0.08808333333333333;0.9397291666666666;0.037725;0.06460416666666667;0.06893333333333335;0.10526458333333333;0.15290833333333334;0.16476666666666667;0.1764166666666667;0.1811479166666667;0.17043541666666667;0.11309583333333333
2017-12-27T00:00:00.000Z;0.066;0.7003478260869566;0.06753913043478262;0.09050869565217393;0.09393043478260871;0.1338608695652174;0.2002434782608696;0.2153521739130435;0.23904347826086955;0.2353260869565217;0.2244304347826087;0.15783043478260872
2017-12-30T00:00:00.000Z;0.066;1.1964583333333332;0.0437;0.06496041666666666;0.06719791666666666;0.10078333333333334;0.15035208333333333;0.1648291666666667;0.17731666666666668;0.18070208333333335;0.17878125;0.1210875
2018-01-01T00:00:00.000Z;0.07200000000000001;0.4855;0.04049166666666667;0.07345208333333333;0.07808333333333334;0.11932708333333333;0.175175;0.1880291666666667;0.20792291666666665;0.20850000000000002;0.19730833333333334;0.1352625
2018-01-04T00:00:00.000Z;0.07200000000000001;1.1018125;0.03443333333333333;0.060868750000000006;0.06585208333333334;0.10086666666666667;0.15019375000000001;0.16177916666666667;0.17375833333333335;0.17793125;0.1741541666666667;0.11437083333333332
2018-01-06T00:00:00.000Z;;;;;;;;;;;;
2018-01-09T00:00:00.000Z;;;;;;;;;;;;
2018-01-11T00:00:00.000Z;0.088;0.707;0.10540000000000001;0.1312;0.12785000000000002;0.1763;0.23120000000000002;0.2477;0.26495;0.2669;0.2501;0.1746
2018-01-14T00:00:00.000Z;;;;;;;;;;;;
2018-01-16T00:00:00.000Z;0.083;1.1003125;0.044887500000000004;0.07074166666666666;0.07300000000000001;0.11133958333333333;0.17329583333333334;0.18660625;0.20267500000000002;0.20467083333333333;0.19303333333333333;0.13216666666666668
2018-01-19T00:00:00.000Z;;;;;;;;;;;;
2018-01-21T00:00:00.000Z;0.0770625;1.1607291666666668;0.042633333333333336;0.07572708333333335;0.07922708333333334;0.12233125;0.17870625;0.19338125;0.20365833333333333;0.21172291666666665;0.20176875;0.1401291666666667
2018-01-24T00:00:00.000Z;0.083;0.647875;0.038525000000000004;0.06513125;0.06895;0.10370208333333333;0.15357500000000002;0.16620000000000001;0.1821625;0.1832666666666667;0.17296666666666669;0.11462291666666669
2018-01-26T00:00:00.000Z;0.055;0.6961458333333334;0.06215208333333334;0.0851875;0.08899375000000001;0.12661041666666667;0.18604375;0.2003;0.21962916666666665;0.21966875000000002;0.217925;0.1536729166666667
2018-01-29T00:00:00.000Z;0.11;0.9303541666666666;0.05890833333333334;0.07642083333333334;0.07733333333333334;0.11314166666666668;0.16993958333333334;0.18653541666666668;0.2000125;0.20463333333333333;0.1811375;0.11607708333333333
2018-01-31T00:00:00.000Z;0.121;0.5202916666666666;0.1670354166666667;0.19800416666666668;0.21054166666666665;0.2571645833333333;0.3184770833333333;0.33454791666666667;0.36329375;0.35958125;0.38224166666666665;0.28388125000000003
2018-02-05T00:00:00.000Z;;;;;;;;;;;;
2018-02-08T00:00:00.000Z;0.094;0.417;0.05297708333333334;0.07552500000000001;0.08001041666666667;0.11474583333333332;0.16683958333333335;0.18039166666666667;0.2008125;0.19679166666666667;0.20239791666666668;0.14313958333333332
2018-02-10T00:00:00.000Z;;;;;;;;;;;;
2018-02-13T00:00:00.000Z;0.099;0.5742291666666667;0.03564375;0.06438125;0.07022708333333334;0.10490208333333333;0.1541125;0.16702708333333333;0.18515833333333334;0.18330833333333332;0.18191666666666667;0.12279791666666667
2018-02-15T00:00:00.000Z;0.094;1.2422916666666668;0.058;0.08433333333333334;0.08850208333333334;0.12798541666666668;0.18678333333333333;0.20091250000000002;0.21434166666666665;0.21765416666666665;0.2237125;0.16073958333333332
2018-02-18T00:00:00.000Z;;;;;;;;;;;;
2018-02-20T00:00:00.000Z;0.099;1.207875;0.04849791666666667;0.08297291666666666;0.08923333333333335;0.1304354166666667;0.18961041666666667;0.2044291666666667;0.21578750000000002;0.22302708333333332;0.22641875;0.1613291666666667
2018-02-23T00:00:00.000Z;0.083;0.13691666666666666;0.04096458333333333;0.06931875;0.07662916666666666;0.10783125;0.15812291666666667;0.17254166666666668;0.19424583333333334;0.18697291666666668;0.19103125;0.13265625
2018-02-25T00:00:00.000Z;0.138;0.3577916666666667;0.06570000000000001;0.09138958333333334;0.096975;0.1328791666666667;0.19489791666666667;0.21138958333333333;0.23411041666666665;0.22866041666666667;0.23305;0.16763541666666668
2018-02-28T00:00:00.000Z;0.116;1.5934166666666667;0.05265833333333334;0.070125;0.07145833333333335;0.10554791666666669;0.15644375000000002;0.17225416666666668;0.18335833333333335;0.18950833333333333;0.17623125;0.11132500000000001
2018-03-02T00:00:00.000Z;;;;;;;;;;;;
2018-03-05T00:00:00.000Z;;;;;;;;;;;;
2018-03-07T00:00:00.000Z;0.099;0.5856041666666666;0.06906041666666667;0.10419583333333333;0.11096875;0.15440416666666668;0.22742500000000002;0.24871458333333332;0.27201458333333334;0.27203541666666664;0.28554375000000004;0.20683958333333333
2018-03-10T00:00:00.000Z;0.099;1.3553125;0.07808541666666667;0.09956666666666666;0.10350625000000001;0.14196875;0.20461875000000002;0.22489791666666667;0.24146666666666666;0.24325416666666666;0.26574166666666665;0.18558333333333332
2018-03-12T00:00:00.000Z;;;;;;;;;;;;
2018-03-15T00:00:00.000Z;;;;;;;;;;;;
2018-03-17T00:00:00.000Z;;;;;;;;;;;;
2018-03-20T00:00:00.000Z;0.099;0.47533333333333333;0.061054166666666666;0.08261875;0.08792916666666667;0.1201625;0.1767979166666667;0.1932791666666667;0.21395;0.21179791666666667;0.22082083333333333;0.15562708333333333
2018-03-22T00:00:00.000Z;0.121;0.3083125;0.060060416666666665;0.0957375;0.10398750000000001;0.14128333333333334;0.20233541666666668;0.21779791666666667;0.23980416666666665;0.23823541666666667;0.25352291666666665;0.18640625
2018-03-25T00:00:00.000Z;;;;;;;;;;;;
2018-03-27T00:00:00.000Z;0.11;1.1820416666666667;0.06814375;0.09935416666666667;0.10731458333333332;0.14465625000000001;0.207425;0.22551041666666666;0.23829166666666665;0.24284583333333332;0.2686;0.20164791666666668
2018-03-30T00:00:00.000Z;0.07200000000000001;0.9097708333333334;0.07627708333333334;0.09939375;0.10628125000000001;0.14149166666666668;0.20215208333333334;0.21946666666666667;0.2340958333333333;0.23998750000000002;0.2599020833333333;0.19019166666666668
2018-04-01T00:00:00.000Z;;;;;;;;;;;;
2018-04-04T00:00:00.000Z;0.16;0.6931666666666666;0.0578375;0.09199166666666667;0.10338750000000001;0.1408625;0.19697708333333333;0.21381666666666665;0.2292625;0.23242916666666666;0.25122500000000003;0.18044583333333333
2018-04-06T00:00:00.000Z;;;;;;;;;;;;
2018-04-09T00:00:00.000Z;;;;;;;;;;;;
2018-04-11T00:00:00.000Z;;;;;;;;;;;;
2018-04-14T00:00:00.000Z;0.094;0.6155208333333334;0.059872916666666665;0.08955208333333334;0.09930416666666667;0.1334875;0.18432500000000002;0.20061875;0.2171625;0.2181833333333333;0.23753333333333332;0.16910833333333333
2018-04-16T00:00:00.000Z;0.132;0.9923939393939394;0.08172424242424244;0.11310606060606061;0.12211818181818183;0.16316969696969696;0.23652727272727275;0.2601090909090909;0.2631060606060606;0.2807363636363637;0.2915939393939394;0.2147818181818182
2018-04-19T00:00:00.000Z;0.198;1.2084583333333332;0.07686875;0.10784166666666668;0.11800208333333333;0.15197083333333333;0.21042916666666667;0.2295833333333333;0.2424333333333333;0.24690416666666667;0.2703291666666667;0.19970000000000002
2018-04-21T00:00:00.000Z;;;;;;;;;;;;
2018-04-24T00:00:00.000Z;0.2796666666666667;1.2602708333333332;0.0561875;0.09388333333333335;0.10716250000000001;0.14450000000000002;0.19943541666666667;0.2156875;0.2278458333333333;0.2363625;0.25858125;0.18465
2018-04-26T00:00:00.000Z;;;;;;;;;;;;
2018-04-29T00:00:00.000Z;0.105;0.6924166666666667;0.07821041666666667;0.1076875;0.11935833333333333;0.15553541666666668;0.21588333333333332;0.23251875000000002;0.255375;0.2519854166666667;0.28649375;0.20950625
2018-05-01T00:00:00.000Z;0.105;0.6951458333333334;0.10994583333333333;0.13995416666666669;0.1493875;0.19055833333333333;0.2553083333333333;0.27354375000000003;0.2996375;0.29677916666666665;0.3119270833333333;0.23354166666666668
2018-05-04T00:00:00.000Z;0.083;0.9479166666666666;0.06871458333333334;0.09892708333333335;0.10963541666666668;0.14594791666666668;0.19621875;0.21204375;0.22606666666666667;0.2308333333333333;0.25957916666666664;0.18791666666666668
2018-05-06T00:00:00.000Z;0.132;1.479090909090909;0.11895;0.1529090909090909;0.16622727272727272;0.21586818181818182;0.2822636363636364;0.3038181818181818;0.3169954545454545;0.32785454545454545;0.38207272727272734;0.2854454545454545
2018-05-09T00:00:00.000Z;0.225;1.8825208333333332;0.0849125;0.1146375;0.12472916666666668;0.16423125;0.22356041666666665;0.2446145833333333;0.2541875;0.2652083333333333;0.29928125;0.2171125
2018-05-11T00:00:00.000Z;0.269;1.3635416666666669;0.07926041666666667;0.11642083333333333;0.12749583333333334;0.17208125000000002;0.23213750000000002;0.2513666666666667;0.26198958333333333;0.2726;0.3009458333333333;0.21774791666666665
2018-05-14T00:00:00.000Z;;;;;;;;;;;;
2018-05-16T00:00:00.000Z;0.132;1.3187708333333332;0.0868;0.12307291666666668;0.13647708333333333;0.17783125;0.23838958333333332;0.25824166666666665;0.2724479166666667;0.27890000000000004;0.3233729166666667;0.24675000000000002
2018-05-19T00:00:00.000Z;;;;;;;;;;;;
2018-05-21T00:00:00.000Z;0.105;1.315625;0.10256666666666668;0.14158958333333332;0.15570208333333332;0.20219375;0.2626375;0.28375;0.2967125;0.3072916666666667;0.35215416666666666;0.2603020833333333
2018-05-24T00:00:00.000Z;;;;;;;;;;;;
2018-05-26T00:00:00.000Z;;;;;;;;;;;;
2018-05-29T00:00:00.000Z;0.37727083333333333;1.7755208333333332;0.0723;0.10723125;0.11968958333333334;0.16509375;0.22180208333333332;0.24409375;0.254475;0.26700416666666665;0.3072270833333333;0.22282708333333331
2018-05-31T00:00:00.000Z;;;;;;;;;;;;
2018-06-03T00:00:00.000Z;;;;;;;;;;;;
2018-06-05T00:00:00.000Z;;;;;;;;;;;;
2018-06-08T00:00:00.000Z;0.171;1.3340243902439024;0.1234609756097561;0.15407317073170732;0.18045365853658538;0.2244121951219512;0.284309756097561;0.3137390243902439;0.28703414634146346;0.3405804878048781;0.3578829268292683;0.29319512195121955
2018-06-10T00:00:00.000Z;0.2798333333333333;1.4416875;0.08011458333333334;0.13153541666666668;0.14643333333333333;0.20083333333333334;0.26874791666666664;0.288625;0.3007708333333333;0.3132041666666667;0.35159583333333333;0.25972500000000004
2018-06-13T00:00:00.000Z;0.061;1.1838541666666669;0.07303333333333334;0.10714791666666668;0.11853541666666668;0.15650625;0.2088375;0.22481666666666666;0.23579583333333332;0.2444708333333333;0.2766645833333333;0.20210833333333333
2018-06-15T00:00:00.000Z;0.055;1.745125;0.09556041666666666;0.13325833333333334;0.14612291666666669;0.19033541666666667;0.25332083333333333;0.2767604166666667;0.28579791666666665;0.29549375;0.3398583333333333;0.2597895833333333
2018-06-18T00:00:00.000Z;0.132;1.5475833333333333;0.08156875000000001;0.11331250000000001;0.12541875;0.162325;0.21521458333333332;0.23485208333333332;0.24565416666666667;0.2528770833333333;0.28760416666666666;0.21617291666666666
2018-06-20T00:00:00.000Z;0.083;1.5088958333333333;0.0894125;0.13204375000000002;0.14571458333333334;0.19355208333333335;0.2564333333333333;0.2766395833333333;0.28805416666666667;0.30026875000000003;0.3367208333333333;0.2500958333333333
2018-06-23T00:00:00.000Z;0.11;1.3754375;0.07687916666666667;0.11123541666666668;0.12355208333333333;0.16246666666666668;0.2159208333333333;0.2326458333333333;0.24374166666666666;0.2529854166666667;0.28172916666666664;0.20398958333333334
2018-06-25T00:00:00.000Z;0.3012708333333333;1.7764583333333333;0.09886666666666667;0.14136875000000002;0.15695208333333333;0.20413541666666668;0.26953125;0.2929291666666667;0.3031625;0.3132229166666667;0.34494375;0.2597645833333333
2018-06-28T00:00:00.000Z;;;;;;;;;;;;
2018-06-30T00:00:00.000Z;0.269;2.1083541666666665;0.08919791666666667;0.1357479166666667;0.15232291666666667;0.20179375000000002;0.26426875;0.2844291666666667;0.29104583333333334;0.30814583333333334;0.34144375;0.2499875
2018-07-03T00:00:00.000Z;0.19233333333333333;1.1639375;0.07223750000000001;0.11131458333333333;0.12701666666666667;0.1653291666666667;0.21619375000000002;0.2356125;0.24875;0.25664166666666666;0.2849625;0.20509375000000002
2018-07-05T00:00:00.000Z;0.055;1.514625;0.09572291666666667;0.13325;0.146425;0.19262708333333334;0.2536833333333333;0.2748;0.2871208333333333;0.2940395833333333;0.3382354166666667;0.25849791666666666
2018-07-08T00:00:00.000Z;0.247;1.23425;0.066125;0.10411458333333333;0.11931041666666668;0.15876041666666668;0.21071666666666666;0.23030625000000002;0.24488333333333331;0.2501541666666667;0.287425;0.21338541666666666
2018-07-10T00:00:00.000Z;0.08808333333333333;1.1485416666666668;0.0919625;0.1350875;0.1498479166666667;0.19860625;0.25587291666666667;0.27446875000000004;0.2890520833333333;0.2970729166666667;0.3377125;0.25060208333333334
2018-07-13T00:00:00.000Z;0.4042708333333333;2.157979166666667;0.07771041666666667;0.12659166666666669;0.1476875;0.19196458333333333;0.24037291666666666;0.26047291666666667;0.26434583333333334;0.28458125;0.3056333333333333;0.21652708333333331
2018-07-15T00:00:00.000Z;0.2798333333333333;2.0529166666666665;0.10495208333333333;0.15115416666666667;0.1692375;0.21735416666666665;0.2766895833333333;0.30249791666666664;0.3084875;0.32326875;0.35716041666666665;0.2662375
2018-07-18T00:00:00.000Z;0.269;1.5789583333333332;0.07615208333333334;0.11483750000000001;0.13170416666666668;0.17143541666666667;0.22086666666666666;0.24050833333333332;0.25022500000000003;0.25931041666666665;0.294375;0.2182958333333333
2018-07-20T00:00:00.000Z;0.3770833333333333;1.3561041666666667;0.07931041666666666;0.13867291666666667;0.16443125;0.21653125;0.27611250000000004;0.2992833333333333;0.30992916666666664;0.3234020833333333;0.3539041666666667;0.2568625
2018-07-23T00:00:00.000Z;0.105;1.620875;0.07226458333333334;0.10714583333333333;0.12245625;0.16421458333333333;0.2086083333333333;0.22421041666666666;0.2340583333333333;0.24659583333333332;0.27984791666666664;0.19801875000000002
2018-07-25T00:00:00.000Z;0.149;1.1968750000000001;0.09478541666666666;0.13565625;0.15250625;0.20018750000000002;0.2541541666666667;0.2754145833333333;0.29156875;0.2972458333333333;0.34131666666666666;0.25577916666666667
2018-07-28T00:00:00.000Z;0.094;0.9367083333333334;0.07455625;0.10806875;0.12363750000000001;0.16087291666666667;0.20640208333333332;0.223275;0.23973333333333333;0.24214375000000002;0.28354375000000004;0.20829166666666665
2018-07-30T00:00:00.000Z;0.083;1.1685625;0.09116666666666667;0.13491458333333334;0.15357916666666668;0.20168750000000002;0.25019583333333334;0.2682895833333333;0.2829645833333333;0.29100625;0.33367291666666665;0.24551250000000002
2018-08-02T00:00:00.000Z;0.11;1.673125;0.07788958333333335;0.11297916666666669;0.12798541666666668;0.16834375000000001;0.20849791666666667;0.22422291666666666;0.23325;0.24467916666666667;0.27973750000000003;0.19935833333333333
2018-08-04T00:00:00.000Z;0.187;1.8027083333333334;0.09530000000000001;0.13644375;0.1534;0.20259583333333334;0.25316875;0.27484375;0.28367291666666666;0.29585;0.34139375;0.25314375
2018-08-07T00:00:00.000Z;0.3285;2.219833333333333;0.08171875;0.12045625;0.13929166666666667;0.18205625;0.2253895833333333;0.24673541666666665;0.25272916666666667;0.2672958333333333;0.300725;0.218125
2018-08-09T00:00:00.000Z;0.066;1.7756875;0.08885625;0.129275;0.14441875;0.19425208333333333;0.24128750000000002;0.2586458333333333;0.267775;0.28331875;0.31372083333333334;0.22365625
2018-08-12T00:00:00.000Z;0.11;2.161145833333333;0.07408541666666667;0.10970833333333332;0.12384375;0.16652083333333334;0.20628541666666667;0.2221625;0.22814583333333333;0.24376666666666666;0.27659791666666667;0.19392916666666668
2018-08-14T00:00:00.000Z;0.171;2.091583333333333;0.08924791666666666;0.13070208333333333;0.1459541666666667;0.19615833333333332;0.24545;0.26555833333333334;0.27390000000000003;0.2863958333333333;0.33151250000000004;0.24546875
2018-08-17T00:00:00.000Z;0.3178958333333333;2.533333333333333;0.08189791666666667;0.11860416666666668;0.1358;0.18964166666666668;0.24544791666666665;0.2712375;0.28165;0.30367500000000003;0.3433729166666667;0.24096250000000002
2018-08-19T00:00:00.000Z;;;;;;;;;;;;
2018-08-22T00:00:00.000Z;0.187;1.9840208333333333;0.07064166666666667;0.10610208333333333;0.11969583333333333;0.16234791666666668;0.20281458333333333;0.2167458333333333;0.2242833333333333;0.23742916666666666;0.2676645833333333;0.18886041666666667
2018-08-24T00:00:00.000Z;0.22;1.7868541666666669;0.08397083333333334;0.12387291666666668;0.1393666666666667;0.1889354166666667;0.23841666666666667;0.2593395833333333;0.26883541666666666;0.2805625;0.322625;0.23706041666666666
2018-08-27T00:00:00.000Z;0.198;2.011791666666667;0.06745625000000001;0.09976458333333334;0.11391666666666668;0.15660833333333332;0.19840833333333333;0.2161833333333333;0.22497083333333331;0.23548750000000002;0.27049791666666667;0.19375208333333332
2018-08-29T00:00:00.000Z;0.19233333333333333;2.0536250000000003;0.07984791666666667;0.12439791666666668;0.14095416666666669;0.19254375;0.24125416666666666;0.2589854166666667;0.26431041666666666;0.2824770833333333;0.31527916666666667;0.22575416666666667
2018-09-01T00:00:00.000Z;0.19233333333333333;2.334270833333333;0.06834583333333334;0.10430625;0.116925;0.16276041666666669;0.20188125;0.21781875;0.2224958333333333;0.23851250000000002;0.26639583333333333;0.18482291666666667
2018-09-03T00:00:00.000Z;0.46935000000000004;1.976975;0.053605;0.10565750000000002;0.12963;0.1759425;0.2285225;0.2549775;0.25595;0.2801675;0.30215250000000005;0.22279000000000002
2018-09-06T00:00:00.000Z;;;;;;;;;;;;
2018-09-08T00:00:00.000Z;;;;;;;;;;;;
2018-09-11T00:00:00.000Z;;;;;;;;;;;;
2018-09-13T00:00:00.000Z;0.19233333333333333;2.1405833333333333;0.0752125;0.11105208333333333;0.11766666666666668;0.16629166666666667;0.22073541666666666;0.23992916666666667;0.24558333333333332;0.25819791666666664;0.28516041666666664;0.2098875
2018-09-16T00:00:00.000Z;0.16;2.1546041666666667;0.05995833333333334;0.08964583333333334;0.09663333333333333;0.13635625;0.18455625;0.2020604166666667;0.2076875;0.21739791666666666;0.24262916666666667;0.17601458333333334
2018-09-18T00:00:00.000Z;;;;;;;;;;;;
2018-09-21T00:00:00.000Z;0.14300000000000002;2.0161041666666666;0.056143750000000006;0.08688333333333334;0.09487291666666667;0.132225;0.17902291666666667;0.19472708333333333;0.2007625;0.21385833333333332;0.23646666666666666;0.16617291666666667
2018-09-23T00:00:00.000Z;0.16;2.2684375;0.07216875;0.10513750000000001;0.11202916666666668;0.15380625;0.2134;0.2328833333333333;0.236375;0.24874791666666665;0.27927291666666665;0.20795625
2018-09-26T00:00:00.000Z;;;;;;;;;;;;
2018-09-28T00:00:00.000Z;0.055;1.0070416666666666;0.06833333333333334;0.10286250000000001;0.11083958333333332;0.1522125;0.20760208333333333;0.22435833333333333;0.23739791666666665;0.24361666666666668;0.26641458333333334;0.19286250000000002
2018-10-01T00:00:00.000Z;0.165;1.5546458333333333;0.05803125;0.08803125;0.09589791666666667;0.13266875;0.1798604166666667;0.19451458333333332;0.20468333333333333;0.21229583333333332;0.23404375000000002;0.16475416666666667
2018-10-03T00:00:00.000Z;0.11;1.4897083333333332;0.06846666666666666;0.10020416666666666;0.10838541666666668;0.14901041666666667;0.20431458333333333;0.22328958333333332;0.23359791666666666;0.2419208333333333;0.2687645833333333;0.20026875000000002
2018-10-06T00:00:00.000Z;0.132;1.4720833333333332;0.060675;0.08625833333333334;0.09325833333333335;0.12796875000000002;0.17425000000000002;0.19135000000000002;0.2006666666666667;0.20662708333333332;0.23219583333333332;0.16803125000000002
2018-10-08T00:00:00.000Z;0.127;1.3408333333333333;0.06579375;0.10268541666666668;0.11153125;0.1540541666666667;0.21152500000000002;0.22770625;0.23700416666666665;0.2467895833333333;0.2694666666666667;0.19449583333333334
2018-10-11T00:00:00.000Z;;;;;;;;;;;;
2018-10-13T00:00:00.000Z;0.116;1.8507708333333333;0.06265625;0.09379166666666666;0.09933125000000001;0.14071250000000002;0.19688750000000002;0.21602708333333331;0.22311041666666667;0.2325145833333333;0.2564;0.1874125
2018-10-16T00:00:00.000Z;0.11;1.7415625000000001;0.05215208333333334;0.07752916666666666;0.08383541666666666;0.11911250000000001;0.16825833333333334;0.18457708333333334;0.19271666666666668;0.2001166666666667;0.2243895833333333;0.16149166666666667
2018-10-18T00:00:00.000Z;;;;;;;;;;;;
2018-10-21T00:00:00.000Z;;;;;;;;;;;;
2018-10-23T00:00:00.000Z;;;;;;;;;;;;
2018-10-26T00:00:00.000Z;0.14300000000000002;0.8395;0.0273625;0.04609375;0.05131666666666666;0.07085208333333334;0.10161875000000001;0.1114;0.11929166666666668;0.12178125000000001;0.11897708333333333;0.08843541666666667
2018-10-28T00:00:00.000Z;;;;;;;;;;;;
2018-10-31T00:00:00.000Z;;;;;;;;;;;;
2018-11-02T00:00:00.000Z;;;;;;;;;;;;
2018-11-05T00:00:00.000Z;;;;;;;;;;;;
2018-11-07T00:00:00.000Z;0.08808333333333333;1.4956875;0.049275;0.08423541666666667;0.08700833333333334;0.13103125000000002;0.1884375;0.20450416666666668;0.2123395833333333;0.2213083333333333;0.2232125;0.1580416666666667
2018-11-10T00:00:00.000Z;;;;;;;;;;;;
2018-11-12T00:00:00.000Z;;;;;;;;;;;;
2018-11-15T00:00:00.000Z;;;;;;;;;;;;
2018-11-17T00:00:00.000Z;;;;;;;;;;;;
2018-11-20T00:00:00.000Z;;;;;;;;;;;;
2018-11-22T00:00:00.000Z;;;;;;;;;;;;
2018-11-25T00:00:00.000Z;0.0770625;1.2843125;0.0391875;0.059735416666666666;0.05972708333333334;0.09322708333333334;0.14906250000000001;0.16371666666666668;0.17452916666666668;0.17974583333333333;0.17425625;0.11562916666666669
2018-11-27T00:00:00.000Z;0.08808333333333333;0.5827708333333333;0.047933333333333335;0.07819375;0.08302291666666667;0.12143333333333334;0.18438125;0.1996041666666667;0.21581041666666667;0.2188770833333333;0.20557291666666666;0.14577083333333332
2018-11-30T00:00:00.000Z;0.07200000000000001;0.7603125000000001;0.037443750000000005;0.061622916666666666;0.06322291666666667;0.097125;0.15231875;0.165875;0.18102916666666669;0.18228958333333334;0.1749541666666667;0.1173125
2018-12-02T00:00:00.000Z;;;;;;;;;;;;
2018-12-05T00:00:00.000Z;0.061;0.9405625;0.038158333333333336;0.05895833333333334;0.06102708333333334;0.09098541666666667;0.149375;0.16640625;0.17932916666666668;0.17982708333333333;0.17507916666666667;0.11847291666666668
2018-12-07T00:00:00.000Z;0.07200000000000001;0.39970833333333333;0.03815625;0.0676375;0.06914375;0.10763958333333333;0.17589583333333333;0.19207291666666668;0.2102770833333333;0.20765;0.18944166666666667;0.12910625
2018-12-10T00:00:00.000Z;;;;;;;;;;;;
2018-12-12T00:00:00.000Z;0.0770625;0.9180416666666666;0.05118958333333334;0.07242291666666667;0.07139583333333334;0.1081125;0.17460833333333334;0.19338750000000002;0.2085520833333333;0.21268958333333332;0.19397916666666667;0.1338541666666667
2018-12-15T00:00:00.000Z;0.055;1.3672291666666667;0.05300833333333334;0.07039375;0.07081458333333335;0.09817916666666666;0.15171041666666668;0.16813541666666668;0.17630833333333334;0.1827166666666667;0.16779583333333334;0.11475416666666668
2018-12-17T00:00:00.000Z;0.07200000000000001;0.4756875;0.0377125;0.06564791666666667;0.06837916666666667;0.10512083333333333;0.17348333333333332;0.19263125;0.21135625000000002;0.2110145833333333;0.18643125000000002;0.1262
2018-12-20T00:00:00.000Z;0.07200000000000001;1.1150416666666667;0.03465208333333333;0.057350000000000005;0.05964791666666667;0.09273541666666667;0.153;0.16724166666666668;0.17788333333333334;0.18291666666666667;0.16588541666666667;0.10953541666666668
2018-12-25T00:00:00.000Z;0.055;0.5100833333333333;0.0477375;0.06491666666666666;0.06424791666666667;0.08936041666666666;0.14385208333333332;0.15849583333333334;0.17567083333333333;0.17221458333333334;0.15722916666666667;0.10728333333333333
2018-12-27T00:00:00.000Z;;;;;;;;;;;;
2018-12-30T00:00:00.000Z;0.0770625;0.6064791666666667;0.030508333333333332;0.055091666666666664;0.05689375;0.09078958333333334;0.14964583333333334;0.16662291666666668;0.18133333333333335;0.18189583333333334;0.16094166666666668;0.10398541666666668
2019-01-01T00:00:00.000Z;0.066;0.383625;0.04811666666666667;0.06950833333333334;0.07122708333333334;0.10582083333333334;0.1768604166666667;0.19424583333333334;0.2174125;0.21308541666666667;0.19317916666666668;0.13272708333333333
2019-01-04T00:00:00.000Z;0.061;0.3164375;0.03911041666666667;0.059275;0.06028333333333334;0.0884125;0.15030208333333334;0.16562291666666668;0.187475;0.18190416666666667;0.16490208333333334;0.11025833333333333
2019-01-06T00:00:00.000Z;0.07200000000000001;0.4239583333333333;0.041177083333333336;0.06917916666666667;0.07130416666666667;0.10884375;0.17721875;0.19549166666666667;0.21414375000000002;0.21263125000000002;0.18908958333333334;0.12994166666666668
2019-01-09T00:00:00.000Z;0.061;0.6463541666666667;0.02975416666666667;0.05529791666666667;0.0591375;0.08913541666666666;0.15000208333333334;0.16527916666666667;0.1803375;0.18300208333333334;0.16539791666666667;0.10965000000000001
2019-01-11T00:00:00.000Z;0.07200000000000001;0.2961666666666667;0.04986041666666667;0.07181666666666667;0.07383125;0.10681458333333334;0.17823750000000002;0.19633333333333333;0.22134791666666667;0.2139333333333333;0.19342083333333335;0.13677916666666667
2019-01-16T00:00:00.000Z;0.099;0.8613333333333334;0.04641041666666667;0.07194791666666667;0.07526666666666666;0.11327708333333333;0.17849375;0.19575416666666667;0.20988125000000002;0.21500208333333332;0.1889104166666667;0.12738333333333332
2019-01-19T00:00:00.000Z;0.0770625;0.6466666666666666;0.03856875;0.06184583333333334;0.06695000000000001;0.09748541666666667;0.155675;0.17166041666666668;0.18715416666666668;0.18767083333333334;0.17146041666666667;0.11458333333333333
2019-01-21T00:00:00.000Z;0.0770625;0.7105833333333333;0.049218750000000006;0.07255416666666667;0.07623333333333335;0.11079166666666668;0.17732916666666668;0.19690833333333332;0.21553750000000002;0.21551041666666665;0.20056458333333332;0.13953125
2019-01-24T00:00:00.000Z;;;;;;;;;;;;
2019-01-26T00:00:00.000Z;0.07200000000000001;0.5108333333333334;0.04152916666666667;0.07106875;0.07529166666666667;0.11078125000000001;0.17826875;0.19593750000000001;0.21591458333333333;0.21684375;0.1975375;0.13723333333333335
2019-01-29T00:00:00.000Z;0.08808333333333333;1.06225;0.04619583333333333;0.07412500000000001;0.07905625000000001;0.11568541666666668;0.17949375;0.19928125000000002;0.21350000000000002;0.2179020833333333;0.20135208333333335;0.13750208333333333
2019-01-31T00:00:00.000Z;0.055;1.4985208333333333;0.0702;0.073675;0.07284583333333335;0.09254583333333334;0.13021458333333333;0.14459166666666667;0.1552375;0.15490833333333334;0.15049583333333333;0.10337708333333333
2019-02-03T00:00:00.000Z;0.07200000000000001;0.37093750000000003;0.04369791666666667;0.0638625;0.06974375000000001;0.098425;0.15435625;0.172525;0.19325833333333334;0.18810625;0.18593125000000002;0.13019166666666668
2019-02-05T00:00:00.000Z;0.0770625;0.8515208333333334;0.04442083333333333;0.0748;0.08030000000000001;0.11596458333333333;0.18205000000000002;0.19914583333333333;0.2139708333333333;0.21750208333333332;0.209375;0.14689375000000002
2019-02-08T00:00:00.000Z;0.07200000000000001;0.517375;0.040537500000000004;0.06494375000000001;0.06980625;0.10085625000000001;0.1552791666666667;0.1706666666666667;0.18973333333333334;0.18848333333333334;0.18140416666666667;0.12171666666666668
2019-02-10T00:00:00.000Z;0.105;0.6465416666666667;0.06395;0.08753333333333334;0.09329375000000001;0.12400416666666668;0.18578750000000002;0.2048125;0.22239166666666665;0.22313333333333332;0.21347916666666666;0.15432291666666667
2019-02-13T00:00:00.000Z;0.07200000000000001;0.49164583333333334;0.049308333333333336;0.07085833333333334;0.07715000000000001;0.10733125;0.16618333333333332;0.18491458333333333;0.206125;0.20346666666666668;0.19906458333333332;0.14122083333333332
2019-02-15T00:00:00.000Z;;;;;;;;;;;;
2019-02-18T00:00:00.000Z;0.187;0.751;0.08368;0.11268;0.12576;0.15458;0.20516;0.21954;0.23716;0.2386;0.25442;0.1829
2019-02-20T00:00:00.000Z;0.121;0.6604166666666667;0.062575;0.08736458333333334;0.09331666666666667;0.12619166666666667;0.19308541666666668;0.21202916666666666;0.23150625000000002;0.23015416666666666;0.22995000000000002;0.16427708333333332
2019-02-23T00:00:00.000Z;0.083;0.26677083333333335;0.050008333333333335;0.07355416666666667;0.08069166666666666;0.10858958333333334;0.1625125;0.18040833333333334;0.2024291666666667;0.19649375000000002;0.20350833333333335;0.1435604166666667
2019-02-25T00:00:00.000Z;0.105;0.475875;0.05315416666666666;0.08459583333333334;0.09203958333333334;0.12992916666666668;0.19297083333333334;0.21093541666666665;0.23131875000000002;0.23065833333333333;0.2306895833333333;0.16371666666666668
2019-02-28T00:00:00.000Z;0.083;0.3771875;0.05354375;0.07976666666666667;0.08670833333333335;0.11457291666666668;0.16274375000000002;0.17816041666666668;0.19591666666666668;0.19646875;0.19742083333333332;0.1414541666666667
2019-03-02T00:00:00.000Z;0.0770625;0.5325208333333333;0.07610833333333335;0.10005416666666667;0.10880000000000001;0.14423750000000002;0.2069645833333333;0.2266395833333333;0.2461;0.24710833333333332;0.24942291666666666;0.18403541666666667
2019-03-05T00:00:00.000Z;0.127;1.4898541666666667;0.06171041666666666;0.08175416666666667;0.08767083333333334;0.11740833333333334;0.17172500000000002;0.1896729166666667;0.20034583333333333;0.20528333333333332;0.21890833333333332;0.15469166666666667
2019-03-07T00:00:00.000Z;0.05;0.5229583333333334;0.066625;0.09677083333333335;0.1054625;0.14007291666666669;0.20051875000000002;0.21897916666666667;0.23721250000000002;0.23693541666666668;0.24727916666666666;0.17796041666666668
2019-03-10T00:00:00.000Z;0.0770625;0.8853125000000001;0.05322083333333334;0.07889791666666666;0.08771458333333335;0.118825;0.16774583333333334;0.18565208333333333;0.19945833333333335;0.20253333333333334;0.2143520833333333;0.14787916666666667
2019-03-12T00:00:00.000Z;0.116;0.8687291666666667;0.07003958333333334;0.09746458333333334;0.10711458333333333;0.14397500000000002;0.20405416666666668;0.22394791666666666;0.24171041666666665;0.2441833333333333;0.25995416666666665;0.18923958333333332
2019-03-15T00:00:00.000Z;0.0770625;0.6096458333333333;0.05485833333333334;0.07927708333333335;0.08980625;0.11955;0.17008333333333334;0.18632916666666668;0.2055833333333333;0.2031375;0.22484166666666666;0.16265000000000002
2019-03-17T00:00:00.000Z;0.121;0.7094375;0.06719583333333334;0.10011875;0.1131;0.14985625;0.20708541666666666;0.22673333333333331;0.24275416666666666;0.2459208333333333;0.2637395833333333;0.19152291666666668
2019-03-20T00:00:00.000Z;;;;;;;;;;;;
2019-03-22T00:00:00.000Z;;;;;;;;;;;;
2019-03-25T00:00:00.000Z;0.08808333333333333;0.600875;0.06407708333333334;0.08976666666666666;0.10156458333333335;0.13177916666666667;0.18019375;0.19723125;0.2154333333333333;0.2151125;0.23932916666666668;0.17335833333333334
2019-03-27T00:00:00.000Z;0.14300000000000002;0.4117291666666667;0.06770000000000001;0.10391041666666669;0.11904583333333334;0.15528958333333334;0.2134208333333333;0.23265208333333331;0.25443750000000004;0.2543333333333333;0.27325208333333334;0.19850833333333334
2019-03-30T00:00:00.000Z;0.198;1.0315833333333333;0.05405416666666667;0.08625625;0.10096458333333334;0.13514375;0.18291458333333332;0.19975208333333333;0.21378750000000002;0.22014166666666665;0.24028750000000001;0.16857291666666668
2019-04-01T00:00:00.000Z;;;;;;;;;;;;
2019-04-04T00:00:00.000Z;0.08808333333333333;0.49877083333333333;0.05794583333333334;0.08589375;0.09696458333333334;0.12641875;0.1765479166666667;0.19179791666666668;0.21176666666666666;0.20972708333333331;0.23437291666666665;0.17158333333333334
2019-04-06T00:00:00.000Z;;;;;;;;;;;;
2019-04-09T00:00:00.000Z;;;;;;;;;;;;
2019-04-11T00:00:00.000Z;0.116;0.634125;0.07010625000000001;0.10229791666666667;0.11411041666666669;0.15200208333333334;0.2120645833333333;0.23084375000000001;0.25115208333333333;0.25108541666666667;0.27368333333333333;0.19913958333333334
2019-04-14T00:00:00.000Z;0.055;1.1627708333333333;0.06718125;0.08945416666666667;0.09792708333333335;0.12485833333333334;0.16763333333333333;0.18281875;0.19198333333333334;0.196475;0.21525208333333332;0.16041875
2019-04-16T00:00:00.000Z;0.127;0.6074791666666667;0.07246458333333335;0.11134583333333332;0.12510416666666668;0.16641875;0.2264958333333333;0.24449166666666666;0.26327708333333333;0.26632083333333334;0.2933875;0.21512291666666666
2019-04-19T00:00:00.000Z;;;;;;;;;;;;
2019-04-21T00:00:00.000Z;;;;;;;;;;;;
2019-04-24T00:00:00.000Z;0.116;1.0620208333333332;0.057229166666666664;0.08315;0.09290208333333334;0.12495416666666669;0.17538333333333334;0.19163750000000002;0.20505416666666665;0.2085958333333333;0.23092291666666667;0.16593958333333333
2019-04-26T00:00:00.000Z;0.121;0.713125;0.07146666666666666;0.10872708333333334;0.12061875000000001;0.161525;0.2212458333333333;0.2394770833333333;0.25595625;0.25900833333333334;0.2848395833333333;0.21027083333333332
2019-04-29T00:00:00.000Z;0.132;1.0681041666666669;0.08145833333333334;0.11064583333333333;0.12013958333333333;0.15534375;0.2073875;0.2243645833333333;0.23850833333333332;0.2421125;0.26433125;0.19285208333333334
2019-05-01T00:00:00.000Z;;;;;;;;;;;;
2019-05-04T00:00:00.000Z;0.094;0.7080625;0.06457291666666666;0.09373125;0.10478333333333333;0.13629375000000002;0.190775;0.20701041666666667;0.22492916666666665;0.22524375000000002;0.2551625;0.19083958333333334
2019-05-06T00:00:00.000Z;;;;;;;;;;;;
2019-05-09T00:00:00.000Z;0.121;1.8901041666666667;0.08443958333333335;0.11415833333333333;0.12335833333333333;0.16200208333333332;0.21904791666666668;0.23783541666666666;0.24405000000000002;0.2576125;0.28115;0.20351458333333333
2019-05-11T00:00:00.000Z;0.116;1.5509375;0.08643958333333335;0.12240625000000001;0.13451875000000002;0.17548125;0.2394583333333333;0.2614458333333333;0.2723583333333333;0.28012291666666667;0.31627916666666667;0.24159375000000002
2019-05-14T00:00:00.000Z;0.08808333333333333;0.8110625;0.07016875;0.09924583333333334;0.11145208333333333;0.14461875000000002;0.19956458333333332;0.2171833333333333;0.2345708333333333;0.23524166666666665;0.26510416666666664;0.1987604166666667
2019-05-16T00:00:00.000Z;0.16;1.4566458333333332;0.08843958333333334;0.12689375;0.13900625;0.184;0.2486875;0.26878125;0.27857916666666666;0.28959583333333333;0.3163125;0.23390625
2019-05-19T00:00:00.000Z;0.055;0.8200416666666667;0.08515625;0.11646458333333333;0.12467291666666667;0.1628541666666667;0.2210333333333333;0.23911458333333332;0.25524166666666664;0.2582875;0.27935625000000003;0.2009875
2019-05-24T00:00:00.000Z;;;;;;;;;;;;
2019-05-26T00:00:00.000Z;0.083;1.3138333333333332;0.08723333333333334;0.12789166666666668;0.13980416666666667;0.1855166666666667;0.2510354166666667;0.27005;0.2810916666666667;0.29217291666666667;0.3233770833333333;0.2392895833333333
2019-05-29T00:00:00.000Z;0.094;0.8617916666666666;0.06621875;0.09955208333333335;0.11187708333333334;0.14882916666666668;0.20030208333333333;0.21819166666666667;0.23284166666666667;0.23725833333333332;0.2643520833333333;0.19270416666666668
2019-05-31T00:00:00.000Z;0.127;1.0190000000000001;0.09039791666666666;0.12896666666666667;0.1423875;0.18565625000000002;0.2525375;0.27311250000000004;0.28958541666666665;0.2937416666666667;0.3282375;0.2501333333333333
2019-06-03T00:00:00.000Z;0.127;1.2478333333333333;0.078975;0.10909583333333334;0.12145208333333334;0.15663333333333335;0.21159583333333332;0.23032916666666667;0.241925;0.24726250000000002;0.2791020833333333;0.21079375
2019-06-05T00:00:00.000Z;;;;;;;;;;;;
2019-06-08T00:00:00.000Z;0.187;1.8035833333333333;0.07671666666666667;0.11390208333333333;0.12784375;0.168725;0.22056250000000002;0.23854375;0.24636666666666665;0.2593083333333333;0.29334791666666665;0.21161875000000002
2019-06-13T00:00:00.000Z;0.231;1.9102708333333334;0.08170000000000001;0.11583541666666668;0.1311041666666667;0.16960625000000001;0.22050625000000001;0.24069166666666666;0.24885000000000002;0.26055625;0.2938875;0.21779166666666666
2019-06-15T00:00:00.000Z;0.05;0.716375;0.09027291666666666;0.13220625;0.14870208333333335;0.19176875000000002;0.24965833333333332;0.26808125;0.2874791666666667;0.2909541666666667;0.3311354166666667;0.24723541666666665
2019-06-18T00:00:00.000Z;0.11;0.9580625;0.06834375000000001;0.10461458333333333;0.11938333333333333;0.15588958333333333;0.20313125;0.2202583333333333;0.23396666666666666;0.2401708333333333;0.27532291666666664;0.19834583333333333
2019-06-20T00:00:00.000Z;0.11;1.131125;0.09598333333333334;0.13678125;0.15420625000000002;0.19745625;0.2552041666666667;0.27594583333333333;0.2928708333333333;0.29713541666666665;0.34242500000000003;0.26046458333333333
2019-06-23T00:00:00.000Z;0.14300000000000002;1.3185208333333334;0.07469791666666667;0.10766666666666667;0.1238125;0.15849166666666667;0.20676250000000002;0.22509791666666668;0.23767916666666666;0.24482083333333332;0.28601041666666666;0.21365208333333333
2019-06-25T00:00:00.000Z;0.132;1.6198125;0.09368125000000001;0.13743750000000002;0.1568041666666667;0.20266458333333334;0.2548375;0.2748291666666667;0.28415625;0.29696041666666667;0.3406895833333333;0.2516333333333333
2019-06-28T00:00:00.000Z;0.176;1.3246041666666668;0.07855208333333334;0.11552708333333334;0.1353875;0.17250625;0.215975;0.2333;0.24474166666666666;0.2544854166666667;0.28902083333333334;0.2072770833333333
2019-06-30T00:00:00.000Z;0.176;1.0683333333333334;0.09883750000000001;0.14022291666666667;0.1599875;0.20266458333333334;0.25584375000000004;0.27719375;0.2947333333333333;0.2991666666666667;0.34580625000000004;0.2615520833333333
2019-07-03T00:00:00.000Z;0.16;1.3036041666666667;0.07468541666666667;0.10766250000000001;0.12553958333333334;0.16141250000000001;0.20582083333333331;0.22281666666666666;0.23732083333333331;0.24450208333333331;0.28852916666666667;0.2119083333333333
2019-07-05T00:00:00.000Z;0.2792291666666667;1.9511041666666669;0.08898333333333334;0.140675;0.16435208333333334;0.21136041666666666;0.26381666666666664;0.28325;0.28997083333333334;0.30706875;0.3487895833333333;0.25389375000000003
2019-07-08T00:00:00.000Z;;;;;;;;;;;;
2019-07-10T00:00:00.000Z;0.127;1.3514375;0.0973625;0.13762708333333334;0.15623125000000002;0.19955833333333334;0.2519166666666667;0.2712645833333333;0.2857854166666667;0.29395625000000003;0.34325833333333333;0.258125
2019-07-13T00:00:00.000Z;;;;;;;;;;;;
2019-07-15T00:00:00.000Z;0.127;1.9073125;0.08977291666666666;0.1360375;0.15820416666666667;0.2066083333333333;0.25498750000000003;0.27283541666666666;0.28102916666666666;0.29630416666666665;0.34596875;0.2517395833333333
2019-07-18T00:00:00.000Z;0.11;1.925125;0.08062708333333334;0.11428541666666668;0.1323625;0.17042708333333334;0.20975416666666666;0.2242958333333333;0.23090833333333333;0.24355833333333332;0.28295625;0.20057291666666668
2019-07-20T00:00:00.000Z;0.414125;2.098270833333333;0.0883125;0.12794166666666668;0.14885;0.1864875;0.2287520833333333;0.2502979166666667;0.2549895833333333;0.26915416666666664;0.2931166666666667;0.20628333333333332
2019-07-23T00:00:00.000Z;0.307;1.6344375;0.07570625;0.11462916666666668;0.13681666666666667;0.1750229166666667;0.2168625;0.23681041666666666;0.24659166666666665;0.25729583333333333;0.2975791666666667;0.21784583333333332
2019-07-25T00:00:00.000Z;0.22;1.5827291666666667;0.09025000000000001;0.13698333333333335;0.15955;0.20749375;0.25432916666666666;0.27260833333333334;0.2820770833333333;0.29726875;0.33903541666666664;0.24696458333333332
2019-07-28T00:00:00.000Z;0.176;1.666;0.07;0.1114;0.11706666666666668;0.17513333333333334;0.21936666666666665;0.2406;0.24653333333333333;0.2667;0.2687333333333333;0.18156666666666668
2019-07-30T00:00:00.000Z;0.187;1.3216041666666667;0.09730208333333334;0.138275;0.15874166666666667;0.20345000000000002;0.2512645833333333;0.27122708333333334;0.28539375;0.29366875000000003;0.3370270833333333;0.2493395833333333
2019-08-02T00:00:00.000Z;0.099;1.7766250000000001;0.07999166666666667;0.10982083333333333;0.1290875;0.16758541666666668;0.20498750000000002;0.22163125;0.2316333333333333;0.2418395833333333;0.28280625000000004;0.2048583333333333
2019-08-04T00:00:00.000Z;0.225;1.4748958333333333;0.08556041666666667;0.13304583333333334;0.15569791666666669;0.20526041666666667;0.25313541666666667;0.2699333333333333;0.28144375;0.2954625;0.3352145833333333;0.2404208333333333
2019-08-07T00:00:00.000Z;;;;;;;;;;;;
2019-08-09T00:00:00.000Z;0.061;0.6237083333333334;0.09345416666666667;0.13350416666666667;0.15442083333333334;0.19764375;0.24366875000000002;0.26174166666666665;0.28460625;0.2862104166666667;0.33082500000000004;0.24460625000000003
2019-08-12T00:00:00.000Z;0.18183720930232558;0.6973255813953488;0.1282186046511628;0.14516279069767446;0.17266046511627908;0.21778837209302324;0.27108604651162793;0.30246744186046515;0.29846046511627905;0.3339651162790697;0.33557441860465115;0.261093023255814
2019-08-14T00:00:00.000Z;0.214;1.8171666666666668;0.08261875;0.12957083333333333;0.15263333333333334;0.20286041666666668;0.24730833333333332;0.2644270833333333;0.27333541666666666;0.28886666666666666;0.32655416666666665;0.2322520833333333
2019-08-17T00:00:00.000Z;0.23600000000000002;1.8623125;0.06399791666666667;0.10293125;0.12283125;0.16566875;0.20356458333333333;0.2188145833333333;0.22820833333333332;0.24049791666666667;0.27603125;0.19177291666666668
2019-08-19T00:00:00.000Z;0.23600000000000002;1.725625;0.08514583333333334;0.1289625;0.15023958333333334;0.19943333333333332;0.24499166666666666;0.2637;0.2746645833333333;0.2857604166666667;0.3302895833333333;0.2418958333333333
2019-08-22T00:00:00.000Z;0.231;1.7304166666666667;0.06041041666666667;0.09626666666666667;0.11352916666666668;0.15577291666666668;0.19506041666666668;0.21121875;0.22036250000000002;0.23048125;0.2626125;0.18656250000000002
2019-08-24T00:00:00.000Z;0.22;1.2047291666666669;0.07465208333333334;0.1203125;0.1388916666666667;0.18942083333333334;0.2357770833333333;0.2528125;0.265175;0.2748875;0.30874583333333333;0.22310625
2019-08-27T00:00:00.000Z;0.437;1.9347708333333333;0.05643541666666667;0.09995416666666666;0.11805625;0.16398125;0.20629375;0.22105000000000002;0.22765833333333332;0.24301250000000002;0.2693083333333333;0.18566875000000002
2019-08-29T00:00:00.000Z;;;;;;;;;;;;
2019-09-01T00:00:00.000Z;0.214;1.9887916666666667;0.0643375;0.09760625;0.11310208333333333;0.15285625;0.19240416666666668;0.20825000000000002;0.2157375;0.2265208333333333;0.26693958333333334;0.19313333333333332
2019-09-03T00:00:00.000Z;0.263;2.2579583333333333;0.07441041666666667;0.11888541666666667;0.138275;0.18856041666666667;0.23361458333333332;0.25084375000000003;0.2542583333333333;0.2734625;0.3094208333333333;0.22167916666666665
2019-09-06T00:00:00.000Z;;;;;;;;;;;;
2019-09-08T00:00:00.000Z;;;;;;;;;;;;
2019-09-11T00:00:00.000Z;;;;;;;;;;;;
2019-09-13T00:00:00.000Z;;;;;;;;;;;;
2019-09-16T00:00:00.000Z;;;;;;;;;;;;
2019-09-18T00:00:00.000Z;0.209;1.7730208333333333;0.06305833333333334;0.09730416666666666;0.10653541666666667;0.15142083333333334;0.20384166666666667;0.22098541666666666;0.229325;0.23871666666666666;0.26523125000000003;0.19009375
2019-09-21T00:00:00.000Z;;;;;;;;;;;;
2019-09-26T00:00:00.000Z;0.116;1.8658541666666668;0.052014583333333336;0.08210208333333334;0.08938750000000001;0.12511875;0.17233333333333334;0.18682083333333332;0.19335000000000002;0.203125;0.22718125;0.16026041666666668
2019-09-28T00:00:00.000Z;;;;;;;;;;;;
2019-10-01T00:00:00.000Z;0.121;1.3199166666666668;0.05828958333333334;0.08311041666666667;0.09149791666666666;0.12076250000000001;0.172025;0.18832500000000002;0.2001375;0.20471250000000002;0.23190416666666666;0.16657708333333332
2019-10-03T00:00:00.000Z;0.127;0.9468125000000001;0.05998333333333334;0.09566875000000001;0.10553333333333333;0.14236458333333332;0.20219791666666667;0.2207333333333333;0.2333333333333333;0.2382875;0.2606208333333333;0.18741666666666668
2019-10-06T00:00:00.000Z;0.116;1.20625;0.050758333333333336;0.07962708333333333;0.08825000000000001;0.11964166666666667;0.17100416666666668;0.18609166666666668;0.1968;0.20187291666666668;0.22062291666666667;0.15292708333333332
2019-10-08T00:00:00.000Z;0.138;2.258875;0.0670125;0.09475208333333335;0.10212500000000001;0.1405125;0.2014854166666667;0.22231250000000002;0.22596875000000002;0.23889166666666667;0.26101875;0.18951875
2019-10-11T00:00:00.000Z;;;;;;;;;;;;
2019-10-13T00:00:00.000Z;0.154;1.5068541666666668;0.055912500000000004;0.08945416666666667;0.09891666666666667;0.13736875;0.19826875000000002;0.21503750000000002;0.22443333333333332;0.2344270833333333;0.24976666666666666;0.17675833333333332
2019-10-16T00:00:00.000Z;0.099;1.0051875000000001;0.044812500000000005;0.07301458333333334;0.08003125;0.11324791666666668;0.16376458333333332;0.1793479166666667;0.19224166666666667;0.19690833333333332;0.20941875000000001;0.1426416666666667
2019-10-18T00:00:00.000Z;;;;;;;;;;;;
2019-10-21T00:00:00.000Z;0.14300000000000002;1.0555;0.048502083333333335;0.07356875;0.07983333333333334;0.11154375000000001;0.16678541666666669;0.18424375;0.19790833333333332;0.20010625;0.21254583333333332;0.14798541666666667
2019-10-23T00:00:00.000Z;;;;;;;;;;;;
2019-10-26T00:00:00.000Z;0.099;0.9859166666666667;0.03628125;0.06251666666666666;0.06887916666666667;0.1009375;0.1546104166666667;0.16991250000000002;0.18415833333333334;0.18715833333333334;0.18885000000000002;0.12422083333333334
2019-10-28T00:00:00.000Z;;;;;;;;;;;;
2019-10-31T00:00:00.000Z;;;;;;;;;;;;
2019-11-02T00:00:00.000Z;0.138;1.6759583333333332;0.06497916666666667;0.09598541666666667;0.10002083333333334;0.14015625;0.2134875;0.23206041666666666;0.24007916666666668;0.25370625;0.25592916666666665;0.1765875
2019-11-05T00:00:00.000Z;0.099;0.8364375000000001;0.0486875;0.07470625;0.08049583333333334;0.11438125;0.1746291666666667;0.19148125000000002;0.20480416666666665;0.20951250000000002;0.20873750000000002;0.13993125
2019-11-07T00:00:00.000Z;0.11;1.5561666666666667;0.06231041666666667;0.08628958333333334;0.08906041666666667;0.12733125;0.19713750000000002;0.21796666666666667;0.2281083333333333;0.23524166666666665;0.23816458333333332;0.16877916666666667
2019-11-10T00:00:00.000Z;0.11;0.6267291666666667;0.045866666666666674;0.06815625;0.07265208333333334;0.10313333333333333;0.16237500000000002;0.17949375;0.19745416666666668;0.1964854166666667;0.19430625;0.13393333333333332
2019-11-12T00:00:00.000Z;0.094;0.9320833333333334;0.04386041666666667;0.07547291666666667;0.08179791666666666;0.11833958333333333;0.18273958333333334;0.2018125;0.2145520833333333;0.21999166666666667;0.2141708333333333;0.14939583333333334
2019-11-15T00:00:00.000Z;;;;;;;;;;;;
2019-11-17T00:00:00.000Z;0.099;1.1856666666666669;0.058556250000000004;0.08264375;0.08666875;0.12326041666666668;0.1964604166666667;0.21604791666666667;0.22911250000000002;0.2362875;0.22960625;0.16277083333333334
2019-11-20T00:00:00.000Z;;;;;;;;;;;;
2019-11-22T00:00:00.000Z;;;;;;;;;;;;
2019-11-25T00:00:00.000Z;0.055;1.239090909090909;0.07109545454545456;0.08731818181818182;0.08290454545454545;0.11450909090909091;0.1690590909090909;0.18460454545454547;0.19331818181818186;0.19903636363636365;0.1745590909090909;0.11339545454545455
2019-11-27T00:00:00.000Z;;;;;;;;;;;;
2019-11-30T00:00:00.000Z;0.0770625;1.3865833333333333;0.036577083333333336;0.05811458333333334;0.060993750000000006;0.09069583333333334;0.15313333333333334;0.17004583333333334;0.1815041666666667;0.18572083333333333;0.17532083333333334;0.11660625000000001
2019-12-02T00:00:00.000Z;;;;;;;;;;;;
2019-12-05T00:00:00.000Z;;;;;;;;;;;;
2019-12-07T00:00:00.000Z;0.138;1.4037291666666667;0.039670833333333336;0.06008125;0.0614125;0.09654791666666666;0.16732291666666668;0.1854916666666667;0.19568333333333335;0.20197916666666668;0.1753104166666667;0.11456458333333333
2019-12-10T00:00:00.000Z;0.066;0.3560625;0.03549791666666667;0.05528333333333334;0.05665833333333334;0.08387291666666667;0.1443104166666667;0.16186041666666667;0.1817041666666667;0.1763875;0.1633416666666667;0.10806458333333332
2019-12-12T00:00:00.000Z;0.105;0.8996666666666666;0.03936875;0.06525625;0.06735416666666666;0.10247083333333333;0.17015208333333334;0.18748958333333335;0.19821458333333333;0.2025229166666667;0.17954375;0.12095625
2019-12-15T00:00:00.000Z;0.07200000000000001;0.9025208333333334;0.031545833333333335;0.05572916666666666;0.058431250000000004;0.08789375;0.15045625;0.1663625;0.17927916666666668;0.18255416666666668;0.16380833333333333;0.10560833333333333
2019-12-17T00:00:00.000Z;;;;;;;;;;;;
2019-12-20T00:00:00.000Z;;;;;;;;;;;;
2019-12-22T00:00:00.000Z;0.083;1.2453333333333332;0.036506250000000004;0.06431666666666666;0.06664375;0.10275000000000001;0.17234166666666667;0.1904125;0.20070208333333334;0.20811041666666666;0.18623541666666668;0.12696458333333333
2019-12-25T00:00:00.000Z;0.061;0.5017708333333333;0.02813125;0.051681250000000005;0.05434791666666666;0.08341458333333335;0.1470479166666667;0.16355833333333333;0.18164166666666667;0.18018541666666668;0.15790833333333334;0.10144375
2019-12-27T00:00:00.000Z;0.099;1.0457291666666668;0.05341458333333334;0.0709375;0.07347708333333335;0.10619583333333334;0.17292708333333334;0.19224791666666668;0.2040125;0.20782291666666666;0.182975;0.12675
2019-12-30T00:00:00.000Z;;;;;;;;;;;;
2020-01-01T00:00:00.000Z;0.07200000000000001;0.3891666666666667;0.04266041666666667;0.06610208333333334;0.06623125;0.10137291666666667;0.17013958333333334;0.18869583333333334;0.20890208333333332;0.20936458333333333;0.1730104166666667;0.12459583333333334
2020-01-04T00:00:00.000Z;0.116;0.8134583333333334;0.03739166666666667;0.056035416666666664;0.05790208333333334;0.08876875000000001;0.15056041666666667;0.1653625;0.179325;0.18160625;0.15494583333333334;0.09746250000000001
2020-01-06T00:00:00.000Z;0.083;0.5670000000000001;0.045512500000000004;0.06523125;0.06752291666666667;0.09885833333333334;0.17169791666666667;0.19176041666666668;0.21240625000000002;0.20996666666666666;0.1846875;0.12538125
2020-01-09T00:00:00.000Z;0.099;1.0300208333333334;0.04669166666666667;0.06344375000000001;0.06304791666666666;0.09289375000000001;0.15510625;0.17347291666666667;0.1870041666666667;0.18888958333333333;0.17107708333333332;0.11376041666666668
2020-01-11T00:00:00.000Z;0.08808333333333333;0.7467916666666666;0.038602083333333335;0.06626875;0.06746041666666666;0.10421041666666668;0.17523333333333332;0.19265625;0.2081;0.21147708333333332;0.18544583333333334;0.12554791666666668
2020-01-14T00:00:00.000Z;0.07200000000000001;0.2644166666666667;0.03055625;0.05348333333333334;0.05773333333333334;0.08588333333333334;0.14848125;0.16400625000000002;0.18473333333333333;0.1808854166666667;0.160075;0.10412916666666668
2020-01-16T00:00:00.000Z;0.099;0.8442916666666667;0.046995833333333334;0.06749375;0.069875;0.10457083333333334;0.1766;0.19508333333333333;0.21165;0.2118833333333333;0.19395833333333334;0.13245208333333333
2020-01-19T00:00:00.000Z;;;;;;;;;;;;
2020-01-21T00:00:00.000Z;;;;;;;;;;;;
2020-01-24T00:00:00.000Z;;;;;;;;;;;;
2020-01-26T00:00:00.000Z;0.116;0.9822727272727273;0.05377272727272728;0.06771818181818182;0.06503333333333335;0.10215757575757577;0.18150606060606062;0.2065151515151515;0.21288787878787882;0.2272757575757576;0.17935454545454546;0.11233636363636365
2020-01-29T00:00:00.000Z;;;;;;;;;;;;
2020-01-31T00:00:00.000Z;;;;;;;;;;;;
2020-02-03T00:00:00.000Z;0.083;0.5955416666666666;0.04221666666666667;0.06477291666666667;0.06814375;0.09672083333333334;0.15496666666666667;0.17080625000000002;0.1902875;0.1899125;0.17540208333333335;0.11638541666666669
2020-02-05T00:00:00.000Z;;;;;;;;;;;;
2020-02-08T00:00:00.000Z;;;;;;;;;;;;
2020-02-10T00:00:00.000Z;0.099;1.4794791666666667;0.04180208333333333;0.06942291666666667;0.07310416666666666;0.108825;0.17643541666666668;0.19595833333333335;0.20485625000000002;0.21318541666666666;0.20265208333333334;0.1391666666666667
2020-02-13T00:00:00.000Z;0.121;1.1151666666666669;0.08408125000000001;0.10072083333333334;0.1020375;0.13340625;0.19191458333333333;0.2083583333333333;0.21659166666666665;0.22597083333333332;0.21001250000000002;0.14763333333333334
2020-02-15T00:00:00.000Z;0.116;1.0436666666666667;0.057868750000000004;0.0780625;0.0799875;0.11424791666666669;0.1818354166666667;0.2019;0.21662916666666665;0.21979375;0.2129833333333333;0.14816041666666668
2020-02-18T00:00:00.000Z;;;;;;;;;;;;
2020-02-20T00:00:00.000Z;0.11;0.4622708333333333;0.04627708333333334;0.07607083333333334;0.08011458333333334;0.1153875;0.18293541666666668;0.20222083333333332;0.2219125;0.2222458333333333;0.21277083333333333;0.14920833333333333
2020-02-23T00:00:00.000Z;0.08808333333333333;0.37845833333333334;0.03699375;0.06192083333333334;0.06676875;0.09350625;0.15350833333333333;0.17073750000000001;0.18985000000000002;0.18626875;0.1836125;0.12485208333333334
2020-02-25T00:00:00.000Z;0.132;0.6540625;0.06250833333333335;0.0873;0.09189375000000001;0.1263166666666667;0.205575;0.22737500000000002;0.247625;0.24726875;0.24426250000000002;0.1725604166666667
2020-02-28T00:00:00.000Z;0.11;0.5877083333333334;0.082175;0.10415208333333333;0.10827708333333333;0.13482708333333332;0.19207291666666668;0.20955625;0.22827916666666667;0.223775;0.22144375000000002;0.1590375
2020-03-01T00:00:00.000Z;;;;;;;;;;;;
2020-03-04T00:00:00.000Z;;;;;;;;;;;;
2020-03-06T00:00:00.000Z;;;;;;;;;;;;
2020-03-09T00:00:00.000Z;;;;;;;;;;;;
2020-03-11T00:00:00.000Z;0.127;1.1729583333333333;0.054460416666666664;0.08618125;0.09509583333333334;0.13228541666666668;0.1986979166666667;0.2176645833333333;0.22980208333333332;0.23810625000000002;0.24503125;0.17350625
2020-03-14T00:00:00.000Z;0.094;1.2570625;0.07374791666666666;0.0968875;0.10233125;0.1337375;0.18906041666666668;0.20533958333333333;0.21681250000000002;0.22378958333333332;0.22218333333333332;0.15639375
2020-03-16T00:00:00.000Z;;;;;;;;;;;;
2020-03-19T00:00:00.000Z;;;;;;;;;;;;
2020-03-21T00:00:00.000Z;;;;;;;;;;;;
2020-03-24T00:00:00.000Z;;;;;;;;;;;;
2020-03-26T00:00:00.000Z;0.198;0.4105833333333333;0.0519;0.08091458333333335;0.0872;0.12156041666666668;0.19083125;0.21059583333333332;0.2310375;0.22921875;0.23150416666666665;0.1617104166666667
2020-03-29T00:00:00.000Z;0.14300000000000002;0.9529166666666666;0.048260416666666674;0.07204583333333334;0.07750208333333335;0.10734375;0.16466250000000002;0.18200833333333333;0.19539166666666669;0.197725;0.20661041666666666;0.14271458333333334
2020-03-31T00:00:00.000Z;;;;;;;;;;;;
2020-04-03T00:00:00.000Z;;;;;;;;;;;;
2020-04-05T00:00:00.000Z;0.19233333333333333;1.27325;0.06536875;0.09538125;0.10045625000000001;0.14023541666666667;0.20898541666666667;0.22854375000000002;0.24130000000000001;0.24753333333333333;0.26196041666666664;0.18882708333333334
2020-04-08T00:00:00.000Z;0.176;1.2761666666666667;0.059525;0.08579791666666667;0.09078125000000001;0.12562916666666668;0.18760833333333332;0.20761041666666666;0.21882916666666666;0.223675;0.23817708333333332;0.1712479166666667
2020-04-10T00:00:00.000Z;;;;;;;;;;;;
2020-04-13T00:00:00.000Z;0.23600000000000002;1.402875;0.05157083333333334;0.0794;0.08617083333333334;0.12366041666666668;0.18538125;0.20473958333333334;0.2095625;0.22329166666666667;0.22715833333333332;0.1565125
2020-04-15T00:00:00.000Z;;;;;;;;;;;;
2020-04-18T00:00:00.000Z;;;;;;;;;;;;
2020-04-20T00:00:00.000Z;;;;;;;;;;;;
2020-04-23T00:00:00.000Z;;;;;;;;;;;;
2020-04-25T00:00:00.000Z;;;;;;;;;;;;
2020-04-28T00:00:00.000Z;;;;;;;;;;;;
2020-04-30T00:00:00.000Z;0.154;1.232;0.0819875;0.11605;0.12265416666666668;0.16413125;0.2348;0.25528125;0.2652979166666667;0.2746166666666667;0.29494375;0.21915416666666665
2020-05-03T00:00:00.000Z;0.127;0.7282500000000001;0.06337083333333333;0.08873333333333334;0.096125;0.12776041666666668;0.18133958333333333;0.1977875;0.20977916666666666;0.21587916666666665;0.2258895833333333;0.16516666666666668
2020-05-05T00:00:00.000Z;;;;;;;;;;;;
2020-05-08T00:00:00.000Z;;;;;;;;;;;;
2020-05-10T00:00:00.000Z;;;;;;;;;;;;
2020-05-13T00:00:00.000Z;0.105;0.9880888888888889;0.13619555555555557;0.15884;0.16197111111111112;0.1970666666666667;0.25626666666666664;0.27414444444444447;0.2935866666666667;0.29135555555555565;0.3017311111111111;0.21187111111111112
2020-05-15T00:00:00.000Z;;;;;;;;;;;;
2020-05-18T00:00:00.000Z;0.16;0.9889791666666666;0.053131250000000005;0.08070208333333334;0.08585833333333334;0.12017291666666668;0.1791666666666667;0.19637500000000002;0.21128750000000002;0.2138270833333333;0.23552291666666667;0.16785625
2020-05-20T00:00:00.000Z;0.132;1.3412916666666668;0.07266458333333334;0.10976875000000001;0.11626458333333334;0.15995416666666668;0.2299770833333333;0.24810833333333332;0.2587625;0.2695083333333333;0.29741666666666666;0.21970416666666667
2020-05-23T00:00:00.000Z;0.23600000000000002;1.707375;0.07095833333333335;0.10184166666666666;0.10742708333333333;0.14571041666666668;0.20615208333333332;0.2232020833333333;0.2307833333333333;0.24214166666666667;0.25982083333333333;0.18730625
2020-05-25T00:00:00.000Z;;;;;;;;;;;;
2020-05-28T00:00:00.000Z;0.247;1.5951041666666668;0.06309583333333334;0.09379375000000001;0.10106041666666667;0.13818333333333332;0.19850416666666668;0.21773958333333332;0.2275375;0.23628125;0.2614125;0.19392500000000001
2020-05-30T00:00:00.000Z;0.154;0.976125;0.0766375;0.11629791666666668;0.12383541666666668;0.16920625;0.23875416666666666;0.25875000000000004;0.2739270833333333;0.2802270833333333;0.30607708333333333;0.22701666666666667
2020-06-02T00:00:00.000Z;;;;;;;;;;;;
2020-06-04T00:00:00.000Z;;;;;;;;;;;;
2020-06-07T00:00:00.000Z;;;;;;;;;;;;
2020-06-09T00:00:00.000Z;;;;;;;;;;;;
2020-06-12T00:00:00.000Z;0.116;1.0913958333333333;0.06193958333333334;0.09403333333333334;0.10192916666666667;0.14200625;0.19560625;0.2130645833333333;0.2252708333333333;0.23294583333333332;0.2565625;0.18530208333333334
2020-06-14T00:00:00.000Z;0.16;1.3237083333333333;0.08628333333333334;0.12356666666666669;0.1320916666666667;0.1763479166666667;0.24321666666666666;0.2634708333333333;0.27762291666666666;0.28435;0.3188916666666667;0.24152500000000002
2020-06-17T00:00:00.000Z;0.149;1.8312291666666667;0.08531041666666667;0.1147625;0.12168125;0.162075;0.22235000000000002;0.24534583333333332;0.25475000000000003;0.26503750000000004;0.29751875;0.21704791666666667
2020-06-19T00:00:00.000Z;;;;;;;;;;;;
2020-06-22T00:00:00.000Z;0.176;1.5698958333333333;0.06423125;0.09630625000000001;0.10539791666666667;0.14464166666666667;0.19544375;0.21271875;0.22068333333333331;0.23270000000000002;0.26204375;0.18560000000000001
2020-06-24T00:00:00.000Z;;;;;;;;;;;;
2020-06-27T00:00:00.000Z;;;;;;;;;;;;
2020-06-29T00:00:00.000Z;0.198;1.3071875;0.0797125;0.12357916666666668;0.13709166666666667;0.18585208333333333;0.24566875000000002;0.26542916666666666;0.27729166666666666;0.28768958333333333;0.32574166666666665;0.23770625
2020-07-02T00:00:00.000Z;0.11;0.91;0.06900625;0.10278541666666668;0.11582916666666668;0.15238125;0.19855625000000002;0.21514375000000002;0.22996666666666665;0.2358583333333333;0.268025;0.19115000000000001
2020-07-04T00:00:00.000Z;0.121;1.5488541666666669;0.09150208333333334;0.12657291666666667;0.14003125;0.18658125;0.24404375;0.2653833333333333;0.27732708333333334;0.2870479166666667;0.32680625;0.2414375
2020-07-07T00:00:00.000Z;0.203;1.4187916666666667;0.06967708333333333;0.10153333333333334;0.11365625;0.15185625;0.1990875;0.21589791666666666;0.22894583333333332;0.23611875000000002;0.2739625;0.19981458333333332
2020-07-09T00:00:00.000Z;0.323;2.548645833333333;0.0499625;0.08703541666666667;0.09847500000000001;0.13819166666666668;0.17858958333333333;0.19250833333333334;0.19999375;0.20766458333333332;0.22542500000000001;0.15370625000000002
2020-07-12T00:00:00.000Z;0.383;2.078958333333333;0.058929166666666664;0.10248750000000001;0.11968541666666668;0.16592708333333334;0.21361875000000002;0.23304375000000002;0.2394333333333333;0.2568020833333333;0.2841916666666667;0.19522083333333334
2020-07-14T00:00:00.000Z;;;;;;;;;;;;
2020-07-17T00:00:00.000Z;0.209;2.2494375;0.06217916666666667;0.09335;0.10515833333333333;0.14475208333333334;0.1896604166666667;0.20874375;0.20368750000000002;0.22787916666666666;0.26003750000000003;0.19256875
2020-07-19T00:00:00.000Z;0.263;1.9603958333333333;0.07835;0.12231875;0.13613333333333333;0.18810000000000002;0.2441;0.2616375;0.2685916666666667;0.28406458333333334;0.322425;0.23288958333333332
2020-07-22T00:00:00.000Z;;;;;;;;;;;;
2020-07-24T00:00:00.000Z;0.19237209302325578;2.242186046511628;0.0970720930232558;0.1042906976744186;0.11938837209302326;0.13097441860465117;0.13536976744186047;0.14383953488372092;0.1439697674418605;0.15246744186046512;0.2621093023255814;0.27253488372093027
2020-07-27T00:00:00.000Z;0.274;1.7641041666666668;0.07120416666666667;0.08361041666666667;0.10169583333333335;0.111725;0.11823958333333333;0.12753125;0.1336;0.1402604166666667;0.23667500000000002;0.2390270833333333
2020-07-29T00:00:00.000Z;0.18175;1.8485208333333334;0.08039375;0.09673958333333334;0.11764375;0.12906041666666668;0.13353541666666668;0.14204583333333334;0.14502291666666667;0.15496666666666667;0.26393541666666664;0.2674229166666667
2020-08-01T00:00:00.000Z;0.4535416666666667;1.9995;0.051133333333333336;0.08119583333333334;0.10827500000000001;0.12451666666666668;0.13504166666666667;0.14572083333333333;0.15241666666666667;0.16169583333333334;0.24512083333333332;0.22865416666666666
2020-08-03T00:00:00.000Z;0.198;2.358145833333333;0.08510000000000001;0.09558125;0.11636875;0.1263041666666667;0.12924791666666668;0.14008541666666668;0.14250625;0.15278958333333334;0.28412916666666665;0.2987083333333333
2020-08-06T00:00:00.000Z;0.231;1.8674166666666667;0.05429166666666667;0.06693125;0.08691041666666667;0.09486458333333334;0.09809583333333334;0.10627916666666667;0.11231458333333333;0.11846250000000001;0.23698333333333332;0.24703541666666667
2020-08-08T00:00:00.000Z;0.296;1.4625416666666669;0.07042083333333334;0.09140208333333334;0.11826041666666667;0.13048125;0.13612708333333334;0.144825;0.15258125;0.16190000000000002;0.2861958333333333;0.28554166666666664
2020-08-11T00:00:00.000Z;;;;;;;;;;;;
2020-08-13T00:00:00.000Z;0.23600000000000002;1.3687083333333332;0.06739583333333334;0.0829;0.11128125000000001;0.12179166666666669;0.12414166666666668;0.135875;0.14528958333333333;0.15103958333333334;0.29624375000000003;0.30663541666666666
2020-08-16T00:00:00.000Z;0.149;0.9858125;0.05501458333333334;0.0685625;0.09227708333333334;0.09883750000000001;0.10335625000000001;0.11163958333333333;0.12226250000000001;0.12417291666666667;0.24784583333333332;0.25755416666666664
2020-08-18T00:00:00.000Z;0.055;1.3217916666666667;0.07588125;0.09480000000000001;0.11985833333333333;0.13169583333333335;0.1363375;0.14498125;0.1529;0.16090000000000002;0.29225625;0.29767916666666666
2020-08-21T00:00:00.000Z;0.154;1.1945208333333333;0.058987500000000005;0.07787916666666667;0.10132916666666666;0.11160625;0.11778333333333334;0.12683125;0.13495000000000001;0.14067291666666668;0.25102916666666664;0.24440625000000002
2020-08-23T00:00:00.000Z;0.132;1.8556875;0.16546875;0.17401250000000001;0.1943666666666667;0.211625;0.21912291666666667;0.23232916666666667;0.25765625000000003;0.24911666666666665;0.3596416666666667;0.335025
2020-08-26T00:00:00.000Z;0.171;1.4011041666666668;0.056091666666666665;0.07158958333333335;0.09654791666666666;0.10489375000000001;0.10846041666666668;0.11662291666666667;0.12529375;0.1299625;0.25294791666666666;0.26072500000000004
2020-08-28T00:00:00.000Z;0.296;1.8362708333333333;0.06474166666666667;0.09095625;0.12085833333333333;0.13342708333333334;0.13743541666666667;0.14684583333333334;0.15169375000000002;0.1620541666666667;0.29800208333333333;0.29757500000000003
2020-08-31T00:00:00.000Z;0.138;0.8562083333333333;0.05397291666666666;0.07165625;0.09631875000000001;0.10462291666666668;0.10806666666666669;0.11621875000000001;0.12651458333333332;0.13078541666666668;0.248125;0.24542291666666666
2020-09-02T00:00:00.000Z;0.187;1.8479583333333334;0.09327291666666666;0.11039791666666668;0.13955;0.15425;0.15953541666666668;0.17276875;0.17286875000000002;0.188175;0.33019791666666665;0.328525
2020-09-05T00:00:00.000Z;0.154;1.4032708333333332;0.05429791666666667;0.07029166666666667;0.09570625;0.10461250000000001;0.10881041666666667;0.11674166666666667;0.12519166666666667;0.12966458333333333;0.25548333333333334;0.2614625
2020-09-07T00:00:00.000Z;0.209;2.0254166666666666;0.07576875000000001;0.09661666666666667;0.12395833333333334;0.13725416666666668;0.142275;0.15013333333333334;0.1537541666666667;0.16599166666666668;0.29886250000000003;0.2967333333333333
2020-09-10T00:00:00.000Z;0.19233333333333333;1.5947916666666668;0.051000000000000004;0.07026041666666667;0.09708125000000001;0.10735208333333333;0.10994583333333333;0.11781666666666668;0.12478333333333333;0.13216875;0.2515458333333333;0.2479625
2020-09-12T00:00:00.000Z;0.214;1.7708958333333333;0.07287083333333334;0.09144166666666667;0.12151875000000001;0.13214791666666667;0.13737708333333334;0.14808125;0.15426041666666668;0.1614729166666667;0.3028895833333333;0.30794166666666667
2020-09-15T00:00:00.000Z;;;;;;;;;;;;
2020-09-17T00:00:00.000Z;;;;;;;;;;;;
2020-09-20T00:00:00.000Z;;;;;;;;;;;;
2020-09-22T00:00:00.000Z;0.247;1.6440625;0.08086041666666667;0.100675;0.13019583333333334;0.145325;0.15426875;0.16723958333333333;0.1755625;0.18239583333333334;0.3144958333333333;0.3087875
2020-09-25T00:00:00.000Z;0.165;1.153375;0.05869166666666666;0.07823541666666667;0.10641666666666667;0.11546666666666668;0.12324791666666668;0.13103541666666668;0.14226666666666668;0.14637708333333332;0.27364791666666666;0.27329166666666665
2020-09-27T00:00:00.000Z;0.149;0.8239166666666666;0.06416041666666666;0.09086458333333335;0.1254354166666667;0.13568125;0.14268541666666668;0.1524875;0.16612291666666668;0.16995833333333332;0.30983958333333333;0.30334375
2020-09-30T00:00:00.000Z;;;;;;;;;;;;
2020-10-02T00:00:00.000Z;;;;;;;;;;;;
2020-10-05T00:00:00.000Z;;;;;;;;;;;;
2020-10-07T00:00:00.000Z;0.171;0.855625;0.06236875;0.09060833333333335;0.12595625000000002;0.13818125;0.14514583333333334;0.15579375;0.1685229166666667;0.17387708333333332;0.31341458333333333;0.30466041666666666
2020-10-10T00:00:00.000Z;;;;;;;;;;;;
2020-10-12T00:00:00.000Z;0.127;0.7133541666666666;0.07101666666666667;0.09444166666666667;0.1285916666666667;0.1395354166666667;0.14512291666666668;0.15609791666666667;0.17138125;0.17250208333333333;0.31423541666666666;0.31339791666666666
2020-10-15T00:00:00.000Z;0.105;0.6986041666666667;0.05937708333333334;0.07974583333333334;0.10993541666666667;0.11839166666666669;0.12392500000000001;0.13359791666666668;0.14748333333333333;0.1461375;0.27186875;0.2698645833333333
2020-10-17T00:00:00.000Z;;;;;;;;;;;;
2020-10-20T00:00:00.000Z;;;;;;;;;;;;
2020-10-25T00:00:00.000Z;0.19233333333333333;0.9268541666666666;0.057868750000000004;0.07958541666666667;0.10965625000000001;0.12028125;0.12563333333333332;0.134525;0.14759166666666668;0.1477416666666667;0.26997916666666666;0.2636020833333333
2020-10-27T00:00:00.000Z;0.116;1.2500416666666667;0.063075;0.09129166666666667;0.12704375;0.13993125;0.14601041666666667;0.15439583333333334;0.1642604166666667;0.172875;0.3044958333333333;0.29715625
2020-10-30T00:00:00.000Z;0.116;0.8424791666666667;0.05320208333333334;0.07823333333333334;0.10919583333333333;0.11981666666666668;0.12441458333333333;0.1304854166666667;0.14482916666666668;0.14648541666666667;0.26279166666666665;0.24875208333333332
2020-11-01T00:00:00.000Z;0.127;1.16825;0.0734375;0.09699375;0.13033333333333333;0.13960208333333332;0.1476229166666667;0.15790833333333334;0.16916041666666667;0.17192291666666668;0.30632916666666665;0.30355000000000004
2020-11-04T00:00:00.000Z;;;;;;;;;;;;
2020-11-06T00:00:00.000Z;;;;;;;;;;;;
2020-11-09T00:00:00.000Z;0.105;1.3642083333333332;0.04294791666666667;0.06748958333333334;0.09728958333333335;0.10937291666666668;0.11513333333333334;0.12315000000000001;0.13418541666666667;0.13799375;0.24437708333333333;0.2110770833333333
2020-11-11T00:00:00.000Z;;;;;;;;;;;;
2020-11-14T00:00:00.000Z;;;;;;;;;;;;
2020-11-16T00:00:00.000Z;;;;;;;;;;;;
2020-11-19T00:00:00.000Z;0.127;1.5134166666666669;0.15555208333333334;0.17782083333333334;0.2093375;0.22653125000000002;0.2288125;0.23733125000000002;0.24706666666666666;0.25428541666666665;0.39314166666666667;0.36831875000000003
2020-11-21T00:00:00.000Z;0.099;0.7239583333333334;0.09467916666666666;0.12126041666666668;0.15943958333333333;0.17264791666666668;0.18191666666666667;0.19438125;0.21045625;0.2084770833333333;0.34574166666666667;0.32948541666666664
2020-11-24T00:00:00.000Z;;;;;;;;;;;;
2020-11-26T00:00:00.000Z;;;;;;;;;;;;
2020-11-29T00:00:00.000Z;0.083;1.2412708333333333;0.03941041666666667;0.06409375;0.09391458333333334;0.10631041666666668;0.11183333333333333;0.12031041666666668;0.13056458333333334;0.1354041666666667;0.2328208333333333;0.19922083333333335
2020-12-01T00:00:00.000Z;0.099;1.0764791666666669;0.06085;0.084875;0.12110625000000001;0.13581875000000002;0.1421375;0.152375;0.16548958333333333;0.16963958333333334;0.29091666666666666;0.2649020833333333
2020-12-04T00:00:00.000Z;;;;;;;;;;;;
2020-12-06T00:00:00.000Z;0.083;0.5208541666666666;0.07214375;0.10603333333333333;0.14575833333333332;0.159425;0.16625;0.17463333333333333;0.19407083333333333;0.19581458333333335;0.321175;0.29851875
2020-12-09T00:00:00.000Z;0.066;0.5268333333333334;0.04591041666666667;0.07233541666666667;0.10266458333333334;0.11288541666666668;0.11894375;0.12760833333333332;0.14295833333333333;0.14338541666666668;0.24395625;0.21363541666666666
2020-12-11T00:00:00.000Z;;;;;;;;;;;;
2020-12-16T00:00:00.000Z;0.083;0.7412916666666667;0.07325833333333334;0.10726666666666668;0.1461875;0.16159791666666667;0.16720625;0.17487916666666667;0.1919229166666667;0.19691458333333334;0.32021875;0.29632916666666664
2020-12-19T00:00:00.000Z;0.099;1.2281041666666668;0.06858541666666666;0.09742708333333334;0.13090833333333332;0.14573125;0.15250625;0.1586479166666667;0.17018750000000002;0.17449375;0.2851020833333333;0.2577145833333333
2020-12-21T00:00:00.000Z;;;;;;;;;;;;
2020-12-24T00:00:00.000Z;;;;;;;;;;;;
2020-12-26T00:00:00.000Z;0.07200000000000001;0.2639583333333333;0.07758125;0.11140625000000001;0.15280833333333332;0.16448125;0.171125;0.18050833333333333;0.20362291666666668;0.19845416666666668;0.3217291666666667;0.2986625
2020-12-29T00:00:00.000Z;0.07200000000000001;0.6717916666666667;0.07696875;0.10327708333333332;0.13573125;0.14727083333333332;0.15347083333333333;0.15986666666666668;0.17624166666666669;0.1750354166666667;0.29034166666666666;0.26337916666666666
2020-12-31T00:00:00.000Z;0.0770625;0.4914375;0.08485625000000001;0.11416458333333333;0.1539375;0.1656041666666667;0.17307916666666667;0.18190625000000002;0.20260833333333333;0.19920208333333334;0.32784583333333334;0.31122500000000003
2021-01-03T00:00:00.000Z;0.066;0.3789166666666667;0.0599;0.08106250000000001;0.10917916666666667;0.115625;0.12278958333333333;0.12910625;0.14460416666666667;0.14092083333333333;0.22589166666666666;0.2110520833333333
2021-01-05T00:00:00.000Z;0.083;0.354875;0.0773875;0.11306041666666668;0.15486875;0.16757708333333332;0.17631666666666668;0.18464583333333334;0.20566458333333332;0.20059375000000002;0.3267395833333333;0.3030291666666667
2021-01-08T00:00:00.000Z;;;;;;;;;;;;
2021-01-10T00:00:00.000Z;;;;;;;;;;;;
2021-01-13T00:00:00.000Z;0.11;0.5076875;0.05334583333333334;0.07691458333333334;0.10980833333333333;0.11750000000000001;0.12422083333333334;0.13406875000000001;0.151625;0.14694375;0.25316875;0.22884166666666667
2021-01-15T00:00:00.000Z;0.105;0.28625;0.06993541666666667;0.10769583333333332;0.14859375;0.16065208333333333;0.1678625;0.17662291666666668;0.19843958333333334;0.19306875;0.317525;0.2919875
2021-01-18T00:00:00.000Z;0.11;0.5907083333333334;0.056900000000000006;0.08947291666666667;0.12570625000000002;0.13620833333333332;0.1440229166666667;0.14993333333333334;0.16704583333333334;0.16567083333333332;0.27811875;0.25259166666666666
2021-01-20T00:00:00.000Z;;;;;;;;;;;;
2021-01-23T00:00:00.000Z;;;;;;;;;;;;
2021-01-25T00:00:00.000Z;0.099;1.35425;0.05259791666666667;0.07807708333333334;0.10259375000000001;0.111775;0.11413958333333334;0.12036458333333333;0.12640833333333334;0.13058333333333333;0.19296458333333333;0.1791
2021-01-28T00:00:00.000Z;0.08808333333333333;0.9710833333333334;0.06877916666666667;0.09984375000000001;0.13335;0.14616458333333332;0.1525125;0.16140625;0.17307083333333334;0.17532083333333334;0.27939166666666665;0.24905000000000002
2021-01-30T00:00:00.000Z;;;;;;;;;;;;
2021-02-02T00:00:00.000Z;0.07200000000000001;0.6617291666666666;0.08239791666666667;0.10979166666666668;0.14669583333333333;0.15641458333333333;0.16585625;0.17525416666666668;0.19225;0.18925;0.31005208333333334;0.2910645833333333
2021-02-04T00:00:00.000Z;0.121;0.9877708333333334;0.08402083333333334;0.123325;0.1675125;0.18282500000000002;0.19126458333333332;0.20252916666666668;0.21688333333333332;0.22010416666666666;0.35031875;0.3249416666666667
2021-02-07T00:00:00.000Z;;;;;;;;;;;;
2021-02-09T00:00:00.000Z;;;;;;;;;;;;
2021-02-12T00:00:00.000Z;;;;;;;;;;;;
2021-02-14T00:00:00.000Z;0.105;0.794125;0.09399375;0.136225;0.18192291666666668;0.19656458333333335;0.2082520833333333;0.21629375;0.23115833333333333;0.2314770833333333;0.36494166666666666;0.33898958333333334
2021-02-17T00:00:00.000Z;;;;;;;;;;;;
2021-02-19T00:00:00.000Z;0.121;0.6678958333333334;0.10392083333333334;0.14050416666666668;0.18675625;0.20186458333333335;0.21281666666666665;0.2218083333333333;0.24106041666666667;0.23591041666666665;0.37462500000000004;0.3527770833333333
2021-02-22T00:00:00.000Z;;;;;;;;;;;;
2021-02-24T00:00:00.000Z;;;;;;;;;;;;
2021-02-27T00:00:00.000Z;;;;;;;;;;;;
2021-03-01T00:00:00.000Z;;;;;;;;;;;;
2021-03-04T00:00:00.000Z;;;;;;;;;;;;
2021-03-06T00:00:00.000Z;;;;;;;;;;;;
2021-03-09T00:00:00.000Z;;;;;;;;;;;;
2021-03-11T00:00:00.000Z;0.116;1.3183541666666667;0.09034791666666667;0.12595625000000002;0.17033541666666668;0.1870541666666667;0.19929583333333334;0.2123270833333333;0.22385833333333333;0.22740000000000002;0.36086250000000003;0.3276458333333333
2021-03-14T00:00:00.000Z;0.08808333333333333;0.672625;0.08927916666666667;0.12301041666666668;0.16475416666666667;0.1783604166666667;0.19030208333333334;0.19963541666666668;0.21734583333333332;0.2152583333333333;0.34079166666666666;0.3189916666666667
2021-03-16T00:00:00.000Z;0.138;0.7510833333333334;0.10812916666666668;0.15284375;0.20291875;0.21949791666666665;0.23275416666666665;0.2444625;0.2597625;0.2612770833333333;0.39757916666666665;0.36374791666666667
2021-03-19T00:00:00.000Z;;;;;;;;;;;;
2021-03-21T00:00:00.000Z;0.132;0.45525;0.11301875;0.15320833333333334;0.20283125000000002;0.21912500000000001;0.2330875;0.24513333333333331;0.2686958333333333;0.26276041666666666;0.40439375;0.3758395833333334
2021-03-24T00:00:00.000Z;0.116;0.763375;0.09626875;0.13226666666666667;0.17304166666666668;0.18815416666666668;0.20081458333333332;0.21080833333333332;0.22665000000000002;0.22513750000000002;0.3520770833333333;0.32746875000000003
2021-03-26T00:00:00.000Z;0.176;0.7420416666666666;0.11392916666666668;0.16042916666666668;0.21135;0.23047291666666667;0.24479375;0.2573333333333333;0.27264166666666667;0.27533125;0.4129354166666667;0.3757041666666667
2021-03-29T00:00:00.000Z;;;;;;;;;;;;
2021-03-31T00:00:00.000Z;0.361;0.8406666666666667;0.14976250000000002;0.19574166666666667;0.23070000000000002;0.2564333333333333;0.2889645833333333;0.30495833333333333;0.32282083333333333;0.31871666666666665;0.3938625;0.35078333333333334
2021-04-03T00:00:00.000Z;;;;;;;;;;;;
2021-04-05T00:00:00.000Z;0.171;1.0647916666666668;0.1648291666666667;0.1982104166666667;0.24011666666666667;0.263875;0.28426666666666667;0.2948604166666667;0.3201375;0.31569166666666665;0.4391395833333333;0.38240416666666666
2021-04-08T00:00:00.000Z;;;;;;;;;;;;
2021-04-10T00:00:00.000Z;;;;;;;;;;;;
2021-04-13T00:00:00.000Z;;;;;;;;;;;;
2021-04-15T00:00:00.000Z;;;;;;;;;;;;
2021-04-18T00:00:00.000Z;0.132;0.4541875;0.09880833333333335;0.1406125;0.18465416666666667;0.20243541666666667;0.21923541666666665;0.2295458333333333;0.2508333333333333;0.2469583333333333;0.36712083333333334;0.32723541666666667
2021-04-20T00:00:00.000Z;0.19241666666666662;1.4461666666666668;0.15902083333333333;0.20420625;0.25843125;0.28260416666666666;0.3035833333333333;0.3211;0.33390416666666667;0.33902916666666666;0.48771666666666674;0.44588125
2021-04-23T00:00:00.000Z;;;;;;;;;;;;
2021-04-25T00:00:00.000Z;;;;;;;;;;;;
2021-04-28T00:00:00.000Z;;;;;;;;;;;;
2021-04-30T00:00:00.000Z;0.209;1.3109375;0.13967083333333333;0.18848333333333334;0.24128750000000002;0.2673520833333333;0.2913354166666667;0.30613541666666666;0.32045625;0.3240708333333333;0.47295625;0.43107708333333333
2021-05-03T00:00:00.000Z;;;;;;;;;;;;
2021-05-05T00:00:00.000Z;;;;;;;;;;;;
2021-05-08T00:00:00.000Z;0.138;0.7341555555555556;0.12678666666666666;0.17005777777777778;0.21141777777777782;0.23570444444444444;0.25882;0.27327111111111113;0.2903155555555556;0.2896088888888889;0.3900244444444445;0.3423111111111112
2021-05-10T00:00:00.000Z;;;;;;;;;;;;
2021-05-13T00:00:00.000Z;0.099;1.1275416666666667;0.11149583333333334;0.15003333333333332;0.19304583333333333;0.21478333333333333;0.23547500000000002;0.24999375000000001;0.263675;0.2647979166666667;0.3806291666666667;0.35204166666666664
2021-05-15T00:00:00.000Z;0.116;1.1225208333333332;0.14275416666666668;0.19313750000000002;0.2441625;0.273675;0.30128541666666664;0.31582916666666666;0.32760833333333333;0.33457291666666666;0.46275;0.4174875
2021-05-18T00:00:00.000Z;0.121;1.0990416666666667;0.11094583333333333;0.15662500000000001;0.20137083333333333;0.22640000000000002;0.24521041666666665;0.25708125000000004;0.26971666666666666;0.27521666666666667;0.39267708333333334;0.3488583333333333
2021-05-20T00:00:00.000Z;0.16;1.5766875;0.14517083333333333;0.19489375;0.24618541666666666;0.2755770833333333;0.29671458333333334;0.31347291666666666;0.3238833333333333;0.3297083333333333;0.4669770833333333;0.4306104166666667
2021-05-23T00:00:00.000Z;;;;;;;;;;;;
2021-05-25T00:00:00.000Z;;;;;;;;;;;;
2021-05-28T00:00:00.000Z;;;;;;;;;;;;
2021-05-30T00:00:00.000Z;;;;;;;;;;;;
2021-06-02T00:00:00.000Z;0.127;1.302;0.1260791666666667;0.17029166666666667;0.21754583333333333;0.24368125000000002;0.27036666666666664;0.28704375;0.29912500000000003;0.3022770833333333;0.42802916666666674;0.3867520833333334
2021-06-04T00:00:00.000Z;;;;;;;;;;;;
2021-06-07T00:00:00.000Z;0.138;1.541875;0.10344375;0.14795833333333333;0.1938166666666667;0.2219708333333333;0.24346458333333332;0.2570645833333333;0.2661708333333333;0.27548125;0.38874583333333335;0.33474791666666665
2021-06-09T00:00:00.000Z;0.187;1.526375;0.14347916666666669;0.19482708333333335;0.24748125;0.2772625;0.30698333333333333;0.32535000000000003;0.33546041666666665;0.3414333333333333;0.47778125000000005;0.4369645833333333
2021-06-12T00:00:00.000Z;0.22;1.929375;0.1468125;0.19614375;0.24345;0.27664375;0.31753750000000003;0.337740625;0.32981875;0.35291875;0.44194375;0.372084375
2021-06-14T00:00:00.000Z;0.3178958333333333;1.822625;0.14199583333333332;0.20020000000000002;0.25020625;0.2842875;0.3141583333333333;0.33001250000000004;0.3349916666666667;0.348625;0.4511708333333333;0.39214791666666665
2021-06-17T00:00:00.000Z;;;;;;;;;;;;
2021-06-19T00:00:00.000Z;;;;;;;;;;;;
2021-06-22T00:00:00.000Z;0.099;1.4630416666666668;0.14187083333333333;0.19109583333333333;0.2441833333333333;0.2761083333333333;0.3109166666666667;0.32978541666666666;0.343225;0.3513020833333333;0.48168333333333335;0.4319541666666667
2021-06-24T00:00:00.000Z;0.171;1.6046875;0.14128333333333334;0.19812708333333334;0.25362708333333334;0.2891416666666667;0.31636041666666664;0.33188541666666665;0.34044166666666664;0.3525770833333333;0.47736875;0.4204583333333333
2021-06-27T00:00:00.000Z;0.154;1.6465833333333333;0.11466875;0.16322083333333334;0.20985416666666667;0.23844166666666666;0.26374166666666665;0.2773541666666667;0.2851583333333333;0.293375;0.4023770833333334;0.34822291666666666
2021-06-29T00:00:00.000Z;0.105;1.1129791666666669;0.14920833333333333;0.2021;0.25575625;0.28852083333333334;0.3183625;0.3356770833333333;0.3508583333333333;0.35245000000000004;0.4793708333333333;0.43506875
2021-07-02T00:00:00.000Z;0.132;1.1495;0.11809791666666668;0.16292916666666668;0.210875;0.23601250000000001;0.2619666666666667;0.27680625000000003;0.29002083333333334;0.29158125;0.40841875;0.36756875
2021-07-04T00:00:00.000Z;0.061;1.4566666666666668;0.1452875;0.20177083333333334;0.2569375;0.2912083333333333;0.3174958333333333;0.3317583333333333;0.3417958333333333;0.35075833333333334;0.47897500000000004;0.42307083333333334
2021-07-07T00:00:00.000Z;;;;;;;;;;;;
2021-07-09T00:00:00.000Z;0.274;2.0724375;0.17784583333333334;0.23509375000000002;0.28780416666666664;0.32680000000000003;0.3589354166666667;0.3795395833333334;0.38388333333333335;0.39840416666666667;0.5149479166666667;0.4531
2021-07-12T00:00:00.000Z;0.356;1.0758333333333332;0.11538541666666668;0.16945000000000002;0.22193333333333332;0.249375;0.2770125;0.2939208333333333;0.3080541666666667;0.3110041666666667;0.41315625;0.36424375000000003
2021-07-14T00:00:00.000Z;0.11;1.6074791666666668;0.1461625;0.20418958333333334;0.2604916666666667;0.2935229166666667;0.3191833333333333;0.3346020833333333;0.34113333333333334;0.3513395833333333;0.4803708333333333;0.4215916666666667
2021-07-17T00:00:00.000Z;0.132;1.6373958333333334;0.12084583333333333;0.16818750000000002;0.21352500000000002;0.2420145833333333;0.2655854166666667;0.27949166666666664;0.2865625;0.2974791666666667;0.39936458333333336;0.3424645833333333
2021-07-19T00:00:00.000Z;0.2904583333333333;1.9586666666666668;0.15131041666666667;0.20699166666666666;0.2651375;0.3007520833333333;0.32507291666666666;0.34365833333333334;0.3498104166666667;0.35927916666666665;0.48926875000000003;0.4370145833333333
2021-07-22T00:00:00.000Z;0.214;1.0579166666666668;0.11953958333333334;0.16678333333333334;0.21881666666666666;0.2458020833333333;0.26890625;0.2829479166666667;0.2981875;0.29848125000000003;0.4145104166666667;0.3696125
2021-07-24T00:00:00.000Z;0.41000000000000003;1.5070625;0.14233125000000002;0.2116375;0.27071875;0.30502291666666664;0.3325354166666667;0.34805625;0.355775;0.36496458333333337;0.47259791666666673;0.4041895833333334
2021-07-27T00:00:00.000Z;0.23600000000000002;1.8146666666666669;0.1058;0.1574125;0.2086375;0.23969791666666665;0.2555104166666667;0.27143125;0.27547083333333333;0.2874479166666667;0.3998770833333334;0.3409229166666667
2021-07-29T00:00:00.000Z;0.247;1.8530625;0.14415833333333333;0.19967916666666669;0.2527645833333333;0.2856416666666667;0.309825;0.32962916666666664;0.33440000000000003;0.3436854166666667;0.4666270833333333;0.4169666666666667
2021-08-01T00:00:00.000Z;0.209;1.4102083333333333;0.11412708333333334;0.16190000000000002;0.211925;0.23972083333333333;0.26072500000000004;0.27612916666666665;0.2847208333333333;0.28931666666666667;0.40782291666666665;0.3656979166666667
2021-08-03T00:00:00.000Z;;;;;;;;;;;;
2021-08-06T00:00:00.000Z;0.187;1.7687916666666668;0.11100625;0.16161250000000002;0.2134125;0.2416583333333333;0.25856666666666667;0.2724666666666667;0.2765916666666667;0.2892395833333333;0.40137500000000004;0.34605625
2021-08-08T00:00:00.000Z;0.116;2.2154791666666664;0.14725833333333332;0.20046250000000002;0.25596458333333333;0.2902083333333333;0.30973125;0.3281020833333333;0.33055625;0.3437541666666667;0.47473541666666674;0.4275666666666667
2021-08-11T00:00:00.000Z;;;;;;;;;;;;
2021-08-13T00:00:00.000Z;0.3285;1.4731875;0.13610208333333335;0.19891458333333334;0.25511875;0.2878791666666667;0.31178541666666665;0.3278395833333333;0.3347041666666667;0.34367291666666666;0.45351458333333333;0.3911104166666667
2021-08-16T00:00:00.000Z;0.37727083333333333;1.3982916666666667;0.11314583333333333;0.16823333333333335;0.2212333333333333;0.2506833333333333;0.2707125;0.28583125000000004;0.2959208333333333;0.3045979166666667;0.3987833333333334;0.33643125
2021-08-18T00:00:00.000Z;0.263;2.3804166666666666;0.17839583333333334;0.21982291666666667;0.26934583333333334;0.30524375000000004;0.3276145833333333;0.35135833333333333;0.3434875;0.36860000000000004;0.47342916666666673;0.4028479166666667
2021-08-21T00:00:00.000Z;;;;;;;;;;;;
2021-08-23T00:00:00.000Z;;;;;;;;;;;;
2021-08-26T00:00:00.000Z;0.247;2.2346666666666666;0.10656666666666668;0.1573;0.2078875;0.23860208333333333;0.25424583333333334;0.26605416666666665;0.2687958333333333;0.2842;0.3909375;0.33034583333333334
2021-08-28T00:00:00.000Z;0.28500000000000003;1.9347083333333333;0.13481666666666667;0.1915125;0.2505708333333333;0.2809520833333333;0.3015625;0.31892916666666665;0.32331041666666666;0.3319729166666667;0.45687291666666674;0.40664791666666666
2021-08-31T00:00:00.000Z;0.334;2.7876666666666665;0.11955625;0.16898333333333335;0.22215000000000001;0.24998958333333332;0.26886041666666666;0.28833125000000004;0.28167916666666665;0.30662083333333334;0.4137;0.36472916666666666
2021-09-02T00:00:00.000Z;0.121;2.5957291666666666;0.10523958333333333;0.14857916666666668;0.194825;0.22851458333333333;0.24974791666666665;0.26483125;0.2651;0.28425;0.3806291666666667;0.29906666666666665
2021-09-05T00:00:00.000Z;0.14300000000000002;2.019604166666667;0.11628125;0.16692500000000002;0.21905833333333333;0.25342291666666666;0.27328125000000003;0.2891875;0.2952125;0.3082145833333333;0.41823750000000004;0.35824791666666667
2021-09-07T00:00:00.000Z;0.258;1.8743333333333334;0.12207708333333334;0.1737041666666667;0.22132916666666666;0.2534604166666667;0.27906875000000003;0.2982333333333333;0.2999708333333333;0.3117333333333333;0.41400625;0.365975
2021-09-10T00:00:00.000Z;0.171;2.035791666666667;0.1108625;0.15561666666666668;0.2051583333333333;0.23293541666666667;0.2553625;0.27188541666666666;0.27716250000000003;0.28715;0.4063083333333334;0.35572916666666665
2021-09-12T00:00:00.000Z;0.22;1.5992083333333333;0.11735000000000001;0.17292083333333333;0.22883958333333332;0.26092291666666667;0.28608541666666665;0.30144791666666665;0.30617500000000003;0.31738125;0.4380833333333333;0.37998333333333334
2021-09-15T00:00:00.000Z;;;;;;;;;;;;
2021-09-17T00:00:00.000Z;0.214;2.2300416666666667;0.09670833333333334;0.1411916666666667;0.1895;0.22080416666666666;0.24620208333333332;0.26361666666666667;0.26515625000000004;0.2774479166666667;0.3877791666666667;0.324525
2021-09-20T00:00:00.000Z;0.165;1.9048958333333332;0.10108541666666666;0.14253333333333335;0.1875666666666667;0.2129125;0.2388708333333333;0.2541375;0.26166666666666666;0.26839375;0.37792916666666665;0.33278541666666667
2021-09-22T00:00:00.000Z;;;;;;;;;;;;
2021-09-25T00:00:00.000Z;;;;;;;;;;;;
2021-09-27T00:00:00.000Z;;;;;;;;;;;;
2021-09-30T00:00:00.000Z;0.2798333333333333;2.1870625;0.11897916666666668;0.15547916666666667;0.19387916666666669;0.22247708333333333;0.2536583333333333;0.27083125;0.2737583333333333;0.2852104166666667;0.38587708333333337;0.3307291666666667
2021-10-02T00:00:00.000Z;;;;;;;;;;;;
2021-10-05T00:00:00.000Z;0.099;1.7660625;0.08611875000000001;0.12990000000000002;0.17098750000000001;0.19965833333333333;0.22644375;0.24020000000000002;0.24615416666666667;0.2566895833333333;0.34530625000000004;0.2882208333333333
2021-10-07T00:00:00.000Z;0.127;1.2790270270270272;0.27722432432432437;0.30004864864864866;0.32382702702702704;0.35764324324324326;0.39990000000000003;0.41814324324324326;0.43352972972972975;0.43220270270270267;0.4909;0.4005324324324324
2021-10-10T00:00:00.000Z;;;;;;;;;;;;
2021-10-12T00:00:00.000Z;;;;;;;;;;;;
2021-10-15T00:00:00.000Z;0.127;1.2525833333333334;0.08987916666666666;0.13236458333333334;0.17150833333333335;0.19871875;0.2282125;0.24310416666666668;0.252075;0.2567083333333333;0.33909375;0.27969791666666666
2021-10-17T00:00:00.000Z;0.08808333333333333;1.9965625;0.12177291666666668;0.1682875;0.21411666666666665;0.24825;0.2853833333333333;0.30747291666666665;0.30930416666666666;0.3227041666666667;0.4307104166666667;0.3762479166666667
2021-10-20T00:00:00.000Z;0.094;0.9708958333333334;0.0891;0.1294875;0.169325;0.19175416666666667;0.22424375000000002;0.23889166666666667;0.25269583333333334;0.2514020833333333;0.3383479166666667;0.2929833333333333
2021-10-22T00:00:00.000Z;;;;;;;;;;;;
2021-10-25T00:00:00.000Z;;;;;;;;;;;;
2021-10-27T00:00:00.000Z;;;;;;;;;;;;
2021-10-30T00:00:00.000Z;;;;;;;;;;;;
2021-11-01T00:00:00.000Z;0.066;2.2651538461538463;0.03018461538461539;0.04355769230769231;0.051092307692307694;0.059723076923076934;0.07249615384615385;0.07900384615384616;0.07481538461538462;0.08498461538461538;0.09031923076923076;0.07141538461538462
2021-11-04T00:00:00.000Z;0.094;0.9104583333333334;0.10021666666666666;0.13999583333333332;0.17601666666666668;0.20322708333333334;0.23802291666666667;0.252475;0.27179166666666665;0.26636666666666664;0.3274958333333333;0.26469791666666664
2021-11-06T00:00:00.000Z;0.055;0.47239583333333335;0.11070416666666667;0.14805000000000001;0.18536666666666668;0.20853333333333332;0.24363125000000002;0.26077500000000003;0.28091666666666665;0.27684375;0.3422354166666667;0.29407083333333334
2021-11-09T00:00:00.000Z;0.094;0.9388125;0.08759166666666666;0.12565833333333334;0.16340000000000002;0.185725;0.21791666666666668;0.23139375;0.24608750000000001;0.24317291666666666;0.32486875000000004;0.27994166666666664
2021-11-11T00:00:00.000Z;0.099;1.0461041666666668;0.09289791666666666;0.13974166666666668;0.18402291666666667;0.21363541666666666;0.24633125;0.2596583333333333;0.27240625;0.2767395833333333;0.3594895833333333;0.303875
2021-11-14T00:00:00.000Z;0.094;1.141125;0.0773125;0.11950416666666668;0.1563166666666667;0.18088333333333334;0.21095208333333332;0.22354166666666667;0.23489166666666667;0.23782291666666666;0.31193125;0.2578125
2021-11-16T00:00:00.000Z;0.094;0.9467708333333333;0.09803958333333335;0.14174166666666668;0.18376041666666668;0.21216458333333332;0.24626666666666666;0.2607729166666667;0.277575;0.2768333333333333;0.36021458333333334;0.31091875
2021-11-19T00:00:00.000Z;;;;;;;;;;;;
2021-11-21T00:00:00.000Z;;;;;;;;;;;;
2021-11-24T00:00:00.000Z;0.121;0.80525;0.11133333333333333;0.13121666666666668;0.15690833333333334;0.18087916666666667;0.21282083333333332;0.22486250000000002;0.24377500000000002;0.24103333333333332;0.2864;0.22185000000000002
2021-11-26T00:00:00.000Z;;;;;;;;;;;;
2021-11-29T00:00:00.000Z;0.07200000000000001;1.2380416666666667;0.0843;0.11833333333333333;0.15266666666666667;0.17756666666666668;0.2079708333333333;0.22332708333333331;0.23411666666666667;0.23428541666666666;0.31325416666666667;0.26781875
2021-12-01T00:00:00.000Z;0.08808333333333333;0.9769791666666666;0.0864;0.13267500000000002;0.17375000000000002;0.2046666666666667;0.23684375000000002;0.25044375;0.2643625;0.2669375;0.33975208333333334;0.2862645833333333
2021-12-04T00:00:00.000Z;0.07200000000000001;0.70175;0.07581666666666667;0.11331041666666668;0.14895833333333333;0.17377708333333333;0.20481666666666667;0.2160645833333333;0.2324875;0.22999166666666665;0.2966270833333333;0.24308333333333332
2021-12-06T00:00:00.000Z;0.0770625;0.9992916666666667;0.09559166666666667;0.13679166666666667;0.17656875;0.20421875;0.2390958333333333;0.25305625000000004;0.26745416666666666;0.2693833333333333;0.3454145833333333;0.29876041666666664
2021-12-09T00:00:00.000Z;0.0770625;1.1519583333333332;0.08499791666666667;0.11956875;0.1557916666666667;0.18107916666666668;0.2134833333333333;0.22770833333333332;0.23877500000000002;0.2382520833333333;0.3120375;0.26539375000000004
2021-12-11T00:00:00.000Z;0.0770625;1.1902291666666667;0.09005;0.13513125;0.1766375;0.21008541666666666;0.24295208333333332;0.25559375;0.2650770833333333;0.27469791666666665;0.34916250000000004;0.29480416666666664
2021-12-14T00:00:00.000Z;0.066;0.7275;0.07460416666666667;0.11328958333333333;0.14715833333333334;0.17281458333333333;0.20474166666666668;0.21745208333333332;0.23328333333333331;0.23099583333333332;0.2913;0.23829166666666665
2021-12-16T00:00:00.000Z;;;;;;;;;;;;
2021-12-19T00:00:00.000Z;;;;;;;;;;;;
2021-12-21T00:00:00.000Z;;;;;;;;;;;;
2021-12-24T00:00:00.000Z;;;;;;;;;;;;
2021-12-26T00:00:00.000Z;;;;;;;;;;;;
2021-12-29T00:00:00.000Z;0.07733333333333332;0.7021111111111111;0.1078;0.1463777777777778;0.1869111111111111;0.1990888888888889;0.23444444444444446;0.2473777777777778;0.2749555555555556;0.2651111111111112;0.3309333333333333;0.2745444444444444
2021-12-31T00:00:00.000Z;0.07200000000000001;0.6808958333333334;0.08800000000000001;0.13419375;0.17252708333333333;0.19814375;0.23771250000000002;0.25107291666666665;0.26334375;0.26367291666666665;0.33600625;0.2842895833333333
2022-01-03T00:00:00.000Z;0.061;0.7346458333333333;0.07406875;0.11292708333333333;0.14702916666666668;0.17018125;0.20020833333333332;0.21226875;0.226725;0.22659166666666666;0.2916625;0.2388
2022-01-05T00:00:00.000Z;0.0770625;0.5901875;0.10832708333333334;0.14886666666666667;0.1906979166666667;0.21618125000000002;0.2530833333333333;0.26669166666666666;0.2929875;0.28915416666666666;0.3695979166666667;0.31528958333333335
2022-01-08T00:00:00.000Z;;;;;;;;;;;;
2022-01-10T00:00:00.000Z;0.08808333333333333;1.3433958333333333;0.09112708333333334;0.13185208333333334;0.16820833333333332;0.19210625;0.22482291666666665;0.23899166666666666;0.23982916666666668;0.2526708333333333;0.31025416666666666;0.26484166666666664
2022-01-13T00:00:00.000Z;0.059000000000000004;0.32265;0.15276;0.18415;0.21865;0.2428725;0.2841375;0.3049025;0.33733;0.3269175;0.376595;0.290825
2022-01-15T00:00:00.000Z;0.094;0.5772916666666666;0.10212708333333334;0.1391;0.17865416666666667;0.20208541666666668;0.23857916666666668;0.25072500000000003;0.27223125000000004;0.2634770833333333;0.3423583333333333;0.29215416666666666
2022-01-18T00:00:00.000Z;0.07200000000000001;0.2750625;0.08258958333333334;0.11670416666666668;0.15282083333333332;0.17096041666666667;0.20215208333333334;0.2144125;0.2399208333333333;0.22785208333333332;0.29806666666666665;0.25155208333333334
2022-01-20T00:00:00.000Z;0.099;0.5755;0.09115625000000001;0.13626666666666667;0.179625;0.20356875000000002;0.238625;0.2535875;0.27059375;0.2669;0.33885208333333333;0.28580625000000004
2022-01-23T00:00:00.000Z;;;;;;;;;;;;
2022-01-25T00:00:00.000Z;;;;;;;;;;;;
2022-01-28T00:00:00.000Z;0.116;0.5736041666666667;0.07996458333333334;0.11605;0.153275;0.17576041666666667;0.20750833333333332;0.21788333333333332;0.23695833333333333;0.23014166666666666;0.3025833333333333;0.25814791666666664
2022-01-30T00:00:00.000Z;0.094;0.21633333333333332;0.09316458333333334;0.13968125;0.18573125000000001;0.2068375;0.23892291666666665;0.25276666666666664;0.27961458333333333;0.26883125;0.34538125000000003;0.29227291666666666
2022-02-02T00:00:00.000Z;0.066;0.440375;0.0795;0.12051875000000001;0.15807500000000002;0.17961458333333333;0.20510416666666667;0.22;0.23819166666666666;0.23230416666666667;0.3031875;0.2508416666666667
2022-02-04T00:00:00.000Z;;;;;;;;;;;;
2022-02-07T00:00:00.000Z;0.07200000000000001;0.6211875;0.08485833333333334;0.12173333333333333;0.15946666666666667;0.17907708333333333;0.20668125;0.21991041666666666;0.2381625;0.2301770833333333;0.3118166666666667;0.26721875
2022-02-09T00:00:00.000Z;;;;;;;;;;;;
2022-02-12T00:00:00.000Z;;;;;;;;;;;;
2022-02-14T00:00:00.000Z;;;;;;;;;;;;
2022-02-17T00:00:00.000Z;0.07200000000000001;0.6093125;0.08900833333333334;0.12868958333333333;0.16956666666666667;0.18999375000000002;0.21684166666666665;0.2307645833333333;0.24882500000000002;0.2414895833333333;0.3267833333333333;0.2812791666666667
2022-02-19T00:00:00.000Z;;;;;;;;;;;;
2022-02-22T00:00:00.000Z;0.0770625;0.327625;0.08755;0.13193958333333333;0.17430416666666668;0.1958291666666667;0.22068333333333331;0.23342916666666666;0.2551041666666667;0.24942708333333333;0.32674375;0.27145
2022-02-24T00:00:00.000Z;0.171;0.94575;0.12400625000000001;0.16591666666666668;0.2121375;0.2409458333333333;0.27164791666666666;0.2904145833333333;0.2973770833333333;0.3077729166666667;0.37833958333333334;0.3222833333333333
2022-02-27T00:00:00.000Z;0.3597837837837838;0.9611621621621622;0.11254324324324326;0.1517891891891892;0.19685945945945946;0.22094324324324327;0.250845945945946;0.2670837837837838;0.2585891891891892;0.28156486486486487;0.3327162162162162;0.2703864864864865
2022-03-01T00:00:00.000Z;0.11;0.6376666666666666;0.10861041666666668;0.15944375;0.20932083333333332;0.2366;0.2644270833333333;0.2756770833333333;0.29510625;0.29056041666666665;0.38469583333333335;0.32928541666666666
2022-03-04T00:00:00.000Z;;;;;;;;;;;;
2022-03-06T00:00:00.000Z;;;;;;;;;;;;
2022-03-09T00:00:00.000Z;0.105;0.8856666666666666;0.07503541666666666;0.11165;0.15095833333333333;0.17266458333333334;0.19869583333333332;0.21242291666666666;0.2263083333333333;0.2249145833333333;0.29662916666666667;0.24043125
2022-03-11T00:00:00.000Z;;;;;;;;;;;;
2022-03-14T00:00:00.000Z;;;;;;;;;;;;
2022-03-16T00:00:00.000Z;;;;;;;;;;;;
2022-03-19T00:00:00.000Z;;;;;;;;;;;;
2022-03-21T00:00:00.000Z;;;;;;;;;;;;
2022-03-24T00:00:00.000Z;;;;;;;;;;;;
2022-03-26T00:00:00.000Z;;;;;;;;;;;;
2022-03-29T00:00:00.000Z;;;;;;;;;;;;
2022-03-31T00:00:00.000Z;;;;;;;;;;;;
2022-04-03T00:00:00.000Z;0.099;0.2997916666666667;0.10020416666666666;0.1484625;0.1921875;0.21784583333333332;0.2501979166666667;0.262125;0.2880583333333333;0.27535000000000004;0.3530833333333333;0.29383333333333334
2022-04-05T00:00:00.000Z;;;;;;;;;;;;
2022-04-08T00:00:00.000Z;;;;;;;;;;;;
2022-04-10T00:00:00.000Z;;;;;;;;;;;;
2022-04-13T00:00:00.000Z;;;;;;;;;;;;
2022-04-15T00:00:00.000Z;;;;;;;;;;;;
2022-04-18T00:00:00.000Z;;;;;;;;;;;;
2022-04-20T00:00:00.000Z;;;;;;;;;;;;
2022-04-23T00:00:00.000Z;0.116;0.6833333333333333;0.12285416666666668;0.17544583333333333;0.21958333333333332;0.25751875;0.3041479166666667;0.3221333333333333;0.341575;0.3393375;0.41344583333333335;0.3332208333333333
2022-04-25T00:00:00.000Z;0.116;0.9673333333333334;0.1323541666666667;0.18858125;0.233875;0.2709416666666667;0.32096875;0.34015625;0.3551625;0.35204375000000004;0.4377770833333333;0.38002291666666665
2022-04-28T00:00:00.000Z;;;;;;;;;;;;
2022-04-30T00:00:00.000Z;;;;;;;;;;;;
2022-05-03T00:00:00.000Z;0.132;1.4282083333333333;0.10892708333333333;0.15036666666666668;0.18213333333333334;0.2248895833333333;0.27742083333333334;0.29465625;0.30249166666666666;0.30954166666666666;0.3498458333333333;0.2621395833333333
2022-05-05T00:00:00.000Z;;;;;;;;;;;;
2022-05-08T00:00:00.000Z;0.11;1.0026875;0.1039125;0.15112916666666668;0.1870041666666667;0.22417916666666665;0.2754833333333333;0.29218541666666664;0.30638750000000003;0.3066479166666667;0.36935833333333334;0.31326041666666665
2022-05-10T00:00:00.000Z;0.149;1.0291041666666667;0.1275375;0.18644166666666667;0.2290333333333333;0.27516875;0.3337354166666667;0.3539375;0.36401875;0.3675583333333334;0.4315854166666667;0.36048958333333336
2022-05-13T00:00:00.000Z;0.171;1.7512916666666667;0.10482708333333333;0.15539166666666668;0.190475;0.23296041666666667;0.2845229166666667;0.30166666666666664;0.3059708333333333;0.3163666666666667;0.36728125;0.2990145833333333
2022-05-15T00:00:00.000Z;0.209;1.5548958333333334;0.1414541666666667;0.19716250000000002;0.235075;0.28065416666666665;0.34753125;0.3715354166666667;0.3791729166666667;0.3841833333333334;0.44019583333333334;0.37575416666666667
2022-05-18T00:00:00.000Z;0.165;1.4687916666666667;0.11076041666666668;0.15841666666666668;0.19369166666666668;0.232025;0.28804375;0.30830625;0.3163166666666667;0.3193958333333333;0.37508541666666667;0.31540625
2022-05-20T00:00:00.000Z;;;;;;;;;;;;
2022-05-23T00:00:00.000Z;0.16;1.464875;0.10706041666666669;0.1593166666666667;0.1962875;0.23761458333333332;0.2926270833333333;0.3107395833333333;0.31800833333333334;0.32352916666666665;0.37672500000000003;0.3043645833333333
2022-05-25T00:00:00.000Z;0.127;0.9784375000000001;0.14490833333333333;0.20727083333333332;0.25207291666666665;0.30078125;0.36476875000000003;0.3877520833333334;0.4058875;0.40361250000000004;0.4631291666666667;0.3975145833333334
2022-05-28T00:00:00.000Z;0.11;1.3432916666666668;0.11352916666666668;0.1613375;0.2002875;0.23841041666666665;0.28947708333333333;0.30948333333333333;0.31966666666666665;0.3217333333333333;0.3844895833333334;0.323925
2022-05-30T00:00:00.000Z;0.138;1.0293333333333332;0.140625;0.20312083333333333;0.25026875;0.299;0.35825416666666665;0.37695208333333335;0.39014583333333336;0.3937104166666667;0.4550020833333333;0.3752708333333334
2022-06-02T00:00:00.000Z;;;;;;;;;;;;
2022-06-04T00:00:00.000Z;0.187;1.5584583333333333;0.1463125;0.20576250000000001;0.2534;0.30181458333333333;0.3538958333333333;0.3784395833333334;0.38747291666666667;0.3931875;0.46022708333333334;0.3891333333333334
2022-06-07T00:00:00.000Z;0.11;1.5801666666666667;0.11700416666666667;0.16564583333333333;0.2096333333333333;0.24747708333333332;0.2928875;0.31190416666666665;0.3197875;0.3255354166666667;0.39606875;0.3342875
2022-06-09T00:00:00.000Z;0.176;2.1025;0.14349583333333332;0.2076833333333333;0.25923125;0.31037291666666667;0.35736875;0.37722916666666667;0.3768916666666667;0.39329166666666665;0.46763750000000004;0.3855604166666667
2022-06-12T00:00:00.000Z;0.127;1.3310208333333333;0.11738958333333332;0.16805833333333334;0.21042916666666667;0.2506208333333333;0.29404166666666665;0.31220000000000003;0.32177500000000003;0.33015;0.38628958333333335;0.3108854166666667
2022-06-14T00:00:00.000Z;0.247;1.3002708333333333;0.14929583333333332;0.20909166666666665;0.25801666666666667;0.30177916666666665;0.35025625;0.37254583333333335;0.38633333333333336;0.3899229166666667;0.4536958333333333;0.3828458333333334
2022-06-17T00:00:00.000Z;0.121;1.5319583333333333;0.12485;0.17128333333333334;0.21449166666666666;0.2520208333333333;0.2918875;0.3098375;0.3202375;0.3266708333333333;0.39333333333333337;0.33012291666666665
2022-06-19T00:00:00.000Z;0.28500000000000003;1.426;0.1456375;0.21339166666666667;0.26815;0.31315625;0.3609125;0.3785854166666667;0.3875166666666667;0.3957041666666667;0.45827083333333335;0.3706479166666667
2022-06-22T00:00:00.000Z;0.11;0.7408541666666666;0.10924375;0.16242083333333332;0.21260833333333332;0.24984583333333332;0.28660625;0.30325;0.3217833333333333;0.3208166666666667;0.38996041666666664;0.314375
2022-06-24T00:00:00.000Z;0.171;1.5205625;0.1477;0.20940416666666667;0.2656375;0.3122125;0.35234166666666666;0.37175416666666666;0.38392708333333336;0.38901250000000004;0.47610625;0.4038729166666667
2022-06-27T00:00:00.000Z;0.127;1.2413125;0.11868125;0.1688375;0.21890833333333332;0.25316666666666665;0.29020625;0.30729375000000003;0.3203625;0.32234375000000004;0.4043833333333334;0.34056458333333334
2022-06-29T00:00:00.000Z;0.22;1.8669583333333333;0.14495833333333333;0.2093520833333333;0.2692291666666667;0.3181;0.3571875;0.37527916666666666;0.37749375;0.39166666666666666;0.47364166666666674;0.38807083333333336
2022-07-02T00:00:00.000Z;0.3666666666666667;1.970375;0.11677291666666668;0.17655;0.227325;0.27003125;0.3038520833333333;0.3220354166666667;0.32502916666666665;0.34150416666666666;0.39707708333333336;0.3110354166666667
2022-07-04T00:00:00.000Z;0.232;2.106708333333333;0.15299583333333333;0.214225;0.26841875000000004;0.31355833333333333;0.35274375;0.37730208333333337;0.3777770833333334;0.392675;0.46575833333333333;0.3880833333333334
2022-07-07T00:00:00.000Z;;;;;;;;;;;;
2022-07-09T00:00:00.000Z;0.209;1.62425;0.13965;0.20406458333333333;0.26585625;0.31138958333333333;0.34827291666666665;0.36587916666666664;0.37252708333333334;0.382925;0.47440208333333334;0.39212708333333335
2022-07-12T00:00:00.000Z;0.198;1.4253541666666667;0.11360625;0.16825;0.22102916666666667;0.25858125;0.2895833333333333;0.30355208333333333;0.31366666666666665;0.3220354166666667;0.40103541666666664;0.3257479166666667
2022-07-14T00:00:00.000Z;0.2904583333333333;1.4579375;0.14342708333333334;0.20531041666666666;0.2667625;0.3136208333333333;0.3474979166666667;0.36701458333333337;0.38091875000000003;0.38642291666666667;0.4784166666666667;0.4054375
2022-07-17T00:00:00.000Z;0.165;1.057;0.11570625000000001;0.16724166666666668;0.22230416666666666;0.25694791666666666;0.2866583333333333;0.30244375;0.3174666666666667;0.31983125;0.4063875;0.34295000000000003
2022-07-19T00:00:00.000Z;0.154;1.6538125000000001;0.14105;0.2013416666666667;0.2583520833333333;0.3016020833333333;0.3379270833333333;0.35363125;0.35976250000000004;0.37000625000000004;0.46101250000000005;0.38186875000000003
2022-07-22T00:00:00.000Z;0.18175;2.0086458333333335;0.11560208333333333;0.1676166666666667;0.22037500000000002;0.25948125;0.2864833333333333;0.3029895833333333;0.3071333333333333;0.32215;0.39915625000000005;0.32204791666666666
2022-07-24T00:00:00.000Z;0.2798333333333333;1.0890833333333332;0.14796458333333334;0.21198750000000002;0.27485000000000004;0.31738958333333334;0.3486583333333333;0.36827708333333337;0.38587708333333337;0.38664583333333336;0.47507291666666673;0.39966250000000003
2022-07-27T00:00:00.000Z;0.2520833333333333;2.3497916666666665;0.1160125;0.16745833333333332;0.22269166666666665;0.26149791666666666;0.2882208333333333;0.30616041666666666;0.30955;0.32083541666666665;0.40914791666666667;0.340675
2022-07-29T00:00:00.000Z;0.203;2.2136041666666664;0.1407729166666667;0.20324583333333335;0.264175;0.3110875;0.34125833333333333;0.3581479166666667;0.35846875;0.3765625;0.46853958333333334;0.383825
2022-08-01T00:00:00.000Z;0.18175;2.4989791666666665;0.11469375000000001;0.1666166666666667;0.21955416666666666;0.26109791666666665;0.2842145833333333;0.3003708333333333;0.30086250000000003;0.3202625;0.39886875;0.31910625000000004
2022-08-03T00:00:00.000Z;0.263;1.6666666666666667;0.1444416666666667;0.20676666666666665;0.2679958333333333;0.31161041666666667;0.34227291666666665;0.36296666666666666;0.37176458333333334;0.37955208333333335;0.46718541666666674;0.39285625
2022-08-06T00:00:00.000Z;0.19233333333333333;1.4027083333333332;0.1153875;0.16725416666666668;0.2220333333333333;0.25689375000000003;0.28500416666666667;0.30216875000000004;0.31225416666666667;0.3178166666666667;0.40045000000000003;0.33469791666666665
2022-08-08T00:00:00.000Z;0.258;1.2804375000000001;0.13745833333333332;0.20594166666666666;0.27252916666666666;0.3176979166666667;0.34502083333333333;0.36261041666666666;0.37361875;0.381825;0.46823750000000003;0.38378541666666666
2022-08-11T00:00:00.000Z;0.116;1.6652500000000001;0.11328125;0.16448333333333334;0.2165083333333333;0.25271041666666666;0.27770625;0.2910520833333333;0.3002708333333333;0.3106083333333333;0.3883958333333334;0.31354375
2022-08-13T00:00:00.000Z;;;;;;;;;;;;
2022-08-16T00:00:00.000Z;0.187;1.501125;0.10951458333333333;0.16080833333333333;0.2164958333333333;0.25119583333333334;0.2772375;0.29220416666666665;0.30354166666666665;0.3085979166666667;0.3987791666666667;0.3343895833333333
2022-08-18T00:00:00.000Z;0.22;1.2842083333333332;0.13105208333333332;0.20038333333333333;0.2652541666666667;0.30755625000000003;0.3365;0.3514729166666667;0.36162500000000003;0.3692458333333334;0.4601395833333333;0.37778541666666665
2022-08-21T00:00:00.000Z;0.203;1.5299583333333333;0.10295625;0.16335833333333333;0.22515833333333332;0.2668729166666667;0.2915270833333333;0.31060625000000003;0.31304166666666666;0.32880000000000004;0.4022625;0.3260520833333333
2022-08-23T00:00:00.000Z;0.2520833333333333;2.7023541666666664;0.13553125000000002;0.19800416666666668;0.26078541666666666;0.30531458333333333;0.33246458333333334;0.35224791666666666;0.35045000000000004;0.36979375000000003;0.46242500000000003;0.38641041666666665
2022-08-26T00:00:00.000Z;0.203;2.580846153846154;0.07903846153846154;0.11560769230769231;0.1561384615384616;0.19623846153846158;0.2147538461538461;0.2318;0.19750769230769233;0.2435615384615385;0.2800153846153846;0.22816923076923082
2022-08-28T00:00:00.000Z;0.274;2.2641666666666667;0.11546875000000001;0.18292708333333332;0.24179375;0.2910145833333333;0.319325;0.33451875000000003;0.3373229166666667;0.35557500000000003;0.43788125;0.3520979166666667
2022-08-31T00:00:00.000Z;0.3178958333333333;2.534625;0.11670000000000001;0.17357916666666667;0.2252333333333333;0.2720958333333333;0.30423958333333334;0.32205;0.32984166666666664;0.3452270833333333;0.4200375;0.32694375000000003
2022-09-02T00:00:00.000Z;0.209;1.9628958333333333;0.12783958333333334;0.18682500000000002;0.24272500000000002;0.2832104166666667;0.3191375;0.33798125;0.34228333333333333;0.3519125;0.444075;0.37453958333333337
2022-09-05T00:00:00.000Z;0.14300000000000002;1.3426458333333333;0.10182916666666667;0.14980833333333332;0.20095833333333332;0.23348333333333332;0.26205;0.27865625;0.2905625;0.2945520833333333;0.37928541666666665;0.3184354166666667
2022-09-07T00:00:00.000Z;0.187;1.0540625000000001;0.12086458333333333;0.183975;0.24417708333333332;0.28318333333333334;0.31565000000000004;0.3337291666666667;0.3461;0.3510875;0.4393041666666667;0.35915625
2022-09-10T00:00:00.000Z;0.176;1.5488541666666669;0.0976;0.15028750000000002;0.2020875;0.23701041666666667;0.2627333333333333;0.27640625;0.2856125;0.29365625;0.3742708333333334;0.299275
2022-09-12T00:00:00.000Z;;;;;;;;;;;;
2022-09-15T00:00:00.000Z;0.154;2.159875;0.09879166666666667;0.14653750000000001;0.19492916666666668;0.22870833333333332;0.2552833333333333;0.27149375000000003;0.27546666666666664;0.2855833333333333;0.3731625;0.31076041666666665
2022-09-17T00:00:00.000Z;0.22;2.1752291666666665;0.11650416666666669;0.17635416666666667;0.23389375;0.2761770833333333;0.30624583333333333;0.32202916666666664;0.3232229166666667;0.34429375;0.42888125000000005;0.34825
2022-09-20T00:00:00.000Z;0.187;1.9913750000000001;0.09516458333333334;0.14533333333333334;0.1945291666666667;0.23006875000000002;0.25542916666666665;0.272675;0.27657916666666665;0.2886958333333333;0.36349166666666666;0.2901458333333333
2022-09-22T00:00:00.000Z;0.214;2.399520833333333;0.12146041666666668;0.17693333333333333;0.23090416666666666;0.2724583333333333;0.3014541666666667;0.3223083333333333;0.32209375;0.33562916666666665;0.4259208333333333;0.35728750000000004
2022-09-25T00:00:00.000Z;;;;;;;;;;;;
2022-09-27T00:00:00.000Z;0.14300000000000002;0.9945833333333334;0.10928750000000001;0.1678416666666667;0.22231250000000002;0.25861875;0.2898854166666667;0.3073208333333333;0.31898125;0.32362291666666665;0.4064520833333334;0.3347104166666667
2022-09-30T00:00:00.000Z;0.11;0.8123750000000001;0.08783125;0.13729583333333334;0.18430000000000002;0.21658750000000002;0.24281666666666665;0.2552333333333333;0.27241666666666664;0.27322708333333334;0.34405625;0.2737708333333333
2022-10-02T00:00:00.000Z;0.176;1.0167291666666667;0.11370208333333333;0.16969583333333332;0.22246666666666667;0.2573583333333333;0.29224791666666666;0.3066583333333333;0.32274166666666665;0.3219333333333333;0.4055229166666667;0.33921666666666667
2022-10-05T00:00:00.000Z;0.176;1.7000526315789473;0.14677894736842106;0.1592526315789474;0.1797684210526316;0.20290526315789476;0.2244368421052632;0.2407736842105264;0.23254736842105264;0.25663157894736843;0.2865526315789474;0.24938947368421052
2022-10-07T00:00:00.000Z;0.2415;2.2017708333333332;0.08574791666666667;0.1409375;0.18834791666666667;0.23079791666666666;0.26383125;0.27798541666666665;0.27903958333333334;0.29435;0.35504583333333334;0.26986041666666666
2022-10-10T00:00:00.000Z;;;;;;;;;;;;
2022-10-12T00:00:00.000Z;0.165;2.2450208333333332;0.09389791666666666;0.13213125;0.16852083333333334;0.20472083333333332;0.2370833333333333;0.2545395833333333;0.25483541666666665;0.2688729166666667;0.32639375000000004;0.25859375
2022-10-15T00:00:00.000Z;0.171;1.4846875;0.08768958333333333;0.1307125;0.1710125;0.20267083333333333;0.23593750000000002;0.25140625;0.2596541666666667;0.2643333333333333;0.33305;0.2755270833333333
2022-10-17T00:00:00.000Z;0.187;1.8002291666666668;0.09373333333333334;0.14689791666666668;0.19045416666666667;0.22763125;0.26701458333333333;0.27927708333333334;0.2840520833333333;0.29526458333333333;0.36551458333333336;0.29616041666666665
2022-10-20T00:00:00.000Z;;;;;;;;;;;;
2022-10-22T00:00:00.000Z;;;;;;;;;;;;
2022-10-25T00:00:00.000Z;;;;;;;;;;;;
2022-10-27T00:00:00.000Z;;;;;;;;;;;;
2022-10-30T00:00:00.000Z;;;;;;;;;;;;
2022-11-01T00:00:00.000Z;0.138;1.7675416666666668;0.09630625000000001;0.14035416666666667;0.18260208333333333;0.2140770833333333;0.2475083333333333;0.265525;0.2735520833333333;0.27974791666666665;0.35878125;0.3024541666666667
2022-11-04T00:00:00.000Z;0.055;0.9880625000000001;0.10240208333333332;0.13717500000000002;0.1732625;0.19707291666666668;0.2318208333333333;0.24750208333333332;0.2621708333333333;0.25971666666666665;0.331125;0.27515
2022-11-06T00:00:00.000Z;0.099;0.5126041666666666;0.08694791666666667;0.1359979166666667;0.1800479166666667;0.2035375;0.2435145833333333;0.25861666666666666;0.2774916666666667;0.27194375000000004;0.34567291666666666;0.2841020833333333
2022-11-09T00:00:00.000Z;0.0881025641025641;1.2071538461538462;0.15266666666666667;0.1785589743589744;0.20533846153846153;0.2367820512820513;0.2782846153846154;0.2975692307692308;0.2990615384615385;0.31613589743589743;0.34439743589743593;0.2850794871794872
2022-11-11T00:00:00.000Z;;;;;;;;;;;;
2022-11-14T00:00:00.000Z;0.127;1.7307916666666667;0.07693958333333334;0.11412083333333334;0.146625;0.173375;0.20974583333333333;0.22539791666666667;0.23440416666666666;0.23865416666666667;0.30086666666666667;0.24525416666666666
2022-11-16T00:00:00.000Z;;;;;;;;;;;;
2022-11-19T00:00:00.000Z;0.088;0.8711111111111111;0.021722222222222223;0.028188888888888892;0.03272222222222222;0.03856666666666667;0.04721111111111111;0.04702222222222222;0.04931111111111111;0.04972222222222222;0.061388888888888896;0.04605555555555556
2022-11-21T00:00:00.000Z;;;;;;;;;;;;
2022-11-24T00:00:00.000Z;0.08808333333333333;1.4796041666666668;0.07422291666666667;0.10885416666666668;0.14118125;0.16670208333333333;0.20316041666666668;0.2179125;0.22631666666666667;0.22813750000000002;0.28875;0.23562916666666667
2022-11-26T00:00:00.000Z;;;;;;;;;;;;
2022-11-29T00:00:00.000Z;0.07200000000000001;0.7711041666666666;0.06923541666666666;0.10901875000000001;0.1421125;0.16669375;0.202125;0.21509375;0.2316;0.2280875;0.28541875;0.22621666666666665
2022-12-01T00:00:00.000Z;;;;;;;;;;;;
2022-12-04T00:00:00.000Z;;;;;;;;;;;;
2022-12-06T00:00:00.000Z;;;;;;;;;;;;
2022-12-09T00:00:00.000Z;;;;;;;;;;;;
2022-12-11T00:00:00.000Z;;;;;;;;;;;;
2022-12-14T00:00:00.000Z;;;;;;;;;;;;
2022-12-16T00:00:00.000Z;;;;;;;;;;;;
2022-12-19T00:00:00.000Z;;;;;;;;;;;;
2022-12-21T00:00:00.000Z;;;;;;;;;;;;
2022-12-24T00:00:00.000Z;0.066;0.9465625;0.06814583333333334;0.10162291666666667;0.12897916666666667;0.15573958333333332;0.195225;0.21015416666666667;0.224475;0.2213895833333333;0.27197916666666666;0.21782500000000002
2022-12-26T00:00:00.000Z;;;;;;;;;;;;
2022-12-29T00:00:00.000Z;;;;;;;;;;;;
2022-12-31T00:00:00.000Z;0.083;0.6436041666666666;0.08586458333333334;0.12250416666666668;0.15672083333333334;0.18326041666666668;0.2290375;0.24852708333333332;0.2673291666666667;0.25953333333333334;0.3143458333333333;0.257425
2023-01-03T00:00:00.000Z;0.083;1.2231875;0.0783375;0.10872291666666668;0.1357354166666667;0.1605625;0.1980625;0.21293541666666665;0.22589166666666666;0.2249833333333333;0.27742500000000003;0.2215125
2023-01-05T00:00:00.000Z;0.094;0.753125;0.0818;0.12185625;0.15246875000000001;0.1820875;0.23037291666666665;0.24448750000000002;0.25951875;0.25807916666666664;0.29413125;0.23176666666666668
2023-01-08T00:00:00.000Z;;;;;;;;;;;;
2023-01-10T00:00:00.000Z;0.0770625;1.2115208333333334;0.08646875000000001;0.12434375;0.1573125;0.18571875000000002;0.2338458333333333;0.24701666666666666;0.26050625;0.2625166666666667;0.32153333333333334;0.26067291666666664
2023-01-13T00:00:00.000Z;0.083;0.4201666666666667;0.07271458333333335;0.10645833333333334;0.1374041666666667;0.15885416666666669;0.20118125;0.21345625000000001;0.236525;0.22885208333333332;0.28209791666666667;0.22894166666666665
2023-01-15T00:00:00.000Z;0.07200000000000001;0.8830208333333334;0.08684791666666666;0.13208333333333333;0.16996458333333334;0.20121875;0.24276250000000002;0.2597583333333333;0.2756104166666667;0.27824166666666666;0.3314166666666667;0.2651458333333333
2023-01-18T00:00:00.000Z;;;;;;;;;;;;
2023-01-20T00:00:00.000Z;;;;;;;;;;;;
2023-01-23T00:00:00.000Z;0.0770625;0.3755625;0.0738625;0.10763958333333333;0.1412041666666667;0.16520833333333335;0.20491458333333332;0.21651666666666666;0.23887916666666667;0.23069791666666667;0.28556875000000004;0.23383541666666666
2023-01-25T00:00:00.000Z;;;;;;;;;;;;
2023-01-28T00:00:00.000Z;0.083;0.4633541666666667;0.06875416666666667;0.10901458333333333;0.14240208333333335;0.16876875;0.20698125;0.218225;0.23795000000000002;0.23200416666666665;0.2845020833333333;0.224
2023-01-30T00:00:00.000Z;0.099;0.6112291666666666;0.09299166666666667;0.1341;0.17272291666666667;0.20048958333333333;0.24478541666666667;0.25835416666666666;0.28035;0.27353125;0.33742916666666667;0.2766458333333333
2023-02-02T00:00:00.000Z;0.083;0.6323125;0.07738958333333334;0.11191041666666668;0.14803750000000002;0.17188125;0.20723125;0.22076458333333332;0.24171666666666666;0.233025;0.2953604166666667;0.23989375000000002
2023-02-04T00:00:00.000Z;0.08808333333333333;0.23441666666666663;0.08860625;0.13683958333333332;0.17937916666666667;0.205125;0.24588541666666666;0.2607895833333333;0.2880770833333333;0.27795416666666667;0.3387875;0.27340000000000003
2023-02-07T00:00:00.000Z;;;;;;;;;;;;
2023-02-09T00:00:00.000Z;;;;;;;;;;;;
2023-02-12T00:00:00.000Z;;;;;;;;;;;;
2023-02-14T00:00:00.000Z;;;;;;;;;;;;
2023-02-17T00:00:00.000Z;;;;;;;;;;;;
2023-02-19T00:00:00.000Z;0.3178958333333333;1.0555;0.0990375;0.14975;0.1943541666666667;0.22667500000000002;0.26824791666666664;0.2843395833333333;0.29840625000000004;0.30023958333333334;0.36192708333333334;0.29633750000000003
2023-02-22T00:00:00.000Z;0.34500000000000003;0.9626666666666667;0.09027083333333334;0.14092083333333333;0.18281666666666668;0.21184375;0.2476833333333333;0.2630604166666667;0.27689583333333334;0.2765375;0.3367458333333333;0.27143125
2023-02-24T00:00:00.000Z;;;;;;;;;;;;
2023-02-27T00:00:00.000Z;0.0770625;0.21245833333333333;0.08355208333333335;0.12530208333333334;0.16470416666666668;0.18883958333333334;0.22035416666666666;0.2330125;0.25679583333333333;0.24799375;0.31140833333333334;0.2500833333333333
2023-03-01T00:00:00.000Z;0.121;0.4204166666666667;0.10963541666666668;0.15531875;0.20128958333333333;0.22751458333333333;0.26560416666666664;0.28150000000000003;0.30566041666666666;0.29363541666666665;0.37575000000000003;0.31495833333333334
2023-03-04T00:00:00.000Z;0.105;0.5257291666666667;0.09168541666666667;0.13038750000000002;0.17032916666666667;0.19524583333333334;0.22725;0.24167916666666667;0.25980000000000003;0.25440625;0.326475;0.2725520833333333
2023-03-06T00:00:00.000Z;;;;;;;;;;;;
2023-03-09T00:00:00.000Z;;;;;;;;;;;;
2023-03-11T00:00:00.000Z;;;;;;;;;;;;
2023-03-14T00:00:00.000Z;;;;;;;;;;;;
2023-03-16T00:00:00.000Z;0.099;0.7408958333333334;0.10861875;0.16192708333333333;0.2120520833333333;0.2438270833333333;0.2801458333333333;0.2927270833333333;0.31083541666666664;0.309325;0.3942041666666667;0.32559166666666667
2023-03-19T00:00:00.000Z;0.105;0.9540625;0.09487083333333333;0.14209791666666668;0.18453333333333333;0.21363125000000002;0.2408833333333333;0.25559166666666666;0.269075;0.27032708333333333;0.34632291666666665;0.2785125
2023-03-21T00:00:00.000Z;;;;;;;;;;;;
2023-03-24T00:00:00.000Z;0.099;0.7726458333333334;0.1034125;0.1477;0.19290000000000002;0.21955208333333331;0.25201875;0.26582500000000003;0.2821333333333333;0.2787145833333333;0.36225;0.30329375000000003
2023-03-26T00:00:00.000Z;;;;;;;;;;;;
2023-03-29T00:00:00.000Z;0.105;0.6528541666666666;0.09656458333333334;0.1446791666666667;0.19066666666666668;0.2179333333333333;0.24713125000000002;0.2605520833333333;0.27884166666666665;0.27537500000000004;0.35310625;0.2855625
2023-03-31T00:00:00.000Z;;;;;;;;;;;;
2023-04-03T00:00:00.000Z;0.08808333333333333;0.35029166666666667;0.10385208333333333;0.1506;0.198225;0.22314583333333332;0.2530791666666667;0.26706250000000004;0.28991666666666666;0.2807354166666667;0.36850208333333334;0.3101291666666667
2023-04-05T00:00:00.000Z;0.149;0.3965;0.12341875000000001;0.1834791666666667;0.2398125;0.2716958333333333;0.3066229166666667;0.3215895833333333;0.3437458333333333;0.3365666666666667;0.42602083333333335;0.35265
2023-04-08T00:00:00.000Z;0.116;0.43433333333333335;0.10365416666666669;0.15286666666666668;0.20332916666666667;0.23096875;0.2589416666666667;0.27134583333333334;0.2925333333333333;0.28651875;0.3700833333333334;0.2990875
2023-04-10T00:00:00.000Z;0.3285;1.375625;0.10602291666666668;0.13569166666666668;0.16214583333333332;0.18355833333333332;0.20501666666666665;0.21625208333333332;0.21989583333333332;0.2234375;0.24195625;0.18825625
2023-04-13T00:00:00.000Z;;;;;;;;;;;;
2023-04-15T00:00:00.000Z;0.16;0.9187916666666667;0.13305208333333332;0.19495208333333333;0.25459375;0.2899625;0.3190104166666667;0.33196041666666665;0.3472208333333333;0.34736875;0.44601875;0.36861666666666665
2023-04-18T00:00:00.000Z;0.08808333333333333;0.7429166666666667;0.10960208333333334;0.16064583333333332;0.21184583333333332;0.24128125;0.26795625;0.27960416666666665;0.29636666666666667;0.2951625;0.3814458333333334;0.3094770833333333
2023-04-20T00:00:00.000Z;0.165;0.8008125;0.14004583333333334;0.19890833333333333;0.25927916666666667;0.2940875;0.3253770833333333;0.3393895833333333;0.36002500000000004;0.35448125;0.45935000000000004;0.38835416666666667
2023-04-23T00:00:00.000Z;0.121;0.8183125;0.11379583333333333;0.1636125;0.2176833333333333;0.24458125;0.27125625000000003;0.28395000000000004;0.30189166666666667;0.2983104166666667;0.39576875;0.33511250000000004
2023-04-25T00:00:00.000Z;0.094;1.2141458333333333;0.13823333333333332;0.19825625000000002;0.25969791666666664;0.2949375;0.3237729166666667;0.3384395833333333;0.34871458333333333;0.35644791666666664;0.45996666666666675;0.3835645833333334
2023-04-28T00:00:00.000Z;;;;;;;;;;;;
2023-04-30T00:00:00.000Z;;;;;;;;;;;;
2023-05-03T00:00:00.000Z;;;;;;;;;;;;
2023-05-05T00:00:00.000Z;0.099;1.0258333333333334;0.14155833333333334;0.2028375;0.26445416666666666;0.29985625;0.32775000000000004;0.3430520833333333;0.3558395833333333;0.3597083333333333;0.4661270833333333;0.389125
2023-05-08T00:00:00.000Z;;;;;;;;;;;;
2023-05-10T00:00:00.000Z;0.099;1.6006458333333333;0.15123125;0.20888541666666666;0.2702354166666667;0.30696875;0.33295625;0.35005000000000003;0.36009166666666664;0.36722708333333337;0.4788708333333333;0.41110625
2023-05-13T00:00:00.000Z;0.121;1.35724;0.14956;0.20146400000000003;0.259408;0.292752;0.320228;0.334772;0.35672;0.34990000000000004;0.433448;0.355768
2023-05-15T00:00:00.000Z;;;;;;;;;;;;
2023-05-18T00:00:00.000Z;;;;;;;;;;;;
2023-05-20T00:00:00.000Z;0.193;1.2592291666666668;0.15775833333333333;0.20743958333333332;0.2630020833333333;0.30021458333333334;0.32876041666666667;0.3488791666666667;0.3455916666666667;0.36551458333333336;0.44152708333333335;0.367875
2023-05-23T00:00:00.000Z;;;;;;;;;;;;
2023-05-25T00:00:00.000Z;;;;;;;;;;;;
2023-05-28T00:00:00.000Z;;;;;;;;;;;;
2023-05-30T00:00:00.000Z;0.121;1.76175;0.11650833333333332;0.1456375;0.17330833333333334;0.20145833333333332;0.22984791666666665;0.2439083333333333;0.2447208333333333;0.2528770833333333;0.28446041666666666;0.2201645833333333
2023-06-02T00:00:00.000Z;0.42075;1.8326875;0.10440416666666667;0.15575833333333333;0.2054083333333333;0.2450645833333333;0.28004375000000004;0.29729791666666666;0.30346666666666666;0.31212708333333333;0.38930833333333337;0.30067916666666666
2023-06-04T00:00:00.000Z;0.0770625;1.8778333333333332;0.15089583333333334;0.20353125;0.25138541666666664;0.29263125;0.3311708333333333;0.34563125;0.3530333333333333;0.36365416666666667;0.4606229166666667;0.3685375
2023-06-07T00:00:00.000Z;;;;;;;;;;;;
2023-06-09T00:00:00.000Z;;;;;;;;;;;;
2023-06-12T00:00:00.000Z;;;;;;;;;;;;
2023-06-14T00:00:00.000Z;0.14300000000000002;1.7715625;0.1295;0.19057083333333333;0.23977916666666665;0.28213958333333333;0.32853958333333333;0.3446666666666667;0.3489645833333333;0.36058958333333335;0.45039166666666675;0.37113541666666666
2023-06-17T00:00:00.000Z;0.14300000000000002;1.8098958333333333;0.1106125;0.15947083333333334;0.20187083333333333;0.23905833333333332;0.2815416666666667;0.29797291666666664;0.3010333333333333;0.3118958333333333;0.3896395833333334;0.31874583333333334
2023-06-19T00:00:00.000Z;;;;;;;;;;;;
2023-06-22T00:00:00.000Z;0.214;1.70675;0.08994791666666667;0.13309791666666668;0.16973333333333335;0.20504791666666666;0.25081875000000003;0.26908125;0.2747375;0.28190625;0.34565625;0.27269375
2023-06-24T00:00:00.000Z;0.16;1.5739166666666669;0.13336875;0.19315833333333335;0.2407520833333333;0.2856708333333333;0.34024791666666665;0.3603833333333334;0.3655333333333334;0.3759854166666667;0.4562416666666667;0.3771
2023-06-27T00:00:00.000Z;0.3556666666666667;1.9822291666666667;0.11585000000000001;0.16119166666666668;0.1965125;0.2347895833333333;0.28644583333333334;0.30704791666666664;0.3085791666666667;0.32303750000000003;0.38547291666666667;0.30599375
2023-06-29T00:00:00.000Z;0.5720833333333334;2.089625;0.13410833333333333;0.19095625000000002;0.2373708333333333;0.2852458333333333;0.34622916666666664;0.37720000000000004;0.37992916666666665;0.39210208333333335;0.47776041666666674;0.3979729166666667
2023-07-02T00:00:00.000Z;0.149;2.3511666666666664;0.11455416666666668;0.16136666666666669;0.20424583333333335;0.24024583333333333;0.2828541666666667;0.30430416666666665;0.3044625;0.3165645833333333;0.39391875000000004;0.331075
2023-07-04T00:00:00.000Z;0.187;1.6297291666666667;0.13861875;0.1995625;0.25033541666666664;0.2936729166666667;0.3445479166666667;0.36258958333333335;0.36910000000000004;0.3779895833333334;0.46265833333333334;0.38138125
2023-07-07T00:00:00.000Z;;;;;;;;;;;;
2023-07-09T00:00:00.000Z;0.23600000000000002;2.4023125;0.14234583333333334;0.20043333333333332;0.24695208333333332;0.28932291666666665;0.33420833333333333;0.358725;0.35748125000000003;0.3718916666666667;0.45179583333333334;0.3799416666666667
2023-07-12T00:00:00.000Z;;;;;;;;;;;;
2023-07-14T00:00:00.000Z;0.214;1.7416041666666668;0.1385;0.20075833333333334;0.2558229166666667;0.3009791666666667;0.34227708333333334;0.36021041666666664;0.36395208333333334;0.3771791666666667;0.4640520833333333;0.38035625
2023-07-17T00:00:00.000Z;0.2415;1.4251666666666667;0.10942291666666668;0.16372916666666668;0.21000416666666666;0.24660416666666665;0.2819333333333333;0.29893333333333333;0.3066125;0.31473125;0.387925;0.31096250000000003
2023-07-19T00:00:00.000Z;;;;;;;;;;;;
2023-07-22T00:00:00.000Z;;;;;;;;;;;;
2023-07-24T00:00:00.000Z;0.3269166666666667;1.6430833333333332;0.1592666666666667;0.2141458333333333;0.259575;0.3049645833333333;0.34680625000000004;0.36642083333333336;0.36325;0.38397708333333336;0.438825;0.35570416666666665
2023-07-27T00:00:00.000Z;0.11;2.6168125;0.11505;0.1632125;0.206125;0.24480625;0.2751395833333333;0.29122916666666665;0.28860416666666666;0.3086979166666667;0.38930625;0.3120145833333333
2023-07-29T00:00:00.000Z;0.263;1.4997500000000001;0.14178958333333333;0.20407708333333333;0.25884166666666664;0.3026979166666667;0.33758750000000004;0.35836875;0.36786875;0.37143125;0.4665541666666667;0.39355208333333336
2023-08-01T00:00:00.000Z;0.165;1.2421041666666668;0.11337083333333334;0.16101666666666667;0.211325;0.24568125000000002;0.2768875;0.2929583333333333;0.3030375;0.30657291666666664;0.3967041666666667;0.33296041666666665
2023-08-03T00:00:00.000Z;0.19233333333333333;1.7163333333333333;0.1359854166666667;0.20114583333333333;0.2597770833333333;0.3056083333333333;0.335275;0.3516166666666667;0.3563875;0.36880416666666666;0.4657291666666667;0.38143333333333335
2023-08-06T00:00:00.000Z;0.154;1.3732291666666667;0.10826666666666668;0.16285;0.21339166666666667;0.2494020833333333;0.27711458333333333;0.2908208333333333;0.3001833333333333;0.30701875;0.390475;0.31443958333333333
2023-08-08T00:00:00.000Z;0.225;2.2652083333333333;0.14802083333333332;0.20522916666666666;0.25288125;0.29418125;0.3283729166666667;0.35035;0.3509333333333333;0.3640083333333334;0.44358333333333333;0.36849166666666666
2023-08-11T00:00:00.000Z;0.198;1.6516666666666668;0.1138875;0.16469166666666668;0.21584166666666665;0.24976458333333332;0.27840625;0.2941375;0.30188333333333334;0.3077666666666667;0.3967083333333334;0.3307458333333333
2023-08-13T00:00:00.000Z;0.247;2.135770833333333;0.13429791666666668;0.1989875;0.2573395833333333;0.30120625;0.3336645833333333;0.3479979166666667;0.3483;0.36573541666666665;0.46037083333333334;0.37563541666666667
2023-08-16T00:00:00.000Z;0.116;1.9945;0.11300625;0.1613166666666667;0.2073833333333333;0.24449166666666666;0.27026666666666666;0.28445000000000004;0.28825416666666664;0.30170416666666666;0.37997708333333335;0.30329791666666667
2023-08-18T00:00:00.000Z;0.19233333333333333;1.1899166666666667;0.13792291666666667;0.1997354166666667;0.2578958333333333;0.29715;0.32813125000000004;0.34453125;0.3588645833333333;0.361825;0.4591916666666667;0.38702708333333335
2023-08-21T00:00:00.000Z;0.16;1.9411666666666667;0.11053333333333333;0.1599125;0.20954166666666665;0.2447333333333333;0.27063125;0.28613958333333334;0.29130833333333334;0.3012520833333333;0.3919125;0.3266625
2023-08-23T00:00:00.000Z;0.225;1.523125;0.13076458333333332;0.19383541666666668;0.25355416666666664;0.29685416666666664;0.32669375;0.34274166666666667;0.34841875;0.3595979166666667;0.45346875000000003;0.36943125000000004
2023-08-26T00:00:00.000Z;0.3178958333333333;1.7583541666666669;0.12835416666666669;0.1859666666666667;0.23492916666666666;0.273025;0.3010041666666667;0.31620208333333333;0.32027916666666667;0.33348541666666665;0.40083541666666667;0.31540625
2023-08-28T00:00:00.000Z;0.165;1.11575;0.1318541666666667;0.19200625000000002;0.2508166666666667;0.290575;0.3173416666666667;0.33510833333333334;0.34971875;0.3495145833333333;0.44798125;0.3771375
2023-08-31T00:00:00.000Z;0.171;1.7190416666666668;0.10517916666666668;0.15494583333333334;0.20639166666666667;0.24108125000000002;0.267;0.28139375;0.2891833333333333;0.29470625;0.3852291666666667;0.31952291666666666
2023-09-02T00:00:00.000Z;;;;;;;;;;;;
2023-09-05T00:00:00.000Z;0.334;2.222375;0.12166041666666667;0.18131666666666668;0.2297833333333333;0.27534166666666665;0.3035625;0.3178229166666667;0.3203416666666667;0.3356;0.40026458333333337;0.30946666666666667
2023-09-07T00:00:00.000Z;0.203;2.572;0.12837083333333332;0.1840166666666667;0.23461666666666667;0.2767104166666667;0.31247916666666664;0.33211875;0.3322583333333333;0.34803541666666665;0.43341875;0.35618541666666664
2023-09-10T00:00:00.000Z;0.18175;2.1638541666666664;0.10206458333333335;0.15059166666666668;0.19942500000000002;0.2340125;0.26375208333333333;0.2819041666666667;0.2849833333333333;0.2958770833333333;0.38073541666666666;0.31407291666666665
2023-09-12T00:00:00.000Z;;;;;;;;;;;;
2023-09-15T00:00:00.000Z;;;;;;;;;;;;
2023-09-17T00:00:00.000Z;0.203;2.6743541666666664;0.10985625;0.1568;0.20040625;0.24225833333333333;0.2771458333333333;0.2982083333333333;0.29715;0.3150395833333333;0.38445625;0.3040979166666667
2023-09-20T00:00:00.000Z;0.138;2.015270833333333;0.10345833333333333;0.1479;0.1891625;0.2235458333333333;0.2577625;0.27575;0.27855416666666666;0.2886958333333333;0.37097708333333335;0.30237291666666666
2023-09-22T00:00:00.000Z;;;;;;;;;;;;
2023-09-25T00:00:00.000Z;0.094;1.0474166666666667;0.09238958333333334;0.14051875;0.1822041666666667;0.21288541666666666;0.24169375;0.2542583333333333;0.26665833333333333;0.26826041666666667;0.3479541666666667;0.27885625
2023-09-27T00:00:00.000Z;0.121;1.5316666666666667;0.11805;0.16892083333333333;0.21594166666666667;0.2501;0.28439166666666665;0.3033520833333333;0.30885416666666665;0.31420000000000003;0.40679583333333336;0.3436208333333333
2023-09-30T00:00:00.000Z;0.08808333333333333;1.3566875;0.0962625;0.13871250000000002;0.18180416666666668;0.2093375;0.2388875;0.25362708333333334;0.2636625;0.26539166666666664;0.35330416666666664;0.2960541666666667
2023-10-02T00:00:00.000Z;0.105;0.9534375;0.10970625;0.16387500000000002;0.21307291666666667;0.24802291666666668;0.2802625;0.2951708333333333;0.30690833333333334;0.312075;0.39574375;0.3258270833333333
2023-10-05T00:00:00.000Z;0.127;1.2215208333333334;0.09301458333333334;0.13960833333333333;0.18187083333333334;0.21186041666666666;0.24003750000000001;0.2522770833333333;0.2634125;0.2675895833333333;0.3453354166666667;0.2743333333333333
2023-10-07T00:00:00.000Z;0.14300000000000002;1.280375;0.11568541666666668;0.16642708333333334;0.21295416666666667;0.24883541666666667;0.2823125;0.2967916666666667;0.3064854166666667;0.30893125;0.4012833333333334;0.33539166666666664
2023-10-10T00:00:00.000Z;0.11;1.2193513513513512;0.1031054054054054;0.13735675675675676;0.17363783783783784;0.1982054054054054;0.22442162162162163;0.2378135135135135;0.2562810810810811;0.2502621621621622;0.33023783783783783;0.2729621621621622
2023-10-12T00:00:00.000Z;0.127;1.0971041666666668;0.10521875;0.1585;0.2056;0.2425145833333333;0.27126875;0.2868;0.29617916666666666;0.30373125;0.38710625000000004;0.3165208333333333
2023-10-15T00:00:00.000Z;0.14300000000000002;1.7336666666666667;0.0880875;0.13418125;0.17502083333333335;0.20695208333333331;0.2314520833333333;0.24288541666666666;0.2494208333333333;0.2565854166666667;0.33552291666666667;0.26579166666666665
2023-10-17T00:00:00.000Z;;;;;;;;;;;;
2023-10-20T00:00:00.000Z;0.11;1.690125;0.08626041666666667;0.10853750000000001;0.11579375;0.1184;0.11704166666666668;0.10706666666666668;0.2185458333333333;0.09489583333333335;0.1710125;0.09417291666666666
2023-10-22T00:00:00.000Z;;;;;;;;;;;;
2023-10-25T00:00:00.000Z;0.066;1.444375;0.034833333333333334;0.057737500000000004;0.075875;0.08993541666666667;0.1031625;0.10868541666666667;0.1102125;0.11538333333333334;0.1369729166666667;0.10560625
2023-10-27T00:00:00.000Z;;;;;;;;;;;;
2023-10-30T00:00:00.000Z;0.094;1.5135;0.10680208333333333;0.14962083333333334;0.19315416666666668;0.22813750000000002;0.2586895833333333;0.2734395833333333;0.281775;0.2890125;0.38081875000000004;0.30751666666666666
2023-11-01T00:00:00.000Z;;;;;;;;;;;;
2023-11-04T00:00:00.000Z;;;;;;;;;;;;
2023-11-06T00:00:00.000Z;;;;;;;;;;;;
2023-11-09T00:00:00.000Z;;;;;;;;;;;;
2023-11-11T00:00:00.000Z;0.055;1.5032916666666667;0.10030208333333335;0.14489583333333333;0.18646666666666667;0.21745416666666667;0.25122916666666667;0.2623270833333333;0.26386875;0.2752708333333333;0.3448791666666667;0.2821208333333333
2023-11-14T00:00:00.000Z;0.0770625;1.03325;0.0779375;0.12131458333333334;0.16105833333333333;0.19122916666666667;0.2180895833333333;0.22926875000000002;0.24222916666666666;0.24367291666666666;0.31287291666666667;0.2463145833333333
2023-11-16T00:00:00.000Z;;;;;;;;;;;;
2023-11-19T00:00:00.000Z;0.0770625;1.03375;0.08042083333333334;0.11963541666666667;0.15791666666666668;0.18494583333333334;0.21303541666666667;0.22596041666666666;0.24104166666666665;0.2368208333333333;0.31065208333333333;0.25159166666666666
2023-11-21T00:00:00.000Z;0.08808333333333333;0.6706041666666667;0.09053333333333334;0.14057916666666667;0.18524375;0.2168895833333333;0.25050833333333333;0.2606583333333333;0.2787541666666667;0.27638125;0.3495833333333333;0.2820520833333333
2023-11-24T00:00:00.000Z;0.07200000000000001;0.664125;0.07419166666666667;0.11958125;0.15799583333333334;0.18485416666666668;0.21389166666666667;0.22445;0.24124583333333333;0.23832291666666666;0.3045375;0.23923750000000002
2023-11-26T00:00:00.000Z;0.132;0.9357291666666666;0.09456875000000001;0.1380354166666667;0.18099375;0.21092708333333332;0.24681041666666667;0.2607395833333333;0.27251458333333334;0.27260416666666665;0.3400375;0.27446041666666665
2023-11-29T00:00:00.000Z;;;;;;;;;;;;
2023-12-01T00:00:00.000Z;;;;;;;;;;;;
2023-12-04T00:00:00.000Z;;;;;;;;;;;;
2023-12-06T00:00:00.000Z;0.05;1.540375;0.12430999999999999;0.15379;0.187635;0.22329250000000003;0.2615175;0.2750925;0.28676999999999997;0.2913175;0.3673825;0.2894375
2023-12-09T00:00:00.000Z;;;;;;;;;;;;
2023-12-11T00:00:00.000Z;0.083;1.0279375;0.08414375;0.13296875;0.17291458333333334;0.20886041666666666;0.23547916666666666;0.24857916666666666;0.2595604166666667;0.26656875;0.32266875;0.25646458333333333
2023-12-14T00:00:00.000Z;0.066;0.5995416666666666;0.07168958333333333;0.11206250000000001;0.1479916666666667;0.17620208333333334;0.20502916666666665;0.21677916666666666;0.2343708333333333;0.2300583333333333;0.28908958333333334;0.22313750000000002
2023-12-16T00:00:00.000Z;0.07200000000000001;0.5854166666666667;0.09388333333333335;0.13575833333333334;0.17585;0.2045104166666667;0.24205416666666665;0.2524354166666667;0.2746645833333333;0.267225;0.3357208333333333;0.27325
2023-12-19T00:00:00.000Z;0.066;0.4041041666666667;0.07631458333333334;0.1134;0.149;0.1737479166666667;0.20573750000000002;0.21712083333333332;0.23806666666666668;0.23125416666666665;0.29465625;0.2368708333333333
2023-12-21T00:00:00.000Z;0.07200000000000001;0.7854583333333334;0.0847;0.1329479166666667;0.1743229166666667;0.2066208333333333;0.24056875;0.25298125;0.26764791666666665;0.26765833333333333;0.3284270833333333;0.2656875
2023-12-24T00:00:00.000Z;0.066;0.5308541666666666;0.07194583333333333;0.11400833333333334;0.14937083333333334;0.17723541666666667;0.2041916666666667;0.21629583333333333;0.23477916666666665;0.2298895833333333;0.2873541666666667;0.22210000000000002
2023-12-26T00:00:00.000Z;0.07200000000000001;0.32406250000000003;0.09546666666666667;0.1367625;0.17692291666666668;0.20498333333333332;0.23957916666666668;0.2494020833333333;0.2785333333333333;0.2692625;0.32981875;0.26583125
2023-12-29T00:00:00.000Z;;;;;;;;;;;;
2023-12-31T00:00:00.000Z;;;;;;;;;;;;
2024-01-03T00:00:00.000Z;;;;;;;;;;;;
2024-01-05T00:00:00.000Z;;;;;;;;;;;;
2024-01-08T00:00:00.000Z;0.066;0.40897916666666667;0.07682916666666667;0.11275416666666668;0.1497375;0.17530416666666668;0.2051333333333333;0.21665625000000002;0.23837916666666667;0.23012291666666665;0.29314375000000004;0.23475625
2024-01-10T00:00:00.000Z;;;;;;;;;;;;
2024-01-13T00:00:00.000Z;;;;;;;;;;;;
2024-01-18T00:00:00.000Z;;;;;;;;;;;;
2024-01-20T00:00:00.000Z;;;;;;;;;;;;
2024-01-23T00:00:00.000Z;0.08808333333333333;1.2336458333333333;0.0711625;0.11058541666666669;0.14487916666666667;0.1751791666666667;0.20161458333333335;0.21174166666666666;0.22279166666666667;0.22614375;0.2826770833333333;0.22032500000000002
2024-01-25T00:00:00.000Z;;;;;;;;;;;;
2024-01-28T00:00:00.000Z;;;;;;;;;;;;
2024-01-30T00:00:00.000Z;;;;;;;;;;;;
2024-02-02T00:00:00.000Z;0.083;0.99625;0.08140625;0.12144791666666668;0.15710416666666668;0.1858041666666667;0.2109625;0.22115625;0.23420000000000002;0.2366333333333333;0.30058125;0.23591666666666666
2024-02-04T00:00:00.000Z;0.083;0.4739166666666667;0.10044791666666666;0.1465875;0.19131041666666668;0.21969166666666667;0.2535604166666667;0.26714166666666667;0.29070625;0.2860583333333333;0.3642416666666667;0.3026395833333333
2024-02-07T00:00:00.000Z;0.099;0.9286041666666667;0.0874375;0.12445416666666669;0.16244166666666668;0.18721458333333332;0.2142375;0.22495833333333332;0.23922916666666666;0.23872291666666667;0.31200833333333333;0.2543166666666667
2024-02-09T00:00:00.000Z;;;;;;;;;;;;
2024-02-12T00:00:00.000Z;0.083;1.0819791666666667;0.059925000000000006;0.09913125;0.13303541666666668;0.16238541666666667;0.18580208333333334;0.19850833333333334;0.2083958333333333;0.21297291666666665;0.25974375;0.19329375000000001
2024-02-14T00:00:00.000Z;;;;;;;;;;;;
2024-02-17T00:00:00.000Z;0.0770625;1.0222916666666666;0.08471666666666666;0.12466250000000001;0.1615;0.18846666666666667;0.21773125000000002;0.22918125;0.24307916666666665;0.24313541666666666;0.31228958333333334;0.2574583333333333
2024-02-19T00:00:00.000Z;;;;;;;;;;;;
2024-02-22T00:00:00.000Z;;;;;;;;;;;;
2024-02-24T00:00:00.000Z;;;;;;;;;;;;
2024-02-27T00:00:00.000Z;;;;;;;;;;;;
2024-02-29T00:00:00.000Z;0.105;0.6046875;0.104475;0.1585375;0.2067145833333333;0.23811041666666666;0.26683541666666666;0.28141666666666665;0.2993354166666667;0.29577916666666665;0.38008125000000004;0.3121208333333333
2024-03-03T00:00:00.000Z;0.083;0.47152083333333333;0.08219583333333334;0.12713541666666667;0.16799166666666668;0.19448125000000002;0.21982916666666666;0.23226041666666666;0.2515458333333333;0.24840416666666668;0.3157583333333333;0.2488770833333333
2024-03-05T00:00:00.000Z;0.11;0.6506666666666666;0.11578333333333334;0.16327708333333332;0.2129333333333333;0.24242291666666665;0.2778895833333333;0.2925479166666667;0.3109770833333333;0.3057875;0.39477083333333335;0.33140416666666667
2024-03-08T00:00:00.000Z;0.055;0.8742708333333334;0.058860416666666665;0.06633958333333334;0.075075;0.08461041666666666;0.09749375;0.10165208333333334;0.11670416666666668;0.10661875;0.132;0.09620000000000001
2024-03-10T00:00:00.000Z;;;;;;;;;;;;
2024-03-13T00:00:00.000Z;0.083;0.5937083333333334;0.09190000000000001;0.13725;0.18080000000000002;0.20939791666666666;0.23772500000000002;0.24992916666666667;0.26632500000000003;0.26510833333333333;0.3347395833333333;0.27038125
2024-03-15T00:00:00.000Z;0.116;0.8704166666666666;0.11940416666666669;0.170625;0.22134375;0.25431041666666665;0.28468958333333333;0.3024645833333333;0.31709375;0.31520000000000004;0.40495833333333336;0.34063750000000004
2024-03-18T00:00:00.000Z;;;;;;;;;;;;
2024-03-20T00:00:00.000Z;;;;;;;;;;;;
2024-03-23T00:00:00.000Z;;;;;;;;;;;;
2024-03-25T00:00:00.000Z;;;;;;;;;;;;
2024-03-28T00:00:00.000Z;;;;;;;;;;;;
2024-03-30T00:00:00.000Z;;;;;;;;;;;;
2024-04-02T00:00:00.000Z;;;;;;;;;;;;
2024-04-04T00:00:00.000Z;;;;;;;;;;;;
2024-04-07T00:00:00.000Z;;;;;;;;;;;;
2024-04-09T00:00:00.000Z;0.138;0.3976458333333333;0.1272625;0.18846875000000002;0.24525208333333332;0.27578541666666667;0.30870625;0.3221583333333333;0.3429520833333333;0.33606250000000004;0.4315229166666667;0.3595395833333333
2024-04-12T00:00:00.000Z;0.094;0.7649791666666667;0.11065000000000001;0.1572;0.20359166666666667;0.23311458333333332;0.2605770833333333;0.27378125000000003;0.28744166666666665;0.2875583333333333;0.3703645833333334;0.30444791666666665
2024-04-14T00:00:00.000Z;0.154;0.6850208333333334;0.13789375;0.19464166666666669;0.2518125;0.2842354166666667;0.31443125;0.3292979166666667;0.34971250000000004;0.3444333333333333;0.44667083333333335;0.38288541666666664
2024-04-17T00:00:00.000Z;0.138;1.2343541666666669;0.1125125;0.16098333333333334;0.21255416666666666;0.24094375;0.264875;0.27984375;0.2907083333333333;0.2910625;0.39319583333333336;0.3324666666666667
2024-04-19T00:00:00.000Z;;;;;;;;;;;;
2024-04-22T00:00:00.000Z;;;;;;;;;;;;
2024-04-24T00:00:00.000Z;0.121;0.3216875;0.1416541666666667;0.20055416666666667;0.26049791666666666;0.2903354166666667;0.32024583333333334;0.33307916666666665;0.36101875;0.3503354166666667;0.4581916666666667;0.39204375
2024-04-27T00:00:00.000Z;;;;;;;;;;;;
2024-04-29T00:00:00.000Z;;;;;;;;;;;;
2024-05-02T00:00:00.000Z;0.08808333333333333;0.5145416666666667;0.11510416666666667;0.16679166666666667;0.22118333333333332;0.24905833333333333;0.2713229166666667;0.2834395833333333;0.3031875;0.2976270833333333;0.3945166666666667;0.3232833333333333
2024-05-04T00:00:00.000Z;0.132;1.1064791666666667;0.14707916666666668;0.20656041666666666;0.26773125000000003;0.30352291666666664;0.32973125000000003;0.3446;0.3581583333333333;0.3585479166666667;0.47420625;0.40872708333333335
2024-05-07T00:00:00.000Z;0.11;1.0109166666666667;0.134075;0.18383333333333332;0.24153333333333332;0.2727333333333333;0.29956875;0.3140604166666667;0.32811250000000003;0.32897916666666666;0.43855208333333334;0.3700729166666667
2024-05-09T00:00:00.000Z;;;;;;;;;;;;
2024-05-12T00:00:00.000Z;0.08808333333333333;1.1065416666666668;0.11931666666666668;0.1718375;0.2262833333333333;0.2566875;0.27873333333333333;0.29071250000000004;0.30157500000000004;0.30528958333333334;0.40519791666666666;0.33225208333333334
2024-05-14T00:00:00.000Z;0.055;0.8625833333333334;0.15187083333333334;0.20804375;0.27070208333333334;0.30674583333333333;0.3322104166666667;0.34671250000000003;0.36394791666666665;0.36330416666666665;0.48029166666666673;0.41438125000000003
2024-05-17T00:00:00.000Z;;;;;;;;;;;;
2024-05-19T00:00:00.000Z;0.121;1.1746458333333334;0.15461875;0.21786666666666665;0.28442708333333333;0.3225354166666667;0.346125;0.3590125;0.36920833333333336;0.3743666666666667;0.49129166666666674;0.40953541666666665
2024-05-22T00:00:00.000Z;0.08808333333333333;0.9680416666666667;0.12163750000000001;0.17468333333333333;0.2317875;0.26314791666666665;0.28411041666666664;0.2963895833333333;0.3093;0.3113375;0.41355000000000003;0.33996875000000004
2024-05-24T00:00:00.000Z;0.12787500000000002;1.234;0.1575541666666667;0.21838333333333332;0.2833625;0.3203020833333333;0.3449770833333333;0.36106041666666666;0.37318333333333337;0.37630208333333337;0.48913958333333335;0.41695625000000003
2024-05-27T00:00:00.000Z;0.176;1.8718541666666668;0.1291875;0.1782;0.2320625;0.26354375;0.28399583333333334;0.2995041666666667;0.3040458333333333;0.31264166666666665;0.41757291666666674;0.3531520833333333
2024-05-29T00:00:00.000Z;0.121;1.4216666666666669;0.15275;0.21373541666666665;0.2782833333333333;0.31753750000000003;0.33955625;0.35336875;0.36075;0.37086250000000004;0.48971666666666674;0.40935625000000003
2024-06-01T00:00:00.000Z;;;;;;;;;;;;
2024-06-03T00:00:00.000Z;;;;;;;;;;;;
2024-06-06T00:00:00.000Z;;;;;;;;;;;;
2024-06-08T00:00:00.000Z;0.4150833333333333;2.2627916666666668;0.161175;0.22830416666666667;0.2940479166666667;0.3334145833333333;0.35601041666666666;0.3688208333333334;0.36910000000000004;0.38644791666666667;0.48845000000000005;0.3959229166666667
2024-06-11T00:00:00.000Z;;;;;;;;;;;;
2024-06-13T00:00:00.000Z;0.083;1.5577708333333333;0.11992291666666668;0.15847083333333334;0.1958;0.2296520833333333;0.25265208333333333;0.2675333333333333;0.26962916666666664;0.27889375;0.3414875;0.26125000000000004
2024-06-16T00:00:00.000Z;0.066;1.4110416666666667;0.12208333333333334;0.16997916666666668;0.22159166666666666;0.2525270833333333;0.2804520833333333;0.2947666666666667;0.3039375;0.3077479166666667;0.41518958333333333;0.3576875
2024-06-18T00:00:00.000Z;0.121;1.6369583333333333;0.14917916666666667;0.21141041666666666;0.27068333333333333;0.3113916666666667;0.34437708333333333;0.359875;0.36435;0.37622916666666667;0.48609583333333334;0.40650416666666667
2024-06-21T00:00:00.000Z;0.08808333333333333;1.2535208333333332;0.11890625;0.17247083333333332;0.22416250000000001;0.2564375;0.2850666666666667;0.2991229166666667;0.30914583333333334;0.3151375;0.41097916666666673;0.33903125
2024-06-23T00:00:00.000Z;0.127;2.6476666666666664;0.15646875000000002;0.2169875;0.2731208333333333;0.31393125;0.34648125;0.36832916666666665;0.36497083333333336;0.38017500000000004;0.49823958333333335;0.4318770833333333
2024-06-26T00:00:00.000Z;0.34500000000000003;2.168458333333333;0.14844583333333333;0.19858333333333333;0.2456583333333333;0.2796;0.31545625;0.33705416666666665;0.33686666666666665;0.35333125000000004;0.42816458333333335;0.3550833333333333
2024-06-28T00:00:00.000Z;;;;;;;;;;;;
2024-07-01T00:00:00.000Z;0.105;2.132145833333333;0.12854583333333333;0.1774291666666667;0.22517916666666665;0.2633770833333333;0.29486875;0.31291458333333333;0.31414166666666665;0.3305895833333333;0.42157500000000003;0.343225
2024-07-03T00:00:00.000Z;0.061;1.7913333333333332;0.1526125;0.2097895833333333;0.26481041666666666;0.3046395833333333;0.3410958333333333;0.3618604166666667;0.36905625000000003;0.3775791666666667;0.48457291666666674;0.4183208333333333
2024-07-06T00:00:00.000Z;0.08808333333333333;1.7739791666666669;0.12366875000000001;0.17009166666666667;0.21754166666666666;0.24935625;0.28200625;0.3005083333333333;0.3064208333333333;0.31400416666666664;0.4083979166666667;0.34631875
2024-07-08T00:00:00.000Z;0.094;2.1064791666666665;0.1441791666666667;0.20237083333333333;0.25700833333333334;0.2975625;0.33494375000000004;0.3521333333333333;0.35402500000000003;0.37013958333333336;0.47565;0.39385000000000003
2024-07-11T00:00:00.000Z;0.0984375;1.6085208333333334;0.11927291666666669;0.16948333333333335;0.21857916666666666;0.2511708333333333;0.28167291666666666;0.2975895833333333;0.30385;0.3140375;0.4024625;0.3277479166666667
2024-07-23T00:00:00.000Z;0.061;1.7880833333333332;0.1551229166666667;0.2122208333333333;0.26874375;0.30716041666666666;0.33767291666666666;0.3573;0.3637895833333334;0.3735354166666667;0.48418958333333334;0.4157020833333333
2024-07-26T00:00:00.000Z;0.083;1.6695625;0.12388333333333333;0.172575;0.22466250000000001;0.2546125;0.28004375000000004;0.2974041666666667;0.3058125;0.3108416666666667;0.41201875000000004;0.3489145833333333
2024-07-28T00:00:00.000Z;0.17560416666666667;1.8920625;0.14852916666666668;0.20770000000000002;0.26358333333333334;0.30485;0.3363541666666667;0.35379791666666666;0.35551875;0.37184791666666667;0.47029375;0.38662083333333336
2024-07-31T00:00:00.000Z;0.149;1.6653958333333332;0.12079791666666669;0.17369583333333333;0.22648333333333331;0.2590395833333333;0.28375;0.29951666666666665;0.3057375;0.31497916666666664;0.4061645833333334;0.32933541666666666
2024-08-02T00:00:00.000Z;0.066;1.4395;0.15098333333333333;0.20523541666666667;0.26327500000000004;0.30010625;0.3308083333333333;0.35000000000000003;0.3605875;0.3662708333333334;0.4809229166666667;0.41230625000000004
2024-08-05T00:00:00.000Z;0.105;2.071458333333333;0.12583750000000002;0.17129166666666668;0.22171666666666667;0.25493958333333333;0.27894166666666664;0.2972;0.30043333333333333;0.31088750000000004;0.4131270833333333;0.34775833333333334
2024-08-07T00:00:00.000Z;0.11;1.5426250000000001;0.14533125;0.2045604166666667;0.26647916666666666;0.3065791666666667;0.3347708333333333;0.35046875;0.35626875;0.36642708333333335;0.47666666666666674;0.393475
2024-08-10T00:00:00.000Z;0.0770625;1.3754375;0.12036458333333333;0.17047500000000002;0.22265833333333332;0.25300416666666664;0.27707916666666665;0.29109375000000004;0.301925;0.30631458333333333;0.4;0.3238375
2024-08-12T00:00:00.000Z;0.066;1.8943750000000001;0.15045208333333332;0.20593541666666665;0.26434583333333334;0.30311875;0.32909375;0.34756875000000004;0.3528958333333333;0.3633604166666667;0.4751458333333333;0.40296458333333335
2024-08-15T00:00:00.000Z;0.08808333333333333;1.5268333333333333;0.11547500000000001;0.1619375;0.2141583333333333;0.2445395833333333;0.267225;0.28246875;0.2939375;0.29735416666666664;0.39791041666666666;0.335
2024-08-17T00:00:00.000Z;0.116;1.7655;0.135775;0.1975375;0.25741041666666664;0.2978145833333333;0.324025;0.3383875;0.3430479166666667;0.35684166666666667;0.46710833333333335;0.38509375
2024-08-20T00:00:00.000Z;0.11;2.6032291666666665;0.11298958333333334;0.1623416666666667;0.21328333333333332;0.24885416666666665;0.26865625;0.282175;0.2817958333333333;0.29884166666666667;0.3966;0.31841458333333333
2024-08-22T00:00:00.000Z;0.154;3.08075;0.14010416666666667;0.1837041666666667;0.23050416666666665;0.26529583333333334;0.2909291666666667;0.31106666666666666;0.30436250000000004;0.32371666666666665;0.4135770833333333;0.34696041666666666
2024-08-25T00:00:00.000Z;0.399;2.5826041666666666;0.11642708333333333;0.17321666666666669;0.22623333333333331;0.25943541666666664;0.28579791666666665;0.3050875;0.3048458333333333;0.3215958333333333;0.4056916666666667;0.3304625
2024-08-27T00:00:00.000Z;;;;;;;;;;;;
2024-08-30T00:00:00.000Z;;;;;;;;;;;;
2024-09-01T00:00:00.000Z;0.187;2.6390625;0.147325;0.20017708333333334;0.2534520833333333;0.2908354166666667;0.3159854166666667;0.33601041666666664;0.3324666666666667;0.3503458333333333;0.4450958333333333;0.3695875
2024-09-04T00:00:00.000Z;0.105;1.9299166666666667;0.08997083333333335;0.1305666666666667;0.17353333333333334;0.20548333333333332;0.22909166666666667;0.24402916666666666;0.25014166666666665;0.26000416666666665;0.33496875000000004;0.26157916666666664
2024-09-06T00:00:00.000Z;;;;;;;;;;;;
2024-09-09T00:00:00.000Z;0.127;1.0567083333333334;0.09814375;0.14857083333333335;0.19717500000000002;0.22894583333333332;0.2578395833333333;0.27117291666666665;0.2835083333333333;0.2872270833333333;0.370025;0.29710625
2024-09-11T00:00:00.000Z;0.066;2.049958333333333;0.13227083333333334;0.18050000000000002;0.2299395833333333;0.26687083333333333;0.30040833333333333;0.31843750000000004;0.3222833333333333;0.3331604166666667;0.4302291666666667;0.36212916666666667
2024-09-14T00:00:00.000Z;0.099;1.8676041666666667;0.1620416666666667;0.1852916666666667;0.21752916666666666;0.2466958333333333;0.2783458333333333;0.2942166666666667;0.30745833333333333;0.30806875;0.37244583333333336;0.2973020833333333
2024-09-16T00:00:00.000Z;0.132;1.0660833333333333;0.12037916666666668;0.17585625000000002;0.231025;0.2677375;0.3010291666666667;0.31929375000000004;0.32841875000000004;0.33470208333333334;0.4254291666666667;0.34801041666666666
2024-09-19T00:00:00.000Z;;;;;;;;;;;;
2024-09-21T00:00:00.000Z;0.13485416666666666;2.0851666666666664;0.10141458333333334;0.14943333333333333;0.19629791666666668;0.23679375000000003;0.2734770833333333;0.29212916666666666;0.295475;0.30911666666666665;0.38313958333333337;0.29987916666666664
2024-09-24T00:00:00.000Z;;;;;;;;;;;;
2024-09-26T00:00:00.000Z;0.11;1.6127500000000001;0.11100833333333333;0.16569375;0.21561666666666665;0.25145416666666665;0.28515625;0.29955625;0.3058770833333333;0.31467500000000004;0.4059729166666667;0.3344270833333333
2024-09-29T00:00:00.000Z;0.08808333333333333;1.3019375;0.09472291666666667;0.1398791666666667;0.1821625;0.2118020833333333;0.24412708333333333;0.25659166666666666;0.265675;0.2719479166666667;0.34813750000000004;0.27725
2024-10-01T00:00:00.000Z;0.121;1.558875;0.11749375000000001;0.16691458333333334;0.21547291666666665;0.24801250000000002;0.2854479166666667;0.30312083333333334;0.30995416666666664;0.3162125;0.40896875;0.34300625
2024-10-04T00:00:00.000Z;0.105;1.514625;0.09666041666666667;0.14020208333333334;0.18527083333333333;0.21046458333333332;0.23974375;0.25571875;0.2651708333333333;0.2674520833333333;0.3577958333333333;0.29894375
2024-10-06T00:00:00.000Z;0.16;1.9561041666666668;0.10835625;0.16376666666666667;0.21365;0.24857500000000002;0.2825375;0.2970145833333333;0.2970625;0.31123125;0.402575;0.32962291666666665
2024-10-09T00:00:00.000Z;;;;;;;;;;;;
2024-10-11T00:00:00.000Z;;;;;;;;;;;;
2024-10-14T00:00:00.000Z;;;;;;;;;;;;
2024-10-16T00:00:00.000Z;;;;;;;;;;;;
2024-10-19T00:00:00.000Z;;;;;;;;;;;;
2024-10-21T00:00:00.000Z;0.11;2.178270833333333;0.10837291666666668;0.15543125000000002;0.19912708333333334;0.23330208333333333;0.2649166666666667;0.28649166666666664;0.28605;0.2975645833333333;0.3855333333333334;0.323025
2024-10-24T00:00:00.000Z;;;;;;;;;;;;
2024-10-26T00:00:00.000Z;;;;;;;;;;;;
2024-10-29T00:00:00.000Z;;;;;;;;;;;;
2024-10-31T00:00:00.000Z;;;;;;;;;;;;
2024-11-03T00:00:00.000Z;;;;;;;;;;;;
2024-11-05T00:00:00.000Z;0.149;1.4352500000000001;0.08346041666666666;0.12818333333333334;0.1652479166666667;0.19874166666666668;0.24370416666666667;0.25764375;0.2633729166666667;0.2703145833333333;0.3232125;0.25312708333333334
2024-11-08T00:00:00.000Z;;;;;;;;;;;;
2024-11-10T00:00:00.000Z;;;;;;;;;;;;
2024-11-13T00:00:00.000Z;;;;;;;;;;;;
2024-11-15T00:00:00.000Z;;;;;;;;;;;;
2024-11-18T00:00:00.000Z;0.083;1.36925;0.06516666666666666;0.10195208333333335;0.13083333333333333;0.16032708333333334;0.19886875;0.21310625;0.22037083333333332;0.22664375;0.2658479166666667;0.2018791666666667
2024-11-20T00:00:00.000Z;0.0770625;1.3304375;0.08761875000000001;0.12867083333333335;0.16267500000000001;0.19037916666666668;0.24005833333333332;0.2580895833333333;0.2678229166666667;0.26789166666666664;0.326025;0.26520625000000003
2024-11-23T00:00:00.000Z;0.083;1.563340425531915;0.09482765957446808;0.12755744680851064;0.1539872340425532;0.1862617021276596;0.22784680851063832;0.2449148936170213;0.2536;0.2526553191489362;0.3047170212765957;0.2429404255319149
2024-11-25T00:00:00.000Z;;;;;;;;;;;;
2024-11-28T00:00:00.000Z;;;;;;;;;;;;
2024-11-30T00:00:00.000Z;0.105;1.354125;0.09148333333333335;0.13012291666666667;0.16116666666666668;0.19251041666666668;0.24349166666666666;0.26612291666666665;0.2733791666666667;0.27431875;0.3259520833333333;0.26479166666666665
2024-12-03T00:00:00.000Z;0.083;1.1498333333333333;0.08294791666666666;0.11597291666666668;0.143525;0.17032291666666668;0.21422916666666666;0.23124583333333332;0.24251250000000002;0.24429375;0.2856166666666667;0.2241770833333333
2024-12-05T00:00:00.000Z;0.055;1.124125;0.087525;0.1254229166666667;0.1544875;0.18470833333333334;0.23391250000000002;0.25188541666666664;0.260525;0.26336041666666665;0.2950333333333333;0.23101041666666666
2024-12-08T00:00:00.000Z;0.061;0.47539583333333335;0.06871458333333334;0.10623125;0.13592500000000002;0.16222083333333334;0.20715625000000001;0.22260833333333332;0.24009583333333331;0.23592916666666666;0.2730958333333333;0.21202500000000002
2024-12-10T00:00:00.000Z;0.066;0.7543125;0.09510833333333334;0.13202708333333332;0.16265833333333332;0.19366875;0.24714166666666668;0.2685666666666667;0.2839479166666667;0.2807270833333333;0.32534166666666664;0.26503333333333334
2024-12-13T00:00:00.000Z;0.066;0.9456875;0.07582916666666667;0.10685;0.1338666666666667;0.16247916666666667;0.20768541666666665;0.2238895833333333;0.23752083333333332;0.23588958333333332;0.27539583333333334;0.21809583333333332
2024-12-15T00:00:00.000Z;0.066;0.5161250000000001;0.08036458333333334;0.1231;0.15665625;0.18537083333333335;0.23882083333333332;0.25705833333333333;0.27479791666666664;0.27093541666666665;0.30485416666666665;0.24041666666666667
2024-12-18T00:00:00.000Z;0.241;1.51725;0.06604166666666667;0.11058333333333333;0.14221666666666669;0.17195000000000002;0.2134083333333333;0.2313083333333333;0.2371833333333333;0.246625;0.28115;0.2161833333333333
2024-12-20T00:00:00.000Z;0.066;0.3642291666666667;0.08790416666666667;0.12460208333333334;0.15906041666666668;0.18467708333333333;0.23683125000000002;0.25259791666666664;0.28099375;0.2710958333333333;0.3092083333333333;0.2480895833333333
2024-12-23T00:00:00.000Z;0.061;0.5935208333333334;0.07423333333333335;0.10648125;0.13695208333333334;0.16255625;0.20802083333333332;0.22567083333333332;0.2419375;0.2363833333333333;0.27932291666666664;0.22319375000000002
2024-12-25T00:00:00.000Z;0.066;0.9428958333333334;0.0772;0.12046875;0.1555041666666667;0.19007083333333333;0.2389458333333333;0.25571875;0.2677708333333333;0.27117291666666665;0.31000208333333334;0.24450208333333331
2024-12-28T00:00:00.000Z;0.07200000000000001;0.611;0.14975;0.16795000000000002;0.1874;0.21051250000000002;0.24046250000000002;0.2453625;0.258625;0.2597125;0.291725;0.281075
2024-12-30T00:00:00.000Z;0.0770625;1.0498750000000001;0.09613333333333335;0.13070833333333334;0.16341666666666668;0.1948166666666667;0.24553541666666667;0.2619583333333333;0.27986666666666665;0.27818750000000003;0.3179666666666667;0.25359166666666666
2025-01-02T00:00:00.000Z;0.07200000000000001;0.6865625;0.056516666666666666;0.08590833333333334;0.11272083333333333;0.1394125;0.18245625000000001;0.19897916666666668;0.2144083333333333;0.20951250000000002;0.23814166666666667;0.1774416666666667
2025-01-04T00:00:00.000Z;0.0770625;0.620625;0.08011666666666667;0.12428333333333333;0.15981041666666668;0.18985625;0.24606041666666667;0.26239583333333333;0.2783645833333333;0.2741416666666667;0.29815625;0.2274270833333333
2025-01-09T00:00:00.000Z;0.05;1.3453125000000001;0.09263541666666666;0.12426250000000001;0.15349583333333333;0.18221875;0.22564791666666667;0.2438145833333333;0.25235;0.25734375000000004;0.29768541666666665;0.2397645833333333
2025-01-12T00:00:00.000Z;;;;;;;;;;;;
2025-01-14T00:00:00.000Z;0.07200000000000001;0.2555416666666666;0.08239166666666667;0.12528541666666668;0.16191458333333333;0.18735208333333334;0.2381458333333333;0.25396875;0.2786458333333333;0.2663125;0.30667500000000003;0.2427208333333333
2025-01-17T00:00:00.000Z;;;;;;;;;;;;
2025-01-19T00:00:00.000Z;0.0770625;0.488;0.08969375;0.12835208333333334;0.16426666666666667;0.19213333333333332;0.24453541666666667;0.26072500000000004;0.28178125000000004;0.2723208333333333;0.3244083333333333;0.2613395833333333
2025-01-22T00:00:00.000Z;;;;;;;;;;;;
2025-01-24T00:00:00.000Z;0.0770625;1.0402708333333333;0.08411041666666667;0.12963958333333334;0.16670208333333333;0.20391458333333334;0.24320208333333332;0.25977083333333334;0.2734270833333333;0.27725208333333334;0.3263770833333333;0.2516625
2025-01-27T00:00:00.000Z;;;;;;;;;;;;
2025-01-29T00:00:00.000Z;;;;;;;;;;;;
2025-02-01T00:00:00.000Z;0.066;0.7027291666666666;0.07699375;0.11207083333333333;0.145125;0.1695125;0.20831666666666665;0.22398125000000002;0.24125833333333332;0.23630416666666668;0.29029375;0.23664375
2025-02-03T00:00:00.000Z;0.083;0.6955833333333333;0.11003333333333333;0.15204375;0.18814166666666668;0.22193333333333332;0.2656020833333333;0.2776854166666667;0.2958604166666667;0.29472291666666667;0.3460625;0.27063333333333334
2025-02-06T00:00:00.000Z;0.0770625;0.6105625;0.08213958333333334;0.12111458333333333;0.15293333333333334;0.18251250000000002;0.22086041666666667;0.23065000000000002;0.2511125;0.24656875;0.2963958333333333;0.2289645833333333
2025-02-08T00:00:00.000Z;0.083;0.6506041666666667;0.1034;0.14800833333333333;0.188425;0.21495625000000002;0.2633833333333333;0.28229791666666665;0.30203125000000003;0.29531875;0.3590520833333333;0.29246875
2025-02-11T00:00:00.000Z;0.0770625;0.7980208333333334;0.08663333333333334;0.12370416666666668;0.15795416666666667;0.18324583333333333;0.2228520833333333;0.23904583333333332;0.2536;0.2517333333333333;0.30741666666666667;0.24792708333333333
2025-02-13T00:00:00.000Z;0.083;0.7007083333333334;0.09896250000000001;0.1489;0.18998333333333334;0.22164791666666667;0.26565;0.27967291666666666;0.2962333333333333;0.29291666666666666;0.3560729166666667;0.27944166666666664
2025-02-16T00:00:00.000Z;0.083;0.7770625;0.09112708333333334;0.13605;0.1751541666666667;0.20248750000000001;0.24256666666666665;0.25578541666666665;0.27676666666666666;0.2723979166666667;0.3386958333333333;0.2632625
2025-02-18T00:00:00.000Z;;;;;;;;;;;;
2025-02-21T00:00:00.000Z;;;;;;;;;;;;
2025-02-23T00:00:00.000Z;0.11;0.886125;0.10205416666666667;0.153;0.197725;0.2320625;0.26826041666666667;0.2825479166666667;0.2984583333333333;0.30047291666666665;0.37018958333333335;0.2923395833333333
2025-02-26T00:00:00.000Z;0.0770625;0.2950625;0.09266458333333334;0.1361375;0.17500416666666668;0.20275625;0.23731666666666668;0.24831666666666666;0.27391666666666664;0.2643645833333333;0.32679166666666665;0.25651875
2025-02-28T00:00:00.000Z;0.2520833333333333;1.1693125;0.17309583333333334;0.2050833333333333;0.238575;0.2696791666666667;0.3049625;0.32348750000000004;0.35252916666666667;0.33608333333333335;0.38895208333333336;0.3245104166666667
2025-03-03T00:00:00.000Z;;;;;;;;;;;;
2025-03-05T00:00:00.000Z;;;;;;;;;;;;
2025-03-08T00:00:00.000Z;;;;;;;;;;;;
2025-03-10T00:00:00.000Z;0.066;1.2151875;0.10082708333333334;0.1413375;0.1770625;0.2173895833333333;0.26391041666666665;0.28251041666666665;0.29170416666666665;0.29973541666666664;0.3486125;0.26404791666666666
2025-03-13T00:00:00.000Z;;;;;;;;;;;;
2025-03-15T00:00:00.000Z;;;;;;;;;;;;
2025-03-17T00:00:00.000Z;;;;;;;;;;;;
2025-03-18T00:00:00.000Z;;;;;;;;;;;;
2025-03-20T00:00:00.000Z;;;;;;;;;;;;
2025-03-23T00:00:00.000Z;;;;;;;;;;;;
2025-03-25T00:00:00.000Z;0.0770625;1.2162291666666667;0.1300791666666667;0.18168333333333334;0.22190000000000001;0.26924166666666666;0.31764375;0.33113333333333334;0.3517;0.34807083333333333;0.4080208333333334;0.30280416666666665
2025-03-27T00:00:00.000Z;0.149;0.9401111111111112;0.16748222222222223;0.21520666666666666;0.2543577777777778;0.3036866666666667;0.36146666666666666;0.3822777777777778;0.3945266666666667;0.4034755555555556;0.4514311111111111;0.35695777777777776
2025-03-28T00:00:00.000Z;;;;;;;;;;;;
2025-03-30T00:00:00.000Z;0.0770625;0.399;0.09249166666666667;0.1383791666666667;0.17582916666666668;0.2055270833333333;0.2457083333333333;0.26096458333333333;0.2804875;0.27300625;0.33420208333333334;0.26641875000000004
2025-04-02T00:00:00.000Z;0.094;1.2291458333333334;0.10323750000000001;0.14385416666666667;0.17817083333333333;0.2106145833333333;0.2528666666666667;0.26915833333333333;0.2788;0.2812270833333333;0.34358958333333334;0.2829729166666667
2025-04-04T00:00:00.000Z;0.149;1.3910625;0.11757291666666668;0.17271458333333334;0.21316666666666667;0.260975;0.30831875000000003;0.32280416666666667;0.3324125;0.34252916666666666;0.4052541666666667;0.3176625
2025-04-06T00:00:00.000Z;0.214;1.0297272727272728;0.17616363636363636;0.23884545454545453;0.2888;0.33585000000000004;0.3889227272727273;0.4099227272727273;0.4202727272727273;0.42372727272727273;0.5016909090909091;0.4009727272727273
2025-04-07T00:00:00.000Z;0.08808333333333333;0.9266875;0.09969375000000001;0.14712916666666667;0.181725;0.2176020833333333;0.2618020833333333;0.27452916666666666;0.29225;0.29014791666666667;0.34845625;0.2753083333333333
2025-04-09T00:00:00.000Z;0.08808333333333333;0.749625;0.09868750000000001;0.14378333333333335;0.17976250000000002;0.21258541666666667;0.25853750000000003;0.27443541666666665;0.2906583333333333;0.2887895833333333;0.3392958333333333;0.2683083333333333
2025-04-12T00:00:00.000Z;;;;;;;;;;;;
2025-04-14T00:00:00.000Z;0.138;1.535875;0.1345625;0.19042083333333334;0.230725;0.28428333333333333;0.3431270833333333;0.3633104166666667;0.37017500000000003;0.3822229166666667;0.43538750000000004;0.3357708333333333
2025-04-16T00:00:00.000Z;;;;;;;;;;;;
2025-04-17T00:00:00.000Z;;;;;;;;;;;;
2025-04-19T00:00:00.000Z;0.0523125;0.8287708333333333;0.12092083333333332;0.1699041666666667;0.2071458333333333;0.24975208333333332;0.307875;0.32586041666666665;0.3440666666666667;0.3428041666666667;0.3932791666666667;0.30576875000000003
2025-04-22T00:00:00.000Z;;;;;;;;;;;;
2025-04-24T00:00:00.000Z;0.127;1.0283333333333333;0.11886250000000001;0.17853750000000002;0.21873958333333332;0.2686354166666667;0.32256250000000003;0.33987083333333334;0.35323333333333334;0.35752500000000004;0.41229375;0.3290520833333333
2025-04-26T00:00:00.000Z;;;;;;;;;;;;
2025-04-27T00:00:00.000Z;0.105;0.7135416666666666;0.09947916666666667;0.14979166666666668;0.18592083333333334;0.2259875;0.279625;0.2945541666666667;0.31303333333333333;0.3092333333333333;0.3588270833333333;0.28150416666666667
2025-04-29T00:00:00.000Z;;;;;;;;;;;;
2025-05-02T00:00:00.000Z;0.421;1.9855;0.070075;0.09932500000000001;0.11715;0.158;0.193725;0.20722500000000002;0.20745000000000002;0.21215;0.24165;0.1668
2025-05-04T00:00:00.000Z;;;;;;;;;;;;
2025-05-06T00:00:00.000Z;;;;;;;;;;;;
2025-05-07T00:00:00.000Z;;;;;;;;;;;;
2025-05-09T00:00:00.000Z;;;;;;;;;;;;
2025-05-12T00:00:00.000Z;0.099;0.9995416666666667;0.1028;0.14942916666666667;0.18430416666666669;0.22795416666666665;0.28564375000000003;0.30744375;0.32895;0.3287333333333333;0.36600625000000003;0.2828645833333333
2025-05-14T00:00:00.000Z;0.2415;1.3065208333333334;0.13626666666666667;0.18757083333333333;0.22076666666666667;0.27489166666666665;0.32517708333333334;0.3420583333333333;0.3569791666666667;0.3629625;0.38891041666666665;0.27849166666666664
2025-05-16T00:00:00.000Z;0.16;1.3760833333333333;0.10687708333333333;0.1631729166666667;0.20259375000000002;0.2565;0.31340416666666665;0.335175;0.34748125;0.3579333333333333;0.39762916666666664;0.29806041666666666
2025-05-17T00:00:00.000Z;0.116;1.1645416666666668;0.10804583333333333;0.16022083333333334;0.196975;0.24500625;0.29724375000000003;0.3141645833333333;0.33175;0.33561875;0.37985208333333337;0.2905916666666667
2025-05-19T00:00:00.000Z;0.116;1.05925;0.10423958333333333;0.1559375;0.1957916666666667;0.23708125000000002;0.28602083333333334;0.3052166666666667;0.32003750000000003;0.32363333333333333;0.37593333333333334;0.29509166666666664
2025-05-22T00:00:00.000Z;;;;;;;;;;;;
2025-05-24T00:00:00.000Z;0.149;0.8846666666666666;0.10952916666666668;0.1682875;0.21000625;0.26406250000000003;0.31625625;0.3345666666666667;0.3540375;0.3578145833333333;0.39988541666666666;0.30063541666666665
2025-05-26T00:00:00.000Z;0.132;1.452;0.13129166666666667;0.19048541666666668;0.2358833333333333;0.28541041666666667;0.34119791666666666;0.3628416666666667;0.3733;0.38398125;0.44670208333333333;0.35726250000000004
2025-05-27T00:00:00.000Z;0.138;1.2808333333333333;0.10845208333333334;0.16087083333333332;0.1992625;0.24492708333333332;0.29240625000000003;0.309525;0.32479166666666665;0.33031666666666665;0.38752291666666666;0.30193333333333333
2025-05-29T00:00:00.000Z;0.154;1.373;0.10877291666666668;0.15939166666666668;0.2001125;0.24304583333333332;0.28855000000000003;0.30843333333333334;0.31905;0.32803333333333334;0.38005625000000004;0.2964895833333333
2025-06-01T00:00:00.000Z;;;;;;;;;;;;
2025-06-03T00:00:00.000Z;;;;;;;;;;;;
2025-06-05T00:00:00.000Z;0.187;1.58275;0.1305666666666667;0.1842666666666667;0.22862500000000002;0.2733083333333333;0.32309166666666667;0.3448333333333333;0.3523;0.36796666666666666;0.4305583333333333;0.34800000000000003
2025-06-06T00:00:00.000Z;0.176;1.5342500000000001;0.11008541666666669;0.16323333333333334;0.20501250000000001;0.24816875000000002;0.2956125;0.3121729166666667;0.3254375;0.33361875;0.3957979166666667;0.30841875
2025-06-08T00:00:00.000Z;0.247;1.5253541666666668;0.11388541666666668;0.1666125;0.20907083333333332;0.25049166666666667;0.2979875;0.31791041666666664;0.3262333333333333;0.3371416666666667;0.38672083333333335;0.29856041666666666
2025-06-11T00:00:00.000Z;0.45327083333333335;2.2667916666666668;0.10866458333333333;0.1708;0.21952916666666666;0.26436666666666664;0.31221666666666664;0.3368895833333333;0.3436458333333333;0.35670416666666666;0.40667916666666665;0.3185270833333333
2025-06-13T00:00:00.000Z;;;;;;;;;;;;
2025-06-15T00:00:00.000Z;0.4425;2.1916458333333333;0.134625;0.20762916666666667;0.26371875;0.3160020833333333;0.3692916666666667;0.3930395833333334;0.3949229166666667;0.4138416666666667;0.4709395833333333;0.3667
2025-06-16T00:00:00.000Z;0.3500625;2.2650416666666664;0.11816875;0.17983333333333335;0.2281;0.2756395833333333;0.3255354166666667;0.34497083333333334;0.35094166666666665;0.36938333333333334;0.4283729166666667;0.3286958333333333
2025-06-18T00:00:00.000Z;0.19233333333333333;2.3734791666666664;0.11962708333333333;0.17150833333333335;0.21559583333333332;0.25883125;0.29973125;0.3204520833333333;0.32256250000000003;0.3448833333333333;0.4036854166666667;0.31035625
2025-06-21T00:00:00.000Z;0.19233333333333333;2.0558125;0.11847291666666668;0.16749166666666668;0.21469166666666667;0.25319166666666665;0.2943458333333333;0.3169854166666667;0.3227875;0.33692916666666667;0.40691458333333336;0.32955
2025-06-23T00:00:00.000Z;0.203;1.4176250000000001;0.14075000000000001;0.20271250000000002;0.2550708333333333;0.30373541666666665;0.3467791666666667;0.36551666666666666;0.3781;0.38959583333333336;0.45858125;0.36158333333333337
2025-06-25T00:00:00.000Z;0.165;1.7341250000000001;0.1405354166666667;0.20081666666666667;0.2529708333333333;0.30083125;0.3439979166666667;0.36431250000000004;0.37257291666666664;0.38776041666666666;0.46005625;0.36736250000000004
2025-06-26T00:00:00.000Z;0.127;1.0259583333333333;0.11394166666666668;0.16996250000000002;0.2182833333333333;0.25883125;0.29775416666666665;0.31311875;0.33121666666666666;0.33445;0.4072854166666667;0.3165895833333333
2025-06-28T00:00:00.000Z;0.231;1.4326875000000001;0.11315625;0.1688125;0.21907083333333333;0.2592541666666667;0.29610416666666667;0.3149104166666667;0.3257583333333333;0.33499375000000003;0.40255625;0.3111125
2025-07-01T00:00:00.000Z;0.2415;1.9346666666666668;0.12007916666666668;0.17109583333333334;0.22227916666666667;0.26137083333333333;0.2970375;0.31877916666666667;0.3241;0.33584583333333334;0.4129833333333333;0.33215
2025-07-03T00:00:00.000Z;0.132;2.4050625;0.14553750000000001;0.20305416666666667;0.2593125;0.31018541666666666;0.3465083333333333;0.36549166666666666;0.36850208333333334;0.39066666666666666;0.4750625;0.37167500000000003
2025-07-05T00:00:00.000Z;0.127;1.8726458333333333;0.14324375;0.20472083333333332;0.26261875;0.31209791666666664;0.34977916666666664;0.3692895833333334;0.37559791666666664;0.39145416666666666;0.47447083333333334;0.3757458333333334
2025-07-06T00:00:00.000Z;0.274;2.3391041666666665;0.10906875;0.16608333333333333;0.2174958333333333;0.26216875;0.2986916666666667;0.3148270833333333;0.3197875;0.3375270833333333;0.4081854166666667;0.3125895833333333
2025-07-08T00:00:00.000Z;0.138;2.92925;0.13552916666666667;0.17632083333333334;0.2203083333333333;0.2634833333333333;0.29661666666666664;0.3156;0.3140625;0.3403458333333333;0.41166458333333333;0.3178479166666667
2025-07-11T00:00:00.000Z;0.099;1.5156666666666667;0.11627916666666668;0.1652125;0.21599166666666667;0.25445833333333334;0.2874645833333333;0.30697291666666665;0.31895833333333334;0.32574166666666665;0.40508333333333335;0.32711666666666667
2025-07-13T00:00:00.000Z;0.0770625;1.5338541666666667;0.1424166666666667;0.20560208333333332;0.26438125;0.3138625;0.3493104166666667;0.36607083333333335;0.3777770833333334;0.39074583333333335;0.47139583333333335;0.371725
2025-07-15T00:00:00.000Z;0.0990625;1.4351458333333333;0.14149375;0.20369583333333333;0.2628583333333333;0.3104104166666667;0.34765416666666665;0.36653541666666667;0.3771291666666667;0.38747916666666665;0.4723854166666667;0.37449375
2025-07-16T00:00:00.000Z;0.231;1.8309375;0.11345000000000001;0.17297916666666668;0.2265833333333333;0.2697291666666667;0.30358541666666666;0.3184708333333333;0.32658750000000003;0.33999375000000004;0.4167041666666667;0.31938958333333334
2025-07-18T00:00:00.000Z;0.2415;2.0093541666666668;0.11278333333333333;0.1695625;0.2235;0.2640708333333333;0.29330416666666664;0.3128916666666667;0.3165833333333333;0.3332895833333333;0.40756458333333334;0.3136625
2025-07-21T00:00:00.000Z;0.171;1.7103333333333333;0.11560833333333333;0.167575;0.22137500000000002;0.2594416666666667;0.2899625;0.30913541666666666;0.3181625;0.3277125;0.40867083333333337;0.32942083333333333
2025-07-23T00:00:00.000Z;;;;;;;;;;;;
2025-07-25T00:00:00.000Z;;;;;;;;;;;;
2025-07-26T00:00:00.000Z;0.18175;1.6209375000000001;0.10523333333333333;0.1622375;0.21325416666666666;0.25938541666666665;0.2932416666666667;0.30802291666666665;0.3199166666666667;0.3300520833333333;0.39889375;0.30483750000000004
2025-07-28T00:00:00.000Z;0.214;1.8343125;0.1085;0.1618416666666667;0.212225;0.2549083333333333;0.2878291666666667;0.3063520833333333;0.31259166666666666;0.32743125;0.3995145833333334;0.3092020833333333
2025-07-31T00:00:00.000Z;0.209;1.9885416666666669;0.11311458333333334;0.16319583333333335;0.21481250000000002;0.2551979166666667;0.2904729166666667;0.31066041666666666;0.31724166666666664;0.3288583333333333;0.4047291666666667;0.325175
2025-08-02T00:00:00.000Z;0.225;1.7152083333333332;0.11732916666666668;0.17946041666666668;0.23378125000000002;0.28506041666666665;0.3227833333333333;0.34139375;0.3489875;0.3634;0.4297125;0.32452916666666665
2025-08-04T00:00:00.000Z;0.274;2.2525;0.13271458333333333;0.19609375;0.2525375;0.3023270833333333;0.3411458333333333;0.36071041666666664;0.36365000000000003;0.38228333333333336;0.46163333333333334;0.36034791666666666
2025-08-05T00:00:00.000Z;0.3012708333333333;1.8651666666666669;0.10860625;0.167325;0.2167333333333333;0.2587645833333333;0.29498541666666667;0.31092291666666666;0.3200208333333333;0.33239375000000004;0.40264583333333337;0.30881875000000003
2025-08-07T00:00:00.000Z;0.2520833333333333;1.1271666666666669;0.10691875;0.16304583333333333;0.21476250000000002;0.2533375;0.28888125000000003;0.3050833333333333;0.3192833333333333;0.32555416666666664;0.39228958333333336;0.30181250000000004
2025-08-10T00:00:00.000Z;0.198;1.8594166666666667;0.11309375;0.1619625;0.2127083333333333;0.24960625;0.28079791666666665;0.3013770833333333;0.3086625;0.31863541666666667;0.3999666666666667;0.32246875
2025-08-12T00:00:00.000Z;0.2520833333333333;2.2875416666666664;0.13682708333333332;0.20066875;0.2584416666666667;0.3080104166666667;0.3417375;0.3575229166666667;0.36147291666666664;0.3837729166666667;0.4638479166666667;0.36082708333333335
2025-08-14T00:00:00.000Z;0.154;1.7328125;0.13654166666666667;0.194575;0.2497;0.294675;0.32877083333333335;0.3489291666666667;0.35556666666666664;0.3705041666666667;0.45408125000000005;0.35960000000000003
2025-08-15T00:00:00.000Z;0.269;1.4551458333333334;0.10610625;0.16564583333333333;0.2190125;0.25923541666666666;0.29265625;0.30616041666666666;0.31892916666666665;0.32758125;0.40789583333333335;0.3113375
2025-08-17T00:00:00.000Z;0.307;1.5092708333333333;0.11492083333333333;0.16626666666666667;0.21395416666666667;0.25174583333333334;0.2838645833333333;0.30109166666666665;0.3102333333333333;0.32158125000000004;0.3914645833333334;0.29976458333333333
2025-08-20T00:00:00.000Z;0.34500000000000003;1.6496041666666668;0.11721458333333333;0.1585;0.20877916666666665;0.24537291666666666;0.27685208333333333;0.29633333333333334;0.30451666666666666;0.3140958333333333;0.39772083333333336;0.3171708333333333
2025-08-22T00:00:00.000Z;;;;;;;;;;;;
2025-08-24T00:00:00.000Z;0.28500000000000003;1.8800416666666668;0.12459583333333334;0.18919375000000002;0.24771041666666666;0.2937354166666667;0.329075;0.3479791666666667;0.3535625;0.36986250000000004;0.4467395833333333;0.3495833333333333
2025-08-25T00:00:00.000Z;;;;;;;;;;;;
2025-08-27T00:00:00.000Z;0.37727083333333333;2.447583333333333;0.11325208333333334;0.17277916666666668;0.2232375;0.26331666666666664;0.2930875;0.31045625;0.311825;0.33430625;0.3890416666666667;0.29284166666666667
2025-08-30T00:00:00.000Z;0.165;1.776375;0.10515833333333333;0.15545833333333334;0.20749166666666666;0.2428020833333333;0.27248958333333334;0.2889729166666667;0.2974458333333333;0.30595;0.388925;0.3124395833333333
2025-09-01T00:00:00.000Z;0.18175;0.7755625;0.12660416666666668;0.1922791666666667;0.25143125;0.29454375;0.32695;0.3413791666666667;0.3629145833333334;0.36464166666666664;0.4445979166666667;0.3454645833333333
2025-09-03T00:00:00.000Z;0.176;1.1760208333333333;0.12573958333333332;0.189525;0.24889583333333332;0.2928395833333333;0.32619166666666666;0.3415333333333333;0.35549166666666665;0.36221041666666665;0.44401041666666674;0.34824791666666666
2025-09-04T00:00:00.000Z;0.19233333333333333;1.2535416666666668;0.10670625;0.16373333333333334;0.2175125;0.2559958333333333;0.28539166666666665;0.2996520833333333;0.3152625;0.32147291666666666;0.39773125000000004;0.30387916666666664
2025-09-06T00:00:00.000Z;;;;;;;;;;;;
2025-09-09T00:00:00.000Z;0.22;2.2684583333333332;0.11443333333333333;0.16725833333333334;0.22163333333333332;0.2650458333333333;0.29816458333333334;0.31858125000000004;0.3251958333333333;0.33988541666666666;0.4215520833333333;0.3235104166666667
2025-09-11T00:00:00.000Z;0.154;2.0211875;0.11823333333333333;0.18132916666666668;0.23617500000000002;0.2839833333333333;0.31322500000000003;0.32748541666666664;0.3306145833333333;0.35057083333333333;0.43818125;0.3365604166666667
2025-09-13T00:00:00.000Z;;;;;;;;;;;;
2025-09-14T00:00:00.000Z;0.154;1.6053333333333333;0.09959166666666666;0.1539791666666667;0.2019041666666667;0.2394458333333333;0.26884583333333334;0.28163958333333333;0.2916833333333333;0.3006729166666667;0.3822229166666667;0.29265625
2025-09-16T00:00:00.000Z;0.165;1.8217083333333333;0.09731666666666666;0.14937083333333334;0.19832083333333334;0.23696875;0.2627979166666667;0.27765625;0.28318750000000004;0.2961583333333333;0.3689583333333334;0.2808895833333333
2025-09-19T00:00:00.000Z;0.171;2.0488750000000002;0.10228541666666667;0.14992916666666667;0.19912083333333333;0.23560208333333332;0.2608979166666667;0.2787208333333333;0.2849333333333333;0.29613125;0.3726083333333334;0.29445208333333334
2025-09-21T00:00:00.000Z;0.225;2.167395833333333;0.1378541666666667;0.19405833333333333;0.24362916666666667;0.28701875;0.3190020833333333;0.33547083333333333;0.3353541666666667;0.3585833333333333;0.41156875000000004;0.31316041666666666
2025-09-23T00:00:00.000Z;;;;;;;;;;;;
2025-09-24T00:00:00.000Z;;;;;;;;;;;;
2025-09-26T00:00:00.000Z;0.187;1.3456666666666668;0.09556666666666666;0.14909166666666668;0.199225;0.2358625;0.2616958333333333;0.2759875;0.2867958333333333;0.29614375000000004;0.36189166666666667;0.27448958333333334
2025-09-29T00:00:00.000Z;;;;;;;;;;;;
