TIMESTAMP_UTC;AOT;TCWV;B02;B03;B04;B05;B06;B07;B08;B8A;B11;B12
2015-10-04T00:00:00.000Z;;;;;;;;;;;;
2015-11-13T00:00:00.000Z;0.111;1.0577014925373138;0.06783582089552238;0.09139850746268657;0.09926567164179104;0.13448358208955224;0.1846761194029851;0.20092985074626865;0.2099179104477612;0.22093880597014928;0.2464328358208956;0.17807910447761194
2015-11-16T00:00:00.000Z;0.078;0.7970746268656717;0.04505223880597015;0.06851492537313433;0.07656417910447762;0.1079089552238806;0.15632537313432837;0.17205522388059702;0.18467462686567165;0.18925671641791048;0.2151805970149254;0.14873731343283583
2015-11-26T00:00:00.000Z;0.067;0.721044776119403;0.0445268656716418;0.0685955223880597;0.07735223880597016;0.108;0.15759850746268658;0.17160149253731344;0.1860119402985075;0.18797910447761199;0.21109850746268657;0.1473119402985075
2015-12-03T00:00:00.000Z;0.089;1.2069253731343283;0.05;0.07588507462686568;0.08608059701492538;0.120744776119403;0.17207164179104475;0.18623432835820894;0.19484776119402986;0.20616268656716422;0.234189552238806;0.1685134328358209
2015-12-06T00:00:00.000Z;;;;;;;;;;;;
2015-12-16T00:00:00.000Z;;;;;;;;;;;;
2015-12-23T00:00:00.000Z;;;;;;;;;;;;
2015-12-26T00:00:00.000Z;;;;;;;;;;;;
2016-01-02T00:00:00.000Z;;;;;;;;;;;;
2016-01-05T00:00:00.000Z;;;;;;;;;;;;
2016-01-12T00:00:00.000Z;0.07200000000000001;1.0509104477611941;0.052605970149253736;0.07769701492537315;0.08940298507462686;0.1219313432835821;0.17040149253731343;0.18428656716417913;0.19431492537313436;0.20462985074626863;0.2364179104477612;0.17122985074626865
2016-01-22T00:00:00.000Z;;;;;;;;;;;;
2016-01-25T00:00:00.000Z;0.078;1.004820895522388;0.1766910447761194;0.1977358208955224;0.21470746268656724;0.2516567164179105;0.28655671641791053;0.29943880597014927;0.30580895522388063;0.31883731343283583;0.35415373134328365;0.3020343283582089
2016-02-01T00:00:00.000Z;0.078;0.8275522388059702;0.0542268656716418;0.07898955223880598;0.09255074626865673;0.12458805970149252;0.16871492537313434;0.1840492537313433;0.19564328358208957;0.2035940298507463;0.24357910447761194;0.1762
2016-02-04T00:00:00.000Z;0.078;0.6147611940298509;0.047868656716417914;0.07169402985074627;0.08306268656716419;0.11158208955223879;0.153755223880597;0.1675582089552239;0.18330149253731345;0.18570298507462688;0.21605671641791052;0.15120298507462687
2016-02-11T00:00:00.000Z;0.056;1.3021818181818183;0.054163636363636365;0.05528636363636364;0.05530909090909091;0.06591363636363637;0.07580909090909091;0.07860454545454545;0.08736818181818182;0.08335909090909091;0.10126363636363636;0.08334090909090909
2016-02-14T00:00:00.000Z;;;;;;;;;;;;
2016-02-21T00:00:00.000Z;;;;;;;;;;;;
2016-03-02T00:00:00.000Z;;;;;;;;;;;;
2016-03-05T00:00:00.000Z;0.083;0.4505671641791045;0.05515223880597015;0.08179701492537314;0.0978910447761194;0.12673731343283584;0.1658;0.17876417910447762;0.19732238805970148;0.199089552238806;0.24123582089552242;0.17349701492537314
2016-03-12T00:00:00.000Z;0.105;0.46558208955223884;0.06739104477611942;0.09630298507462687;0.1150492537313433;0.1474119402985075;0.187289552238806;0.2017044776119403;0.21975820895522388;0.22433134328358212;0.2804597014925373;0.20878507462686569
2016-03-15T00:00:00.000Z;;;;;;;;;;;;
2016-03-22T00:00:00.000Z;;;;;;;;;;;;
2016-03-25T00:00:00.000Z;0.083;0.649268656716418;0.06589402985074627;0.09246268656716418;0.10637761194029852;0.13780149253731344;0.17628656716417912;0.18959253731343284;0.2033492537313433;0.2085208955223881;0.24735970149253733;0.17915820895522389
2016-04-01T00:00:00.000Z;0.116;0.6030149253731344;0.07324328358208956;0.10648656716417912;0.12388955223880596;0.16011492537313435;0.20421044776119404;0.21871641791044777;0.23453582089552244;0.24081492537313434;0.29652388059701495;0.2213373134328358
2016-04-04T00:00:00.000Z;;;;;;;;;;;;
2016-04-11T00:00:00.000Z;0.111;0.7135;0.16125625000000002;0.18314375000000002;0.19413750000000002;0.22964375;0.27295;0.28675937500000004;0.313896875;0.306809375;0.352153125;0.266903125
2016-04-14T00:00:00.000Z;0.083;0.7960597014925374;0.06557164179104477;0.0947;0.10957014925373137;0.14326716417910448;0.18805074626865673;0.2029671641791045;0.2174686567164179;0.22318805970149258;0.2675059701492537;0.1928940298507463
2016-04-21T00:00:00.000Z;0.116;0.8659253731343284;0.07179253731343284;0.10260746268656717;0.11776716417910447;0.1519910447761194;0.1980313432835821;0.21254626865671644;0.22274179104477612;0.23394179104477614;0.2740402985074627;0.2024044776119403
2016-04-24T00:00:00.000Z;0.094;0.6196119402985074;0.06654029850746268;0.09693880597014927;0.11266119402985075;0.1465641791044776;0.19542388059701493;0.21223283582089558;0.22885373134328363;0.2327955223880597;0.2752955223880597;0.19588955223880603
2016-05-01T00:00:00.000Z;0.105;0.4917313432835821;0.07850746268656718;0.11256268656716419;0.12919850746268657;0.16590149253731343;0.21895522388059704;0.23670746268656723;0.2534328358208956;0.2589283582089552;0.3089761194029851;0.2293671641791045
2016-05-04T00:00:00.000Z;0.089;0.5457910447761194;0.07303880597014926;0.10347910447761195;0.1181402985074627;0.1549223880597015;0.2086955223880597;0.2235298507462687;0.2429492537313433;0.24665970149253733;0.2847761194029851;0.2073492537313433
2016-05-11T00:00:00.000Z;0.105;1.09;0.0961818181818182;0.1298909090909091;0.1387909090909091;0.1813636363636364;0.2536454545454545;0.27635454545454546;0.29292727272727276;0.30173636363636364;0.3241;0.22627272727272726
2016-05-14T00:00:00.000Z;;;;;;;;;;;;
2016-05-21T00:00:00.000Z;0.138;1.2683432835820896;0.08344925373134329;0.11897910447761195;0.1337268656716418;0.17588805970149252;0.23303731343283582;0.2501477611940298;0.25916567164179105;0.2720955223880597;0.32427313432835825;0.24327313432835823
2016-05-24T00:00:00.000Z;0.3133134328358209;1.4379402985074627;0.06883880597014926;0.10396567164179106;0.11636567164179105;0.1557671641791045;0.20795074626865673;0.22348805970149258;0.23519701492537315;0.24118507462686567;0.27174029850746273;0.1933820895522388
2016-06-10T00:00:00.000Z;;;;;;;;;;;;
2016-06-13T00:00:00.000Z;0.094;1.9832238805970148;0.07734029850746268;0.11050597014925373;0.1279492537313433;0.16836567164179106;0.21071044776119402;0.2267701492537313;0.2327492537313433;0.2505611940298508;0.3035253731343284;0.21848507462686567
2016-06-20T00:00:00.000Z;0.056;1.3281044776119404;0.09559402985074629;0.13361791044776122;0.1559582089552239;0.19788059701492539;0.2401328358208956;0.258210447761194;0.2684955223880597;0.2826865671641791;0.3511283582089552;0.2631701492537313
2016-06-23T00:00:00.000Z;0.138;1.086358208955224;0.0781313432835821;0.11305522388059701;0.13357462686567165;0.17175671641791046;0.21294776119402983;0.2295716417910448;0.24230746268656722;0.25361641791044776;0.3073985074626866;0.22115223880597015
2016-06-30T00:00:00.000Z;0.3731194029850746;2.445761194029851;0.09632686567164181;0.1360313432835821;0.1599223880597015;0.20486417910447763;0.24352238805970153;0.2606208955223881;0.2636179104477612;0.28735074626865675;0.3552029850746269;0.2613492537313433
2016-07-03T00:00:00.000Z;0.24211940298507464;2.090313432835821;0.07972089552238806;0.117144776119403;0.1384238805970149;0.1790313432835821;0.2159089552238806;0.2317388059701493;0.2360776119402985;0.2560089552238806;0.30971044776119405;0.21992537313432842
2016-07-10T00:00:00.000Z;0.149;1.7480298507462688;0.09546567164179104;0.13500597014925372;0.1604940298507463;0.2042208955223881;0.24281492537313434;0.2599656716417911;0.2665164179104478;0.2840626865671642;0.35839402985074625;0.2640343283582089
2016-07-13T00:00:00.000Z;;;;;;;;;;;;
2016-07-20T00:00:00.000Z;;;;;;;;;;;;
2016-07-23T00:00:00.000Z;0.2313134328358209;2.264865671641791;0.08019104477611941;0.11605820895522388;0.13882985074626863;0.1822955223880597;0.21525522388059704;0.23010746268656723;0.23542686567164178;0.2552537313432836;0.31134776119402985;0.2179582089552239
2016-07-30T00:00:00.000Z;0.297;1.871089552238806;0.08897910447761194;0.13192089552238806;0.1587910447761194;0.2032955223880597;0.23950298507462686;0.25544776119402984;0.26089253731343287;0.2813985074626866;0.34526865671641793;0.2504746268656717
2016-08-02T00:00:00.000Z;0.089;1.331761194029851;0.07915074626865672;0.11357313432835822;0.13690298507462687;0.1775492537313433;0.20981641791044778;0.22429701492537316;0.23529253731343283;0.2494;0.3029313432835821;0.2131776119402985
2016-08-09T00:00:00.000Z;0.056;1.354820895522388;0.09303432835820896;0.13114328358208954;0.15731492537313435;0.20049104477611943;0.23404029850746272;0.24905373134328362;0.2586865671641791;0.27398358208955226;0.3436761194029851;0.2503208955223881
2016-08-12T00:00:00.000Z;0.111;1.8437761194029847;0.08508955223880597;0.11967761194029852;0.14112238805970148;0.1870716417910448;0.2194507462686567;0.23600149253731342;0.2438298507462687;0.26264477611940296;0.3178343283582089;0.2217492537313433
2016-08-19T00:00:00.000Z;0.083;1.8087761194029848;0.0876089552238806;0.12482089552238806;0.1500223880597015;0.19272835820895526;0.2252805970149254;0.2412626865671642;0.24698507462686567;0.2659537313432836;0.3343626865671642;0.24509850746268658
2016-08-22T00:00:00.000Z;0.094;2.2214179104477614;0.07452089552238807;0.1088820895522388;0.13083880597014924;0.17243880597014927;0.2013671641791045;0.21445970149253732;0.2204537313432836;0.23931492537313434;0.2921611940298508;0.20554626865671644
2016-08-29T00:00:00.000Z;0.166;1.5385223880597017;0.08152835820895524;0.12096417910447761;0.1464537313432836;0.19166119402985077;0.2231776119402985;0.2376716417910448;0.24471641791044776;0.2628805970149254;0.3279388059701493;0.23617313432835824
2016-09-01T00:00:00.000Z;;;;;;;;;;;;
2016-09-08T00:00:00.000Z;0.07200000000000001;1.4545223880597016;0.08228507462686568;0.12063731343283583;0.1462089552238806;0.1888089552238806;0.21873582089552243;0.2324701492537313;0.2420402985074627;0.25901194029850744;0.3214029850746269;0.2318865671641791
2016-09-11T00:00:00.000Z;0.149;2.163820895522388;0.07155522388059703;0.106244776119403;0.12926716417910447;0.17085671641791048;0.19857014925373134;0.21234626865671644;0.21630149253731343;0.23437910447761193;0.2862014925373134;0.19797313432835825
2016-09-18T00:00:00.000Z;0.1;1.4186716417910448;0.0784537313432836;0.11668955223880596;0.1424492537313433;0.1837880597014925;0.21300447761194033;0.22773283582089557;0.23565074626865673;0.25144179104477615;0.31370000000000003;0.22845223880597015
2016-09-21T00:00:00.000Z;0.111;1.4512537313432836;0.06931641791044776;0.10251641791044777;0.12465223880597016;0.16345671641791046;0.19120298507462688;0.2037044776119403;0.21390149253731344;0.22651343283582093;0.2776582089552239;0.1942089552238806
2016-09-28T00:00:00.000Z;;;;;;;;;;;;
2016-10-01T00:00:00.000Z;0.122;1.4060597014925373;0.06514477611940299;0.0975223880597015;0.12018656716417911;0.15849701492537313;0.18642388059701492;0.19909402985074628;0.20893134328358212;0.22088805970149256;0.2712850746268657;0.18669850746268657
2016-10-08T00:00:00.000Z;0.149;1.209955223880597;0.07575223880597015;0.11165223880597017;0.13647462686567166;0.17664626865671643;0.20569253731343284;0.21947910447761193;0.22913880597014927;0.24256865671641792;0.292889552238806;0.21156865671641792
2016-10-11T00:00:00.000Z;0.111;0.828044776119403;0.06258358208955224;0.09628059701492538;0.11941194029850749;0.154544776119403;0.1833313432835821;0.19484776119402986;0.2102089552238806;0.21706417910447764;0.26524179104477613;0.18317014925373135
2016-10-18T00:00:00.000Z;;;;;;;;;;;;
2016-10-21T00:00:00.000Z;;;;;;;;;;;;
2016-10-28T00:00:00.000Z;;;;;;;;;;;;
2016-10-31T00:00:00.000Z;0.1;1.033119402985075;0.055979104477611945;0.08048805970149253;0.09032537313432835;0.12326567164179106;0.16243880597014926;0.1741268656716418;0.1854686567164179;0.19220447761194032;0.2275253731343284;0.15867164179104476
2016-11-07T00:00:00.000Z;0.078;0.665923076923077;0.06444;0.09203846153846154;0.10619692307692308;0.14113538461538463;0.1866830769230769;0.20018923076923079;0.21399384615384612;0.22177076923076927;0.26291384615384616;0.19006461538461536
2016-11-10T00:00:00.000Z;0.078;0.728179104477612;0.04956268656716418;0.07479253731343284;0.08629253731343284;0.11804328358208956;0.15826119402985075;0.17022985074626865;0.18510149253731345;0.18833283582089558;0.2215253731343284;0.15492985074626864
2016-11-17T00:00:00.000Z;0.07200000000000001;0.9235671641791044;0.05617313432835821;0.08487611940298509;0.09896268656716418;0.13152238805970148;0.17215671641791047;0.18542985074626864;0.19597164179104481;0.20569402985074628;0.2484;0.181489552238806
2016-11-20T00:00:00.000Z;;;;;;;;;;;;
2016-11-27T00:00:00.000Z;;;;;;;;;;;;
2016-11-30T00:00:00.000Z;;;;;;;;;;;;
2016-12-07T00:00:00.000Z;0.089;1.0202121212121213;0.04588181818181818;0.07082575757575758;0.07889242424242424;0.1111378787878788;0.1542878787878788;0.16713939393939395;0.17547272727272728;0.18491212121212122;0.21124242424242426;0.1483287878787879
2016-12-10T00:00:00.000Z;;;;;;;;;;;;
2016-12-17T00:00:00.000Z;;;;;;;;;;;;
2016-12-20T00:00:00.000Z;0.07200000000000001;0.8822985074626866;0.0359179104477612;0.05720895522388059;0.06429850746268656;0.09292089552238807;0.13469701492537314;0.1468686567164179;0.15861492537313435;0.16378955223880598;0.1801582089552239;0.12007761194029852
2016-12-27T00:00:00.000Z;;;;;;;;;;;;
2016-12-30T00:00:00.000Z;;;;;;;;;;;;
2017-01-16T00:00:00.000Z;0.067;0.8905223880597015;0.048335820895522394;0.07306567164179105;0.08277611940298508;0.11580149253731344;0.16190746268656717;0.17463880597014925;0.1836313432835821;0.1937059701492537;0.22653582089552243;0.16502835820895526
2017-01-19T00:00:00.000Z;;;;;;;;;;;;
2017-01-26T00:00:00.000Z;;;;;;;;;;;;
2017-01-29T00:00:00.000Z;;;;;;;;;;;;
2017-02-05T00:00:00.000Z;;;;;;;;;;;;
2017-02-08T00:00:00.000Z;0.061;0.5224925373134329;0.04705223880597015;0.07017611940298508;0.07976417910447761;0.10952238805970149;0.15545970149253732;0.16893283582089552;0.18446567164179106;0.1862044776119403;0.21395223880597014;0.1507358208955224
2017-02-15T00:00:00.000Z;0.089;0.6920000000000001;0.07124925373134329;0.09379701492537314;0.10289552238805971;0.1358820895522388;0.1823462686567164;0.1962850746268657;0.20905074626865672;0.2147865671641791;0.24613582089552244;0.18213432835820895
2017-02-18T00:00:00.000Z;;;;;;;;;;;;
2017-02-25T00:00:00.000Z;0.105;0.7559253731343283;0.057388059701492536;0.08437014925373135;0.09616716417910448;0.12830298507462687;0.1759761194029851;0.1908492537313433;0.2034850746268657;0.21105074626865672;0.24771641791044777;0.1826582089552239
2017-02-28T00:00:00.000Z;0.078;0.8881791044776121;0.05159552238805971;0.07561194029850747;0.08576119402985075;0.11544179104477613;0.16107313432835824;0.1752402985074627;0.18631940298507466;0.19285522388059703;0.2219507462686567;0.15960149253731343
2017-03-07T00:00:00.000Z;;;;;;;;;;;;
2017-03-10T00:00:00.000Z;0.067;0.5571492537313433;0.052371641791044775;0.07748059701492538;0.08801492537313434;0.1174358208955224;0.1637179104477612;0.1789089552238806;0.19415522388059703;0.19690597014925368;0.22985373134328363;0.16353880597014925
2017-03-17T00:00:00.000Z;;;;;;;;;;;;
2017-03-19T00:00:00.000Z;;;;;;;;;;;;
2017-03-20T00:00:00.000Z;0.111;1.3074179104477612;0.058965671641791055;0.08547910447761195;0.09597164179104477;0.13030149253731343;0.18339701492537316;0.19945522388059703;0.2096865671641791;0.22032388059701494;0.2504208955223881;0.17758656716417912
2017-03-25T00:00:00.000Z;0.083;0.7695223880597015;0.060041791044776124;0.0844089552238806;0.09423880597014926;0.12620746268656718;0.17572537313432837;0.1913671641791045;0.20715522388059704;0.2107686567164179;0.2429686567164179;0.180489552238806
2017-03-27T00:00:00.000Z;;;;;;;;;;;;
2017-03-30T00:00:00.000Z;0.05;0.6033283582089553;0.06705522388059702;0.09312686567164181;0.10321044776119405;0.13513283582089552;0.18619253731343283;0.2021462686567164;0.2176059701492537;0.2204179104477612;0.24558507462686568;0.1766089552238806
2017-04-01T00:00:00.000Z;0.105;0.6448656716417911;0.07254925373134329;0.10160746268656716;0.11396716417910448;0.1482701492537314;0.2027955223880597;0.22022388059701495;0.23795223880597016;0.24226865671641792;0.28496417910447763;0.2140776119402985
2017-04-06T00:00:00.000Z;0.061;1.0216206896551725;0.07988275862068965;0.10531379310344828;0.11649655172413793;0.15608275862068965;0.2103655172413793;0.2272896551724138;0.23342068965517243;0.25101724137931036;0.283548275862069;0.2103344827586207
2017-04-09T00:00:00.000Z;0.067;1.0743809523809522;0.05677142857142857;0.07970000000000001;0.08660000000000001;0.11822380952380952;0.16092380952380952;0.1712095238095238;0.19742857142857145;0.1849952380952381;0.20862857142857144;0.14076190476190478
2017-04-11T00:00:00.000Z;0.133;0.893955223880597;0.07691940298507463;0.10632089552238806;0.12011343283582089;0.1566223880597015;0.2131;0.23174776119402982;0.2463805970149254;0.2528761194029851;0.299489552238806;0.22450149253731344
2017-04-14T00:00:00.000Z;;;;;;;;;;;;
2017-04-16T00:00:00.000Z;;;;;;;;;;;;
2017-04-19T00:00:00.000Z;;;;;;;;;;;;
2017-04-21T00:00:00.000Z;0.089;0.5122835820895523;0.08336567164179105;0.11341492537313434;0.12772985074626864;0.16462686567164178;0.21996268656716422;0.23648805970149256;0.2577537313432836;0.260689552238806;0.3041402985074627;0.22986567164179106
2017-04-24T00:00:00.000Z;0.259;1.5140149253731343;0.06879850746268656;0.09915373134328359;0.11313432835820895;0.14987164179104476;0.20387910447761198;0.22150597014925372;0.23139701492537315;0.2414716417910448;0.27874776119402983;0.20550298507462686
2017-04-26T00:00:00.000Z;;;;;;;;;;;;
2017-04-29T00:00:00.000Z;;;;;;;;;;;;
2017-05-01T00:00:00.000Z;0.122;0.929268656716418;0.07735522388059703;0.10881044776119404;0.1205955223880597;0.15817164179104476;0.21185970149253733;0.22907611940298508;0.24307164179104482;0.24996417910447763;0.29744328358208955;0.22342388059701493
2017-05-04T00:00:00.000Z;0.171;1.1973880597014925;0.07510746268656718;0.10439850746268658;0.1156402985074627;0.1512880597014925;0.2040134328358209;0.22153582089552243;0.2324597014925373;0.23984328358208956;0.27671194029850743;0.20786567164179107
2017-05-06T00:00:00.000Z;0.116;0.7940298507462686;0.0791134328358209;0.11470597014925372;0.12966268656716418;0.16909552238805972;0.2224059701492537;0.23861343283582093;0.25270298507462685;0.2608179104477612;0.31111343283582094;0.2321402985074627
2017-05-09T00:00:00.000Z;0.105;1.3596268656716417;0.06804328358208955;0.10078805970149253;0.11452985074626863;0.1525;0.2033119402985075;0.21917462686567166;0.22944776119402982;0.2413985074626866;0.28299850746268657;0.2072059701492537
2017-05-11T00:00:00.000Z;;;;;;;;;;;;
2017-05-14T00:00:00.000Z;0.089;1.3707164179104476;0.07970895522388059;0.10925373134328359;0.12198656716417912;0.15860149253731343;0.21110149253731345;0.2288179104477612;0.2409194029850746;0.2500761194029851;0.2968626865671642;0.2236492537313433
2017-05-16T00:00:00.000Z;;;;;;;;;;;;
2017-05-19T00:00:00.000Z;0.105;1.103358208955224;0.0759358208955224;0.10801641791044776;0.12292686567164178;0.16097761194029853;0.21075373134328362;0.2272701492537313;0.24036716417910448;0.24984477611940298;0.29362089552238807;0.21268208955223883
2017-05-21T00:00:00.000Z;;;;;;;;;;;;
2017-05-24T00:00:00.000Z;0.111;1.2385522388059702;0.07711641791044777;0.10708507462686567;0.12275522388059701;0.1585686567164179;0.20553582089552244;0.22219701492537317;0.2350298507462687;0.2430313432835821;0.29414776119402986;0.22009552238805968
2017-05-26T00:00:00.000Z;0.308;1.4368059701492537;0.08534925373134329;0.12610000000000002;0.147144776119403;0.1901567164179105;0.2399208955223881;0.2581955223880597;0.26652388059701493;0.2820910447761194;0.3364686567164179;0.2502432835820896
2017-05-29T00:00:00.000Z;0.094;1.474179104477612;0.08108507462686568;0.1117089552238806;0.1283223880597015;0.16491940298507465;0.2076985074626866;0.22410746268656723;0.23363283582089558;0.24548358208955226;0.2928492537313433;0.2120611940298508
2017-06-03T00:00:00.000Z;;;;;;;;;;;;
2017-06-05T00:00:00.000Z;0.056;0.9723432835820897;0.08855820895522389;0.1252358208955224;0.14601940298507465;0.18569253731343283;0.23108805970149257;0.2475701492537313;0.2605746268656717;0.2716268656716418;0.3349089552238806;0.24894179104477612
2017-06-08T00:00:00.000Z;0.094;1.4102985074626864;0.07787910447761194;0.110444776119403;0.12836119402985077;0.1658701492537314;0.2063805970149254;0.22204328358208955;0.2312805970149254;0.2444671641791045;0.29857462686567166;0.21623582089552243
2017-06-10T00:00:00.000Z;0.2313134328358209;2.011716417910448;0.1048492537313433;0.13847164179104476;0.15697761194029852;0.19773731343283585;0.24014776119402984;0.2598567164179105;0.2663671641791045;0.28226567164179106;0.3422492537313433;0.2607686567164179
2017-06-13T00:00:00.000Z;0.1;1.8485671641791048;0.08333134328358209;0.11429850746268658;0.13194328358208954;0.16751940298507464;0.2071268656716418;0.22405223880597014;0.23181492537313436;0.24523134328358212;0.3053567164179105;0.23083134328358212
2017-06-15T00:00:00.000Z;0.18795522388059702;1.623492537313433;0.0971850746268657;0.13582089552238807;0.1573940298507463;0.1981686567164179;0.23860298507462685;0.25461492537313435;0.26277014925373127;0.28048358208955226;0.3473268656716418;0.2626059701492537
2017-06-18T00:00:00.000Z;0.133;1.997044776119403;0.08364477611940298;0.11595074626865672;0.1352686567164179;0.17365671641791047;0.20979850746268658;0.22572089552238808;0.23115223880597016;0.24832388059701493;0.3065820895522388;0.22151641791044777
2017-06-20T00:00:00.000Z;0.215;2.165582089552239;0.09972537313432836;0.13651940298507464;0.15877164179104475;0.20052388059701493;0.24053582089552245;0.2613298507462687;0.2668865671641791;0.2843;0.36089701492537324;0.27336119402985076
2017-06-23T00:00:00.000Z;0.182;1.9137910447761197;0.08368358208955225;0.11533731343283583;0.1352268656716418;0.1723626865671642;0.2096059701492537;0.22683582089552243;0.23444477611940298;0.2493208955223881;0.3135805970149254;0.23421194029850745
2017-06-25T00:00:00.000Z;;;;;;;;;;;;
2017-06-28T00:00:00.000Z;0.089;1.3942238805970149;0.08048955223880598;0.11505671641791046;0.13645522388059703;0.1748626865671642;0.21135074626865671;0.2260343283582089;0.2376;0.24954328358208955;0.30948805970149257;0.2229611940298508
2017-06-30T00:00:00.000Z;0.056;0.8698507462686568;0.10166567164179105;0.13745671641791046;0.16228955223880598;0.2014716417910448;0.24053582089552245;0.2564761194029851;0.2742761194029851;0.28142388059701495;0.3558567164179105;0.2730268656716418
2017-07-03T00:00:00.000Z;0.089;1.1668656716417911;0.08272985074626865;0.11505820895522388;0.13704179104477612;0.17414626865671642;0.21009850746268657;0.22611044776119402;0.2405134328358209;0.24892537313432841;0.3119134328358209;0.2324701492537313
2017-07-05T00:00:00.000Z;0.182;1.5011492537313433;0.09701492537313432;0.13543432835820896;0.1602865671641791;0.20251044776119406;0.2398701492537313;0.25574328358208953;0.2655402985074627;0.28105970149253734;0.34692238805970155;0.257489552238806
2017-07-10T00:00:00.000Z;0.116;1.613641791044776;0.09909850746268657;0.13569253731343284;0.15868507462686568;0.1990134328358209;0.23612388059701495;0.25511343283582094;0.265289552238806;0.2782597014925373;0.3550268656716418;0.27021641791044776
2017-07-13T00:00:00.000Z;0.2640149253731343;1.8704328358208957;0.0826492537313433;0.11701194029850749;0.13923582089552242;0.17696417910447762;0.21344179104477612;0.23005970149253732;0.23736417910447763;0.25099104477611944;0.31097910447761196;0.22947910447761194
2017-07-15T00:00:00.000Z;0.19889552238805971;1.7370597014925373;0.09440746268656716;0.13493283582089552;0.16012089552238806;0.20349701492537317;0.2393089552238806;0.2551820895522388;0.26160447761194033;0.28081492537313435;0.3467;0.2543686567164179
2017-07-18T00:00:00.000Z;;;;;;;;;;;;
2017-07-20T00:00:00.000Z;0.089;1.7367910447761195;0.09873880597014927;0.13565074626865672;0.16089701492537314;0.20227462686567166;0.23644477611940298;0.25473582089552244;0.26531194029850746;0.27991343283582093;0.35712388059701494;0.2695
2017-07-23T00:00:00.000Z;0.259;1.3095192307692307;0.08055961538461538;0.10822692307692308;0.11887307692307693;0.140275;0.16073653846153843;0.16765384615384615;0.2373192307692308;0.17676923076923076;0.23547307692307692;0.14225576923076924
2017-07-25T00:00:00.000Z;0.133;2.2549402985074627;0.09518507462686569;0.1331686567164179;0.15878059701492536;0.20409701492537316;0.23790298507462687;0.25314328358208954;0.2567850746268657;0.28001194029850746;0.3529940298507463;0.2582626865671642
2017-07-28T00:00:00.000Z;0.2313134328358209;1.430910447761194;0.0745179104477612;0.10809552238805971;0.13197761194029853;0.17193880597014927;0.2041134328358209;0.21974626865671645;0.2293910447761194;0.24340447761194034;0.3059298507462687;0.21669701492537316
2017-07-30T00:00:00.000Z;0.116;1.4186716417910448;0.09725522388059703;0.13421044776119403;0.15881791044776122;0.1995686567164179;0.23411492537313436;0.2519805970149254;0.26324328358208954;0.2759194029850746;0.3491059701492537;0.2626761194029851
2017-08-02T00:00:00.000Z;;;;;;;;;;;;
2017-08-04T00:00:00.000Z;0.19889552238805971;1.581223880597015;0.09130298507462686;0.13202238805970148;0.15976119402985076;0.2033417910447761;0.2368298507462687;0.2538328358208956;0.26052985074626867;0.2780492537313433;0.35060447761194036;0.2556985074626866
2017-08-07T00:00:00.000Z;0.24211940298507464;2.332776119402985;0.0765044776119403;0.11358805970149252;0.1382865671641791;0.17987462686567166;0.2103805970149254;0.22531044776119402;0.22862985074626868;0.24898208955223883;0.3008074626865672;0.21130149253731342
2017-08-09T00:00:00.000Z;0.19946268656716415;2.0248955223880603;0.09899253731343284;0.13710597014925374;0.16281194029850748;0.2086179104477612;0.24229402985074627;0.2601328358208956;0.2666223880597015;0.284810447761194;0.35647462686567166;0.2614253731343284
2017-08-12T00:00:00.000Z;0.182;1.7695373134328358;0.07636268656716418;0.11133283582089554;0.1358;0.17554179104477613;0.20757462686567166;0.2223626865671642;0.23264477611940299;0.24459850746268658;0.3068671641791045;0.2242283582089552
2017-08-14T00:00:00.000Z;0.2733582089552239;2.181731343283582;0.08700298507462687;0.1285671641791045;0.15529552238805971;0.20013880597014927;0.23295074626865672;0.24792537313432841;0.25155223880597016;0.27431343283582094;0.33563582089552246;0.2425313432835821
2017-08-17T00:00:00.000Z;0.18795522388059702;2.4760746268656724;0.07490149253731344;0.1097;0.13292985074626865;0.1735507462686567;0.2024253731343284;0.21570149253731344;0.2194955223880597;0.23971044776119402;0.2952567164179105;0.2068
2017-08-19T00:00:00.000Z;0.19889552238805971;2.590582089552239;0.09327611940298508;0.1281223880597015;0.15247910447761195;0.19550298507462688;0.2251208955223881;0.24338656716417909;0.24618358208955224;0.2671373134328358;0.33693283582089556;0.2502537313432836
2017-08-22T00:00:00.000Z;0.1;1.9024328358208957;0.07921492537313433;0.11096268656716418;0.13457910447761195;0.17194179104477614;0.2007029850746269;0.2159313432835821;0.22455223880597014;0.23679104477611942;0.29791641791044776;0.21912985074626867
2017-08-24T00:00:00.000Z;0.105;1.7490298507462687;0.08857611940298508;0.12511791044776122;0.15188507462686568;0.19196567164179107;0.2229776119402985;0.23803582089552244;0.243989552238806;0.2625626865671642;0.3278641791044776;0.24138805970149257
2017-08-27T00:00:00.000Z;;;;;;;;;;;;
2017-08-29T00:00:00.000Z;;;;;;;;;;;;
2017-09-01T00:00:00.000Z;;;;;;;;;;;;
2017-09-03T00:00:00.000Z;0.259;1.6591764705882355;0.08425882352941177;0.11374117647058825;0.12611764705882353;0.16955294117647063;0.20350000000000001;0.21714117647058825;0.22150588235294122;0.23815882352941176;0.2714764705882353;0.19528823529411768
2017-09-06T00:00:00.000Z;;;;;;;;;;;;
2017-09-08T00:00:00.000Z;0.5095373134328358;1.7296119402985075;0.14213283582089553;0.167855223880597;0.18335522388059702;0.22661940298507463;0.26715223880597017;0.2864179104477612;0.28897910447761194;0.3062283582089552;0.34183582089552245;0.24082238805970152
2017-09-11T00:00:00.000Z;0.105;1.342865671641791;0.0659910447761194;0.09522835820895524;0.11165223880597017;0.1448089552238806;0.18033582089552241;0.19461044776119404;0.20550746268656722;0.21352835820895522;0.27408358208955225;0.20574626865671644
2017-09-13T00:00:00.000Z;0.16;1.6922686567164178;0.07511044776119404;0.10993432835820896;0.1303671641791045;0.16821641791044778;0.2042462686567164;0.21858805970149256;0.22448208955223883;0.24043880597014927;0.3082328358208956;0.2282059701492537
2017-09-16T00:00:00.000Z;0.138;1.3446119402985075;0.07051194029850746;0.1001223880597015;0.11678358208955224;0.15249701492537313;0.18575373134328363;0.19813283582089558;0.2076537313432836;0.21812388059701493;0.27387014925373127;0.19458358208955226
2017-09-18T00:00:00.000Z;0.166;1.1031940298507463;0.07842388059701492;0.10932686567164179;0.12956417910447762;0.1653820895522388;0.20129253731343283;0.2175;0.22951492537313434;0.2390089552238806;0.3087283582089552;0.23238507462686567
2017-09-21T00:00:00.000Z;0.171;1.5343731343283582;0.06737611940298509;0.09534626865671642;0.11307910447761195;0.14729850746268658;0.18152835820895527;0.1946253731343284;0.2053313432835821;0.21436567164179107;0.2760194029850746;0.20350597014925367
2017-09-23T00:00:00.000Z;;;;;;;;;;;;
2017-09-26T00:00:00.000Z;0.155;1.472955223880597;0.06330597014925374;0.09415522388059702;0.11231492537313434;0.1485029850746269;0.18033880597014926;0.19425970149253732;0.2024955223880597;0.2147626865671642;0.2703044776119403;0.19195970149253733
2017-09-28T00:00:00.000Z;0.18795522388059702;2.3106567164179106;0.08674925373134329;0.12148955223880596;0.14227164179104476;0.18683432835820893;0.22695671641791051;0.24551194029850745;0.24980746268656723;0.2706985074626866;0.3514582089552239;0.2613283582089552
2017-10-01T00:00:00.000Z;;;;;;;;;;;;
2017-10-03T00:00:00.000Z;0.138;2.1545223880597013;0.07021044776119403;0.10306119402985076;0.12302537313432836;0.16264179104477614;0.19547313432835825;0.207644776119403;0.2101910447761194;0.22970298507462686;0.29734626865671643;0.21676268656716421
2017-10-06T00:00:00.000Z;0.105;1.0711194029850748;0.06094776119402986;0.09039253731343284;0.10780597014925372;0.14187164179104475;0.1730492537313433;0.18441641791044777;0.19688358208955226;0.2054805970149254;0.2585089552238806;0.18317313432835824
2017-10-08T00:00:00.000Z;0.14400000000000002;1.4866865671641791;0.07551940298507463;0.10539402985074628;0.12416268656716418;0.16030149253731343;0.194089552238806;0.2084597014925373;0.21686865671641792;0.22905820895522389;0.2933985074626866;0.21787462686567166
2017-10-11T00:00:00.000Z;0.14400000000000002;1.358;0.06313432835820895;0.08996417910447761;0.10712985074626863;0.1400507462686567;0.1711402985074627;0.183344776119403;0.1953253731343284;0.20224776119402985;0.2609776119402985;0.19049552238805972
2017-10-13T00:00:00.000Z;0.182;1.752134328358209;0.06643432835820895;0.09979402985074629;0.11930746268656718;0.1563582089552239;0.18805373134328363;0.200744776119403;0.20502537313432842;0.22253582089552243;0.2842223880597015;0.20752388059701493
2017-10-16T00:00:00.000Z;0.127;1.0980746268656718;0.05867014925373135;0.08736417910447762;0.10403731343283583;0.13748955223880596;0.16814626865671642;0.17968805970149251;0.19155223880597017;0.19948507462686568;0.25422238805970154;0.17778358208955225
2017-10-18T00:00:00.000Z;;;;;;;;;;;;
2017-10-21T00:00:00.000Z;0.094;1.8375522388059702;0.05990746268656717;0.08599850746268657;0.1025492537313433;0.1357358208955224;0.16668358208955225;0.17952537313432837;0.18651940298507463;0.196355223880597;0.2571492537313433;0.18655373134328362
2017-10-23T00:00:00.000Z;0.111;1.317968253968254;0.05782222222222222;0.0835079365079365;0.0979031746031746;0.1284095238095238;0.1557047619047619;0.166615873015873;0.1724857142857143;0.18434761904761904;0.22277301587301587;0.15452698412698412
2017-10-26T00:00:00.000Z;0.089;0.7538507462686568;0.055868656716417914;0.08489850746268657;0.10181194029850749;0.13350597014925372;0.16452089552238808;0.17553283582089554;0.19063582089552242;0.19514626865671642;0.24524626865671645;0.17143283582089552
2017-10-28T00:00:00.000Z;0.089;1.3707313432835821;0.06492835820895523;0.08982985074626866;0.10537462686567164;0.13968059701492538;0.17110149253731344;0.18432835820895527;0.1901313432835821;0.2023059701492537;0.2600567164179105;0.19334328358208958
2017-10-31T00:00:00.000Z;;;;;;;;;;;;
2017-11-02T00:00:00.000Z;;;;;;;;;;;;
2017-11-05T00:00:00.000Z;0.089;1.194910447761194;0.05244477611940298;0.08115671641791045;0.09631194029850748;0.12917164179104476;0.15962537313432837;0.17028656716417911;0.18139104477611942;0.19001492537313436;0.24033731343283582;0.16781940298507464
2017-11-07T00:00:00.000Z;0.083;0.6317164179104477;0.06347462686567165;0.09193432835820897;0.10840746268656717;0.13972835820895527;0.1733686567164179;0.18485223880597018;0.2000119402985075;0.20418358208955226;0.26373880597014926;0.19570149253731345
2017-11-10T00:00:00.000Z;0.078;0.7078059701492537;0.05480746268656717;0.08039701492537314;0.09664477611940299;0.12573731343283584;0.1568641791044776;0.16731492537313433;0.18481791044776122;0.18610000000000002;0.23783432835820892;0.17458507462686568
2017-11-12T00:00:00.000Z;0.083;0.561955223880597;0.05824626865671642;0.08862388059701493;0.10664925373134329;0.1395820895522388;0.17099253731343284;0.1828238805970149;0.19694776119402985;0.20274776119402985;0.256889552238806;0.18729402985074628
2017-11-15T00:00:00.000Z;0.078;0.4277761194029851;0.05122388059701492;0.07917462686567164;0.09449850746268657;0.12455074626865671;0.1559134328358209;0.16651044776119406;0.1837671641791045;0.18422238805970148;0.22801044776119403;0.16085223880597016
2017-11-17T00:00:00.000Z;0.1;0.8708358208955224;0.06344328358208956;0.09221492537313432;0.10975074626865672;0.14141492537313435;0.17487462686567165;0.1863820895522388;0.2006567164179105;0.20610447761194034;0.26404328358208956;0.19579850746268657
2017-11-20T00:00:00.000Z;0.078;0.6912537313432836;0.054682089552238806;0.08003731343283582;0.0957776119402985;0.12632537313432837;0.15798805970149252;0.16818059701492538;0.18549850746268656;0.18689701492537317;0.2373537313432836;0.17126865671641792
2017-11-22T00:00:00.000Z;0.1;0.5496716417910448;0.06343731343283583;0.0932850746268657;0.11138358208955225;0.1453313432835821;0.1777238805970149;0.18875074626865673;0.20393283582089558;0.20867313432835824;0.2555268656716418;0.1876313432835821
2017-11-25T00:00:00.000Z;;;;;;;;;;;;
2017-11-27T00:00:00.000Z;;;;;;;;;;;;
2017-11-30T00:00:00.000Z;0.083;0.6794098360655738;0.05683934426229509;0.0793016393442623;0.09365573770491804;0.12441311475409837;0.15735901639344263;0.16764426229508197;0.18506229508196723;0.18601639344262297;0.22305081967213114;0.16302131147540985
2017-12-02T00:00:00.000Z;0.078;0.5450597014925374;0.05555223880597015;0.08550746268656717;0.10216119402985074;0.13720746268656717;0.16951641791044778;0.18131044776119404;0.19556119402985075;0.19978805970149252;0.24145522388059704;0.17651641791044778
2017-12-05T00:00:00.000Z;0.078;0.38815151515151514;0.049307575757575765;0.0765060606060606;0.0901181818181818;0.12173030303030305;0.1542757575757576;0.1638469696969697;0.18183333333333335;0.18143939393939396;0.21468939393939396;0.1499878787878788
2017-12-07T00:00:00.000Z;0.094;0.479910447761194;0.07553731343283583;0.0998223880597015;0.11443880597014926;0.1464880597014925;0.1829880597014925;0.1953208955223881;0.21277462686567167;0.2151537313432836;0.2568194029850746;0.2018716417910448
2017-12-10T00:00:00.000Z;;;;;;;;;;;;
2017-12-12T00:00:00.000Z;0.083;0.49054545454545456;0.055812121212121216;0.0854848484848485;0.1027409090909091;0.13762727272727274;0.17086060606060605;0.1820136363636364;0.1978712121212121;0.2023060606060606;0.2427348484848485;0.17675151515151516
2017-12-15T00:00:00.000Z;0.089;1.2967727272727272;0.05039090909090909;0.07728939393939394;0.09096818181818181;0.12661818181818182;0.15830606060606062;0.16882121212121212;0.17855454545454547;0.18778181818181816;0.22507424242424243;0.15709545454545457
2017-12-17T00:00:00.000Z;0.078;0.5128181818181818;0.06003181818181819;0.08598939393939393;0.10257878787878788;0.13496363636363637;0.17188939393939395;0.18151060606060607;0.19981969696969695;0.20222272727272728;0.24602424242424242;0.182
2017-12-20T00:00:00.000Z;0.083;0.9357878787878787;0.05235454545454545;0.07688939393939394;0.0907030303030303;0.12340151515151515;0.15706363636363635;0.1679030303030303;0.18214242424242424;0.18630000000000002;0.22522727272727275;0.16233030303030305
2017-12-22T00:00:00.000Z;0.078;1.0327424242424244;0.0573530303030303;0.08677878787878789;0.10220151515151517;0.13808333333333334;0.17004848484848487;0.18093787878787881;0.19075606060606062;0.2014757575757576;0.24637272727272727;0.1791878787878788
2017-12-25T00:00:00.000Z;0.089;0.9941515151515152;0.04953939393939394;0.07517878787878787;0.08917727272727273;0.12162424242424243;0.15143333333333334;0.16265454545454547;0.17402424242424244;0.18013939393939396;0.21574848484848486;0.14993333333333334
2017-12-27T00:00:00.000Z;0.067;0.7676268656716418;0.06999104477611941;0.09639850746268656;0.11152686567164179;0.1468985074626866;0.18411940298507465;0.19588358208955226;0.21071492537313435;0.21599402985074626;0.2630164179104478;0.19269253731343283
2017-12-30T00:00:00.000Z;0.067;1.2644328358208954;0.0534179104477612;0.07635074626865672;0.08915074626865671;0.1213492537313433;0.15367014925373138;0.16383731343283583;0.17528955223880596;0.1823641791044776;0.22442388059701493;0.16152388059701492
2018-01-01T00:00:00.000Z;0.07200000000000001;0.541439393939394;0.0585530303030303;0.08755909090909092;0.10523181818181818;0.13759242424242427;0.17173636363636366;0.18288333333333334;0.1972378787878788;0.20229393939393941;0.2482090909090909;0.18025151515151516
2018-01-04T00:00:00.000Z;0.07200000000000001;1.18744776119403;0.0494;0.07574626865671642;0.08968955223880598;0.12285820895522388;0.15315970149253733;0.16359701492537312;0.17487462686567165;0.18274328358208958;0.22104776119402983;0.15356268656716418
2018-01-06T00:00:00.000Z;;;;;;;;;;;;
2018-01-09T00:00:00.000Z;;;;;;;;;;;;
2018-01-11T00:00:00.000Z;0.089;0.7938360655737705;0.06605573770491803;0.09657213114754098;0.11092295081967211;0.1500770491803279;0.18693934426229508;0.1997344262295082;0.20774918032786888;0.2238311475409836;0.24435573770491803;0.1754049180327869
2018-01-14T00:00:00.000Z;;;;;;;;;;;;
2018-01-16T00:00:00.000Z;0.083;1.1637462686567164;0.058740298507462686;0.08549104477611941;0.1001910447761194;0.13527761194029853;0.17158059701492537;0.18374477611940299;0.1945492537313433;0.20267462686567164;0.2456328358208956;0.1791761194029851
2018-01-19T00:00:00.000Z;;;;;;;;;;;;
2018-01-21T00:00:00.000Z;0.078;1.238910447761194;0.05702835820895523;0.08635671641791046;0.10211791044776121;0.1386671641791045;0.17286119402985076;0.18396268656716416;0.19209253731343284;0.203089552238806;0.2482328358208956;0.1835402985074627
2018-01-24T00:00:00.000Z;0.083;0.7352985074626865;0.05125223880597015;0.07659552238805971;0.09024179104477613;0.12183134328358211;0.15444776119402984;0.16643432835820895;0.1806417910447761;0.1848089552238806;0.2183313432835821;0.15373731343283584
2018-01-26T00:00:00.000Z;0.056;0.7611641791044776;0.06660895522388059;0.0912044776119403;0.1068492537313433;0.14;0.17721641791044776;0.1885910447761194;0.2033880597014925;0.2088298507462687;0.2587611940298508;0.1930059701492537
2018-01-29T00:00:00.000Z;0.111;1.0339402985074628;0.06239253731343283;0.08266865671641792;0.09122835820895524;0.12517313432835822;0.1624597014925373;0.17541791044776123;0.18757313432835826;0.19392537313432842;0.21288805970149258;0.14650000000000002
2018-01-31T00:00:00.000Z;0.122;0.6743880597014926;0.06176716417910448;0.08898507462686568;0.10166268656716418;0.1375044776119403;0.1748761194029851;0.18629701492537315;0.19983880597014925;0.20666119402985078;0.23794776119402983;0.16818656716417912
2018-02-05T00:00:00.000Z;;;;;;;;;;;;
2018-02-08T00:00:00.000Z;0.094;0.4947761194029851;0.05588955223880597;0.07851492537313433;0.08935522388059702;0.11973283582089553;0.15562388059701493;0.1669044776119403;0.18342686567164176;0.18401940298507463;0.21677761194029851;0.15684179104477614
2018-02-10T00:00:00.000Z;;;;;;;;;;;;
2018-02-13T00:00:00.000Z;0.1;0.6540149253731343;0.049526865671641794;0.07680298507462686;0.09015671641791045;0.12278059701492537;0.15895223880597018;0.16922089552238806;0.18462089552238808;0.1881955223880597;0.22031044776119402;0.15480149253731343
2018-02-15T00:00:00.000Z;0.094;1.343492537313433;0.06517164179104477;0.09290000000000001;0.10640597014925372;0.1417029850746269;0.18066268656716417;0.1935;0.20271940298507465;0.21262537313432842;0.26314029850746273;0.19583134328358212
2018-02-18T00:00:00.000Z;;;;;;;;;;;;
2018-02-20T00:00:00.000Z;0.1;1.2896716417910448;0.06282089552238806;0.09327462686567164;0.10945970149253731;0.14589253731343285;0.1863597014925373;0.1975119402985075;0.20635522388059704;0.21875373134328363;0.2650597014925373;0.19509850746268656
2018-02-23T00:00:00.000Z;0.083;0.20011940298507463;0.05367313432835821;0.08115373134328359;0.09526567164179105;0.12379850746268659;0.16344328358208954;0.17559701492537313;0.19698507462686568;0.193989552238806;0.2267805970149254;0.16274179104477612
2018-02-25T00:00:00.000Z;0.138;0.4156268656716418;0.06979552238805971;0.09621044776119404;0.11174776119402985;0.1437597014925373;0.18625820895522388;0.19999104477611943;0.21891343283582093;0.22021194029850746;0.26847313432835823;0.200289552238806
2018-02-28T00:00:00.000Z;0.116;1.6688358208955225;0.05398507462686568;0.07367462686567165;0.08121492537313434;0.11267313432835822;0.15246119402985076;0.16618955223880597;0.1776;0.18437313432835825;0.19868358208955225;0.1319238805970149
2018-03-02T00:00:00.000Z;;;;;;;;;;;;
2018-03-05T00:00:00.000Z;;;;;;;;;;;;
2018-03-07T00:00:00.000Z;0.1;0.6525522388059702;0.0859223880597015;0.11942985074626863;0.13637462686567164;0.17365820895522388;0.22310000000000002;0.23860149253731344;0.25681044776119405;0.2619641791044776;0.31449253731343285;0.23511492537313436
2018-03-10T00:00:00.000Z;0.1;1.3847761194029853;0.07239253731343283;0.09808208955223881;0.10918208955223879;0.14318358208955226;0.18892686567164177;0.20337014925373134;0.21543880597014928;0.22355223880597014;0.27470149253731346;0.20161044776119405
2018-03-12T00:00:00.000Z;;;;;;;;;;;;
2018-03-15T00:00:00.000Z;;;;;;;;;;;;
2018-03-17T00:00:00.000Z;;;;;;;;;;;;
2018-03-20T00:00:00.000Z;0.1;0.5475373134328358;0.06784029850746269;0.0907820895522388;0.1031358208955224;0.13328358208955224;0.17925522388059703;0.1921940298507463;0.21246268656716422;0.21256417910447764;0.25027313432835824;0.1823820895522388
2018-03-22T00:00:00.000Z;0.122;0.34864179104477616;0.07049402985074626;0.10222388059701493;0.11910149253731343;0.1508820895522388;0.1946238805970149;0.2095865671641791;0.22638805970149256;0.2291671641791045;0.2803179104477612;0.21018805970149257
2018-03-25T00:00:00.000Z;;;;;;;;;;;;
2018-03-27T00:00:00.000Z;0.111;1.2411492537313433;0.07605522388059703;0.10581791044776122;0.12139850746268659;0.15465522388059702;0.1995313432835821;0.21446417910447763;0.22471641791044777;0.2343328358208956;0.2946417910447761;0.22562238805970153
2018-03-30T00:00:00.000Z;0.07200000000000001;0.9168805970149253;0.06578955223880598;0.08457611940298508;0.09356567164179104;0.12082537313432837;0.16039253731343284;0.1728880597014925;0.1777582089552239;0.19052835820895525;0.21588805970149258;0.16057761194029851
2018-04-01T00:00:00.000Z;;;;;;;;;;;;
2018-04-04T00:00:00.000Z;0.16;0.7084626865671642;0.06992388059701492;0.09944776119402984;0.11535522388059702;0.14875223880597016;0.1928119402985075;0.20698805970149256;0.22323880597014928;0.22830597014925372;0.2730686567164179;0.19881044776119405
2018-04-06T00:00:00.000Z;;;;;;;;;;;;
2018-04-09T00:00:00.000Z;0.116;0.6814;0.03404;0.04629;0.055510000000000004;0.07206;0.099;0.10654000000000001;0.10184;0.11738;0.12692;0.08524
2018-04-11T00:00:00.000Z;;;;;;;;;;;;
2018-04-14T00:00:00.000Z;0.094;0.6586567164179106;0.06762537313432836;0.09698805970149253;0.11165671641791046;0.1444134328358209;0.18668059701492537;0.2005089552238806;0.21635223880597015;0.2210865671641791;0.26270597014925373;0.1906089552238806
2018-04-16T00:00:00.000Z;0.133;0.8983880597014926;0.09932686567164181;0.12860746268656717;0.14523134328358211;0.1823641791044776;0.23435223880597014;0.25167313432835825;0.2686805970149254;0.2745358208955224;0.3361179104477612;0.2572208955223881
2018-04-19T00:00:00.000Z;0.19889062500000002;1.203;0.0846859375;0.107678125;0.11945625;0.1484375;0.18981406250000002;0.202940625;0.212521875;0.2169703125;0.237925;0.173865625
2018-04-21T00:00:00.000Z;;;;;;;;;;;;
2018-04-24T00:00:00.000Z;0.28071641791044777;1.3428805970149251;0.0679313432835821;0.1012641791044776;0.11907910447761194;0.1544910447761194;0.1977641791044776;0.213289552238806;0.22201194029850746;0.23338805970149257;0.27877910447761195;0.20291044776119405
2018-04-26T00:00:00.000Z;0.40058208955223884;1.8727761194029848;0.12239850746268659;0.1641223880597015;0.1845582089552239;0.2386865671641791;0.3016298507462687;0.32575671641791054;0.3285761194029851;0.35301492537313434;0.41778208955223883;0.30950298507462687
2018-04-29T00:00:00.000Z;0.105;0.7547910447761195;0.04747611940298507;0.06827910447761194;0.08442835820895524;0.11110746268656717;0.15120298507462687;0.169355223880597;0.13364626865671642;0.19061940298507465;0.20430149253731344;0.15712835820895527
2018-05-01T00:00:00.000Z;0.105;0.5546865671641791;0.13348358208955224;0.15822388059701492;0.17642985074626863;0.21301940298507463;0.2613582089552239;0.2800298507462687;0.29495522388059703;0.30451641791044776;0.3204955223880597;0.2384402985074627
2018-05-04T00:00:00.000Z;0.083;1.0237611940298508;0.0794223880597015;0.10885522388059701;0.1270358208955224;0.16104179104477612;0.203444776119403;0.21761641791044778;0.2308089552238806;0.23971343283582092;0.2929597014925373;0.21463582089552244
2018-05-06T00:00:00.000Z;;;;;;;;;;;;
2018-05-09T00:00:00.000Z;0.226;1.8758059701492538;0.09027014925373136;0.11833880597014926;0.1354641791044776;0.17317761194029851;0.21682238805970153;0.23661492537313436;0.2432179104477612;0.25721343283582093;0.31959104477611944;0.23679253731343283
2018-05-11T00:00:00.000Z;0.27;1.4348507462686566;0.08535970149253733;0.11984776119402984;0.1411492537313433;0.18109253731343283;0.22393582089552244;0.24032238805970152;0.24922388059701495;0.26440298507462684;0.33111492537313436;0.24782388059701493
2018-05-14T00:00:00.000Z;;;;;;;;;;;;
2018-05-16T00:00:00.000Z;0.133;1.3165970149253732;0.09510298507462686;0.12892388059701493;0.1504268656716418;0.1863402985074627;0.2271089552238806;0.24372388059701494;0.25548358208955224;0.26621641791044776;0.3441014925373134;0.26705373134328364
2018-05-19T00:00:00.000Z;;;;;;;;;;;;
2018-05-21T00:00:00.000Z;0.105;1.3120298507462687;0.10305373134328359;0.1376761194029851;0.1617268656716418;0.20065373134328363;0.2424716417910448;0.25980000000000003;0.2700283582089552;0.2845865671641791;0.3629238805970149;0.2742865671641791
2018-05-24T00:00:00.000Z;;;;;;;;;;;;
2018-05-26T00:00:00.000Z;0.221;2.047;0.07805000000000001;0.1148;0.1491;0.1932;0.2364;0.27525;0.15375;0.3104;0.28605;0.2838
2018-05-29T00:00:00.000Z;0.37889552238805974;1.7974179104477612;0.09169402985074629;0.1251238805970149;0.14589104477611942;0.18848358208955224;0.23525373134328362;0.2552865671641791;0.2649492537313433;0.2785880597014926;0.3495298507462687;0.25671492537313434
2018-05-31T00:00:00.000Z;;;;;;;;;;;;
2018-06-03T00:00:00.000Z;;;;;;;;;;;;
2018-06-05T00:00:00.000Z;;;;;;;;;;;;
2018-06-08T00:00:00.000Z;0.171;1.9790149253731346;0.07957164179104477;0.10926417910447761;0.1202134328358209;0.15078955223880597;0.18708059701492538;0.19868805970149253;0.23610746268656724;0.21271194029850746;0.26160298507462687;0.18005522388059703
2018-06-10T00:00:00.000Z;0.28386567164179105;1.4792388059701491;0.09397611940298509;0.13711791044776123;0.15856119402985075;0.20567014925373128;0.2575074626865672;0.2737985074626866;0.2830417910447761;0.2997134328358209;0.3685268656716418;0.27568208955223883
2018-06-13T00:00:00.000Z;0.061;1.230641791044776;0.08174328358208956;0.11480149253731343;0.13182089552238807;0.16931641791044777;0.21441492537313434;0.2294865671641791;0.2409671641791045;0.25217462686567166;0.3043373134328358;0.22310746268656723
2018-06-15T00:00:00.000Z;0.056;1.7621044776119406;0.10118059701492538;0.13584776119402986;0.1553462686567164;0.19527761194029847;0.24344776119402983;0.2628880597014926;0.2709955223880597;0.2842223880597015;0.35575373134328364;0.2759343283582089
2018-06-18T00:00:00.000Z;0.133;1.6260298507462687;0.08741940298507463;0.11861343283582089;0.13562985074626863;0.17178507462686568;0.21816716417910448;0.2358776119402985;0.24392835820895523;0.25525223880597014;0.3078358208955224;0.23359104477611942
2018-06-20T00:00:00.000Z;0.083;1.5127910447761195;0.09781044776119405;0.1361537313432836;0.15770298507462688;0.1990059701492537;0.24737164179104482;0.2647194029850746;0.2739283582089552;0.28879552238805967;0.3548074626865672;0.268444776119403
2018-06-23T00:00:00.000Z;0.111;1.4181641791044777;0.08474029850746269;0.11823283582089553;0.13663283582089553;0.17410746268656718;0.2193179104477612;0.23658208955223883;0.24590447761194034;0.2581985074626866;0.3066194029850746;0.22410298507462686
2018-06-25T00:00:00.000Z;0.3024029850746269;1.7955074626865672;0.10001641791044777;0.13599104477611942;0.15589850746268658;0.1969044776119403;0.24583283582089557;0.26744626865671645;0.2751014925373134;0.28914776119402985;0.34644328358208953;0.2652402985074627
2018-06-28T00:00:00.000Z;;;;;;;;;;;;
2018-06-30T00:00:00.000Z;0.27;2.151059701492537;0.09430149253731344;0.13448955223880596;0.15638656716417912;0.20102089552238808;0.24775074626865673;0.26597313432835823;0.2687;0.290489552238806;0.3509179104477612;0.26062388059701497
2018-07-03T00:00:00.000Z;0.193;1.1817462686567164;0.07881343283582089;0.11512089552238806;0.13470746268656716;0.17229104477611942;0.21761940298507462;0.23447910447761192;0.24514328358208956;0.2568955223880597;0.30222388059701494;0.2200716417910448
2018-07-05T00:00:00.000Z;0.056;1.5452835820895525;0.1003910447761194;0.1350507462686567;0.1555134328358209;0.19669253731343284;0.24294179104477612;0.26244626865671644;0.27273582089552245;0.2848268656716418;0.3546716417910448;0.2747268656716418
2018-07-08T00:00:00.000Z;0.248;1.2999552238805971;0.07795671641791045;0.11400149253731343;0.1336;0.17292686567164178;0.21717910447761193;0.23602089552238809;0.2473492537313433;0.2566;0.31302388059701497;0.23498208955223882
2018-07-10T00:00:00.000Z;0.089;1.1923731343283583;0.09767910447761194;0.136155223880597;0.15893731343283582;0.20076567164179107;0.24447014925373128;0.26251194029850744;0.2734537313432836;0.2866611940298508;0.35386417910447765;0.2661567164179105
2018-07-13T00:00:00.000Z;0.406;2.2009850746268658;0.08073283582089553;0.12304626865671642;0.14524179104477614;0.18587761194029848;0.2274955223880597;0.2443298507462687;0.24762388059701496;0.2683089552238806;0.3078059701492537;0.22069104477611942
2018-07-15T00:00:00.000Z;0.28071641791044777;2.1051492537313434;0.10164328358208956;0.1406537313432836;0.16205671641791047;0.2044597014925373;0.24884179104477613;0.2701268656716418;0.27404626865671644;0.29184179104477614;0.34992388059701496;0.2660089552238806
2018-07-18T00:00:00.000Z;0.27;1.664044776119403;0.08232835820895523;0.11845074626865672;0.13931641791044777;0.17830746268656716;0.2192194029850746;0.23783731343283582;0.2446268656716418;0.25808805970149257;0.3124402985074627;0.23449701492537317
2018-07-20T00:00:00.000Z;0.37889552238805974;1.3891940298507464;0.08901044776119403;0.13598507462686568;0.16241940298507465;0.20707313432835822;0.2510492537313433;0.26877761194029853;0.27726716417910446;0.2930776119402985;0.3502507462686567;0.25806716417910447
2018-07-23T00:00:00.000Z;0.105;1.660597014925373;0.08218059701492537;0.1158313432835821;0.1371701492537314;0.17743880597014924;0.2143059701492537;0.23030746268656724;0.23844477611940298;0.25361641791044776;0.30871194029850746;0.220589552238806
2018-07-25T00:00:00.000Z;0.149;1.2302985074626864;0.10028358208955224;0.13728805970149252;0.1606044776119403;0.2022134328358209;0.24355671641791052;0.2610238805970149;0.27467910447761196;0.28408208955223885;0.3562880597014926;0.27122537313432843
2018-07-28T00:00:00.000Z;0.094;1.017776119402985;0.0842268656716418;0.1166820895522388;0.13769402985074627;0.17480597014925373;0.21200298507462687;0.2285208955223881;0.24354328358208954;0.25071194029850746;0.31214328358208954;0.2330955223880597
2018-07-30T00:00:00.000Z;0.083;1.2383880597014925;0.0972955223880597;0.1361089552238806;0.16049104477611942;0.20277164179104482;0.2397059701492537;0.25573582089552244;0.2671611940298508;0.280889552238806;0.3508179104477612;0.2621761194029851
2018-08-02T00:00:00.000Z;0.111;1.7546119402985076;0.0846089552238806;0.1186761194029851;0.1395358208955224;0.17852985074626865;0.21327910447761192;0.22723731343283582;0.23471044776119404;0.25105522388059703;0.30751641791044776;0.22200895522388062
2018-08-04T00:00:00.000Z;0.18795522388059702;1.8644029850746269;0.09915074626865673;0.13693731343283583;0.16091791044776121;0.2040402985074627;0.24082238805970152;0.2585955223880597;0.2662194029850746;0.28286268656716423;0.3576626865671642;0.2704567164179105
2018-08-07T00:00:00.000Z;0.3298955223880597;2.3010298507462688;0.08458059701492537;0.11955074626865672;0.1426537313432836;0.18195671641791047;0.2180671641791045;0.23557313432835822;0.23937910447761193;0.2572194029850746;0.3124283582089552;0.23079701492537316
2018-08-09T00:00:00.000Z;0.067;1.7869402985074627;0.09115820895522389;0.12724776119402983;0.14863432835820894;0.1911208955223881;0.22730447761194034;0.24325522388059703;0.24950298507462687;0.2671582089552239;0.33083283582089557;0.24356567164179105
2018-08-12T00:00:00.000Z;0.111;2.228597014925373;0.07836268656716418;0.1122955223880597;0.13149104477611942;0.1720626865671642;0.2051089552238806;0.2201268656716418;0.22358507462686567;0.24286716417910448;0.2971865671641791;0.21285074626865672
2018-08-14T00:00:00.000Z;0.171;2.114134328358209;0.09366268656716419;0.13068955223880596;0.1528582089552239;0.19609701492537315;0.2323343283582089;0.25091194029850744;0.25587462686567164;0.27400149253731343;0.34738805970149256;0.2617716417910448
2018-08-17T00:00:00.000Z;0.319;1.9622142857142857;0.09468333333333334;0.11937142857142859;0.13932380952380952;0.17239285714285713;0.20548333333333332;0.22308571428571428;0.2031857142857143;0.23403571428571426;0.2521738095238096;0.18291428571428572
2018-08-19T00:00:00.000Z;;;;;;;;;;;;
2018-08-22T00:00:00.000Z;0.18795522388059702;2.085208955223881;0.0779223880597015;0.11120149253731343;0.13165671641791046;0.17279253731343283;0.2057805970149254;0.21994626865671646;0.2245402985074627;0.2418179104477612;0.2984671641791045;0.21187313432835822
2018-08-24T00:00:00.000Z;0.22049253731343285;1.7768507462686567;0.08918656716417911;0.12547910447761196;0.14798507462686566;0.1923671641791045;0.2277865671641791;0.2460253731343284;0.2534029850746269;0.2693686567164179;0.3433582089552239;0.25728358208955227
2018-08-27T00:00:00.000Z;0.19889552238805971;2.1060298507462685;0.07572835820895524;0.10726716417910448;0.12711492537313435;0.16711044776119405;0.20187462686567165;0.2180343283582089;0.2252298507462687;0.23965522388059704;0.29941940298507463;0.21843582089552244
2018-08-29T00:00:00.000Z;0.193;2.1069402985074626;0.08485223880597015;0.12173432835820895;0.14464626865671643;0.18985522388059703;0.2247776119402985;0.24017611940298508;0.24228358208955225;0.2629671641791045;0.33074179104477613;0.2416910447761194
2018-09-01T00:00:00.000Z;0.193;2.502791044776119;0.07314925373134329;0.10577910447761195;0.12548805970149252;0.166855223880597;0.199089552238806;0.2131865671641791;0.21559402985074627;0.2360582089552239;0.2897388059701493;0.20513880597014927
2018-09-03T00:00:00.000Z;;;;;;;;;;;;
2018-09-06T00:00:00.000Z;0.2313134328358209;1.718910447761194;0.07093432835820895;0.10244626865671642;0.12006716417910449;0.16006417910447762;0.19422835820895526;0.20806417910447764;0.21737910447761194;0.22760447761194033;0.28055970149253734;0.2070089552238806
2018-09-08T00:00:00.000Z;;;;;;;;;;;;
2018-09-11T00:00:00.000Z;;;;;;;;;;;;
2018-09-13T00:00:00.000Z;0.193;2.227492537313433;0.08102537313432837;0.11423880597014925;0.1289313432835821;0.1713179104477612;0.21051940298507463;0.22749402985074627;0.23052089552238808;0.2476567164179105;0.3092701492537313;0.23395074626865672
2018-09-16T00:00:00.000Z;0.16;2.31;0.07520277777777779;0.10411666666666668;0.1193138888888889;0.1575388888888889;0.19749444444444444;0.2117888888888889;0.21435555555555563;0.22998333333333332;0.2821611111111112;0.21190555555555562
2018-09-18T00:00:00.000Z;0.29114999999999996;2.273375;0.0374325;0.0593675;0.07351250000000001;0.10009;0.1357475;0.1510825;0.14086500000000002;0.1723325;0.200085;0.154635
2018-09-21T00:00:00.000Z;0.14400000000000002;2.095;0.06493283582089553;0.09428358208955225;0.10935074626865672;0.1441119402985075;0.18207313432835825;0.1968567164179105;0.20095223880597016;0.2157268656716418;0.26686417910447763;0.19163880597014926
2018-09-23T00:00:00.000Z;0.16;2.250253731343284;0.07793432835820896;0.10783134328358211;0.12380298507462688;0.16020597014925372;0.19997910447761197;0.21814179104477613;0.22066865671641792;0.23736119402985079;0.30287910447761196;0.23163582089552243
2018-09-26T00:00:00.000Z;;;;;;;;;;;;
2018-09-28T00:00:00.000Z;0.056;1.0198656716417913;0.07415970149253732;0.10511492537313434;0.12200597014925373;0.15722238805970148;0.196744776119403;0.21145970149253732;0.2212805970149254;0.23244925373134329;0.292810447761194;0.2169985074626866
2018-10-01T00:00:00.000Z;0.16635820895522388;1.6218507462686567;0.06449104477611942;0.09195223880597016;0.10672537313432837;0.14126268656716418;0.17894626865671642;0.19180597014925369;0.19885074626865673;0.2116089552238806;0.26000447761194034;0.1853820895522388
2018-10-03T00:00:00.000Z;0.111;1.5081194029850749;0.07603731343283583;0.1055044776119403;0.12263432835820895;0.15688059701492538;0.196044776119403;0.21186417910447763;0.2199492537313433;0.23159253731343285;0.2952686567164179;0.22441940298507462
2018-10-06T00:00:00.000Z;0.133;1.5183432835820896;0.06554029850746268;0.0908776119402985;0.10600746268656717;0.13777910447761194;0.17539402985074629;0.1899179104477612;0.19873731343283585;0.20760447761194034;0.2641328358208956;0.19576567164179107
2018-10-08T00:00:00.000Z;0.127;1.4059850746268658;0.07625671641791044;0.1088313432835821;0.126744776119403;0.1645402985074627;0.20536268656716422;0.21948955223880598;0.22713134328358212;0.2415373134328358;0.30462388059701495;0.226189552238806
2018-10-11T00:00:00.000Z;;;;;;;;;;;;
2018-10-13T00:00:00.000Z;0.116;1.916761194029851;0.0726223880597015;0.10196268656716419;0.11778805970149252;0.15281492537313435;0.1894507462686567;0.20549701492537317;0.21062089552238808;0.22401044776119403;0.2892597014925373;0.21774626865671645
2018-10-16T00:00:00.000Z;0.111;1.8215074626865673;0.06486865671641791;0.09050000000000001;0.10493283582089553;0.13879253731343283;0.17753880597014926;0.1916074626865672;0.1990507462686567;0.2105134328358209;0.26626119402985077;0.1965492537313433
2018-10-18T00:00:00.000Z;;;;;;;;;;;;
2018-10-21T00:00:00.000Z;;;;;;;;;;;;
2018-10-23T00:00:00.000Z;;;;;;;;;;;;
2018-10-26T00:00:00.000Z;0.14400000000000002;0.9429402985074629;0.033535820895522386;0.051097014925373135;0.05945671641791045;0.07822686567164179;0.10126567164179104;0.10939253731343283;0.11648507462686566;0.12038656716417911;0.13351044776119406;0.10130149253731344
2018-10-28T00:00:00.000Z;;;;;;;;;;;;
2018-10-31T00:00:00.000Z;;;;;;;;;;;;
2018-11-02T00:00:00.000Z;0.078;1.5298805970149252;0.10216865671641792;0.12651044776119405;0.13697910447761194;0.17762537313432836;0.22291492537313434;0.24126865671641792;0.2449343283582089;0.26232388059701495;0.30039253731343285;0.2222671641791045
2018-11-05T00:00:00.000Z;;;;;;;;;;;;
2018-11-07T00:00:00.000Z;0.089;1.5345970149253731;0.06036268656716418;0.09035671641791045;0.1037313432835821;0.1408;0.17919701492537313;0.19087910447761197;0.1969238805970149;0.21059701492537317;0.2567865671641791;0.18892537313432842
2018-11-10T00:00:00.000Z;;;;;;;;;;;;
2018-11-12T00:00:00.000Z;;;;;;;;;;;;
2018-11-15T00:00:00.000Z;;;;;;;;;;;;
2018-11-17T00:00:00.000Z;;;;;;;;;;;;
2018-11-20T00:00:00.000Z;;;;;;;;;;;;
2018-11-22T00:00:00.000Z;;;;;;;;;;;;
2018-11-25T00:00:00.000Z;0.078;1.3536567164179105;0.048664179104477616;0.07002537313432836;0.07737910447761194;0.10948059701492537;0.15151940298507463;0.16468507462686566;0.17403880597014926;0.1807074626865672;0.20706865671641791;0.14675671641791047
2018-11-27T00:00:00.000Z;0.089;0.6232000000000001;0.06294400000000001;0.087436;0.096328;0.129924;0.171828;0.185276;0.197152;0.20326400000000003;0.227272;0.16546
2018-11-30T00:00:00.000Z;0.07200000000000001;0.8361940298507462;0.04926119402985075;0.07393880597014926;0.08238358208955224;0.11571791044776121;0.15988805970149253;0.17294179104477614;0.1855253731343284;0.19098805970149252;0.2128701492537313;0.1489626865671642
2018-12-02T00:00:00.000Z;;;;;;;;;;;;
2018-12-05T00:00:00.000Z;0.061;1.034537313432836;0.04828507462686568;0.07075223880597015;0.07921940298507463;0.10913134328358211;0.15539701492537314;0.16775223880597018;0.18048358208955226;0.1845671641791045;0.2124089552238806;0.1537492537313433
2018-12-07T00:00:00.000Z;0.07200000000000001;0.44893939393939397;0.05449242424242424;0.08021666666666667;0.09249848484848484;0.1241;0.17128636363636365;0.18519696969696972;0.2011030303030303;0.20444090909090912;0.23387121212121212;0.17014545454545454
2018-12-10T00:00:00.000Z;;;;;;;;;;;;
2018-12-12T00:00:00.000Z;0.078;0.9897424242424243;0.060371212121212124;0.08346515151515152;0.09248636363636364;0.12457878787878789;0.17254242424242425;0.18765909090909091;0.1991257575757576;0.20653484848484852;0.2401;0.17603636363636366
2018-12-15T00:00:00.000Z;0.056;1.5197272727272728;0.05198484848484849;0.07025;0.07638484848484849;0.10347121212121213;0.14370454545454545;0.15693484848484848;0.16123030303030306;0.1699878787878788;0.1859409090909091;0.13263181818181818
2018-12-17T00:00:00.000Z;0.07200000000000001;0.5301363636363636;0.05251060606060606;0.07845;0.09012575757575758;0.12233333333333334;0.17045000000000002;0.18435;0.2007060606060606;0.20448939393939397;0.23042727272727276;0.16627121212121213
2018-12-20T00:00:00.000Z;0.07200000000000001;1.2118939393939394;0.04624090909090909;0.06862121212121212;0.07745;0.10986363636363636;0.15573333333333333;0.16915606060606062;0.17892727272727274;0.1871469696969697;0.20452727272727278;0.14131363636363636
2018-12-25T00:00:00.000Z;0.056;0.5859848484848486;0.047474242424242426;0.06748939393939395;0.07391060606060607;0.09887424242424243;0.1417909090909091;0.15411060606060606;0.16801818181818184;0.16851363636363637;0.17836818181818184;0.12887727272727273
2018-12-27T00:00:00.000Z;0.083;0.7001940298507463;0.05208805970149254;0.08034029850746269;0.09348059701492538;0.12697014925373137;0.17733283582089554;0.1922059701492537;0.2059626865671642;0.2136268656716418;0.2384805970149254;0.17263880597014925
2018-12-30T00:00:00.000Z;0.078;0.6987910447761194;0.0453955223880597;0.06990746268656717;0.07895820895522389;0.10931641791044777;0.15634776119402985;0.17057313432835822;0.18482686567164178;0.18815522388059702;0.2037313432835821;0.14032985074626864
2019-01-01T00:00:00.000Z;0.067;0.4341194029850746;0.056998507462686566;0.08032835820895523;0.09155223880597016;0.12132985074626863;0.17306716417910448;0.18722686567164176;0.20508358208955224;0.20634477611940297;0.23411343283582092;0.1719119402985075
2019-01-04T00:00:00.000Z;0.061;0.3998939393939394;0.04931969696969697;0.0707378787878788;0.08015454545454545;0.10907575757575758;0.1561621212121212;0.1695560606060606;0.18971515151515153;0.18782121212121208;0.2061257575757576;0.1479621212121212
2019-01-06T00:00:00.000Z;0.07200000000000001;0.4839848484848485;0.05540151515151515;0.08082575757575758;0.09323939393939394;0.12515757575757575;0.17351363636363637;0.18843787878787882;0.20284848484848486;0.2068196969696969;0.2338090909090909;0.17048030303030307
2019-01-09T00:00:00.000Z;0.061;0.7346417910447761;0.04442089552238806;0.0693089552238806;0.07957910447761195;0.11066716417910448;0.15602985074626863;0.16999701492537314;0.1844716417910448;0.1869432835820896;0.2057805970149254;0.14405671641791046
2019-01-11T00:00:00.000Z;0.07200000000000001;0.3417611940298507;0.059013432835820896;0.0829179104477612;0.09517462686567164;0.12392089552238807;0.17421492537313435;0.1885850746268657;0.20913432835820892;0.20823582089552242;0.2352582089552239;0.17471791044776122
2019-01-16T00:00:00.000Z;0.1;0.916121212121212;0.05617575757575758;0.0809560606060606;0.09322727272727273;0.12786818181818183;0.17381818181818184;0.18835000000000002;0.19928939393939396;0.20744545454545452;0.2341969696969697;0.16931060606060605
2019-01-19T00:00:00.000Z;0.078;0.7131969696969698;0.0479530303030303;0.07062727272727273;0.08214545454545455;0.11216212121212121;0.1573090909090909;0.16968636363636366;0.18468787878787882;0.18784090909090911;0.20827575757575761;0.14526969696969697
2019-01-21T00:00:00.000Z;0.078;0.774268656716418;0.058800000000000005;0.08259701492537315;0.09551044776119405;0.12697462686567165;0.17470000000000002;0.18979552238805972;0.20489402985074626;0.20941641791044777;0.2406179104477612;0.1762940298507463
2019-01-24T00:00:00.000Z;;;;;;;;;;;;
2019-01-26T00:00:00.000Z;0.07200000000000001;0.5657014925373135;0.05518358208955224;0.08275970149253732;0.09720298507462687;0.12962985074626865;0.175044776119403;0.1901940298507463;0.2051955223880597;0.2100492537313433;0.24045671641791053;0.17487761194029852
2019-01-29T00:00:00.000Z;0.088;1.1604179104477612;0.055353731343283585;0.08233283582089553;0.0947731343283582;0.12983432835820896;0.17922537313432838;0.19418656716417912;0.20737313432835822;0.21784179104477613;0.23563880597014927;0.1666701492537314
2019-01-31T00:00:00.000Z;0.056;1.524;0.0714;0.06760000000000001;0.06423333333333334;0.07400000000000001;0.09630000000000001;0.1038;0.12553333333333333;0.111;0.113;0.0794
2019-02-03T00:00:00.000Z;0.07200000000000001;0.4217313432835821;0.05813582089552239;0.07768656716417911;0.08847611940298508;0.1147820895522388;0.15822089552238808;0.17094626865671642;0.18857014925373133;0.18923432835820894;0.21043582089552243;0.15884179104477614
2019-02-05T00:00:00.000Z;0.078;0.9296567164179104;0.05857313432835821;0.08611343283582089;0.10063283582089554;0.13322388059701493;0.17854925373134328;0.19445373134328361;0.20441940298507463;0.21441343283582093;0.24803582089552242;0.18322686567164176
2019-02-08T00:00:00.000Z;0.07200000000000001;0.5950597014925374;0.05041791044776119;0.07547164179104478;0.08757910447761194;0.11706268656716419;0.16044776119402984;0.17490597014925374;0.1903223880597015;0.19288656716417912;0.21819253731343285;0.15307910447761194
2019-02-10T00:00:00.000Z;0.105;0.7203731343283583;0.07495671641791045;0.09977910447761194;0.11336865671641791;0.14502686567164177;0.1941238805970149;0.21143880597014927;0.22871044776119404;0.23196716417910448;0.26865223880597017;0.20132835820895525
2019-02-13T00:00:00.000Z;0.07200000000000001;0.5549402985074627;0.05530149253731344;0.07787611940298508;0.09076865671641793;0.11955074626865672;0.16519253731343284;0.1809328358208956;0.19958805970149252;0.1991597014925373;0.22672537313432842;0.16357910447761195
2019-02-15T00:00:00.000Z;;;;;;;;;;;;
2019-02-18T00:00:00.000Z;0.1879538461538461;0.8782307692307693;0.05960153846153846;0.08224153846153846;0.09425076923076925;0.12221692307692308;0.15990307692307693;0.17183384615384617;0.18156;0.18845846153846155;0.20237230769230768;0.14517384615384618
2019-02-20T00:00:00.000Z;0.122;0.7222686567164179;0.06522686567164179;0.08885074626865672;0.1029044776119403;0.13351641791044777;0.17853432835820895;0.19422985074626864;0.21029552238805968;0.21513582089552244;0.2573582089552239;0.1914462686567164
2019-02-23T00:00:00.000Z;0.083;0.32565671641791044;0.057910447761194035;0.08166119402985074;0.0956089552238806;0.1217402985074627;0.16625522388059702;0.1813955223880597;0.20146865671641792;0.20049701492537317;0.23313582089552243;0.1706671641791045
2019-02-25T00:00:00.000Z;0.105;0.5614179104477612;0.06544925373134329;0.09465373134328359;0.11181940298507465;0.1440820895522388;0.18821641791044777;0.20497910447761192;0.22076119402985078;0.22620746268656722;0.26599701492537314;0.19585074626865673
2019-02-28T00:00:00.000Z;0.083;0.4712388059701493;0.05827014925373135;0.08288656716417911;0.09708358208955224;0.1243820895522388;0.16337462686567164;0.17667761194029852;0.19197910447761196;0.1947432835820896;0.22042388059701495;0.15862835820895527
2019-03-02T00:00:00.000Z;0.078;0.6066716417910447;0.0775820895522388;0.10204179104477612;0.11708358208955225;0.14701940298507465;0.19017164179104482;0.20628507462686568;0.2227701492537313;0.2258910447761194;0.2641462686567165;0.1998089552238806
2019-03-05T00:00:00.000Z;0.127;1.6251940298507463;0.06741940298507462;0.0900955223880597;0.1033223880597015;0.1339955223880597;0.17688955223880598;0.19286268656716415;0.20067761194029848;0.20986417910447763;0.2501805970149254;0.18325223880597016
2019-03-07T00:00:00.000Z;0.05;0.5911940298507462;0.0748223880597015;0.10298805970149251;0.12093432835820896;0.15324626865671642;0.19626716417910448;0.2126298507462687;0.22680597014925372;0.2331582089552239;0.2789208955223881;0.20601044776119404
2019-03-10T00:00:00.000Z;0.078;1.0199850746268657;0.06152537313432836;0.08697164179104477;0.10289253731343284;0.1337865671641791;0.1733626865671642;0.18682686567164178;0.19908059701492536;0.20678507462686568;0.2462343283582089;0.17548358208955225
2019-03-12T00:00:00.000Z;0.116;0.9067910447761194;0.07482089552238806;0.10244626865671642;0.12085223880597017;0.15352686567164178;0.19623731343283585;0.21321641791044776;0.22708507462686567;0.23318208955223882;0.2872746268656717;0.2146268656716418
2019-03-15T00:00:00.000Z;0.078;0.6792388059701492;0.06400746268656717;0.08942537313432836;0.10683880597014925;0.1346044776119403;0.1753582089552239;0.1913044776119403;0.2078985074626866;0.21013731343283581;0.25675074626865674;0.18966567164179107
2019-03-17T00:00:00.000Z;0.122;0.7530149253731344;0.07363880597014927;0.10385820895522388;0.12475223880597017;0.15825223880597017;0.19918059701492538;0.21395223880597014;0.2270985074626866;0.23525671641791052;0.2903059701492537;0.2148582089552239
2019-03-20T00:00:00.000Z;;;;;;;;;;;;
2019-03-22T00:00:00.000Z;0.116;0.8857272727272728;0.11059636363636365;0.1259127272727273;0.1375018181818182;0.16482000000000002;0.1986872727272727;0.21251090909090908;0.21469636363636366;0.2259509090909091;0.2408254545454546;0.17577818181818183
2019-03-25T00:00:00.000Z;0.089;0.6694477611940298;0.07005522388059703;0.09611194029850748;0.11463432835820896;0.14219253731343284;0.1814850746268657;0.19659701492537315;0.2144865671641791;0.2174985074626866;0.26804179104477616;0.1974761194029851
2019-03-27T00:00:00.000Z;0.14400000000000002;0.42656716417910445;0.07677462686567164;0.10949402985074629;0.1326;0.16593731343283583;0.2067343283582089;0.22256567164179106;0.24034179104477613;0.24538358208955224;0.301144776119403;0.22163432835820893
2019-03-30T00:00:00.000Z;0.19889552238805971;1.103238805970149;0.06376865671641792;0.09467761194029851;0.1143761194029851;0.14802089552238806;0.1849716417910448;0.19956567164179106;0.21168358208955224;0.22178507462686567;0.2677582089552239;0.19027462686567165
2019-04-01T00:00:00.000Z;;;;;;;;;;;;
2019-04-04T00:00:00.000Z;0.089;0.559179104477612;0.06581940298507463;0.09438955223880596;0.11055970149253731;0.141444776119403;0.1820238805970149;0.19583432835820894;0.21377014925373128;0.2158089552238806;0.26127611940298506;0.1949641791044776
2019-04-06T00:00:00.000Z;;;;;;;;;;;;
2019-04-09T00:00:00.000Z;0.105;0.8285961538461538;0.061811538461538466;0.084325;0.0971;0.12879615384615387;0.16585769230769232;0.17973653846153845;0.17575000000000002;0.20046153846153844;0.22123076923076926;0.15800769230769232
2019-04-11T00:00:00.000Z;0.116;0.6897313432835821;0.07880149253731344;0.10973432835820895;0.12837313432835823;0.1628761194029851;0.20821641791044776;0.22407910447761192;0.24084328358208956;0.24459850746268658;0.2977164179104478;0.2229059701492537
2019-04-14T00:00:00.000Z;0.056;1.2246567164179105;0.07347014925373135;0.0976044776119403;0.11139701492537313;0.13962238805970148;0.1799910447761194;0.1939761194029851;0.20385671641791048;0.21093134328358212;0.25075522388059707;0.1894507462686567
2019-04-16T00:00:00.000Z;0.127;0.587776119402985;0.08171791044776121;0.11749253731343284;0.13861194029850749;0.17393134328358212;0.2193597014925373;0.23529402985074627;0.2520776119402985;0.2584626865671642;0.3144507462686567;0.23549701492537317
2019-04-19T00:00:00.000Z;;;;;;;;;;;;
2019-04-21T00:00:00.000Z;;;;;;;;;;;;
2019-04-24T00:00:00.000Z;0.116;1.1487462686567165;0.06768955223880598;0.09424626865671643;0.10837164179104475;0.14071044776119404;0.1837417910447761;0.1984761194029851;0.2105134328358209;0.21705671641791052;0.2575402985074627;0.1894358208955224
2019-04-26T00:00:00.000Z;0.122;0.7452985074626866;0.08155671641791044;0.11492388059701492;0.13329552238805972;0.16919253731343284;0.2152716417910448;0.23005522388059704;0.24480746268656722;0.2525805970149254;0.30520447761194036;0.22803731343283581
2019-04-29T00:00:00.000Z;0.133;1.2037164179104476;0.07652537313432836;0.10782835820895526;0.12335074626865672;0.1579179104477612;0.20440298507462687;0.22013582089552244;0.23000298507462685;0.24054626865671644;0.2811880597014926;0.20688208955223883
2019-05-01T00:00:00.000Z;;;;;;;;;;;;
2019-05-04T00:00:00.000Z;0.094;0.7791044776119403;0.07538955223880597;0.10506268656716418;0.12061492537313434;0.15338507462686568;0.1999074626865672;0.2149985074626866;0.2328955223880597;0.2363089552238806;0.28313134328358214;0.2151776119402985
2019-05-06T00:00:00.000Z;;;;;;;;;;;;
2019-05-09T00:00:00.000Z;0.122;1.9668059701492537;0.09247910447761194;0.12195820895522388;0.13612686567164178;0.17622985074626865;0.227;0.24510746268656722;0.24930447761194033;0.26697313432835823;0.30661044776119406;0.22314328358208954
2019-05-11T00:00:00.000Z;0.116;1.6098805970149253;0.09357462686567165;0.12642089552238805;0.1441910447761194;0.1820074626865672;0.23184328358208955;0.25101791044776117;0.25957910447761195;0.27217910447761196;0.3302985074626866;0.25504179104477614
2019-05-14T00:00:00.000Z;0.089;0.8744477611940298;0.07798656716417911;0.10739402985074628;0.12330149253731343;0.1571402985074627;0.20704477611940297;0.22412835820895521;0.23964179104477612;0.24363432835820892;0.2867373134328358;0.2168820895522388
2019-05-16T00:00:00.000Z;0.16;1.4911940298507464;0.0913910447761194;0.1270313432835821;0.1449417910447761;0.18762835820895526;0.23927462686567166;0.2568089552238806;0.2629686567164179;0.2782029850746269;0.33079701492537317;0.2468208955223881
2019-05-19T00:00:00.000Z;0.056;0.8668208955223881;0.09064776119402984;0.12114626865671642;0.13558507462686567;0.1717761194029851;0.224;0.24168358208955226;0.25604179104477615;0.2625850746268657;0.29904179104477613;0.21721044776119403
2019-05-24T00:00:00.000Z;;;;;;;;;;;;
2019-05-26T00:00:00.000Z;0.083;1.4122537313432837;0.09734776119402984;0.13602537313432836;0.1558358208955224;0.1975223880597015;0.2514492537313433;0.26874328358208954;0.2779417910447761;0.2922582089552239;0.34972537313432844;0.26390447761194036
2019-05-29T00:00:00.000Z;0.094;0.9133731343283582;0.07817014925373135;0.112444776119403;0.12948358208955224;0.16528955223880595;0.2125388059701493;0.2294402985074627;0.24344179104477612;0.2504014925373134;0.29264776119402985;0.21407462686567166
2019-05-31T00:00:00.000Z;0.127;1.0292985074626864;0.09823134328358209;0.13386567164179106;0.15371791044776123;0.19273432835820895;0.2444268656716418;0.26332238805970154;0.2779671641791045;0.2852059701492537;0.3420149253731344;0.2643298507462687
2019-06-03T00:00:00.000Z;0.127;1.2935074626865672;0.08669104477611941;0.11735522388059702;0.13443880597014926;0.16985820895522388;0.2173805970149254;0.23671641791044779;0.24711044776119404;0.2556313432835821;0.30259701492537316;0.22975970149253733
2019-06-05T00:00:00.000Z;;;;;;;;;;;;
2019-06-08T00:00:00.000Z;;;;;;;;;;;;
2019-06-13T00:00:00.000Z;0.2313134328358209;1.9595223880597017;0.08702835820895523;0.1195134328358209;0.13913432835820896;0.17742089552238807;0.22264477611940298;0.24117462686567165;0.24695223880597014;0.2618044776119403;0.3075910447761194;0.2312582089552239
2019-06-15T00:00:00.000Z;0.05;0.7524328358208956;0.09776268656716418;0.13547164179104476;0.15937313432835823;0.19907910447761198;0.24381194029850745;0.26127462686567166;0.2768492537313433;0.2853119402985075;0.3469253731343284;0.26243731343283583
2019-06-18T00:00:00.000Z;0.111;1.0354776119402984;0.08203731343283582;0.11747313432835822;0.13877910447761194;0.17492089552238807;0.21608208955223882;0.2323089552238806;0.24552835820895522;0.2545029850746269;0.3047417910447761;0.2225253731343284
2019-06-20T00:00:00.000Z;0.111;1.152313432835821;0.10251791044776122;0.14013283582089553;0.16342835820895527;0.20239253731343285;0.24746567164179106;0.2665522388059702;0.2799940298507463;0.28921492537313437;0.35607462686567165;0.27361044776119403
2019-06-23T00:00:00.000Z;0.14400000000000002;1.3865373134328358;0.08556567164179106;0.11952388059701491;0.1412537313432836;0.17580298507462688;0.2180671641791045;0.2349865671641791;0.2462805970149254;0.25654328358208955;0.3127582089552239;0.23573432835820893
2019-06-25T00:00:00.000Z;0.133;1.6490597014925372;0.09961343283582089;0.13862089552238807;0.16364776119402985;0.20510746268656724;0.24582537313432842;0.2628208955223881;0.2690970149253732;0.2863179104477612;0.352889552238806;0.2640059701492537
2019-06-28T00:00:00.000Z;0.177;1.3331641791044777;0.08471492537313433;0.11973880597014926;0.1430686567164179;0.17893731343283584;0.21769402985074626;0.23395373134328362;0.24446567164179106;0.2575014925373134;0.30491641791044777;0.2219686567164179
2019-06-30T00:00:00.000Z;0.177;1.0832388059701492;0.10363731343283583;0.1407537313432836;0.16577761194029852;0.2034074626865672;0.24522835820895522;0.2646328358208956;0.27943582089552244;0.2877522388059702;0.3552805970149254;0.27216417910447765
2019-07-03T00:00:00.000Z;0.16;1.3831641791044778;0.0851223880597015;0.11855671641791046;0.1413089552238806;0.17782985074626864;0.21599402985074626;0.2332388059701493;0.2454328358208956;0.2554791044776119;0.3157791044776119;0.23565074626865673
2019-07-05T00:00:00.000Z;0.28071641791044777;2.021149253731344;0.09421641791044777;0.1379119402985075;0.1639940298507463;0.20752537313432842;0.24674776119402983;0.26358805970149257;0.2676626865671642;0.2881253731343284;0.3526910447761194;0.25965522388059703
2019-07-08T00:00:00.000Z;;;;;;;;;;;;
2019-07-10T00:00:00.000Z;0.127;1.3921791044776122;0.10398656716417912;0.14094328358208955;0.1667313432835821;0.2073955223880597;0.244489552238806;0.26280000000000003;0.274189552238806;0.2865641791044776;0.3586134328358209;0.27265373134328363
2019-07-13T00:00:00.000Z;0.5255555555555556;1.7922222222222222;0.0757925925925926;0.101;0.1024148148148148;0.13261111111111112;0.16352222222222224;0.1797888888888889;0.21712592592592592;0.19847777777777778;0.2363740740740741;0.15984444444444446
2019-07-15T00:00:00.000Z;0.127;1.9557014925373133;0.0979;0.14042089552238807;0.16826567164179107;0.21117462686567165;0.24731940298507463;0.26418955223880597;0.26882686567164177;0.28842388059701496;0.36102238805970155;0.2669567164179105
2019-07-18T00:00:00.000Z;0.111;2.0526119402985077;0.08627164179104478;0.12012388059701491;0.14351044776119404;0.18281940298507465;0.2150582089552239;0.22941044776119404;0.2341671641791045;0.2521373134328358;0.3088149253731344;0.22102835820895522
2019-07-20T00:00:00.000Z;0.4167014925373134;2.2336119402985077;0.09808656716417913;0.14237164179104475;0.17045074626865672;0.21420298507462687;0.2536;0.2747373134328358;0.2792985074626866;0.29946567164179105;0.3636925373134328;0.2740522388059701
2019-07-23T00:00:00.000Z;0.308;1.6893283582089553;0.083;0.12010000000000001;0.14489552238805972;0.18316716417910447;0.21931343283582092;0.23481343283582093;0.2441313432835821;0.2561328358208956;0.3142059701492537;0.23269552238805968
2019-07-25T00:00:00.000Z;0.22049253731343285;1.649880597014925;0.09773880597014926;0.1396313432835821;0.16777164179104476;0.21044179104477612;0.24608358208955225;0.2610820895522388;0.26788507462686567;0.2858208955223881;0.35361044776119405;0.2603432835820896
2019-07-28T00:00:00.000Z;;;;;;;;;;;;
2019-07-30T00:00:00.000Z;0.18795522388059702;1.3967910447761194;0.10201641791044777;0.14054328358208956;0.16787313432835824;0.20870149253731343;0.24387462686567166;0.2614686567164179;0.272310447761194;0.28484029850746273;0.3519492537313433;0.26287462686567165
2019-08-02T00:00:00.000Z;0.1;1.921;0.08661791044776121;0.11788955223880597;0.14304179104477613;0.1792761194029851;0.21213582089552244;0.22854626865671646;0.23576716417910448;0.24964776119402982;0.31023582089552243;0.2293298507462687
2019-08-04T00:00:00.000Z;0.226;1.567820895522388;0.09372985074626865;0.1345820895522388;0.16423880597014925;0.2081223880597015;0.2413686567164179;0.25824328358208953;0.26518358208955223;0.2823089552238806;0.35057164179104483;0.25501641791044777
2019-08-07T00:00:00.000Z;;;;;;;;;;;;
2019-08-09T00:00:00.000Z;0.061;0.6695671641791044;0.09916417910447761;0.13635970149253732;0.1655358208955224;0.2039223880597015;0.23851641791044778;0.2544388059701493;0.27430149253731345;0.27924179104477614;0.3488537313432836;0.2620850746268657
2019-08-12T00:00:00.000Z;;;;;;;;;;;;
2019-08-14T00:00:00.000Z;0.215;1.8785671641791049;0.09294179104477612;0.13400746268656719;0.16322985074626864;0.2080402985074627;0.24085970149253733;0.2559268656716418;0.2606597014925373;0.2797820895522388;0.34586268656716423;0.251244776119403
2019-08-17T00:00:00.000Z;0.23700000000000002;1.950761194029851;0.07619552238805971;0.11357313432835822;0.140455223880597;0.1828029850746269;0.2124716417910448;0.22679701492537316;0.2329373134328358;0.25027313432835824;0.3050955223880597;0.21354328358208954
2019-08-19T00:00:00.000Z;0.23700000000000002;1.7740149253731343;0.09539701492537314;0.13515223880597016;0.16358059701492536;0.2064402985074627;0.23884029850746272;0.25670746268656724;0.2638671641791045;0.27937761194029853;0.3505492537313433;0.2594985074626866
2019-08-22T00:00:00.000Z;0.2313134328358209;1.7767462686567164;0.0722820895522388;0.10739402985074628;0.13000298507462688;0.17024179104477613;0.20296417910447762;0.2175865671641791;0.22557313432835824;0.2375208955223881;0.2926567164179105;0.21295223880597014
2019-08-24T00:00:00.000Z;0.22049253731343285;1.2999850746268657;0.08526716417910447;0.12448358208955225;0.15110149253731342;0.19489402985074628;0.22883582089552243;0.2429402985074627;0.2516268656716418;0.26669104477611943;0.33177761194029853;0.24364029850746272
2019-08-27T00:00:00.000Z;0.4387761194029851;1.98289552238806;0.07086567164179106;0.11088656716417912;0.13387014925373136;0.1770402985074627;0.20994626865671645;0.2243626865671642;0.23017014925373128;0.24789104477611942;0.2990343283582089;0.20907611940298507
2019-08-29T00:00:00.000Z;;;;;;;;;;;;
2019-09-01T00:00:00.000Z;0.215;2.1286567164179107;0.07558955223880598;0.10708805970149252;0.12911044776119404;0.16845074626865672;0.1986253731343284;0.2134253731343284;0.21895522388059704;0.23377611940298507;0.2967388059701493;0.2179567164179105
2019-09-03T00:00:00.000Z;0.2640149253731343;2.343701492537313;0.08240298507462686;0.12175223880597016;0.14697910447761195;0.19091044776119406;0.2231059701492537;0.2364492537313433;0.2388985074626866;0.2612089552238806;0.32820298507462686;0.238644776119403
2019-09-06T00:00:00.000Z;;;;;;;;;;;;
2019-09-08T00:00:00.000Z;;;;;;;;;;;;
2019-09-11T00:00:00.000Z;;;;;;;;;;;;
2019-09-13T00:00:00.000Z;;;;;;;;;;;;
2019-09-16T00:00:00.000Z;;;;;;;;;;;;
2019-09-18T00:00:00.000Z;0.20964179104477612;1.8479402985074629;0.07101492537313434;0.1025313432835821;0.11725522388059702;0.15692537313432836;0.1957686567164179;0.21126417910447765;0.2165373134328358;0.2295537313432836;0.2835701492537313;0.2091910447761194
2019-09-21T00:00:00.000Z;;;;;;;;;;;;
2019-09-26T00:00:00.000Z;0.116;1.9726865671641791;0.06224477611940298;0.09055074626865672;0.10472537313432836;0.13794328358208954;0.17926417910447762;0.19300149253731347;0.1978328358208956;0.21123582089552242;0.25578358208955226;0.1828089552238806
2019-09-28T00:00:00.000Z;;;;;;;;;;;;
2019-10-01T00:00:00.000Z;0.122;1.3676268656716417;0.06379402985074627;0.08936268656716419;0.1029402985074627;0.13325671641791045;0.17650149253731343;0.19121641791044777;0.2011223880597015;0.2083701492537313;0.2561179104477612;0.18895223880597017
2019-10-03T00:00:00.000Z;0.127;0.9791641791044776;0.06931343283582089;0.10136567164179104;0.11812686567164178;0.15130000000000002;0.19697462686567166;0.21323283582089558;0.22223582089552243;0.23117014925373128;0.2822820895522388;0.2081089552238806
2019-10-06T00:00:00.000Z;0.116;1.3047313432835823;0.06013880597014926;0.08749850746268657;0.10207164179104476;0.13327164179104475;0.1754089552238806;0.18951791044776123;0.1986686567164179;0.2071716417910448;0.2487179104477612;0.1766089552238806
2019-10-08T00:00:00.000Z;0.138;2.293402985074627;0.07225074626865671;0.09887761194029851;0.11403283582089553;0.1488313432835821;0.19485074626865673;0.2127402985074627;0.21439701492537316;0.23113880597014927;0.28271194029850744;0.20990597014925372
2019-10-11T00:00:00.000Z;0.105;1.5182835820895526;0.07037611940298508;0.09388358208955225;0.10659253731343284;0.1354044776119403;0.17854179104477613;0.19458656716417913;0.2047134328358209;0.2120776119402985;0.2514626865671642;0.18246268656716416
2019-10-13T00:00:00.000Z;0.155;1.5702537313432836;0.06537164179104478;0.09548955223880597;0.11195223880597016;0.14564328358208956;0.19167014925373133;0.2069597014925373;0.2110701492537313;0.224689552238806;0.2735253731343284;0.1983671641791045
2019-10-16T00:00:00.000Z;0.1;1.0758507462686566;0.05484626865671642;0.08178358208955225;0.09570000000000001;0.12588208955223879;0.170144776119403;0.18424328358208958;0.19508656716417913;0.20340149253731346;0.2394805970149254;0.1677402985074627
2019-10-18T00:00:00.000Z;;;;;;;;;;;;
2019-10-21T00:00:00.000Z;0.14400000000000002;1.1217761194029852;0.05915820895522388;0.08419104477611941;0.09675970149253732;0.12702089552238807;0.17487910447761196;0.1889432835820896;0.202844776119403;0.20769253731343285;0.2443626865671642;0.17498059701492538
2019-10-23T00:00:00.000Z;;;;;;;;;;;;
2019-10-26T00:00:00.000Z;0.1;1.0264179104477613;0.0495044776119403;0.07553134328358209;0.08679552238805971;0.11787014925373138;0.16250746268656718;0.17624925373134329;0.1879432835820896;0.1945358208955224;0.21997910447761193;0.15050597014925374
2019-10-28T00:00:00.000Z;;;;;;;;;;;;
2019-10-31T00:00:00.000Z;;;;;;;;;;;;
2019-11-02T00:00:00.000Z;0.138;1.6032592592592594;0.08601111111111111;0.10831851851851852;0.11450740740740739;0.14930000000000002;0.19971481481481482;0.2139518518518519;0.22086666666666666;0.2312740740740741;0.2692481481481481;0.1966185185185185
2019-11-05T00:00:00.000Z;0.1;0.8898507462686568;0.05624925373134329;0.08131940298507463;0.09194477611940298;0.12493432835820896;0.17498059701492538;0.1896582089552239;0.203844776119403;0.2089567164179105;0.2331253731343284;0.16114925373134328
2019-11-07T00:00:00.000Z;0.111;1.6338507462686567;0.0682044776119403;0.09201940298507463;0.10396567164179106;0.1391686567164179;0.1932582089552239;0.2129402985074627;0.21911044776119404;0.23230149253731344;0.2719283582089552;0.199844776119403
2019-11-10T00:00:00.000Z;0.111;0.7092686567164179;0.052801492537313435;0.07580149253731344;0.08599850746268657;0.11526567164179105;0.16627910447761196;0.18124179104477608;0.19728059701492537;0.19858059701492536;0.2224492537313433;0.15928358208955223
2019-11-12T00:00:00.000Z;0.094;0.961268656716418;0.05429552238805971;0.08277462686567165;0.0951;0.1276955223880597;0.17699701492537315;0.1917910447761194;0.20161492537313436;0.2111059701492537;0.2416671641791045;0.1740492537313433
2019-11-15T00:00:00.000Z;;;;;;;;;;;;
2019-11-17T00:00:00.000Z;0.1;1.2678955223880597;0.06406119402985075;0.09017910447761195;0.10208358208955225;0.13589253731343284;0.19031940298507463;0.2076089552238806;0.21798208955223883;0.22700149253731344;0.26022835820895523;0.19068955223880601
2019-11-20T00:00:00.000Z;;;;;;;;;;;;
2019-11-22T00:00:00.000Z;;;;;;;;;;;;
2019-11-25T00:00:00.000Z;0.056;1.2781904761904759;0.08597142857142857;0.10031428571428573;0.10387380952380952;0.13153333333333334;0.1678714285714286;0.1779666666666667;0.18361428571428573;0.1894619047619048;0.18757142857142856;0.1393
2019-11-27T00:00:00.000Z;;;;;;;;;;;;
2019-11-30T00:00:00.000Z;0.078;1.5046716417910448;0.04752686567164179;0.07031940298507462;0.07847164179104478;0.11011940298507464;0.1588;0.17368656716417913;0.18297910447761198;0.19072985074626864;0.21173283582089558;0.14910447761194032
2019-12-02T00:00:00.000Z;;;;;;;;;;;;
2019-12-05T00:00:00.000Z;;;;;;;;;;;;
2019-12-07T00:00:00.000Z;0.138;1.4366268656716419;0.04970746268656716;0.07040298507462686;0.0782492537313433;0.10992238805970149;0.15981044776119405;0.1743;0.18167462686567165;0.19118656716417912;0.20580149253731345;0.1430134328358209
2019-12-10T00:00:00.000Z;0.067;0.42567164179104483;0.04521194029850746;0.06691641791044776;0.07394029850746268;0.10116119402985074;0.1515597014925373;0.16494328358208954;0.18354328358208957;0.1815134328358209;0.19792686567164178;0.13768358208955225
2019-12-12T00:00:00.000Z;0.105;0.9786363636363636;0.05131363636363637;0.0760560606060606;0.08539242424242424;0.1181621212121212;0.16708939393939395;0.18164848484848486;0.19103030303030305;0.19926060606060605;0.2176454545454545;0.15523484848484848
2019-12-15T00:00:00.000Z;0.07200000000000001;1.0016716417910447;0.04324776119402985;0.06733731343283582;0.07475671641791044;0.10538656716417912;0.15438507462686568;0.1678089552238806;0.17942388059701492;0.18637014925373133;0.1976358208955224;0.1353134328358209
2019-12-17T00:00:00.000Z;;;;;;;;;;;;
2019-12-20T00:00:00.000Z;;;;;;;;;;;;
2019-12-22T00:00:00.000Z;0.083;1.3148059701492536;0.04884925373134329;0.07443283582089553;0.08376567164179105;0.11794626865671642;0.16817910447761195;0.1824074626865672;0.1889223880597015;0.20150149253731345;0.22212238805970153;0.15881791044776122
2019-12-25T00:00:00.000Z;0.061;0.5723432835820895;0.04160746268656716;0.0649910447761194;0.07344776119402986;0.10297761194029852;0.15345223880597017;0.1685119402985075;0.1840208955223881;0.18592835820895526;0.1948253731343284;0.1332940298507463
2019-12-27T00:00:00.000Z;0.1;1.1721666666666668;0.05447727272727273;0.07395151515151516;0.08221818181818182;0.11189090909090911;0.15888333333333332;0.1738287878787879;0.18166212121212122;0.18973636363636365;0.20281666666666667;0.14732575757575758
2019-12-30T00:00:00.000Z;;;;;;;;;;;;
2020-01-01T00:00:00.000Z;0.07200000000000001;0.45736363636363636;0.054607575757575764;0.07829242424242425;0.08815454545454546;0.11951060606060605;0.1693090909090909;0.1854439393939394;0.20119090909090911;0.20442272727272728;0.2211196969696969;0.16366818181818182
2020-01-04T00:00:00.000Z;0.116;0.8911969696969697;0.04576363636363637;0.06642727272727272;0.07373333333333335;0.1040621212121212;0.15344545454545455;0.1666439393939394;0.1793787878787879;0.18514848484848487;0.19595151515151515;0.13237424242424242
2020-01-06T00:00:00.000Z;0.083;0.6071492537313433;0.05230149253731344;0.07354029850746269;0.08294925373134329;0.11322835820895526;0.1648119402985075;0.18031044776119404;0.19558358208955226;0.19884328358208958;0.21892388059701495;0.15704776119402986
2020-01-09T00:00:00.000Z;0.1;1.0767462686567164;0.06327462686567165;0.07966119402985075;0.08471194029850747;0.11359253731343284;0.16135223880597016;0.1740029850746269;0.1854417910447761;0.1892402985074627;0.1963850746268657;0.1400223880597015
2020-01-11T00:00:00.000Z;0.089;0.8142985074626865;0.05130149253731344;0.07758955223880597;0.08791641791044777;0.12091194029850749;0.1709;0.18537462686567166;0.197055223880597;0.2041761194029851;0.2246388059701493;0.16166567164179105
2020-01-14T00:00:00.000Z;0.07200000000000001;0.33879104477611943;0.043070149253731344;0.06595671641791045;0.07549850746268656;0.10472089552238806;0.15314776119402984;0.16894626865671641;0.18729552238805972;0.1863955223880597;0.19642537313432842;0.13427313432835822
2020-01-16T00:00:00.000Z;0.1;0.9262835820895524;0.05587164179104477;0.07838507462686568;0.08908805970149254;0.12056268656716418;0.1719119402985075;0.18680597014925368;0.1996597014925373;0.20489253731343285;0.2296776119402985;0.16724328358208956
2020-01-19T00:00:00.000Z;;;;;;;;;;;;
2020-01-21T00:00:00.000Z;;;;;;;;;;;;
2020-01-24T00:00:00.000Z;;;;;;;;;;;;
2020-01-26T00:00:00.000Z;;;;;;;;;;;;
2020-01-29T00:00:00.000Z;;;;;;;;;;;;
2020-01-31T00:00:00.000Z;0.094;1.615925;0.011312500000000001;0.0172875;0.0181925;0.026680000000000002;0.037495;0.0404675;0.04073;0.044695;0.045525;0.03204
2020-02-03T00:00:00.000Z;0.083;0.7162537313432836;0.04858059701492538;0.07111940298507463;0.08001641791044777;0.10952835820895526;0.15677462686567165;0.1702641791044776;0.18449253731343285;0.18729253731343284;0.20129104477611942;0.14018507462686566
2020-02-05T00:00:00.000Z;;;;;;;;;;;;
2020-02-08T00:00:00.000Z;;;;;;;;;;;;
2020-02-10T00:00:00.000Z;0.1;1.6052388059701492;0.05398358208955224;0.07961940298507462;0.09143283582089554;0.1260761194029851;0.17486716417910447;0.18996119402985076;0.1961223880597015;0.2097865671641791;0.23795074626865673;0.1727820895522388
2020-02-13T00:00:00.000Z;0.122;1.266880597014925;0.07260149253731343;0.08982985074626866;0.09554179104477613;0.1261537313432836;0.1723223880597015;0.18688656716417912;0.19698805970149252;0.2056223880597015;0.21997313432835822;0.15536865671641792
2020-02-15T00:00:00.000Z;0.116;1.1512686567164179;0.06073432835820895;0.08388805970149253;0.09448955223880597;0.12635074626865672;0.1788402985074627;0.19562835820895527;0.20590746268656723;0.21404328358208954;0.2451313432835821;0.178944776119403
2020-02-18T00:00:00.000Z;;;;;;;;;;;;
2020-02-20T00:00:00.000Z;0.111;0.5221492537313432;0.05657910447761194;0.08351194029850748;0.09604925373134328;0.12752089552238807;0.18049552238805971;0.1957820895522388;0.21036567164179107;0.2157343283582089;0.2428955223880597;0.17532089552238808
2020-02-23T00:00:00.000Z;0.089;0.46237313432835825;0.04919850746268657;0.07352835820895523;0.08435522388059702;0.11361641791044777;0.16255671641791047;0.1778268656716418;0.19442686567164177;0.19569104477611943;0.21476119402985078;0.15073880597014924
2020-02-25T00:00:00.000Z;0.133;0.7186119402985074;0.06859104477611941;0.0953731343283582;0.10813283582089553;0.14111044776119405;0.19941940298507466;0.21730149253731343;0.2339492537313433;0.2383567164179105;0.27220149253731346;0.19943432835820893
2020-02-28T00:00:00.000Z;0.111;0.6481343283582089;0.07020597014925374;0.09004925373134329;0.09887014925373136;0.1254223880597015;0.17116268656716419;0.18604776119402985;0.19889253731343284;0.19978805970149252;0.21603134328358212;0.16104328358208955
2020-03-01T00:00:00.000Z;;;;;;;;;;;;
2020-03-04T00:00:00.000Z;;;;;;;;;;;;
2020-03-06T00:00:00.000Z;;;;;;;;;;;;
2020-03-09T00:00:00.000Z;;;;;;;;;;;;
2020-03-11T00:00:00.000Z;0.127;1.258358208955224;0.06378955223880597;0.09280298507462686;0.10842835820895526;0.1429089552238806;0.1937716417910448;0.21044776119402983;0.21732985074626868;0.22994179104477613;0.26726417910447764;0.19509253731343285
2020-03-14T00:00:00.000Z;0.094;1.3526119402985075;0.06943582089552239;0.0931;0.10402089552238807;0.13542537313432837;0.18118805970149252;0.19575522388059702;0.20372835820895527;0.21491940298507461;0.23354626865671646;0.16493731343283582
2020-03-16T00:00:00.000Z;;;;;;;;;;;;
2020-03-19T00:00:00.000Z;;;;;;;;;;;;
2020-03-21T00:00:00.000Z;;;;;;;;;;;;
2020-03-24T00:00:00.000Z;;;;;;;;;;;;
2020-03-26T00:00:00.000Z;0.19889552238805971;0.45504477611940297;0.06246716417910448;0.09062388059701493;0.10180149253731344;0.13443880597014926;0.18719253731343283;0.20337313432835824;0.2225179104477612;0.22412985074626868;0.2506298507462687;0.1790641791044776
2020-03-29T00:00:00.000Z;0.14400000000000002;1.0410298507462687;0.056243283582089555;0.08065223880597015;0.09001492537313432;0.12184328358208955;0.17130746268656719;0.18678358208955226;0.19830149253731347;0.2036253731343284;0.22833283582089559;0.16279552238805972
2020-03-31T00:00:00.000Z;;;;;;;;;;;;
2020-04-03T00:00:00.000Z;;;;;;;;;;;;
2020-04-05T00:00:00.000Z;0.193;1.325402985074627;0.07201940298507463;0.10189701492537315;0.11230298507462688;0.1504044776119403;0.20375522388059703;0.22062537313432842;0.2311402985074627;0.24159850746268657;0.2778850746268657;0.20530149253731345
2020-04-08T00:00:00.000Z;0.177;1.3624328358208955;0.06536119402985074;0.09226119402985075;0.1016776119402985;0.13752835820895526;0.1913462686567164;0.20917611940298508;0.21982388059701494;0.22820746268656722;0.25808805970149257;0.18979850746268656
2020-04-10T00:00:00.000Z;;;;;;;;;;;;
2020-04-13T00:00:00.000Z;0.23700000000000002;1.4008955223880597;0.06854776119402986;0.09607761194029851;0.10480746268656717;0.1420626865671642;0.19409253731343284;0.20949701492537315;0.22516716417910448;0.22922537313432842;0.2448865671641791;0.16260746268656717
2020-04-15T00:00:00.000Z;;;;;;;;;;;;
2020-04-18T00:00:00.000Z;;;;;;;;;;;;
2020-04-20T00:00:00.000Z;;;;;;;;;;;;
2020-04-23T00:00:00.000Z;;;;;;;;;;;;
2020-04-25T00:00:00.000Z;;;;;;;;;;;;
2020-04-28T00:00:00.000Z;;;;;;;;;;;;
2020-04-30T00:00:00.000Z;0.155;1.2771343283582088;0.08366268656716418;0.11561044776119404;0.12659701492537315;0.16605970149253732;0.22367313432835823;0.2400626865671642;0.24777014925373128;0.26149701492537314;0.2999850746268657;0.22399253731343285
2020-05-03T00:00:00.000Z;0.127;0.7648805970149254;0.06866119402985074;0.09467164179104476;0.10377462686567165;0.13423880597014926;0.1828208955223881;0.1983910447761194;0.21159701492537317;0.21543582089552243;0.23395373134328362;0.1702492537313433
2020-05-05T00:00:00.000Z;;;;;;;;;;;;
2020-05-08T00:00:00.000Z;;;;;;;;;;;;
2020-05-10T00:00:00.000Z;0.122;1.1301492537313433;0.08317164179104478;0.11484925373134329;0.12672388059701492;0.16757164179104475;0.22595223880597015;0.2430492537313433;0.25454328358208955;0.26713432835820894;0.3034850746268657;0.2209283582089552
2020-05-13T00:00:00.000Z;0.105;1.123537313432836;0.0792955223880597;0.10783432835820896;0.11618805970149251;0.15648358208955224;0.21480149253731343;0.23306417910447763;0.2463283582089552;0.25541492537313437;0.27895074626865674;0.19496567164179107
2020-05-15T00:00:00.000Z;;;;;;;;;;;;
2020-05-18T00:00:00.000Z;0.16;1.0332985074626864;0.06309701492537315;0.09177014925373136;0.09958805970149252;0.13562985074626863;0.19152835820895525;0.2093402985074627;0.2221492537313433;0.22783582089552243;0.258389552238806;0.1869582089552239
2020-05-20T00:00:00.000Z;0.133;1.3673731343283582;0.07886567164179105;0.1134402985074627;0.1261402985074627;0.16652089552238808;0.22475223880597014;0.24129850746268658;0.25001641791044776;0.2623164179104478;0.31105074626865675;0.23122537313432842
2020-05-23T00:00:00.000Z;0.23700000000000002;1.866865671641791;0.07231194029850747;0.10375671641791046;0.11266567164179106;0.15282835820895527;0.20689104477611941;0.22471044776119403;0.22976417910447763;0.24387910447761194;0.274;0.1957686567164179
2020-05-25T00:00:00.000Z;;;;;;;;;;;;
2020-05-28T00:00:00.000Z;0.248;1.619044776119403;0.06983283582089553;0.1001910447761194;0.1108089552238806;0.1494119402985075;0.2052820895522388;0.22482388059701494;0.23241492537313435;0.24261044776119403;0.2784253731343284;0.20616567164179106
2020-05-30T00:00:00.000Z;0.155;0.9709253731343285;0.08362686567164179;0.12027910447761195;0.1348402985074627;0.17580597014925373;0.23242388059701494;0.25057910447761195;0.2633373134328358;0.2735;0.3186;0.2389910447761194
2020-06-02T00:00:00.000Z;;;;;;;;;;;;
2020-06-04T00:00:00.000Z;;;;;;;;;;;;
2020-06-07T00:00:00.000Z;;;;;;;;;;;;
2020-06-09T00:00:00.000Z;;;;;;;;;;;;
2020-06-12T00:00:00.000Z;0.116;1.104089552238806;0.07232537313432837;0.10482537313432837;0.11879104477611942;0.15739701492537314;0.20795522388059703;0.22399701492537316;0.23599701492537317;0.24598805970149257;0.28264626865671644;0.2035179104477612
2020-06-14T00:00:00.000Z;0.16;1.3761044776119404;0.09204925373134328;0.12684776119402985;0.14168358208955226;0.18253283582089558;0.23440447761194033;0.2536089552238806;0.2657089552238806;0.2770805970149254;0.33061343283582095;0.25170746268656724
2020-06-17T00:00:00.000Z;0.149;1.1155925925925927;0.09181851851851852;0.12378333333333333;0.14775185185185186;0.1935666666666667;0.25606666666666666;0.28904074074074076;0.2506518518518519;0.3186259259259259;0.3289277777777778;0.27697962962962963
2020-06-19T00:00:00.000Z;0.149;2.0489253731343284;0.1057223880597015;0.14214328358208955;0.15845522388059702;0.20693582089552243;0.2626701492537313;0.28241492537313434;0.287089552238806;0.3086477611940298;0.3696149253731344;0.2699641791044776
2020-06-22T00:00:00.000Z;0.177;1.6506716417910448;0.07586417910447761;0.10902835820895526;0.1246;0.1643686567164179;0.2085582089552239;0.2248865671641791;0.23274626865671644;0.24675522388059704;0.29189402985074625;0.20846417910447765
2020-06-24T00:00:00.000Z;;;;;;;;;;;;
2020-06-27T00:00:00.000Z;;;;;;;;;;;;
2020-06-29T00:00:00.000Z;0.19889552238805971;1.3724179104477612;0.08819552238805971;0.12666716417910448;0.14784179104477613;0.19085074626865672;0.23699104477611943;0.2551373134328358;0.26479850746268657;0.27990298507462685;0.34042238805970154;0.2502477611940298
2020-07-02T00:00:00.000Z;0.111;0.9565373134328359;0.07742985074626865;0.11070597014925372;0.12861641791044776;0.16469104477611943;0.20686268656716422;0.22242238805970152;0.23631343283582093;0.2455626865671642;0.2906313432835821;0.20760149253731344
2020-07-04T00:00:00.000Z;0.122;1.6308805970149252;0.09647462686567165;0.13020597014925372;0.1500313432835821;0.19296268656716417;0.23707910447761193;0.25572835820895523;0.26577761194029853;0.2792373134328358;0.3427955223880597;0.254710447761194
2020-07-07T00:00:00.000Z;0.20400000000000001;1.479044776119403;0.0782955223880597;0.11052985074626863;0.1280358208955224;0.1669029850746269;0.2087611940298508;0.22532985074626868;0.2362597014925373;0.2477671641791045;0.3008074626865672;0.21965223880597015
2020-07-09T00:00:00.000Z;;;;;;;;;;;;
2020-07-12T00:00:00.000Z;0.38411940298507463;2.113507462686567;0.06844626865671642;0.10892686567164178;0.12997014925373138;0.17293880597014927;0.21404626865671644;0.2306776119402985;0.2348776119402985;0.2543865671641791;0.29790149253731346;0.20786417910447763
2020-07-14T00:00:00.000Z;;;;;;;;;;;;
2020-07-17T00:00:00.000Z;0.20964179104477612;2.336761194029851;0.0774179104477612;0.11076417910447761;0.1286597014925373;0.16891791044776122;0.20945074626865673;0.2259283582089552;0.23133134328358212;0.24950298507462687;0.3053014925373134;0.22354328358208955
2020-07-19T00:00:00.000Z;0.2640149253731343;1.9510149253731346;0.08623134328358209;0.1256044776119403;0.1467089552238806;0.192789552238806;0.23281343283582093;0.2491268656716418;0.25412388059701496;0.2739208955223881;0.33797462686567165;0.24564776119402984
2020-07-22T00:00:00.000Z;;;;;;;;;;;;
2020-07-24T00:00:00.000Z;0.193;2.2506417910447762;0.07945970149253732;0.08460000000000001;0.09791641791044776;0.11053731343283582;0.11389104477611942;0.12222089552238806;0.12344179104477612;0.13379552238805972;0.2457223880597015;0.26561641791044777
2020-07-27T00:00:00.000Z;0.2732537313432836;1.840716417910448;0.060182089552238804;0.07084029850746269;0.08947910447761194;0.10081343283582088;0.10587313432835822;0.11606417910447761;0.12165223880597016;0.130144776119403;0.23731492537313434;0.2497
2020-07-29T00:00:00.000Z;0.182;1.8784328358208957;0.06609701492537315;0.07998059701492538;0.10041194029850749;0.11323432835820896;0.11793432835820895;0.12618955223880596;0.12881791044776122;0.1414686567164179;0.2593641791044776;0.2687179104477612
2020-08-01T00:00:00.000Z;;;;;;;;;;;;
2020-08-03T00:00:00.000Z;0.19889552238805971;2.453283582089552;0.0703223880597015;0.07965522388059702;0.10052537313432836;0.11387761194029852;0.11488358208955224;0.12500597014925371;0.1279223880597015;0.13948208955223879;0.2718313432835821;0.29053582089552243
2020-08-06T00:00:00.000Z;0.2313134328358209;1.9083283582089559;0.05371044776119403;0.06443582089552238;0.08727313432835822;0.09850149253731344;0.10205373134328359;0.11050746268656718;0.11515074626865672;0.12396567164179105;0.25054328358208955;0.2646179104477612
2020-08-08T00:00:00.000Z;0.297;1.5766567164179106;0.061325373134328356;0.0800089552238806;0.10614925373134329;0.12082537313432837;0.12456567164179105;0.1333119402985075;0.1397402985074627;0.1517701492537314;0.27835223880597015;0.28336268656716423
2020-08-11T00:00:00.000Z;;;;;;;;;;;;
2020-08-13T00:00:00.000Z;0.23700000000000002;1.3305671641791046;0.06402537313432836;0.07678208955223881;0.10502238805970149;0.11817462686567165;0.12142537313432836;0.13143731343283582;0.1397119402985075;0.14899253731343284;0.29186716417910447;0.30517462686567165
2020-08-16T00:00:00.000Z;0.149;1.0770298507462688;0.05651940298507463;0.0701089552238806;0.0959910447761194;0.10755223880597016;0.11130000000000001;0.12003432835820896;0.12950746268656718;0.1352641791044776;0.2624268656716418;0.2751731343283582
2020-08-18T00:00:00.000Z;0.056;1.4058059701492538;0.07262985074626865;0.08962388059701493;0.11665671641791046;0.1314402985074627;0.13595223880597015;0.14487313432835822;0.15028358208955225;0.16180149253731343;0.29353582089552244;0.30063283582089556
2020-08-21T00:00:00.000Z;0.155;1.2951641791044777;0.058980597014925376;0.07654925373134329;0.1022731343283582;0.11534328358208955;0.12077014925373138;0.1292731343283582;0.136355223880597;0.14481641791044778;0.2598716417910448;0.25732388059701494
2020-08-23T00:00:00.000Z;0.133;2.249268656716418;0.07873283582089553;0.09285074626865673;0.11993880597014925;0.13620597014925373;0.1393492537313433;0.1499761194029851;0.1536686567164179;0.16670298507462689;0.3114731343283582;0.3213164179104478
2020-08-26T00:00:00.000Z;0.171;1.479582089552239;0.05913283582089553;0.07371194029850747;0.10074477611940298;0.11272089552238806;0.11662537313432836;0.12511492537313434;0.13215074626865672;0.14048059701492538;0.2665179104477612;0.2777059701492537
2020-08-28T00:00:00.000Z;0.297;1.8817611940298509;0.06399104477611942;0.08415373134328359;0.11441940298507464;0.13027761194029852;0.1329223880597015;0.14204776119402984;0.14575074626865672;0.16015671641791046;0.295589552238806;0.29610298507462685
2020-08-31T00:00:00.000Z;0.138;0.9883432835820897;0.058634328358208955;0.07564776119402986;0.10327611940298509;0.11603731343283583;0.1190089552238806;0.1269179104477612;0.1363626865671642;0.14269253731343284;0.2631835820895522;0.2613671641791045
2020-09-02T00:00:00.000Z;0.18794915254237288;2.068593220338983;0.08440338983050848;0.09982203389830509;0.1305949152542373;0.1477220338983051;0.15191186440677967;0.16232372881355933;0.16631186440677967;0.1780728813559322;0.3233135593220339;0.32959322033898303
2020-09-05T00:00:00.000Z;0.155;1.5886567164179106;0.05866119402985075;0.07402985074626865;0.10169701492537314;0.11403283582089553;0.11798955223880596;0.12641641791044778;0.13321044776119403;0.1408074626865672;0.26842238805970153;0.27751044776119405
2020-09-07T00:00:00.000Z;0.20964179104477612;2.2046417910447764;0.0736268656716418;0.09272537313432835;0.12231791044776122;0.13975223880597018;0.14333880597014925;0.1521044776119403;0.1541626865671642;0.16946865671641792;0.30507761194029853;0.3064059701492537
2020-09-10T00:00:00.000Z;0.193;1.6584179104477612;0.057168656716417916;0.07566268656716418;0.10413731343283583;0.11825522388059702;0.12025522388059702;0.12834179104477614;0.1338;0.14374179104477613;0.2656208955223881;0.26227014925373127
2020-09-12T00:00:00.000Z;0.215;1.9162686567164176;0.0718;0.08881044776119404;0.11857462686567165;0.1343820895522388;0.1370044776119403;0.1482761194029851;0.15195223880597017;0.1632985074626866;0.30055223880597015;0.30846417910447765
2020-09-15T00:00:00.000Z;;;;;;;;;;;;
2020-09-17T00:00:00.000Z;;;;;;;;;;;;
2020-09-20T00:00:00.000Z;;;;;;;;;;;;
2020-09-22T00:00:00.000Z;0.248;1.6944776119402984;0.07025522388059702;0.08844029850746268;0.11834328358208955;0.13608507462686567;0.14382089552238805;0.15488805970149253;0.15836268656716418;0.17173731343283583;0.3023;0.3023179104477612
2020-09-25T00:00:00.000Z;0.166;1.199134328358209;0.06064179104477612;0.07793731343283583;0.1074134328358209;0.12184776119402985;0.12654477611940299;0.13493432835820895;0.14419402985074628;0.1513402985074627;0.2796746268656717;0.28422985074626866
2020-09-27T00:00:00.000Z;0.149;0.918179104477612;0.06480746268656717;0.08679253731343284;0.12028208955223879;0.13606119402985076;0.14140746268656718;0.14969402985074629;0.15884328358208955;0.16760746268656718;0.3018716417910448;0.2990373134328358
2020-09-30T00:00:00.000Z;;;;;;;;;;;;
2020-10-02T00:00:00.000Z;;;;;;;;;;;;
2020-10-05T00:00:00.000Z;0.182;0.8091940298507463;0.06134925373134329;0.07711194029850747;0.1048686567164179;0.1169;0.12344626865671642;0.13099701492537313;0.1458507462686567;0.14717910447761196;0.2608283582089552;0.25682089552238807
2020-10-07T00:00:00.000Z;0.171;0.924910447761194;0.06293880597014927;0.08614477611940298;0.11968955223880597;0.13650447761194032;0.14141791044776122;0.15095970149253732;0.16111044776119404;0.17010149253731344;0.30611044776119406;0.2995805970149254
2020-10-10T00:00:00.000Z;;;;;;;;;;;;
2020-10-12T00:00:00.000Z;0.127;0.7477910447761195;0.06965671641791045;0.09034477611940299;0.12342388059701491;0.13817313432835823;0.1437597014925373;0.15364328358208956;0.16556567164179106;0.17202388059701493;0.3071552238805971;0.30859701492537317
2020-10-15T00:00:00.000Z;0.105;0.8201343283582089;0.06157761194029851;0.08078208955223881;0.11219552238805972;0.12502985074626863;0.1316686567164179;0.13933731343283584;0.15177910447761195;0.155055223880597;0.27972537313432844;0.2814626865671642
2020-10-17T00:00:00.000Z;0.14400000000000002;0.6896470588235294;0.07871568627450981;0.10076078431372548;0.13406862745098042;0.15121764705882354;0.15712941176470588;0.16626274509803926;0.17605686274509805;0.18369411764705884;0.3071803921568628;0.2986490196078431
2020-10-20T00:00:00.000Z;;;;;;;;;;;;
2020-10-25T00:00:00.000Z;0.193;1.040761194029851;0.06291194029850747;0.08275373134328359;0.11407014925373138;0.12901492537313433;0.13371492537313434;0.1427223880597015;0.1529880597014925;0.15800746268656718;0.28282537313432843;0.2813597014925373
2020-10-27T00:00:00.000Z;0.116;1.2698059701492537;0.06524925373134328;0.08940298507462686;0.12426716417910448;0.1415268656716418;0.14576567164179105;0.1544820895522388;0.16084626865671642;0.17243134328358212;0.30273731343283583;0.2970955223880597
2020-10-30T00:00:00.000Z;0.116;0.8961641791044777;0.05860149253731344;0.0806955223880597;0.11260746268656717;0.1274940298507463;0.13232238805970148;0.1398761194029851;0.14893432835820897;0.15493432835820894;0.27332835820895524;0.26156865671641794
2020-11-01T00:00:00.000Z;0.127;1.2252388059701491;0.07121343283582089;0.09227910447761195;0.12496119402985076;0.14278208955223878;0.14702835820895527;0.15672985074626863;0.1634119402985075;0.1721268656716418;0.30253880597014926;0.30334179104477615
2020-11-04T00:00:00.000Z;;;;;;;;;;;;
2020-11-06T00:00:00.000Z;;;;;;;;;;;;
2020-11-09T00:00:00.000Z;0.105;1.4527313432835822;0.055188059701492535;0.07806865671641791;0.1106492537313433;0.12840000000000001;0.13270149253731342;0.1404537313432836;0.14792388059701492;0.15801940298507464;0.2735492537313433;0.24360746268656722
2020-11-11T00:00:00.000Z;0.105;1.084761194029851;0.11607313432835822;0.13182686567164179;0.1590820895522388;0.17970597014925374;0.1876761194029851;0.19696716417910448;0.20830746268656722;0.21458358208955225;0.32958208955223883;0.2951358208955224
2020-11-14T00:00:00.000Z;;;;;;;;;;;;
2020-11-16T00:00:00.000Z;;;;;;;;;;;;
2020-11-19T00:00:00.000Z;0.127;1.4903432835820896;0.09863134328358208;0.11041492537313434;0.12975373134328358;0.14372835820895527;0.14478059701492538;0.14918955223880598;0.15158208955223879;0.16004626865671642;0.23527910447761194;0.21596567164179106
2020-11-21T00:00:00.000Z;0.1;0.7960597014925374;0.08989104477611941;0.11558059701492537;0.15235223880597018;0.1708268656716418;0.1771537313432836;0.18637014925373133;0.2006671641791045;0.20579253731343283;0.33441194029850746;0.31980746268656723
2020-11-24T00:00:00.000Z;;;;;;;;;;;;
2020-11-26T00:00:00.000Z;;;;;;;;;;;;
2020-11-29T00:00:00.000Z;0.083;1.2938358208955223;0.05475820895522388;0.07895820895522389;0.11272388059701491;0.13128358208955224;0.13611194029850748;0.1435492537313433;0.15320149253731344;0.1616119402985075;0.2688925373134328;0.23301940298507462
2020-12-01T00:00:00.000Z;0.1;1.1710597014925372;0.07508955223880598;0.10091940298507462;0.14056567164179107;0.1602865671641791;0.16784328358208955;0.1774686567164179;0.18812985074626865;0.1978208955223881;0.3240582089552239;0.3009089552238806
2020-12-04T00:00:00.000Z;;;;;;;;;;;;
2020-12-06T00:00:00.000Z;0.083;0.5382388059701492;0.08157910447761195;0.11257313432835822;0.15487910447761194;0.17418507462686567;0.18190298507462688;0.19183432835820893;0.2067701492537313;0.21144328358208955;0.3417268656716418;0.31577164179104483
2020-12-09T00:00:00.000Z;0.067;0.6112985074626865;0.06135970149253732;0.08877910447761195;0.12449253731343284;0.14049850746268658;0.14710149253731344;0.15538656716417912;0.17118507462686566;0.17323582089552242;0.2829089552238806;0.24681194029850745
2020-12-11T00:00:00.000Z;;;;;;;;;;;;
2020-12-16T00:00:00.000Z;0.083;0.8334328358208956;0.08525820895522389;0.11700895522388059;0.15833731343283583;0.17878059701492538;0.1855850746268657;0.19506119402985075;0.206989552238806;0.2150701492537313;0.34571194029850744;0.31961343283582094
2020-12-19T00:00:00.000Z;0.1;1.3534328358208954;0.07809253731343284;0.10553432835820896;0.14252537313432836;0.16279701492537313;0.1663492537313433;0.17518955223880597;0.18333432835820893;0.19257014925373134;0.3106492537313433;0.27957462686567164
2020-12-21T00:00:00.000Z;;;;;;;;;;;;
2020-12-24T00:00:00.000Z;0.089;1.083;0.07664029850746269;0.10293880597014925;0.13883880597014925;0.15663283582089554;0.1615626865671642;0.16942985074626865;0.18020597014925369;0.1854776119402985;0.2953373134328358;0.27863134328358213
2020-12-26T00:00:00.000Z;0.07200000000000001;0.31244776119402984;0.08755373134328359;0.11974179104477613;0.16389701492537315;0.1820119402985075;0.19014328358208957;0.1997134328358209;0.2178492537313433;0.21849402985074626;0.34450447761194036;0.3188880597014926
2020-12-29T00:00:00.000Z;0.07200000000000001;0.7659253731343283;0.08606716417910448;0.1143313432835821;0.152755223880597;0.17147761194029854;0.17590895522388061;0.18437462686567166;0.19898507462686568;0.2003820895522388;0.3210731343283582;0.29257462686567165
2020-12-31T00:00:00.000Z;0.078;0.5968507462686568;0.09197164179104476;0.1236402985074627;0.1661119402985075;0.1854716417910448;0.19331044776119405;0.2029208955223881;0.21940298507462686;0.2214537313432836;0.351455223880597;0.3321373134328358
2021-01-03T00:00:00.000Z;0.067;0.49865671641791054;0.06500149253731344;0.08633582089552239;0.11633432835820895;0.12904328358208955;0.13435671641791047;0.1396134328358209;0.1540089552238806;0.15137313432835822;0.2352134328358209;0.21807611940298507
2021-01-05T00:00:00.000Z;0.083;0.42568656716417913;0.09037014925373137;0.12276417910447761;0.1685223880597015;0.1882462686567164;0.196144776119403;0.20545522388059703;0.22189402985074627;0.22447462686567166;0.35288358208955223;0.3246089552238806
2021-01-08T00:00:00.000Z;;;;;;;;;;;;
2021-01-10T00:00:00.000Z;;;;;;;;;;;;
2021-01-13T00:00:00.000Z;0.111;0.6134029850746269;0.07210298507462687;0.09958656716417913;0.13706716417910447;0.15250298507462687;0.15921492537313434;0.1663820895522388;0.18297014925373134;0.18251641791044776;0.2939119402985075;0.2684059701492537
2021-01-15T00:00:00.000Z;0.105;0.3476865671641791;0.0877;0.12205223880597016;0.1668626865671642;0.1847253731343284;0.19212985074626865;0.20053880597014925;0.2189492537313433;0.21998208955223883;0.3442507462686567;0.31365671641791054
2021-01-18T00:00:00.000Z;0.111;0.6767611940298508;0.07653731343283583;0.10829552238805971;0.1492417910447761;0.1676089552238806;0.17237014925373137;0.1804134328358209;0.19533134328358212;0.19688656716417913;0.31565074626865675;0.2832
2021-01-20T00:00:00.000Z;;;;;;;;;;;;
2021-01-23T00:00:00.000Z;;;;;;;;;;;;
2021-01-25T00:00:00.000Z;0.09549253731343284;1.4326268656716419;0.05830746268656717;0.07781791044776121;0.09930895522388061;0.11164328358208955;0.1147761194029851;0.11992388059701492;0.12278507462686566;0.13066567164179105;0.1856313432835821;0.17204328358208956
2021-01-28T00:00:00.000Z;0.089;1.1307313432835822;0.08081194029850747;0.10939253731343283;0.14717014925373137;0.1661686567164179;0.17061641791044777;0.17786716417910448;0.18877313432835824;0.1950402985074627;0.30329701492537314;0.273710447761194
2021-01-30T00:00:00.000Z;;;;;;;;;;;;
2021-02-02T00:00:00.000Z;0.07200000000000001;0.8388955223880598;0.09184477611940299;0.12114776119402984;0.16236119402985077;0.18029850746268655;0.18746716417910447;0.19699253731343283;0.2116567164179105;0.2146701492537313;0.3378805970149254;0.32134626865671645
2021-02-04T00:00:00.000Z;0.122;1.108134328358209;0.08894477611940299;0.12187910447761195;0.16470746268656716;0.18623731343283587;0.192944776119403;0.20188656716417913;0.20883283582089557;0.22093283582089557;0.3359880597014926;0.30934328358208957
2021-02-07T00:00:00.000Z;;;;;;;;;;;;
2021-02-09T00:00:00.000Z;;;;;;;;;;;;
2021-02-12T00:00:00.000Z;;;;;;;;;;;;
2021-02-14T00:00:00.000Z;0.105;0.8997910447761194;0.10341641791044777;0.1414955223880597;0.1902089552238806;0.2123492537313433;0.21984626865671644;0.22968208955223882;0.23979552238805968;0.24778208955223882;0.37960597014925374;0.35085074626865675
2021-02-17T00:00:00.000Z;;;;;;;;;;;;
2021-02-19T00:00:00.000Z;0.122;0.7210597014925374;0.10399701492537314;0.1392955223880597;0.1851641791044776;0.20759253731343283;0.2159492537313433;0.2270298507462687;0.23837462686567165;0.2437373134328358;0.3751044776119403;0.3533298507462687
2021-02-22T00:00:00.000Z;;;;;;;;;;;;
2021-02-24T00:00:00.000Z;;;;;;;;;;;;
2021-02-27T00:00:00.000Z;;;;;;;;;;;;
2021-03-01T00:00:00.000Z;;;;;;;;;;;;
2021-03-04T00:00:00.000Z;;;;;;;;;;;;
2021-03-06T00:00:00.000Z;;;;;;;;;;;;
2021-03-09T00:00:00.000Z;0.248;1.0061428571428572;0.04984285714285714;0.049357142857142856;0.05858571428571429;0.0638857142857143;0.06265714285714286;0.0665;0.07765714285714286;0.07668571428571429;0.12834285714285712;0.09968571428571428
2021-03-11T00:00:00.000Z;0.116;1.4201343283582089;0.10400597014925372;0.14050298507462688;0.18790149253731345;0.21235970149253733;0.22226119402985078;0.23369701492537318;0.24155522388059705;0.2525373134328358;0.3854985074626866;0.35292388059701496
2021-03-14T00:00:00.000Z;0.089;0.7530149253731344;0.0993910447761194;0.13374179104477613;0.1799313432835821;0.19985970149253732;0.21079701492537317;0.22012985074626867;0.23685074626865674;0.23714626865671645;0.3651746268656717;0.341223880597015
2021-03-16T00:00:00.000Z;0.138;0.8530298507462686;0.11297462686567165;0.1534074626865672;0.20450000000000002;0.2288402985074627;0.2394716417910448;0.24961492537313434;0.2610985074626866;0.2693208955223881;0.402589552238806;0.36556567164179116
2021-03-19T00:00:00.000Z;;;;;;;;;;;;
2021-03-21T00:00:00.000Z;0.133;0.5160746268656717;0.11728805970149252;0.1567985074626866;0.2083313432835821;0.23037761194029852;0.24312089552238808;0.2540492537313433;0.27388805970149255;0.27490298507462685;0.41088955223880597;0.38041044776119404
2021-03-24T00:00:00.000Z;0.116;0.8592089552238806;0.10629701492537313;0.14242985074626863;0.1898955223880597;0.21005373134328362;0.2221059701492537;0.23260895522388061;0.24830149253731343;0.2498089552238806;0.3784089552238806;0.35155522388059707
2021-03-26T00:00:00.000Z;0.177;0.7887164179104478;0.12177014925373138;0.1635761194029851;0.21695820895522389;0.24211940298507462;0.25230149253731343;0.2645492537313433;0.27886268656716423;0.2857776119402985;0.42050000000000004;0.3799
2021-03-29T00:00:00.000Z;;;;;;;;;;;;
2021-03-31T00:00:00.000Z;0.3623134328358209;0.8741343283582089;0.1246119402985075;0.1615268656716418;0.1931089552238806;0.21854626865671645;0.24379701492537317;0.2567940298507463;0.26777313432835825;0.27119253731343285;0.35346268656716423;0.32222238805970155
2021-04-03T00:00:00.000Z;;;;;;;;;;;;
2021-04-05T00:00:00.000Z;0.171;1.2105820895522388;0.11797910447761195;0.15748507462686567;0.20794626865671645;0.23511343283582092;0.25008955223880597;0.2630373134328358;0.2750701492537313;0.28741343283582094;0.4327149253731344;0.3890074626865672
2021-04-08T00:00:00.000Z;;;;;;;;;;;;
2021-04-10T00:00:00.000Z;;;;;;;;;;;;
2021-04-13T00:00:00.000Z;;;;;;;;;;;;
2021-04-15T00:00:00.000Z;;;;;;;;;;;;
2021-04-18T00:00:00.000Z;0.133;0.5171940298507463;0.11361044776119404;0.1548089552238806;0.20481194029850747;0.22785671641791053;0.24356865671641792;0.2558492537313433;0.27534328358208954;0.27520447761194033;0.39844328358208964;0.3542716417910448
2021-04-20T00:00:00.000Z;0.1981044776119403;1.5076268656716418;0.15983134328358212;0.2037238805970149;0.25806716417910447;0.2897089552238806;0.3051880597014926;0.32066268656716423;0.33105373134328364;0.3417223880597015;0.4881059701492537;0.44569552238805976
2021-04-23T00:00:00.000Z;;;;;;;;;;;;
2021-04-25T00:00:00.000Z;;;;;;;;;;;;
2021-04-28T00:00:00.000Z;0.171;1.6001774193548388;0.11549193548387097;0.15612580645161292;0.20787096774193542;0.23882580645161294;0.25962419354838706;0.27430967741935486;0.2598741935483871;0.2991935483870968;0.3908774193548388;0.33765483870967744
2021-04-30T00:00:00.000Z;0.20964179104477612;1.3250597014925372;0.1496641791044776;0.1963358208955224;0.25096567164179107;0.2825328358208956;0.3008731343283582;0.3163910447761194;0.32765223880597016;0.3366089552238806;0.4753373134328358;0.43188208955223883
2021-05-03T00:00:00.000Z;;;;;;;;;;;;
2021-05-05T00:00:00.000Z;;;;;;;;;;;;
2021-05-08T00:00:00.000Z;0.138;0.867179104477612;0.13645671641791046;0.18148358208955226;0.23310746268656724;0.2618925373134328;0.2843492537313433;0.29798805970149256;0.3134776119402985;0.3168313432835821;0.427434328358209;0.3754701492537313
2021-05-10T00:00:00.000Z;;;;;;;;;;;;
2021-05-13T00:00:00.000Z;0.1;1.2510000000000001;0.11837000000000002;0.15818000000000002;0.20619;0.23334000000000002;0.25412;0.2721;0.28364;0.28816;0.40018000000000004;0.37060000000000004
2021-05-15T00:00:00.000Z;0.116;1.1950597014925373;0.14713731343283584;0.19330149253731346;0.2476686567164179;0.28132835820895524;0.30570746268656723;0.32201641791044777;0.3290626865671642;0.3441865671641791;0.46271641791044776;0.4148940298507463
2021-05-18T00:00:00.000Z;0.122;1.199358208955224;0.13121940298507465;0.1780597014925373;0.23041194029850745;0.2597671641791045;0.2802208955223881;0.29435373134328363;0.30565074626865674;0.3137388059701493;0.43142238805970146;0.3799641791044776
2021-05-20T00:00:00.000Z;0.16;1.632492537313433;0.15511641791044778;0.2035223880597015;0.2579776119402985;0.2915686567164179;0.3126686567164179;0.32863432835820894;0.3365402985074627;0.34705522388059706;0.47912686567164187;0.43833880597014924
2021-05-23T00:00:00.000Z;;;;;;;;;;;;
2021-05-25T00:00:00.000Z;;;;;;;;;;;;
2021-05-28T00:00:00.000Z;;;;;;;;;;;;
2021-05-30T00:00:00.000Z;;;;;;;;;;;;
2021-06-02T00:00:00.000Z;;;;;;;;;;;;
2021-06-04T00:00:00.000Z;;;;;;;;;;;;
2021-06-07T00:00:00.000Z;0.138;1.5932388059701492;0.12677164179104475;0.17301492537313434;0.22697313432835822;0.26106865671641794;0.2842014925373134;0.2991194029850746;0.3062507462686567;0.3194328358208956;0.4352164179104478;0.37427313432835824
2021-06-09T00:00:00.000Z;0.18795522388059702;1.6160746268656718;0.1542955223880597;0.20468955223880603;0.2614388059701493;0.2976656716417911;0.3205;0.34014179104477615;0.3498179104477612;0.3622283582089552;0.4907716417910449;0.44498208955223884
2021-06-12T00:00:00.000Z;;;;;;;;;;;;
2021-06-14T00:00:00.000Z;0.319;1.926537313432836;0.15241641791044777;0.20475522388059703;0.25488358208955225;0.290644776119403;0.31731044776119405;0.33127014925373127;0.3337985074626866;0.35224328358208956;0.4526805970149254;0.3933432835820896
2021-06-17T00:00:00.000Z;;;;;;;;;;;;
2021-06-19T00:00:00.000Z;;;;;;;;;;;;
2021-06-22T00:00:00.000Z;;;;;;;;;;;;
2021-06-24T00:00:00.000Z;0.171;1.6737313432835823;0.15779701492537312;0.21216716417910447;0.2725880597014926;0.3105328358208956;0.33575223880597016;0.3500388059701493;0.3565611940298508;0.3721059701492538;0.496955223880597;0.43307761194029853
2021-06-27T00:00:00.000Z;0.155;1.7215373134328358;0.1370985074626866;0.18707462686567164;0.24211641791044777;0.2788313432835821;0.30154328358208954;0.3162268656716418;0.32310149253731346;0.33697462686567164;0.44651791044776123;0.3828313432835821
2021-06-29T00:00:00.000Z;0.105;1.2260597014925372;0.1611761194029851;0.21340298507462685;0.2729940298507463;0.310155223880597;0.33572537313432843;0.3523970149253732;0.36618358208955215;0.3725805970149254;0.4965;0.44666119402985077
2021-07-02T00:00:00.000Z;0.133;1.206761194029851;0.13874328358208954;0.18635223880597016;0.2422626865671642;0.27481492537313434;0.2998850746268657;0.3158880597014926;0.32945970149253734;0.3350955223880597;0.4501611940298508;0.40270447761194034
2021-07-04T00:00:00.000Z;0.061;1.5226119402985077;0.1595492537313433;0.21425373134328363;0.2752985074626866;0.3110671641791045;0.3353850746268657;0.3500134328358209;0.3582776119402985;0.37185373134328364;0.4998477611940299;0.4381925373134329
2021-07-07T00:00:00.000Z;;;;;;;;;;;;
2021-07-09T00:00:00.000Z;0.27534328358208954;1.8717611940298509;0.1869716417910448;0.21840149253731345;0.25209402985074625;0.2860477611940298;0.3098671641791045;0.3295059701492537;0.3254701492537313;0.34424477611940296;0.40420447761194034;0.3353626865671642
2021-07-12T00:00:00.000Z;0.3607164179104478;1.147402985074627;0.13945223880597016;0.1929641791044776;0.2495223880597015;0.28083432835820893;0.3090537313432836;0.3235567164179105;0.3370268656716418;0.341489552238806;0.4441686567164179;0.3905865671641791
2021-07-14T00:00:00.000Z;0.111;1.656089552238806;0.1589089552238806;0.2144;0.2756253731343284;0.3137791044776119;0.33462985074626866;0.3496029850746269;0.35345074626865675;0.3709268656716418;0.4972626865671642;0.4335402985074627
2021-07-17T00:00:00.000Z;0.133;1.7511641791044776;0.13686567164179106;0.1864537313432836;0.2396298507462687;0.2733626865671642;0.2958597014925373;0.3103791044776119;0.3156119402985075;0.33071343283582094;0.43452537313432843;0.3731462686567165
2021-07-19T00:00:00.000Z;0.29149253731343283;2.0657462686567163;0.1651134328358209;0.21984776119402982;0.2831761194029851;0.3222671641791045;0.3419940298507463;0.3611701492537313;0.36557761194029853;0.37933731343283583;0.5043776119402985;0.4460298507462687
2021-07-22T00:00:00.000Z;0.215;1.15244776119403;0.1417223880597015;0.19286567164179105;0.25320298507462685;0.2846402985074627;0.30683134328358214;0.322710447761194;0.3375910447761194;0.3407462686567165;0.4569298507462687;0.40620597014925375
2021-07-24T00:00:00.000Z;0.4113134328358209;1.577313432835821;0.16332388059701491;0.22149253731343285;0.28109701492537315;0.31911641791044776;0.33863432835820895;0.352810447761194;0.35512238805970153;0.37240298507462694;0.47603432835820897;0.4064313432835821
2021-07-27T00:00:00.000Z;0.23700000000000002;1.8808955223880601;0.13524776119402984;0.189444776119403;0.2480776119402985;0.2850701492537313;0.30247910447761195;0.31530447761194036;0.31976417910447763;0.3349432835820896;0.4460940298507463;0.378110447761194
2021-07-29T00:00:00.000Z;0.248;1.93944776119403;0.15902537313432835;0.2127373134328358;0.26986417910447763;0.30601641791044776;0.3248880597014926;0.3429805970149254;0.34676417910447765;0.3597955223880597;0.4792656716417912;0.4261492537313433
2021-08-01T00:00:00.000Z;0.20964179104477612;1.495313432835821;0.1387940298507463;0.18842388059701493;0.24724179104477614;0.28171194029850744;0.3011283582089552;0.31559402985074625;0.32571343283582094;0.33405373134328364;0.4503164179104478;0.40190000000000003
2021-08-03T00:00:00.000Z;;;;;;;;;;;;
2021-08-06T00:00:00.000Z;0.18795522388059702;1.8588358208955225;0.13974925373134328;0.19269253731343283;0.2526686567164179;0.2869537313432836;0.3037358208955224;0.31654179104477614;0.3206955223880597;0.33525223880597016;0.44780000000000003;0.3826477611940298
2021-08-08T00:00:00.000Z;0.116;2.3841044776119404;0.16041791044776121;0.2129313432835821;0.2732597014925373;0.3136716417910448;0.3290880597014926;0.34586567164179105;0.34583582089552245;0.364476119402985;0.49137164179104487;0.43965223880597015
2021-08-11T00:00:00.000Z;;;;;;;;;;;;
2021-08-13T00:00:00.000Z;0.3298955223880597;1.528;0.14858059701492538;0.2034582089552239;0.26109402985074626;0.2953776119402985;0.3158776119402985;0.32937611940298506;0.33359253731343286;0.3474955223880597;0.45556417910447766;0.3932328358208955
2021-08-16T00:00:00.000Z;0.37944776119402984;1.4682537313432835;0.1315089552238806;0.1853641791044776;0.24045970149253731;0.27457462686567163;0.2925059701492537;0.3063388059701493;0.31194626865671643;0.32356417910447766;0.4197059701492537;0.3550402985074627
2021-08-18T00:00:00.000Z;0.2640192307692308;2.5551153846153847;0.10994615384615386;0.13465961538461538;0.16230769230769232;0.19066153846153844;0.20057692307692307;0.21285;0.19819615384615386;0.221475;0.275175;0.2338576923076923
2021-08-21T00:00:00.000Z;;;;;;;;;;;;
2021-08-23T00:00:00.000Z;;;;;;;;;;;;
2021-08-26T00:00:00.000Z;0.248;2.4079253731343284;0.1285;0.1796985074626866;0.23733432835820892;0.27469104477611944;0.28881641791044776;0.30003880597014926;0.3003253731343284;0.3212298507462687;0.4284880597014925;0.3608582089552239
2021-08-28T00:00:00.000Z;0.28600000000000003;2.0245671641791048;0.15073880597014924;0.20520298507462686;0.2660134328358209;0.3044701492537313;0.3177940298507463;0.33475223880597016;0.3356238805970149;0.3505791044776119;0.46879552238805977;0.4163850746268657
2021-08-31T00:00:00.000Z;0.335;2.8430625000000003;0.15174375;0.20496250000000002;0.263721875;0.30317187500000004;0.31841875000000003;0.33665;0.33387187500000004;0.356509375;0.4714828125;0.4137515625
2021-09-02T00:00:00.000Z;0.122;2.613373134328358;0.11680746268656718;0.1597402985074627;0.2105492537313433;0.24937611940298507;0.2679611940298508;0.2815716417910448;0.27902388059701494;0.30346716417910446;0.402989552238806;0.3230776119402985
2021-09-05T00:00:00.000Z;0.14400000000000002;2.1561044776119402;0.13377313432835822;0.1859820895522388;0.24372835820895522;0.28401044776119405;0.3038134328358209;0.31771044776119406;0.32194328358208957;0.3402611940298508;0.4521850746268657;0.38561194029850737
2021-09-07T00:00:00.000Z;0.259;1.9208955223880602;0.12503880597014924;0.17168358208955226;0.2179865671641791;0.25051343283582095;0.2712;0.28833432835820894;0.2874537313432836;0.30294328358208955;0.3983805970149254;0.3518955223880597
2021-09-10T00:00:00.000Z;0.171;2.139955223880597;0.1276313432835821;0.17404776119402984;0.22964179104477614;0.26335074626865673;0.2864716417910448;0.30178358208955225;0.3053970149253732;0.31938208955223885;0.43750149253731346;0.3857373134328358
2021-09-12T00:00:00.000Z;0.22049253731343285;1.7098805970149251;0.13612985074626863;0.18857462686567164;0.24883432835820893;0.2861343283582089;0.30618358208955226;0.32014626865671647;0.32341044776119404;0.339789552238806;0.45933731343283585;0.39570447761194033
2021-09-15T00:00:00.000Z;0.1988939393939394;1.8641060606060607;0.11383333333333333;0.15384242424242425;0.20064545454545454;0.23020909090909092;0.24808636363636366;0.2591287878787879;0.26180909090909094;0.27573030303030305;0.3602212121212121;0.30112878787878794
2021-09-17T00:00:00.000Z;0.215;2.3280746268656722;0.1233;0.1710626865671642;0.2253776119402985;0.26071492537313434;0.28250746268656723;0.3010328358208956;0.29876417910447767;0.3168567164179105;0.426179104477612;0.36193582089552245
2021-09-20T00:00:00.000Z;0.166;1.8000298507462689;0.1230089552238806;0.1688686567164179;0.2216388059701493;0.254610447761194;0.27968208955223883;0.2941880597014926;0.3017283582089552;0.3121402985074627;0.42638358208955224;0.373576119402985
2021-09-22T00:00:00.000Z;;;;;;;;;;;;
2021-09-25T00:00:00.000Z;;;;;;;;;;;;
2021-09-27T00:00:00.000Z;;;;;;;;;;;;
2021-09-30T00:00:00.000Z;0.28071641791044777;2.2853582089552242;0.1253582089552239;0.1653671641791045;0.21486865671641792;0.2508313432835821;0.28002388059701494;0.29795522388059703;0.300289552238806;0.31695522388059705;0.42538358208955224;0.3688223880597015
2021-10-02T00:00:00.000Z;;;;;;;;;;;;
2021-10-05T00:00:00.000Z;0.1;1.8757761194029847;0.11103731343283582;0.15643880597014925;0.20610149253731344;0.2387089552238806;0.2647940298507463;0.2791492537313433;0.2836955223880597;0.29742537313432843;0.38961940298507464;0.3248283582089552
2021-10-07T00:00:00.000Z;0.127;1.53655223880597;0.15319701492537313;0.1968208955223881;0.24614328358208956;0.28636268656716424;0.32161940298507463;0.3406850746268657;0.3432611940298508;0.35953283582089557;0.4553179104477612;0.3902671641791045
2021-10-10T00:00:00.000Z;;;;;;;;;;;;
2021-10-12T00:00:00.000Z;0.20400000000000001;1.633537313432836;0.15293432835820897;0.2035761194029851;0.2574253731343284;0.2977;0.3346597014925373;0.35265223880597013;0.35624776119402984;0.37450597014925374;0.47185373134328357;0.3964805970149254
2021-10-15T00:00:00.000Z;0.127;1.4100298507462687;0.1116686567164179;0.15720597014925372;0.2060985074626866;0.23893582089552243;0.2675671641791045;0.2816268656716418;0.2906417910447761;0.2993970149253732;0.3857164179104478;0.3191477611940298
2021-10-17T00:00:00.000Z;0.089;2.078343283582089;0.1367402985074627;0.1847850746268657;0.2387373134328358;0.2805507462686567;0.3127701492537313;0.3329402985074627;0.32983283582089556;0.3517208955223881;0.4570492537313433;0.39744328358208963
2021-10-20T00:00:00.000Z;0.094;1.0964925373134329;0.11115074626865672;0.1545134328358209;0.20293432835820893;0.2320776119402985;0.2623179104477612;0.275489552238806;0.29119701492537314;0.2927164179104478;0.38243283582089554;0.3307820895522388
2021-10-22T00:00:00.000Z;;;;;;;;;;;;
2021-10-25T00:00:00.000Z;;;;;;;;;;;;
2021-10-27T00:00:00.000Z;;;;;;;;;;;;
2021-10-30T00:00:00.000Z;;;;;;;;;;;;
2021-11-01T00:00:00.000Z;0.067;2.1765084745762713;0.040491525423728816;0.047991525423728816;0.051086440677966104;0.05929491525423729;0.07072372881355932;0.07520338983050848;0.0772271186440678;0.08035932203389831;0.08076101694915255;0.05977796610169492
2021-11-04T00:00:00.000Z;0.094;0.9163731343283582;0.11258059701492537;0.15160597014925373;0.1914686567164179;0.2244776119402985;0.2574671641791045;0.2702955223880597;0.2828537313432836;0.28713134328358214;0.3456388059701493;0.28697313432835825
2021-11-06T00:00:00.000Z;0.056;0.5295074626865671;0.10355074626865672;0.13985820895522388;0.17931641791044778;0.20807611940298507;0.24044626865671645;0.2527641791044776;0.26790746268656723;0.26891194029850746;0.3321716417910448;0.284389552238806
2021-11-09T00:00:00.000Z;0.094;1.023776119402985;0.10229402985074629;0.14425223880597016;0.18895522388059702;0.2184776119402985;0.2480671641791045;0.2604283582089552;0.27545074626865673;0.27670447761194034;0.3597179104477612;0.30918358208955227
2021-11-11T00:00:00.000Z;0.1;1.082865671641791;0.10929402985074628;0.15488805970149253;0.2050313432835821;0.2392164179104478;0.26775074626865675;0.2815328358208956;0.2895880597014926;0.2996402985074627;0.38927611940298507;0.33027313432835825
2021-11-14T00:00:00.000Z;0.094;1.2606119402985076;0.09977462686567165;0.14292238805970148;0.1887492537313433;0.22217313432835822;0.24809850746268658;0.2602820895522388;0.2704776119402985;0.2770492537313433;0.3576194029850746;0.2955417910447761
2021-11-16T00:00:00.000Z;0.094;1.004268656716418;0.11632238805970149;0.1630820895522388;0.2141298507462687;0.24663731343283582;0.27582388059701496;0.289444776119403;0.3023;0.3068268656716418;0.39477761194029853;0.3426791044776119
2021-11-19T00:00:00.000Z;;;;;;;;;;;;
2021-11-21T00:00:00.000Z;;;;;;;;;;;;
2021-11-24T00:00:00.000Z;0.122;0.8406716417910448;0.11153880597014926;0.14872835820895525;0.19044179104477607;0.22580149253731344;0.25906567164179106;0.27485671641791054;0.28243283582089557;0.2952149253731344;0.34208208955223884;0.2690208955223881
2021-11-26T00:00:00.000Z;0.083;0.8080151515151515;0.12541060606060606;0.17422272727272728;0.22575;0.2621;0.2964681818181818;0.30903939393939395;0.32584242424242427;0.3313378787878788;0.4064666666666667;0.3464833333333333
2021-11-29T00:00:00.000Z;0.07200000000000001;1.3775522388059702;0.10204776119402985;0.14239701492537313;0.18684179104477608;0.21949402985074626;0.24985671641791052;0.26140447761194036;0.27316716417910447;0.2779910447761194;0.3572985074626866;0.3076208955223881
2021-12-01T00:00:00.000Z;0.089;1.068044776119403;0.10835074626865672;0.15525820895522388;0.20466119402985075;0.23998805970149256;0.2682865671641791;0.28087611940298507;0.2890865671641791;0.2990925373134328;0.3824522388059701;0.32248507462686565
2021-12-04T00:00:00.000Z;0.07200000000000001;0.7977910447761194;0.09786716417910447;0.13926567164179104;0.1841223880597015;0.2159776119402985;0.24487462686567166;0.2558194029850746;0.27238805970149255;0.2728686567164179;0.34504776119402986;0.2848223880597015
2021-12-06T00:00:00.000Z;0.078;1.0517910447761194;0.11287014925373137;0.15992985074626864;0.20803432835820893;0.2422850746268657;0.27104776119402985;0.28492835820895523;0.2967626865671642;0.3015850746268657;0.38651044776119403;0.3338552238805971
2021-12-09T00:00:00.000Z;0.078;1.2687313432835823;0.10312985074626864;0.14573731343283583;0.19088358208955225;0.22254776119402983;0.25227164179104483;0.26456417910447766;0.27665373134328364;0.2812567164179105;0.3580865671641791;0.31034776119402985
2021-12-11T00:00:00.000Z;0.078;1.2975373134328358;0.1127089552238806;0.15933432835820896;0.21075074626865672;0.24676119402985078;0.27644626865671645;0.28808358208955226;0.29457910447761193;0.3064776119402985;0.39211641791044777;0.33204626865671644
2021-12-14T00:00:00.000Z;0.067;0.8351343283582089;0.09721940298507463;0.13924925373134328;0.18384179104477608;0.2169089552238806;0.24448805970149257;0.2554014925373134;0.2718597014925373;0.27243582089552243;0.3420791044776119;0.2799313432835821
2021-12-16T00:00:00.000Z;;;;;;;;;;;;
2021-12-19T00:00:00.000Z;;;;;;;;;;;;
2021-12-21T00:00:00.000Z;;;;;;;;;;;;
2021-12-24T00:00:00.000Z;;;;;;;;;;;;
2021-12-26T00:00:00.000Z;;;;;;;;;;;;
2021-12-29T00:00:00.000Z;;;;;;;;;;;;
2021-12-31T00:00:00.000Z;0.07200000000000001;0.7826119402985074;0.11276716417910448;0.16211791044776122;0.21279850746268658;0.24552238805970153;0.2728671641791045;0.28526865671641793;0.29907014925373127;0.30541492537313436;0.38710597014925374;0.3289626865671642
2022-01-03T00:00:00.000Z;0.061;0.8474925373134329;0.09611343283582088;0.13931641791044777;0.1833641791044776;0.2143283582089552;0.24146417910447765;0.25399552238805967;0.26671641791044776;0.2684985074626866;0.3410059701492537;0.2822313432835821
2022-01-05T00:00:00.000Z;0.078;0.6769850746268656;0.1174761194029851;0.1643671641791045;0.21354328358208954;0.24788358208955225;0.2799611940298508;0.29451343283582093;0.3113761194029851;0.31419850746268657;0.40912388059701493;0.3509194029850746
2022-01-08T00:00:00.000Z;;;;;;;;;;;;
2022-01-10T00:00:00.000Z;0.089;1.465761194029851;0.09821044776119404;0.1368537313432836;0.1769537313432836;0.21095373134328363;0.23383582089552243;0.2453492537313433;0.2430208955223881;0.26213582089552245;0.32560447761194034;0.27934179104477613
2022-01-13T00:00:00.000Z;;;;;;;;;;;;
2022-01-15T00:00:00.000Z;0.094;0.6602985074626866;0.11075671641791046;0.15274328358208955;0.20015223880597016;0.2331208955223881;0.2641835820895522;0.2747298507462687;0.29120895522388063;0.293989552238806;0.3823313432835821;0.33001492537313437
2022-01-18T00:00:00.000Z;0.07200000000000001;0.3573134328358209;0.09781044776119405;0.1388313432835821;0.18405074626865672;0.21167313432835824;0.23906865671641792;0.2525238805970149;0.2759402985074627;0.2671089552238806;0.3482388059701493;0.29993880597014927
2022-01-20T00:00:00.000Z;0.1;0.6378955223880597;0.10387462686567164;0.14756567164179105;0.19588358208955226;0.2295865671641791;0.2571686567164179;0.2696805970149254;0.28287910447761194;0.2882388059701493;0.36876567164179114;0.3106044776119403
2022-01-23T00:00:00.000Z;;;;;;;;;;;;
2022-01-25T00:00:00.000Z;;;;;;;;;;;;
2022-01-28T00:00:00.000Z;0.116;0.6710149253731343;0.09979253731343285;0.14199402985074627;0.18764776119402984;0.2172194029850746;0.24282238805970152;0.2555955223880597;0.27288358208955227;0.26901044776119404;0.3514805970149254;0.30568358208955226
2022-01-30T00:00:00.000Z;0.094;0.26504477611940297;0.10682388059701492;0.15176417910447762;0.20262238805970148;0.2320059701492537;0.2610582089552239;0.2738179104477612;0.2929;0.2909940298507463;0.373510447761194;0.3163283582089552
2022-02-02T00:00:00.000Z;0.067;0.5355074626865671;0.09937910447761195;0.1436761194029851;0.1902059701492537;0.22054328358208955;0.2456313432835821;0.25563880597014926;0.27530746268656725;0.27125522388059703;0.3495641791044776;0.2892253731343284
2022-02-04T00:00:00.000Z;;;;;;;;;;;;
2022-02-07T00:00:00.000Z;0.07200000000000001;0.7374328358208956;0.09862089552238806;0.13990597014925374;0.1854537313432836;0.21491194029850746;0.2414;0.2515865671641791;0.2678089552238806;0.2678955223880597;0.3552223880597015;0.3082089552238806
2022-02-09T00:00:00.000Z;;;;;;;;;;;;
2022-02-12T00:00:00.000Z;;;;;;;;;;;;
2022-02-14T00:00:00.000Z;;;;;;;;;;;;
2022-02-17T00:00:00.000Z;0.07200000000000001;0.6964328358208955;0.10586119402985075;0.1495940298507463;0.19892835820895527;0.22839253731343284;0.2541402985074627;0.26380746268656724;0.283289552238806;0.2803;0.3713746268656717;0.32363432835820893
2022-02-19T00:00:00.000Z;;;;;;;;;;;;
2022-02-22T00:00:00.000Z;0.078;0.4016865671641791;0.1072044776119403;0.1536507462686567;0.20399104477611943;0.23076716417910448;0.2561;0.26873582089552245;0.2901880597014926;0.28493880597014926;0.36556567164179116;0.3063582089552239
2022-02-24T00:00:00.000Z;0.171;0.9829253731343285;0.08845970149253732;0.11929701492537313;0.15366119402985076;0.1780940298507463;0.19818358208955225;0.20940149253731344;0.20367462686567164;0.22069104477611942;0.26431044776119406;0.22518358208955225
2022-02-27T00:00:00.000Z;;;;;;;;;;;;
2022-03-01T00:00:00.000Z;0.111;0.706820895522388;0.11837313432835822;0.16789402985074628;0.22241194029850744;0.2556208955223881;0.28057462686567164;0.2925656716417911;0.3039716417910448;0.30970298507462685;0.40513134328358213;0.34560447761194035
2022-03-04T00:00:00.000Z;;;;;;;;;;;;
2022-03-06T00:00:00.000Z;;;;;;;;;;;;
2022-03-09T00:00:00.000Z;0.105;0.9957164179104476;0.09631343283582089;0.1390134328358209;0.18545671641791048;0.21711492537313434;0.24324776119402983;0.2538671641791045;0.2679194029850746;0.2695507462686567;0.3463298507462687;0.28626865671641794
2022-03-11T00:00:00.000Z;;;;;;;;;;;;
2022-03-14T00:00:00.000Z;;;;;;;;;;;;
2022-03-16T00:00:00.000Z;;;;;;;;;;;;
2022-03-19T00:00:00.000Z;;;;;;;;;;;;
2022-03-21T00:00:00.000Z;;;;;;;;;;;;
2022-03-24T00:00:00.000Z;;;;;;;;;;;;
2022-03-26T00:00:00.000Z;;;;;;;;;;;;
2022-03-29T00:00:00.000Z;;;;;;;;;;;;
2022-03-31T00:00:00.000Z;;;;;;;;;;;;
2022-04-03T00:00:00.000Z;0.1;0.34935820895522385;0.11618358208955225;0.16796119402985077;0.22116716417910448;0.25487313432835823;0.2878298507462687;0.30015671641791053;0.32379701492537316;0.3184567164179105;0.39433283582089557;0.33102388059701493
2022-04-05T00:00:00.000Z;;;;;;;;;;;;
2022-04-08T00:00:00.000Z;;;;;;;;;;;;
2022-04-10T00:00:00.000Z;;;;;;;;;;;;
2022-04-13T00:00:00.000Z;;;;;;;;;;;;
2022-04-15T00:00:00.000Z;;;;;;;;;;;;
2022-04-18T00:00:00.000Z;0.155;1.35944;0.126456;0.169704;0.21285600000000002;0.251172;0.289368;0.307748;0.31468;0.319724;0.390436;0.32898400000000005
2022-04-20T00:00:00.000Z;;;;;;;;;;;;
2022-04-23T00:00:00.000Z;;;;;;;;;;;;
2022-04-25T00:00:00.000Z;0.116;1.028402985074627;0.14337313432835821;0.20068358208955225;0.25444626865671643;0.29664776119402986;0.3405402985074627;0.35779402985074626;0.3717910447761194;0.37486567164179113;0.46143432835820897;0.3991522388059701
2022-04-28T00:00:00.000Z;;;;;;;;;;;;
2022-04-30T00:00:00.000Z;;;;;;;;;;;;
2022-05-03T00:00:00.000Z;0.133;1.57372131147541;0.11985081967213114;0.16781311475409838;0.21003278688524593;0.2579704918032787;0.31241639344262295;0.3300065573770492;0.33898032786885246;0.3500081967213115;0.3842229508196721;0.2879
2022-05-05T00:00:00.000Z;;;;;;;;;;;;
2022-05-08T00:00:00.000Z;0.111;1.1088358208955225;0.12211044776119405;0.17349850746268658;0.21817910447761193;0.2624149253731344;0.31678358208955226;0.33459253731343286;0.3486208955223881;0.3510776119402985;0.41036567164179116;0.3475044776119403
2022-05-10T00:00:00.000Z;0.149;1.092865671641791;0.14032238805970149;0.1991761194029851;0.24819402985074626;0.2989313432835821;0.35452835820895523;0.37214925373134333;0.381889552238806;0.38967910447761195;0.4519940298507463;0.3742402985074627
2022-05-13T00:00:00.000Z;0.171;1.8287014925373133;0.12095671641791046;0.17365074626865673;0.21610447761194032;0.2647119402985075;0.31827164179104483;0.336689552238806;0.33934626865671647;0.3535253731343284;0.398334328358209;0.32370298507462686
2022-05-15T00:00:00.000Z;0.20964179104477612;1.6196567164179105;0.15013432835820895;0.2059402985074627;0.25001343283582095;0.29920149253731343;0.3592283582089552;0.3817477611940298;0.38762835820895525;0.39795223880597014;0.4539582089552239;0.3874656716417912
2022-05-18T00:00:00.000Z;0.166;1.5338805970149252;0.1254492537313433;0.17704776119402985;0.2205343283582089;0.2644313432835821;0.3224611940298508;0.3414656716417911;0.3502268656716418;0.35659850746268656;0.4099373134328358;0.3464373134328358
2022-05-20T00:00:00.000Z;0.28600000000000003;1.379880597014925;0.14944179104477612;0.20357313432835825;0.24878358208955226;0.2978582089552239;0.3547223880597015;0.3746522388059701;0.37917611940298507;0.39146567164179114;0.42387761194029855;0.34472537313432844
2022-05-23T00:00:00.000Z;0.16;1.5544776119402985;0.12311791044776121;0.1771671641791045;0.2238059701492537;0.27408507462686565;0.32716417910447765;0.3454656716417911;0.35250149253731344;0.36413283582089556;0.4132432835820896;0.3323477611940298
2022-05-25T00:00:00.000Z;0.127;1.1130746268656717;0.14137462686567165;0.19652985074626864;0.24362089552238808;0.2901343283582089;0.34290746268656724;0.3624701492537313;0.37161343283582093;0.37822835820895523;0.4180746268656716;0.35146119402985077
2022-05-28T00:00:00.000Z;0.111;1.420641791044776;0.1289313432835821;0.18114029850746272;0.2302537313432836;0.2757582089552239;0.32764179104477614;0.34684029850746273;0.35761194029850746;0.36493283582089553;0.4241194029850746;0.3581298507462687
2022-05-30T00:00:00.000Z;0.138;1.0877164179104475;0.15269552238805972;0.21446268656716422;0.2706462686567164;0.32137313432835823;0.3721164179104478;0.3915925373134328;0.4031179104477612;0.4097656716417912;0.4744238805970149;0.38872238805970155
2022-06-02T00:00:00.000Z;;;;;;;;;;;;
2022-06-04T00:00:00.000Z;0.18795522388059702;1.6072686567164178;0.15703731343283583;0.21625373134328363;0.27366865671641794;0.3241537313432836;0.3696388059701493;0.39092985074626874;0.3984910447761194;0.40871641791044777;0.48051343283582093;0.40560597014925376
2022-06-07T00:00:00.000Z;0.111;1.65444776119403;0.1321537313432836;0.18505373134328362;0.2400626865671642;0.2862850746268657;0.3305343283582089;0.35049850746268657;0.3572149253731344;0.3683850746268657;0.43787910447761197;0.368534328358209
2022-06-09T00:00:00.000Z;0.177;2.194134328358209;0.1561820895522388;0.21840746268656722;0.28041194029850747;0.3334716417910448;0.37459701492537323;0.3913059701492538;0.39025671641791054;0.41107462686567164;0.48881940298507465;0.39985522388059697
2022-06-12T00:00:00.000Z;0.127;1.4000000000000001;0.12788358208955225;0.17975522388059703;0.23203880597014928;0.2780582089552239;0.31817462686567166;0.33777313432835826;0.34572537313432844;0.35671194029850745;0.4147402985074627;0.3340253731343284
2022-06-14T00:00:00.000Z;0.248;1.3484776119402984;0.15556417910447762;0.21361194029850744;0.26895522388059706;0.3149402985074627;0.35522985074626867;0.3768716417910448;0.3875074626865672;0.39367462686567173;0.4645164179104478;0.3929716417910448
2022-06-17T00:00:00.000Z;0.122;1.613492537313433;0.13182089552238807;0.18073134328358212;0.23273432835820893;0.2750791044776119;0.31271044776119405;0.33389850746268657;0.3408268656716418;0.35185522388059703;0.42250597014925373;0.3552626865671642
2022-06-19T00:00:00.000Z;0.28600000000000003;1.481582089552239;0.15427462686567164;0.21778208955223882;0.2753298507462687;0.32445373134328365;0.3623805970149254;0.3798462686567165;0.3855208955223881;0.3991522388059701;0.46475820895522385;0.3778567164179105
2022-06-22T00:00:00.000Z;0.111;0.8264626865671642;0.12816119402985077;0.1835223880597015;0.2444;0.28768208955223884;0.3250388059701493;0.34186417910447764;0.3604238805970149;0.36343283582089553;0.432179104477612;0.3482626865671642
2022-06-24T00:00:00.000Z;0.171;1.5501492537313435;0.15969701492537314;0.22027910447761193;0.2857731343283582;0.3351597014925373;0.3703656716417912;0.38936567164179114;0.3992955223880597;0.40838805970149256;0.49892238805970146;0.42401194029850753
2022-06-27T00:00:00.000Z;0.127;1.3369701492537314;0.13351940298507464;0.18731940298507466;0.24691343283582093;0.29007164179104483;0.32535223880597014;0.3447611940298508;0.3561910447761194;0.36433432835820895;0.4467850746268657;0.3762805970149254
2022-06-29T00:00:00.000Z;0.22049253731343285;1.913955223880597;0.15663432835820895;0.21842089552238808;0.2853761194029851;0.3375298507462687;0.37000149253731346;0.38666567164179116;0.3893925373134328;0.4080089552238806;0.49275223880597013;0.40266119402985073
2022-07-02T00:00:00.000Z;0.368;2.0590149253731345;0.12777761194029852;0.18577313432835826;0.24136716417910448;0.28783432835820894;0.3207582089552239;0.3375208955223881;0.3378089552238806;0.35781044776119403;0.41317014925373136;0.3259492537313433
2022-07-04T00:00:00.000Z;0.23626865671641792;2.210686567164179;0.15931641791044776;0.21818208955223883;0.2784492537313433;0.3283537313432836;0.3597373134328358;0.38175671641791054;0.3827746268656717;0.4010567164179105;0.4788746268656716;0.4007746268656717
2022-07-07T00:00:00.000Z;;;;;;;;;;;;
2022-07-09T00:00:00.000Z;0.20964179104477612;1.645;0.15284925373134328;0.21553582089552242;0.2833820895522388;0.33294776119402986;0.3649955223880597;0.38260597014925374;0.38790597014925376;0.40220149253731347;0.49550746268656715;0.40742985074626875
2022-07-12T00:00:00.000Z;0.19889552238805971;1.5018955223880597;0.13110298507462687;0.18814328358208957;0.24983283582089558;0.29710000000000003;0.32504328358208956;0.3430134328358209;0.3505940298507463;0.3634492537313433;0.4414373134328358;0.35597761194029853
2022-07-14T00:00:00.000Z;0.29149253731343283;1.5085970149253731;0.15227462686567164;0.21310447761194032;0.2801701492537313;0.32751492537313437;0.3596194029850746;0.3791716417910448;0.3901805970149254;0.4004134328358209;0.4961238805970149;0.41941940298507463
2022-07-17T00:00:00.000Z;0.166;1.113507462686567;0.1325641791044776;0.18765970149253733;0.25094328358208956;0.29348805970149255;0.323710447761194;0.3410253731343284;0.3565850746268657;0.36100746268656725;0.44960746268656715;0.37844776119402984
2022-07-19T00:00:00.000Z;0.155;1.763089552238806;0.14645671641791047;0.2041761194029851;0.2660059701492537;0.313989552238806;0.3439940298507463;0.3606925373134328;0.36416119402985075;0.3819865671641791;0.4726298507462687;0.3912179104477612
2022-07-22T00:00:00.000Z;0.182;2.097402985074627;0.1294089552238806;0.1844;0.2446089552238806;0.2907671641791045;0.3184567164179105;0.3338402985074627;0.33690149253731344;0.3563089552238806;0.43348358208955223;0.35079402985074626
2022-07-24T00:00:00.000Z;0.28071641791044777;1.1269701492537314;0.16115671641791046;0.22320298507462685;0.29010746268656723;0.3360701492537313;0.36421044776119404;0.38206865671641793;0.39727910447761194;0.4013537313432836;0.4916358208955224;0.4151179104477612
2022-07-27T00:00:00.000Z;0.253044776119403;2.546597014925373;0.1315626865671642;0.18636716417910448;0.24950746268656723;0.29698805970149256;0.3229283582089552;0.340444776119403;0.3410059701492537;0.36196567164179116;0.4489597014925374;0.3755432835820896
2022-07-29T00:00:00.000Z;0.20400000000000001;2.3418059701492537;0.1504492537313433;0.21099402985074628;0.2774641791044776;0.32679850746268657;0.3528582089552239;0.3695925373134328;0.36835970149253733;0.3919417910447761;0.4846716417910449;0.3970626865671642
2022-08-01T00:00:00.000Z;0.182;2.565641791044776;0.12977164179104475;0.18429850746268656;0.24607462686567166;0.2936388059701493;0.3159880597014926;0.33325223880597016;0.33179701492537317;0.35485223880597017;0.4355820895522388;0.3492179104477612
2022-08-03T00:00:00.000Z;0.2640149253731343;1.7544328358208954;0.15387164179104476;0.21411343283582093;0.27951044776119405;0.32777313432835825;0.3526582089552239;0.37304626865671653;0.3776;0.39064029850746274;0.48063432835820896;0.40550746268656723
2022-08-06T00:00:00.000Z;0.193;1.50444776119403;0.13211641791044776;0.1869223880597015;0.2491701492537313;0.2908611940298508;0.3173283582089552;0.33453134328358214;0.344844776119403;0.354989552238806;0.4394611940298508;0.3690597014925373
2022-08-08T00:00:00.000Z;0.259;1.3129104477611941;0.15402835820895525;0.21911492537313434;0.29034776119402983;0.33874477611940296;0.36457910447761194;0.3804223880597015;0.38793432835820896;0.4005492537313433;0.488344776119403;0.3985238805970149
2022-08-11T00:00:00.000Z;0.116;1.7672985074626864;0.12095820895522388;0.17322985074626865;0.2310268656716418;0.27513134328358213;0.29882537313432844;0.31534776119402985;0.3195850746268657;0.334310447761194;0.4128223880597015;0.331889552238806
2022-08-13T00:00:00.000Z;;;;;;;;;;;;
2022-08-16T00:00:00.000Z;0.18795522388059702;1.6659104477611941;0.12356567164179105;0.1786089552238806;0.24123283582089558;0.2850164179104478;0.30966567164179104;0.32620298507462686;0.33509253731343286;0.3465985074626866;0.43990746268656716;0.36893432835820894
2022-08-18T00:00:00.000Z;0.22049253731343285;1.3425223880597017;0.14766567164179106;0.2130716417910448;0.2833835820895523;0.3310626865671642;0.35541492537313435;0.3706402985074627;0.3777208955223881;0.3901432835820896;0.4809925373134329;0.39358208955223883
2022-08-21T00:00:00.000Z;0.20400000000000001;1.6099701492537313;0.12736119402985077;0.18986567164179105;0.2593313432835821;0.3088701492537313;0.3356223880597015;0.35274477611940297;0.3579850746268657;0.3743776119402985;0.4483358208955224;0.3626029850746269
2022-08-23T00:00:00.000Z;0.253044776119403;2.7053283582089556;0.14825671641791047;0.21110298507462685;0.27869402985074626;0.3290492537313433;0.35054776119402986;0.3708880597014926;0.3652283582089552;0.38818805970149256;0.48497164179104485;0.4078641791044776
2022-08-26T00:00:00.000Z;0.20400000000000001;2.9745333333333335;0.12402;0.17867333333333332;0.23745333333333335;0.2848616666666667;0.3040266666666667;0.31849333333333335;0.32574333333333333;0.33303166666666667;0.4140416666666667;0.338065
2022-08-28T00:00:00.000Z;0.275;2.380686567164179;0.1318417910447761;0.1932059701492537;0.2554626865671642;0.3081417910447761;0.3335731343283582;0.3484313432835821;0.3447970149253732;0.36846567164179117;0.45325671641791043;0.3662029850746269
2022-08-31T00:00:00.000Z;0.319;2.6737462686567164;0.12093731343283583;0.18153731343283586;0.2404208955223881;0.2912880597014926;0.3208537313432836;0.33726417910447765;0.33551940298507466;0.3623268656716418;0.4347716417910449;0.3431328358208956
2022-09-02T00:00:00.000Z;0.20964179104477612;2.0635223880597016;0.1408731343283582;0.19981940298507464;0.2609328358208956;0.3068522388059702;0.3360134328358209;0.35528208955223883;0.35710447761194036;0.373244776119403;0.4677910447761194;0.39565373134328363
2022-09-05T00:00:00.000Z;0.14400000000000002;1.4167462686567165;0.11924328358208955;0.17053731343283582;0.2290805970149254;0.2682223880597015;0.29799253731343284;0.31596567164179107;0.3249731343283582;0.33116417910447765;0.42042835820895524;0.3531298507462687
2022-09-07T00:00:00.000Z;0.18795522388059702;1.0725223880597017;0.1367119402985075;0.1961223880597015;0.2620014925373134;0.3031253731343284;0.3345522388059701;0.3491373134328358;0.36061044776119405;0.36930447761194035;0.4577238805970149;0.3746701492537313
2022-09-10T00:00:00.000Z;0.177;1.6433432835820896;0.11713432835820896;0.17012835820895525;0.22904776119402984;0.27214776119402984;0.29757313432835825;0.3127925373134329;0.31805373134328363;0.3304805970149254;0.4086626865671642;0.3269641791044776
2022-09-12T00:00:00.000Z;;;;;;;;;;;;
2022-09-15T00:00:00.000Z;0.155;2.2267611940298506;0.11707910447761194;0.16865074626865673;0.22532835820895522;0.26470298507462686;0.2912343283582089;0.3065865671641791;0.31046567164179106;0.3243417910447761;0.41440298507462686;0.34690000000000004
2022-09-17T00:00:00.000Z;0.22049253731343285;2.2957313432835824;0.1333313432835821;0.19228805970149251;0.25499552238805967;0.3024208955223881;0.3285268656716418;0.3432955223880597;0.3399925373134329;0.3623119402985074;0.45244477611940304;0.3698791044776119
2022-09-20T00:00:00.000Z;0.18795522388059702;2.1247462686567165;0.11248805970149252;0.16383880597014924;0.2203582089552239;0.2622298507462687;0.28781492537313436;0.3020089552238806;0.3037343283582089;0.3212208955223881;0.3968537313432836;0.31746865671641794
2022-09-22T00:00:00.000Z;0.215;2.446089552238806;0.1350179104477612;0.19219850746268657;0.252744776119403;0.2997910447761194;0.32361492537313435;0.3438208955223881;0.3398179104477612;0.3599716417910448;0.453089552238806;0.3806029850746269
2022-09-25T00:00:00.000Z;;;;;;;;;;;;
2022-09-27T00:00:00.000Z;0.14400000000000002;1.0771940298507463;0.12550895522388059;0.1823940298507463;0.24450149253731343;0.2875701492537313;0.3145507462686567;0.3278641791044776;0.3376955223880597;0.34669104477611945;0.43493283582089554;0.35604925373134333
2022-09-30T00:00:00.000Z;0.111;0.8848955223880597;0.10714776119402984;0.15872835820895526;0.21411940298507462;0.25330746268656723;0.2801880597014926;0.29359701492537316;0.30792537313432844;0.3113686567164179;0.3835567164179105;0.306689552238806
2022-10-02T00:00:00.000Z;0.177;1.1261940298507465;0.12832985074626863;0.18443731343283584;0.24386567164179107;0.2853805970149254;0.3128865671641791;0.3289880597014926;0.3399089552238806;0.34644626865671646;0.43220000000000003;0.3638582089552239
2022-10-05T00:00:00.000Z;0.177;1.694246153846154;0.19325846153846157;0.21894461538461538;0.2515938461538461;0.2910646153846154;0.31490615384615384;0.3294784615384616;0.3322184615384616;0.3453123076923077;0.38046923076923084;0.31345076923076926
2022-10-07T00:00:00.000Z;0.24211940298507464;2.2911641791044777;0.11162089552238806;0.16527164179104475;0.21724776119402983;0.2654402985074627;0.2942059701492537;0.30693582089552246;0.3014462686567165;0.3232611940298508;0.38491940298507465;0.2999462686567165
2022-10-10T00:00:00.000Z;;;;;;;;;;;;
2022-10-12T00:00:00.000Z;0.166;2.502116279069768;0.08845116279069767;0.1218232558139535;0.15445348837209305;0.1867883720930233;0.20936511627906973;0.22214418604651165;0.2190232558139535;0.23177209302325583;0.26197441860465115;0.20273953488372087
2022-10-15T00:00:00.000Z;0.171;1.579223880597015;0.10325074626865671;0.14865671641791045;0.19495522388059702;0.23174477611940297;0.26471343283582094;0.2796253731343284;0.2862716417910448;0.2939940298507463;0.3669567164179105;0.3071686567164179
2022-10-17T00:00:00.000Z;0.18795522388059702;1.9001791044776122;0.11145671641791047;0.1629089552238806;0.21341641791044777;0.2543880597014926;0.28640298507462686;0.3009611940298508;0.2989761194029851;0.31761343283582094;0.390744776119403;0.3223611940298508
2022-10-20T00:00:00.000Z;;;;;;;;;;;;
2022-10-22T00:00:00.000Z;;;;;;;;;;;;
2022-10-25T00:00:00.000Z;;;;;;;;;;;;
2022-10-27T00:00:00.000Z;;;;;;;;;;;;
2022-10-30T00:00:00.000Z;;;;;;;;;;;;
2022-11-01T00:00:00.000Z;0.138;1.7676716417910447;0.1024134328358209;0.1470119402985075;0.1932417910447761;0.2309701492537313;0.2624656716417911;0.27829402985074625;0.27791194029850746;0.29249701492537317;0.37728507462686567;0.3168955223880597
2022-11-04T00:00:00.000Z;0.056;1.0977164179104475;0.1025313432835821;0.14215074626865673;0.18562985074626864;0.21802686567164178;0.2503656716417911;0.2677253731343284;0.27664179104477615;0.282789552238806;0.3568507462686567;0.2991089552238806
2022-11-06T00:00:00.000Z;0.1;0.5395820895522389;0.09534626865671642;0.14234626865671643;0.1900716417910448;0.22216716417910448;0.2539179104477612;0.2701014925373134;0.2815761194029851;0.2863850746268657;0.3582492537313433;0.2922716417910448
2022-11-09T00:00:00.000Z;;;;;;;;;;;;
2022-11-11T00:00:00.000Z;;;;;;;;;;;;
2022-11-14T00:00:00.000Z;0.127;1.837507462686567;0.09163134328358208;0.13216716417910448;0.17224328358208954;0.20831194029850744;0.2430208955223881;0.25765522388059703;0.2595074626865672;0.27163432835820894;0.3363940298507463;0.2802716417910448
2022-11-16T00:00:00.000Z;;;;;;;;;;;;
2022-11-19T00:00:00.000Z;0.089;0.9860434782608697;0.02559130434782609;0.03481304347826087;0.041543478260869564;0.05057826086956522;0.05946521739130435;0.06254347826086956;0.06323913043478262;0.06569565217391304;0.07136521739130436;0.0519695652173913
2022-11-21T00:00:00.000Z;;;;;;;;;;;;
2022-11-24T00:00:00.000Z;0.089;1.5719701492537312;0.0888179104477612;0.12674626865671643;0.1673880597014925;0.1991761194029851;0.23091641791044779;0.2430208955223881;0.2513313432835821;0.2577626865671642;0.3237537313432836;0.2670134328358209
2022-11-26T00:00:00.000Z;;;;;;;;;;;;
2022-11-29T00:00:00.000Z;0.07200000000000001;0.8271343283582089;0.0801313432835821;0.12078955223880597;0.16184776119402985;0.19655671641791048;0.2281253731343284;0.24126567164179105;0.25190447761194035;0.2567716417910448;0.3154582089552239;0.24846268656716422
2022-12-01T00:00:00.000Z;;;;;;;;;;;;
2022-12-04T00:00:00.000Z;;;;;;;;;;;;
2022-12-06T00:00:00.000Z;;;;;;;;;;;;
2022-12-09T00:00:00.000Z;;;;;;;;;;;;
2022-12-11T00:00:00.000Z;;;;;;;;;;;;
2022-12-14T00:00:00.000Z;;;;;;;;;;;;
2022-12-16T00:00:00.000Z;;;;;;;;;;;;
2022-12-19T00:00:00.000Z;;;;;;;;;;;;
2022-12-21T00:00:00.000Z;;;;;;;;;;;;
2022-12-24T00:00:00.000Z;0.067;1.067492537313433;0.08688358208955224;0.1278761194029851;0.16725373134328358;0.20171940298507465;0.23645223880597016;0.2518134328358209;0.2636179104477612;0.2649253731343284;0.33130298507462685;0.2730507462686567
2022-12-26T00:00:00.000Z;;;;;;;;;;;;
2022-12-29T00:00:00.000Z;;;;;;;;;;;;
2022-12-31T00:00:00.000Z;0.083;0.7277462686567164;0.09741343283582088;0.13965074626865673;0.18327014925373133;0.219089552238806;0.25604776119402983;0.2699194029850746;0.2840283582089552;0.28765373134328365;0.35653283582089557;0.29690298507462687
2023-01-03T00:00:00.000Z;0.083;1.3268507462686567;0.08566119402985074;0.12265373134328358;0.1597507462686567;0.19438955223880602;0.22933582089552243;0.2426;0.2490059701492537;0.25506567164179106;0.32282388059701494;0.26652985074626867
2023-01-05T00:00:00.000Z;0.094;0.8589402985074627;0.10430597014925373;0.15049402985074628;0.1953567164179105;0.23336119402985078;0.2671014925373134;0.28041343283582093;0.29119253731343286;0.2992179104477612;0.3567716417910448;0.2899805970149254
2023-01-08T00:00:00.000Z;;;;;;;;;;;;
2023-01-10T00:00:00.000Z;0.078;1.3229253731343282;0.09883134328358208;0.14273880597014926;0.18741492537313437;0.2259089552238806;0.26098507462686565;0.27538805970149255;0.27949701492537316;0.2902492537313433;0.3666432835820896;0.3069865671641791
2023-01-13T00:00:00.000Z;0.083;0.48667164179104483;0.08604626865671643;0.1256597014925373;0.16648507462686568;0.1969089552238806;0.23321641791044778;0.24714029850746272;0.2663641791044776;0.2608492537313433;0.3271313432835821;0.2711805970149254
2023-01-15T00:00:00.000Z;0.07200000000000001;0.9688805970149252;0.09734179104477612;0.14295223880597016;0.18962537313432842;0.22904477611940297;0.2622477611940298;0.27504776119402985;0.2833074626865672;0.2927208955223881;0.3623179104477612;0.295789552238806
2023-01-18T00:00:00.000Z;0.089;0.6726417910447762;0.07016268656716418;0.10400746268656717;0.13729104477611942;0.1665507462686567;0.1951492537313433;0.2073537313432836;0.20511044776119403;0.2232537313432836;0.23624776119402982;0.17684776119402984
2023-01-20T00:00:00.000Z;0.078;1.0232352941176472;0.08142745098039215;0.10126078431372548;0.12448039215686274;0.1473078431372549;0.16810196078431372;0.17603725490196076;0.18656470588235294;0.18340784313725492;0.20826274509803921;0.15604117647058824
2023-01-23T00:00:00.000Z;0.078;0.4778507462686568;0.09124776119402984;0.133044776119403;0.1786985074626866;0.21083582089552244;0.24464477611940297;0.2558626865671642;0.27950447761194036;0.27338805970149255;0.34169104477611945;0.2869044776119403
2023-01-25T00:00:00.000Z;;;;;;;;;;;;
2023-01-28T00:00:00.000Z;0.083;0.5774776119402986;0.0907179104477612;0.13582238805970148;0.18236119402985076;0.21481641791044778;0.24739701492537317;0.25917313432835826;0.27862985074626867;0.2768253731343284;0.3355985074626866;0.26893731343283583
2023-01-30T00:00:00.000Z;0.1;0.684089552238806;0.1035134328358209;0.14977910447761195;0.1983208955223881;0.2341298507462687;0.2681761194029851;0.2819552238805971;0.2963507462686567;0.29879701492537314;0.37537611940298504;0.31488358208955225
2023-02-02T00:00:00.000Z;0.083;0.7177164179104477;0.08850746268656717;0.12802238805970148;0.1713985074626866;0.20347910447761197;0.23651492537313434;0.2500059701492537;0.2655014925373134;0.26555373134328364;0.3365701492537313;0.27946417910447763
2023-02-04T00:00:00.000Z;0.089;0.2937164179104478;0.10267761194029852;0.1516626865671642;0.20246567164179105;0.2359671641791045;0.26959253731343286;0.2837388059701493;0.30462835820895523;0.3021388059701493;0.3716179104477612;0.3038731343283582
2023-02-07T00:00:00.000Z;;;;;;;;;;;;
2023-02-09T00:00:00.000Z;;;;;;;;;;;;
2023-02-12T00:00:00.000Z;;;;;;;;;;;;
2023-02-14T00:00:00.000Z;;;;;;;;;;;;
2023-02-17T00:00:00.000Z;;;;;;;;;;;;
2023-02-19T00:00:00.000Z;0.319;1.1581343283582088;0.11105970149253731;0.1607074626865672;0.20679402985074627;0.24273582089552243;0.2737582089552239;0.28708358208955226;0.29334179104477615;0.3012358208955224;0.3737402985074627;0.31755522388059704
2023-02-22T00:00:00.000Z;0.34600000000000003;1.059507462686567;0.1032358208955224;0.15008059701492538;0.19347761194029847;0.22662835820895522;0.2554701492537313;0.2671776119402985;0.27637910447761194;0.2786776119402985;0.3456223880597015;0.2899268656716418
2023-02-24T00:00:00.000Z;;;;;;;;;;;;
2023-02-27T00:00:00.000Z;0.078;0.2747014925373134;0.10031940298507463;0.14567014925373137;0.1963074626865672;0.22547462686567166;0.2570208955223881;0.26872388059701496;0.2934537313432836;0.28521194029850744;0.3543820895522388;0.28724477611940297
2023-03-01T00:00:00.000Z;0.122;0.4941044776119403;0.11639253731343284;0.16667761194029854;0.21991343283582093;0.2534134328358209;0.2856805970149254;0.2988507462686567;0.3186985074626866;0.3168328358208956;0.4029238805970149;0.3419313432835821
2023-03-04T00:00:00.000Z;0.105;0.593776119402985;0.10632686567164179;0.15121791044776123;0.20161791044776123;0.23291044776119402;0.2643880597014926;0.27604776119402985;0.29636417910447765;0.2904343283582089;0.3730029850746269;0.3155507462686567
2023-03-06T00:00:00.000Z;;;;;;;;;;;;
2023-03-09T00:00:00.000Z;;;;;;;;;;;;
2023-03-11T00:00:00.000Z;;;;;;;;;;;;
2023-03-14T00:00:00.000Z;;;;;;;;;;;;
2023-03-16T00:00:00.000Z;0.1;0.7625074626865671;0.11775970149253731;0.16988955223880597;0.22541940298507462;0.2635731343283582;0.2941044776119403;0.30871044776119405;0.3185;0.32529850746268657;0.4107014925373134;0.3393208955223881
2023-03-19T00:00:00.000Z;0.105;1.0694626865671641;0.11294925373134329;0.16348656716417911;0.2154955223880597;0.25220746268656724;0.28001194029850746;0.29233582089552246;0.30421194029850745;0.3089597014925373;0.3853716417910448;0.31235522388059705
2023-03-21T00:00:00.000Z;;;;;;;;;;;;
2023-03-24T00:00:00.000Z;0.1;0.8795970149253732;0.1183358208955224;0.1670268656716418;0.22092537313432842;0.25375671641791053;0.2825343283582089;0.2960313432835821;0.31290447761194035;0.3124492537313433;0.39674179104477614;0.3359402985074627
2023-03-26T00:00:00.000Z;;;;;;;;;;;;
2023-03-29T00:00:00.000Z;0.105;0.7591343283582089;0.11424925373134329;0.16541791044776122;0.22047462686567165;0.25501940298507464;0.28281940298507463;0.29552686567164177;0.311889552238806;0.3132477611940298;0.3899134328358209;0.3178388059701493
2023-03-31T00:00:00.000Z;;;;;;;;;;;;
2023-04-03T00:00:00.000Z;0.089;0.4311940298507463;0.12154328358208955;0.17354626865671643;0.2316805970149254;0.2629417910447761;0.29090746268656725;0.30524776119402985;0.3291283582089552;0.3220014925373134;0.4120283582089553;0.3498761194029851
2023-04-05T00:00:00.000Z;0.149;0.49717910447761193;0.13931492537313434;0.1985134328358209;0.2631701492537313;0.29962388059701495;0.32774328358208954;0.3436343283582089;0.36093582089552245;0.3600820895522388;0.44984328358208964;0.37255074626865675
2023-04-08T00:00:00.000Z;0.116;0.48222388059701493;0.12123283582089553;0.1742089552238806;0.2338985074626866;0.2675208955223881;0.2949089552238806;0.3088268656716418;0.32892238805970153;0.3237820895522388;0.40692985074626875;0.32995223880597013
2023-04-10T00:00:00.000Z;0.3298955223880597;1.430686567164179;0.09679402985074628;0.12723880597014925;0.15601492537313436;0.17981940298507465;0.1977716417910448;0.20649850746268658;0.2086;0.21413731343283582;0.23463283582089559;0.18525074626865673
2023-04-13T00:00:00.000Z;;;;;;;;;;;;
2023-04-15T00:00:00.000Z;0.16;1.005776119402985;0.14823731343283583;0.2084343283582089;0.27487910447761194;0.31409104477611943;0.34014328358208956;0.3534253731343284;0.3642746268656717;0.3706626865671642;0.46426417910447765;0.3839402985074627
2023-04-18T00:00:00.000Z;0.089;0.8378507462686567;0.1262089552238806;0.17995820895522388;0.240444776119403;0.2774925373134328;0.3019805970149254;0.31577611940298506;0.3310388059701493;0.3332298507462687;0.41748955223880596;0.3404611940298508
2023-04-20T00:00:00.000Z;0.166;0.8719701492537314;0.15388805970149252;0.21450000000000002;0.28240746268656725;0.3218179104477612;0.3484910447761194;0.3623283582089552;0.3785522388059701;0.380144776119403;0.48126417910447766;0.40910447761194035
2023-04-23T00:00:00.000Z;0.122;0.8768805970149254;0.12957164179104474;0.1823641791044776;0.24404179104477614;0.28071194029850743;0.30651343283582094;0.3186402985074627;0.3361134328358209;0.3354701492537313;0.4333985074626866;0.36795373134328363
2023-04-25T00:00:00.000Z;0.094;1.276179104477612;0.15061940298507465;0.21142835820895522;0.2800283582089552;0.3193910447761194;0.3438820895522388;0.3592567164179105;0.3665865671641791;0.3771029850746269;0.48122388059701493;0.40143582089552243
2023-04-28T00:00:00.000Z;;;;;;;;;;;;
2023-04-30T00:00:00.000Z;;;;;;;;;;;;
2023-05-03T00:00:00.000Z;;;;;;;;;;;;
2023-05-05T00:00:00.000Z;0.1;1.0818955223880595;0.1533238805970149;0.21425820895522388;0.2840044776119403;0.32383731343283584;0.34624776119402983;0.36215074626865673;0.3732641791044776;0.38140447761194035;0.4843805970149254;0.4040029850746269
2023-05-08T00:00:00.000Z;;;;;;;;;;;;
2023-05-10T00:00:00.000Z;0.1;1.6381492537313433;0.1591537313432836;0.21778805970149256;0.2870388059701493;0.3303298507462687;0.35176567164179107;0.3677880597014926;0.3750462686567165;0.38644179104477616;0.4976537313432836;0.427055223880597
2023-05-13T00:00:00.000Z;0.122;1.319507462686567;0.1605134328358209;0.2174328358208956;0.28710149253731343;0.33068358208955223;0.3576164179104478;0.3736522388059701;0.3910985074626866;0.3947238805970149;0.4782477611940299;0.4050164179104478
2023-05-15T00:00:00.000Z;0.056;0.7077014925373135;0.1743641791044776;0.23815820895522388;0.31345373134328364;0.3579716417910448;0.387734328358209;0.4062641791044776;0.4252597014925374;0.4294358208955224;0.5294641791044776;0.4436223880597015
2023-05-18T00:00:00.000Z;;;;;;;;;;;;
2023-05-20T00:00:00.000Z;;;;;;;;;;;;
2023-05-23T00:00:00.000Z;;;;;;;;;;;;
2023-05-25T00:00:00.000Z;;;;;;;;;;;;
2023-05-28T00:00:00.000Z;;;;;;;;;;;;
2023-05-30T00:00:00.000Z;0.122;1.66144776119403;0.1519402985074627;0.1934716417910448;0.23579402985074627;0.2759925373134328;0.31138358208955225;0.3300164179104478;0.33216417910447765;0.3462208955223881;0.39145223880597013;0.30190447761194034
2023-06-02T00:00:00.000Z;0.4221194029850746;1.9182835820895525;0.1299238805970149;0.1871462686567164;0.2446179104477612;0.2883970149253732;0.32513582089552245;0.34173432835820894;0.3451074626865672;0.3563567164179105;0.41560895522388064;0.3192343283582089
2023-06-04T00:00:00.000Z;0.078;1.9081791044776122;0.14016119402985075;0.1962850746268657;0.2540985074626866;0.2996865671641791;0.3335074626865672;0.3476492537313433;0.3507701492537313;0.3679716417910448;0.45794626865671645;0.3727970149253732
2023-06-07T00:00:00.000Z;;;;;;;;;;;;
2023-06-09T00:00:00.000Z;;;;;;;;;;;;
2023-06-12T00:00:00.000Z;;;;;;;;;;;;
2023-06-14T00:00:00.000Z;0.14400000000000002;1.8172388059701492;0.14998358208955223;0.21128358208955225;0.2689865671641791;0.31648208955223883;0.35895074626865675;0.3760820895522388;0.3776194029850746;0.3931;0.48114626865671645;0.3970656716417912
2023-06-17T00:00:00.000Z;0.14400000000000002;1.9154925373134328;0.1275671641791045;0.18086268656716417;0.23438805970149257;0.27925223880597017;0.32120000000000004;0.33713432835820895;0.3406388059701493;0.3565388059701493;0.43245074626865676;0.35263134328358214
2023-06-19T00:00:00.000Z;;;;;;;;;;;;
2023-06-22T00:00:00.000Z;0.215;1.8233283582089557;0.11257313432835822;0.1623134328358209;0.2092865671641791;0.2502626865671642;0.2979671641791045;0.3177343283582089;0.3229283582089552;0.334444776119403;0.3989134328358209;0.3218059701492537
2023-06-24T00:00:00.000Z;0.16;1.6158955223880596;0.14861044776119406;0.20792388059701494;0.26555522388059705;0.313144776119403;0.3611746268656717;0.3807044776119403;0.3856820895522388;0.4001865671641791;0.48237164179104486;0.39835522388059696
2023-06-27T00:00:00.000Z;0.357;2.087402985074627;0.12106716417910449;0.1679402985074627;0.2113283582089552;0.25661492537313435;0.30757462686567166;0.32927761194029853;0.32998507462686566;0.3506567164179105;0.4221671641791045;0.33863134328358213
2023-06-29T00:00:00.000Z;0.5744029850746268;2.160059701492537;0.14712985074626864;0.20341791044776122;0.2574283582089552;0.3067671641791045;0.360589552238806;0.387744776119403;0.3911820895522388;0.40877910447761195;0.5004776119402986;0.4196925373134329
2023-07-02T00:00:00.000Z;0.149;2.461805970149254;0.13155970149253732;0.1840358208955224;0.23458507462686568;0.27688358208955227;0.32166268656716424;0.3420179104477612;0.3418955223880597;0.3588597014925373;0.43707014925373133;0.36935970149253733
2023-07-04T00:00:00.000Z;0.18795522388059702;1.7811044776119405;0.1533044776119403;0.2132582089552239;0.2734776119402985;0.31994626865671644;0.3633358208955224;0.38243134328358214;0.3852597014925373;0.40080149253731345;0.4846477611940299;0.3989417910447761
2023-07-07T00:00:00.000Z;;;;;;;;;;;;
2023-07-09T00:00:00.000Z;0.23700000000000002;2.4156119402985077;0.15072238805970148;0.20739104477611942;0.25871641791044775;0.3053626865671642;0.3452223880597015;0.3670477611940298;0.364034328358209;0.3824164179104478;0.4637298507462687;0.3922328358208955
2023-07-12T00:00:00.000Z;0.2512835820895522;1.5982238805970148;0.1388626865671642;0.1880716417910448;0.23781194029850747;0.2774597014925373;0.31823582089552244;0.3383492537313433;0.3461164179104478;0.35750746268656725;0.4336865671641791;0.36604179104477613
2023-07-14T00:00:00.000Z;0.215;1.8448358208955224;0.15342089552238808;0.21464179104477613;0.27558208955223884;0.32404477611940297;0.3600626865671642;0.3787805970149254;0.38016567164179116;0.3969910447761194;0.48301492537313434;0.3957238805970149
2023-07-17T00:00:00.000Z;0.24211940298507464;1.4801940298507463;0.1261462686567164;0.1815582089552239;0.2347134328358209;0.2766850746268657;0.31363582089552244;0.3297477611940298;0.3361820895522388;0.3469686567164179;0.41708805970149254;0.33697462686567164
2023-07-19T00:00:00.000Z;;;;;;;;;;;;
2023-07-22T00:00:00.000Z;;;;;;;;;;;;
2023-07-24T00:00:00.000Z;0.3298955223880597;1.8447313432835823;0.15724179104477612;0.21043880597014927;0.26161492537313435;0.3121716417910448;0.3482388059701493;0.3674776119402985;0.3613074626865672;0.38603432835820894;0.4527686567164179;0.37172238805970154
2023-07-27T00:00:00.000Z;0.111;2.720044776119403;0.12652835820895525;0.17731044776119406;0.22980895522388062;0.27421641791044776;0.30557462686567166;0.3218194029850746;0.31763880597014926;0.3411985074626866;0.42159552238805975;0.3398179104477612
2023-07-29T00:00:00.000Z;0.2640149253731343;1.5720746268656718;0.15806268656716418;0.2187343283582089;0.2813835820895523;0.32733582089552243;0.3603955223880597;0.3786940298507463;0.3859358208955224;0.3963029850746269;0.4860313432835821;0.41035074626865675
2023-08-01T00:00:00.000Z;0.166;1.3056268656716419;0.13174179104477612;0.18608955223880602;0.2441283582089552;0.2850865671641791;0.3172089552238806;0.33464179104477615;0.34584179104477614;0.3510283582089552;0.440155223880597;0.37102835820895524
2023-08-03T00:00:00.000Z;0.193;1.746955223880597;0.15300746268656717;0.2160805970149254;0.28121492537313436;0.3294388059701493;0.36066119402985075;0.3743134328358209;0.37644179104477615;0.39346119402985075;0.48724477611940303;0.3993164179104478
2023-08-06T00:00:00.000Z;0.155;1.4846716417910448;0.1294402985074627;0.18731940298507466;0.24667462686567165;0.29087462686567167;0.31971194029850747;0.3337223880597015;0.34126268656716424;0.35199701492537316;0.430279104477612;0.3468208955223881
2023-08-08T00:00:00.000Z;0.226;2.3816567164179108;0.14865373134328358;0.2046716417910448;0.2562343283582089;0.30101343283582094;0.3303164179104478;0.3506358208955224;0.34732537313432843;0.3653373134328358;0.448579104477612;0.37712238805970155
2023-08-11T00:00:00.000Z;0.19889552238805971;1.689;0.13300298507462688;0.188;0.2467910447761194;0.2892970149253732;0.3185029850746269;0.3347074626865672;0.34132835820895524;0.3508179104477612;0.4371373134328358;0.3660402985074627
2023-08-13T00:00:00.000Z;0.248;2.23410447761194;0.15128358208955225;0.21431492537313435;0.2774059701492537;0.32835970149253735;0.35485522388059704;0.3704597014925373;0.3668402985074627;0.38825074626865674;0.47817462686567164;0.39048507462686566
2023-08-16T00:00:00.000Z;0.116;2.0947462686567166;0.12305223880597016;0.1736626865671642;0.22608358208955226;0.27023880597014927;0.2955686567164179;0.30896716417910447;0.3109074626865672;0.3287716417910448;0.40711044776119404;0.32764776119402983
2023-08-18T00:00:00.000Z;0.193;1.214686567164179;0.15372388059701492;0.2163701492537313;0.2816761194029851;0.32665522388059703;0.3553462686567165;0.37205074626865675;0.3842044776119403;0.38964776119402983;0.48458208955223886;0.4083910447761194
2023-08-21T00:00:00.000Z;0.16;2.0718507462686566;0.12979552238805972;0.1849134328358209;0.24407164179104482;0.28808358208955226;0.3147089552238806;0.32892238805970153;0.33231343283582093;0.3461358208955224;0.43887611940298515;0.36657313432835825
2023-08-23T00:00:00.000Z;0.226;1.6029701492537314;0.14583880597014925;0.20791343283582092;0.2742208955223881;0.3226701492537313;0.3495805970149254;0.3643268656716418;0.36666119402985076;0.3821492537313433;0.4749850746268657;0.3873134328358209
2023-08-26T00:00:00.000Z;0.319;1.7408358208955224;0.13654328358208956;0.1889850746268657;0.2360089552238806;0.2767462686567165;0.3038701492537313;0.31765223880597016;0.3177582089552239;0.33658358208955225;0.3910925373134328;0.3009582089552239
2023-08-28T00:00:00.000Z;0.166;1.2002686567164178;0.14466716417910447;0.2059089552238806;0.26992089552238807;0.31614328358208954;0.3416850746268657;0.356789552238806;0.3680940298507463;0.37336119402985074;0.4701358208955224;0.39572835820895524
2023-08-31T00:00:00.000Z;0.171;1.8317761194029847;0.1255537313432836;0.1796119402985075;0.2394776119402985;0.28276716417910447;0.30799253731343285;0.3232313432835821;0.329110447761194;0.33974179104477614;0.42982089552238806;0.35755223880597015
2023-09-02T00:00:00.000Z;;;;;;;;;;;;
2023-09-05T00:00:00.000Z;;;;;;;;;;;;
2023-09-07T00:00:00.000Z;0.20400000000000001;2.812761194029851;0.13787462686567165;0.195855223880597;0.2528149253731343;0.3016805970149254;0.3299805970149254;0.35076417910447766;0.34450149253731344;0.3654;0.45202537313432845;0.3782432835820896
2023-09-10T00:00:00.000Z;0.182;2.288611940298508;0.10580597014925372;0.1507417910447761;0.20122686567164177;0.2412373134328358;0.268544776119403;0.2846507462686567;0.2700716417910448;0.30036865671641794;0.3630179104477612;0.3068582089552239
2023-09-12T00:00:00.000Z;;;;;;;;;;;;
2023-09-15T00:00:00.000Z;0.105;2.638567164179105;0.1263134328358209;0.17524776119402985;0.2238;0.2701716417910448;0.3000686567164179;0.31471194029850746;0.31298805970149257;0.3328417910447761;0.40819104477611945;0.31454477611940296
2023-09-17T00:00:00.000Z;0.20400000000000001;2.9822985074626867;0.12630149253731343;0.17986567164179107;0.2321626865671642;0.27961194029850744;0.3086313432835821;0.3282;0.3250223880597015;0.3443223880597015;0.4176641791044777;0.3394791044776119
2023-09-20T00:00:00.000Z;0.138;2.0785223880597012;0.1169492537313433;0.16568656716417912;0.21483283582089557;0.25549552238805967;0.2875343283582089;0.3022626865671642;0.3062507462686567;0.317889552238806;0.4016940298507463;0.3317820895522388
2023-09-22T00:00:00.000Z;0.056;1.215865671641791;0.11959701492537313;0.1669582089552239;0.21026567164179105;0.24520149253731344;0.2682537313432836;0.27533880597014926;0.32339701492537315;0.2841880597014926;0.3638626865671642;0.28331940298507463
2023-09-25T00:00:00.000Z;0.094;1.1706119402985076;0.11088358208955225;0.16208059701492536;0.21391044776119403;0.25194776119402984;0.27936268656716423;0.2933731343283582;0.3040328358208956;0.31048805970149257;0.38643432835820896;0.3124865671641791
2023-09-27T00:00:00.000Z;0.122;1.59655223880597;0.12994179104477613;0.18528955223880603;0.24031194029850744;0.28269402985074626;0.3109582089552239;0.32709402985074626;0.33193731343283583;0.3424089552238806;0.4359417910447762;0.3673074626865672
2023-09-30T00:00:00.000Z;0.089;1.5135522388059701;0.11251791044776122;0.15957910447761195;0.2116537313432836;0.24989701492537317;0.2771880597014926;0.29151194029850747;0.2997910447761194;0.3057641791044776;0.39712537313432844;0.333589552238806
2023-10-02T00:00:00.000Z;0.105;1.0381194029850749;0.12383432835820896;0.17810298507462688;0.23608805970149258;0.2767223880597015;0.3050820895522388;0.3187373134328358;0.3276537313432836;0.33594776119402986;0.4233;0.34835522388059703
2023-10-05T00:00:00.000Z;0.127;1.278179104477612;0.10832537313432836;0.1575880597014925;0.20805373134328362;0.24755671641791052;0.272489552238806;0.28572537313432844;0.2939850746268657;0.3011537313432836;0.37890447761194035;0.3037402985074627
2023-10-07T00:00:00.000Z;0.14400000000000002;1.376044776119403;0.1263686567164179;0.1796;0.2347179104477612;0.27591044776119406;0.30506119402985077;0.3198134328358209;0.32520149253731345;0.3336268656716418;0.4274417910447762;0.3601298507462687
2023-10-10T00:00:00.000Z;0.111;1.3238360655737704;0.11006229508196722;0.1473377049180328;0.19171803278688523;0.22530491803278688;0.2511524590163935;0.2628950819672132;0.27172786885245903;0.2764754098360656;0.3548868852459017;0.29452295081967217
2023-10-12T00:00:00.000Z;0.127;1.1663880597014924;0.12083731343283582;0.17469701492537312;0.23122537313432842;0.27421641791044776;0.3002865671641791;0.3141582089552239;0.31910447761194033;0.3297373134328358;0.4182104477611941;0.34301194029850746
2023-10-15T00:00:00.000Z;0.14400000000000002;1.836313432835821;0.1057223880597015;0.1556597014925373;0.2056089552238806;0.24727910447761192;0.26979701492537317;0.2824626865671642;0.2848865671641791;0.2979611940298508;0.3766268656716418;0.2991865671641791
2023-10-17T00:00:00.000Z;;;;;;;;;;;;
2023-10-20T00:00:00.000Z;0.111;1.6697313432835823;0.11103283582089553;0.16520597014925373;0.22097313432835822;0.2633059701492537;0.29257910447761193;0.3070492537313433;0.3028388059701493;0.32458358208955224;0.4122417910447762;0.3461134328358209
2023-10-22T00:00:00.000Z;;;;;;;;;;;;
2023-10-25T00:00:00.000Z;0.067;1.6332835820895526;0.04087014925373134;0.06357761194029851;0.08397164179104477;0.10168059701492538;0.11347910447761195;0.1191119402985075;0.1204820895522388;0.12698955223880595;0.14145074626865672;0.10612089552238807
2023-10-27T00:00:00.000Z;;;;;;;;;;;;
2023-10-30T00:00:00.000Z;0.094;1.6625074626865672;0.12728507462686567;0.18435522388059702;0.24311940298507462;0.2892611940298508;0.32095522388059705;0.3350880597014926;0.34334328358208954;0.35475373134328364;0.4503313432835821;0.3706597014925373
2023-11-01T00:00:00.000Z;;;;;;;;;;;;
2023-11-04T00:00:00.000Z;;;;;;;;;;;;
2023-11-06T00:00:00.000Z;;;;;;;;;;;;
2023-11-09T00:00:00.000Z;;;;;;;;;;;;
2023-11-11T00:00:00.000Z;0.056;1.579910447761194;0.09830746268656716;0.14007761194029852;0.18415223880597018;0.2214865671641791;0.24395223880597014;0.25551343283582095;0.2533671641791045;0.2701970149253732;0.33561044776119403;0.270689552238806
2023-11-14T00:00:00.000Z;0.078;1.100641791044776;0.09667164179104476;0.14368507462686567;0.19309850746268656;0.23202388059701495;0.25681194029850746;0.2684582089552239;0.27826268656716424;0.2850955223880597;0.3551761194029851;0.2813850746268657
2023-11-16T00:00:00.000Z;;;;;;;;;;;;
2023-11-19T00:00:00.000Z;0.078;1.0880149253731344;0.09197910447761194;0.135344776119403;0.1814253731343284;0.2184567164179105;0.24335522388059705;0.2563492537313433;0.26634328358208953;0.26997313432835823;0.34885223880597016;0.28713134328358214
2023-11-21T00:00:00.000Z;0.089;0.7446268656716418;0.10780298507462688;0.16105820895522388;0.21668208955223883;0.25535970149253734;0.2816;0.29426567164179107;0.3063164179104478;0.3111537313432836;0.3874507462686567;0.3155373134328358
2023-11-24T00:00:00.000Z;0.07200000000000001;0.750223880597015;0.09352089552238807;0.14218507462686567;0.1915402985074627;0.2275313432835821;0.25254776119402983;0.2640164179104478;0.2788716417910448;0.27989253731343283;0.34780149253731346;0.2755880597014926
2023-11-26T00:00:00.000Z;0.133;0.9844477611940298;0.12028059701492537;0.1378;0.15947910447761196;0.18463432835820895;0.1998313432835821;0.20690447761194034;0.20829104477611943;0.2141268656716418;0.25340447761194035;0.2241776119402985
2023-11-29T00:00:00.000Z;;;;;;;;;;;;
2023-12-01T00:00:00.000Z;;;;;;;;;;;;
2023-12-04T00:00:00.000Z;;;;;;;;;;;;
2023-12-06T00:00:00.000Z;;;;;;;;;;;;
2023-12-09T00:00:00.000Z;;;;;;;;;;;;
2023-12-11T00:00:00.000Z;0.083;1.1482686567164178;0.10112835820895524;0.14976567164179105;0.2001686567164179;0.24029253731343284;0.2624149253731344;0.27309402985074627;0.2782776119402985;0.2883268656716418;0.355089552238806;0.28699701492537316
2023-12-14T00:00:00.000Z;0.067;0.7151194029850747;0.09213134328358208;0.13899850746268658;0.18761791044776122;0.22349104477611942;0.24987313432835823;0.26006716417910447;0.27686567164179104;0.2755716417910448;0.33811044776119403;0.2670253731343284
2023-12-16T00:00:00.000Z;0.07200000000000001;0.6460149253731343;0.10597761194029852;0.15488507462686568;0.20599850746268658;0.24294776119402983;0.27120597014925374;0.2818253731343284;0.2976910447761194;0.3006940298507463;0.37828208955223885;0.31356417910447765
2023-12-19T00:00:00.000Z;0.067;0.511089552238806;0.09501343283582088;0.14039701492537313;0.1894358208955224;0.22181492537313435;0.2511;0.2609328358208956;0.28415820895522387;0.27642388059701495;0.3486283582089552;0.28821194029850744
2023-12-21T00:00:00.000Z;0.07200000000000001;0.8673582089552239;0.1029089552238806;0.15428507462686566;0.20837910447761193;0.24854477611940298;0.27388358208955227;0.2849611940298508;0.29418358208955225;0.3023059701492537;0.3743985074626866;0.3045955223880597
2023-12-24T00:00:00.000Z;0.067;0.6462537313432836;0.09176865671641793;0.13932537313432836;0.18697910447761198;0.2234567164179105;0.24728805970149256;0.2581537313432836;0.27593731343283584;0.273689552238806;0.3373701492537313;0.2640701492537313
2023-12-26T00:00:00.000Z;0.07200000000000001;0.37628358208955226;0.10311492537313434;0.15038805970149252;0.20155522388059702;0.23588208955223883;0.2653253731343284;0.2762313432835821;0.29586865671641793;0.29357313432835824;0.37004179104477614;0.30630895522388063
2023-12-29T00:00:00.000Z;;;;;;;;;;;;
2023-12-31T00:00:00.000Z;;;;;;;;;;;;
2024-01-03T00:00:00.000Z;;;;;;;;;;;;
2024-01-05T00:00:00.000Z;;;;;;;;;;;;
2024-01-08T00:00:00.000Z;0.067;0.5032089552238806;0.09417611940298508;0.1392641791044776;0.1889850746268657;0.2223343283582089;0.2486283582089552;0.2582194029850746;0.2817582089552239;0.27469253731343285;0.3496567164179105;0.2899597014925373
2024-01-10T00:00:00.000Z;;;;;;;;;;;;
2024-01-13T00:00:00.000Z;;;;;;;;;;;;
2024-01-18T00:00:00.000Z;;;;;;;;;;;;
2024-01-20T00:00:00.000Z;;;;;;;;;;;;
2024-01-23T00:00:00.000Z;0.089;1.3818358208955224;0.09205522388059703;0.1364238805970149;0.18276119402985075;0.2212537313432836;0.24251641791044778;0.2527865671641791;0.26030149253731344;0.2674164179104478;0.3317582089552239;0.2631507462686567
2024-01-25T00:00:00.000Z;;;;;;;;;;;;
2024-01-28T00:00:00.000Z;0.078;0.7274029850746269;0.10136268656716418;0.1405044776119403;0.18442686567164177;0.21617313432835822;0.24059253731343283;0.25215223880597015;0.26708358208955224;0.2668611940298508;0.3369641791044776;0.2798
2024-01-30T00:00:00.000Z;;;;;;;;;;;;
2024-02-02T00:00:00.000Z;0.083;1.1267910447761194;0.09592686567164181;0.1402238805970149;0.1879134328358209;0.22287910447761192;0.2453985074626866;0.2558194029850746;0.265889552238806;0.2709059701492537;0.3429955223880597;0.2747955223880597
2024-02-04T00:00:00.000Z;0.083;0.5728358208955224;0.11614179104477612;0.1701597014925373;0.22637313432835823;0.26358805970149257;0.2915910447761194;0.30133134328358213;0.3207776119402985;0.31935223880597013;0.41244477611940306;0.3499925373134328
2024-02-07T00:00:00.000Z;0.1;1.0554328358208955;0.10000149253731344;0.14514626865671643;0.19351044776119405;0.2276776119402985;0.2504089552238806;0.2610761194029851;0.2743313432835821;0.2756701492537313;0.3566089552238806;0.3008626865671642
2024-02-09T00:00:00.000Z;;;;;;;;;;;;
2024-02-12T00:00:00.000Z;0.083;1.2288059701492537;0.08580149253731344;0.13075522388059702;0.1759492537313433;0.2118626865671642;0.2341194029850746;0.245289552238806;0.2547313432835821;0.2617343283582089;0.3146179104477612;0.2405208955223881
2024-02-14T00:00:00.000Z;;;;;;;;;;;;
2024-02-17T00:00:00.000Z;0.078;1.1450746268656717;0.10265820895522389;0.1503402985074627;0.1990865671641791;0.23579701492537317;0.26085970149253734;0.2708402985074627;0.2844955223880597;0.2861716417910448;0.3652701492537313;0.3088402985074627
2024-02-19T00:00:00.000Z;0.111;1.244;0.06275;0.08010625;0.09695625000000001;0.1147625;0.12838750000000002;0.1361375;0.1391125;0.14676250000000002;0.169325;0.147325
2024-02-22T00:00:00.000Z;;;;;;;;;;;;
2024-02-24T00:00:00.000Z;0.056;0.788089552238806;0.1496985074626866;0.2025074626865672;0.26595970149253734;0.31091492537313437;0.3428985074626866;0.3581776119402985;0.37513582089552244;0.3778970149253732;0.48336268656716425;0.40340149253731344
2024-02-27T00:00:00.000Z;;;;;;;;;;;;
2024-02-29T00:00:00.000Z;0.105;0.6897164179104477;0.12298507462686567;0.1796313432835821;0.23937910447761193;0.2763582089552239;0.3016208955223881;0.31437313432835823;0.3279791044776119;0.3300761194029851;0.4181686567164179;0.3462865671641791
2024-03-03T00:00:00.000Z;0.083;0.5842686567164179;0.10662388059701491;0.15728955223880597;0.2108507462686567;0.24371343283582092;0.2689283582089552;0.27983582089552245;0.2991611940298508;0.2959686567164179;0.3694507462686567;0.2971626865671642
2024-03-05T00:00:00.000Z;0.111;0.7534477611940298;0.1285;0.181744776119403;0.24165223880597014;0.27990298507462685;0.3063358208955224;0.3197611940298508;0.3362477611940298;0.3373865671641791;0.4321865671641791;0.3662805970149254
2024-03-08T00:00:00.000Z;0.056;0.9561290322580644;0.04385806451612903;0.05206290322580645;0.06325967741935484;0.07385322580645161;0.08418225806451614;0.08891612903225807;0.09174032258064517;0.09456290322580645;0.11453387096774194;0.08920645161290323
2024-03-10T00:00:00.000Z;;;;;;;;;;;;
2024-03-13T00:00:00.000Z;0.083;0.6735970149253732;0.10824776119402985;0.1569402985074627;0.21071044776119402;0.2461313432835821;0.270489552238806;0.28187761194029853;0.2994567164179105;0.2970492537313433;0.36968358208955215;0.29867462686567164
2024-03-15T00:00:00.000Z;0.116;0.962268656716418;0.1318134328358209;0.18658656716417912;0.2471507462686567;0.2859776119402985;0.3134492537313433;0.3271805970149254;0.3396238805970149;0.344189552238806;0.43810000000000004;0.3722402985074627
2024-03-18T00:00:00.000Z;;;;;;;;;;;;
2024-03-20T00:00:00.000Z;;;;;;;;;;;;
2024-03-23T00:00:00.000Z;;;;;;;;;;;;
2024-03-25T00:00:00.000Z;;;;;;;;;;;;
2024-03-28T00:00:00.000Z;;;;;;;;;;;;
2024-03-30T00:00:00.000Z;;;;;;;;;;;;
2024-04-02T00:00:00.000Z;;;;;;;;;;;;
2024-04-04T00:00:00.000Z;;;;;;;;;;;;
2024-04-07T00:00:00.000Z;;;;;;;;;;;;
2024-04-09T00:00:00.000Z;0.138;0.45146268656716415;0.14347910447761195;0.20474776119402985;0.2714716417910448;0.3088507462686567;0.3341731343283582;0.34800149253731344;0.3673014925373134;0.3642910447761194;0.45897611940298516;0.3824358208955224
2024-04-12T00:00:00.000Z;0.094;0.8510298507462686;0.12315223880597016;0.1741492537313433;0.23094626865671644;0.26613432835820894;0.2917865671641791;0.30411194029850747;0.31945970149253733;0.32154477611940296;0.4066164179104478;0.33433582089552244
2024-04-14T00:00:00.000Z;0.155;0.7628955223880597;0.1511134328358209;0.21100000000000002;0.27857313432835823;0.315389552238806;0.34271492537313436;0.35696119402985077;0.3738164179104478;0.37090597014925375;0.4766253731343284;0.40835671641791055
2024-04-17T00:00:00.000Z;0.138;1.3589701492537314;0.13111044776119404;0.1849761194029851;0.24721492537313436;0.28579253731343285;0.3079507462686567;0.3212940298507463;0.33116716417910447;0.3356716417910448;0.4381731343283582;0.37287611940298504
2024-04-19T00:00:00.000Z;;;;;;;;;;;;
2024-04-22T00:00:00.000Z;;;;;;;;;;;;
2024-04-24T00:00:00.000Z;0.122;0.3617313432835821;0.15723432835820897;0.21939104477611943;0.2891611940298508;0.323444776119403;0.35057164179104483;0.361976119402985;0.3891746268656717;0.3808;0.48545970149253737;0.41600746268656713
2024-04-27T00:00:00.000Z;;;;;;;;;;;;
2024-04-29T00:00:00.000Z;;;;;;;;;;;;
2024-05-02T00:00:00.000Z;0.089;0.599179104477612;0.13610746268656718;0.19401791044776123;0.2586328358208956;0.2943582089552239;0.3166;0.32837164179104483;0.34946567164179104;0.3464940298507463;0.4392298507462687;0.3602791044776119
2024-05-04T00:00:00.000Z;0.133;1.1515820895522388;0.16283432835820896;0.2257686567164179;0.29640298507462687;0.3383089552238806;0.3602134328358209;0.3742492537313433;0.3868313432835821;0.3892268656716418;0.5021432835820896;0.4313298507462687
2024-05-07T00:00:00.000Z;0.111;1.0980895522388059;0.15513432835820895;0.21250149253731343;0.28308358208955225;0.32258358208955223;0.3493119402985075;0.3641910447761194;0.38004179104477614;0.38167761194029853;0.49089701492537324;0.41577761194029855
2024-05-09T00:00:00.000Z;;;;;;;;;;;;
2024-05-12T00:00:00.000Z;0.089;1.2044477611940299;0.1384238805970149;0.19536119402985078;0.26158208955223883;0.3000865671641791;0.32119253731343284;0.3332328358208956;0.3449820895522388;0.3515194029850746;0.44667611940298513;0.3670641791044776
2024-05-14T00:00:00.000Z;0.056;0.9354477611940298;0.16382686567164179;0.2240223880597015;0.2960686567164179;0.3362567164179105;0.35943880597014927;0.37318358208955216;0.3893955223880597;0.39090597014925377;0.506213432835821;0.43610298507462686
2024-05-17T00:00:00.000Z;0.056;1.1765172413793104;0.20030344827586208;0.2677172413793104;0.3513931034482759;0.39967241379310336;0.42916551724137936;0.4486344827586208;0.4641655172413794;0.46845172413793107;0.5954206896551724;0.4984413793103449
2024-05-19T00:00:00.000Z;0.122;1.27855223880597;0.17018805970149253;0.2359373134328358;0.31118358208955227;0.3547970149253732;0.3767955223880597;0.38955522388059693;0.3975388059701493;0.4073701492537313;0.5193164179104478;0.4312238805970149
2024-05-22T00:00:00.000Z;0.089;1.0653880597014924;0.14297910447761195;0.2023313432835821;0.2715701492537313;0.3096373134328358;0.33079701492537317;0.3427597014925373;0.3569253731343284;0.3601940298507463;0.4590522388059702;0.3768925373134328
2024-05-24T00:00:00.000Z;0.1313134328358209;1.2968208955223879;0.1699537313432836;0.23346567164179105;0.3038179104477612;0.34576716417910447;0.3675641791044776;0.3830492537313433;0.3916985074626866;0.3983746268656717;0.5070731343283582;0.4332149253731344
2024-05-27T00:00:00.000Z;0.177;1.9362537313432842;0.14405671641791046;0.1967820895522388;0.2591761194029851;0.2967656716417911;0.316644776119403;0.33195970149253734;0.3346626865671642;0.3461492537313433;0.45215820895522385;0.3847238805970149
2024-05-29T00:00:00.000Z;0.122;1.4887611940298509;0.1653134328358209;0.22841492537313435;0.3022701492537313;0.3461343283582089;0.3646985074626866;0.378744776119403;0.3845656716417912;0.3976432835820896;0.5111223880597014;0.42692835820895525
2024-06-01T00:00:00.000Z;;;;;;;;;;;;
2024-06-03T00:00:00.000Z;;;;;;;;;;;;
2024-06-06T00:00:00.000Z;;;;;;;;;;;;
2024-06-08T00:00:00.000Z;0.41695522388059697;2.3424179104477614;0.16880298507462688;0.23425373134328362;0.30104626865671646;0.34234328358208954;0.36186865671641794;0.37359104477611943;0.36919402985074634;0.3901850746268657;0.4844223880597015;0.3954791044776119
2024-06-11T00:00:00.000Z;;;;;;;;;;;;
2024-06-13T00:00:00.000Z;0.083;1.7058358208955224;0.13902388059701493;0.1923134328358209;0.24949253731343285;0.2957701492537313;0.3221761194029851;0.33961044776119403;0.3482;0.3584820895522388;0.4477253731343284;0.3555701492537313
2024-06-16T00:00:00.000Z;0.067;1.5496268656716419;0.14013432835820896;0.1943820895522388;0.2561313432835821;0.29537910447761195;0.32401044776119403;0.3392029850746269;0.3488955223880597;0.3576313432835821;0.4638432835820896;0.39950149253731343
2024-06-18T00:00:00.000Z;0.122;1.720044776119403;0.16307462686567165;0.2265567164179105;0.29254626865671646;0.3382835820895522;0.3672701492537313;0.38427910447761193;0.38659104477611944;0.40168208955223883;0.5085000000000001;0.4228462686567165
2024-06-21T00:00:00.000Z;0.089;1.3203731343283582;0.14124179104477613;0.19962985074626863;0.2624686567164179;0.3035179104477612;0.3319432835820896;0.3474865671641791;0.3575164179104478;0.3666582089552239;0.459355223880597;0.3773567164179105
2024-06-23T00:00:00.000Z;0.127;2.751089552238806;0.16961492537313436;0.2320865671641791;0.2981492537313433;0.343844776119403;0.37346716417910447;0.39558208955223884;0.3897313432835821;0.41063283582089555;0.5256089552238806;0.4536492537313433
2024-06-26T00:00:00.000Z;0.34600000000000003;2.2697611940298508;0.15112835820895526;0.20260895522388062;0.253889552238806;0.2936059701492537;0.3271970149253732;0.3476149253731344;0.3436208955223881;0.3632388059701493;0.43520149253731344;0.3653268656716418
2024-06-28T00:00:00.000Z;;;;;;;;;;;;
2024-07-01T00:00:00.000Z;0.105;2.282686567164179;0.14026567164179105;0.19447761194029847;0.2532208955223881;0.29855223880597015;0.3337820895522388;0.3517701492537313;0.35345074626865675;0.3734955223880597;0.4704776119402986;0.3827776119402985
2024-07-03T00:00:00.000Z;0.061;1.84055223880597;0.16309402985074628;0.22275223880597014;0.2866716417910448;0.3309537313432836;0.3642686567164179;0.38506716417910447;0.3913746268656717;0.40247164179104483;0.5096970149253732;0.4380238805970149
2024-07-06T00:00:00.000Z;0.08329850746268658;1.839253731343284;0.1373402985074627;0.18913432835820893;0.24616417910447763;0.28437910447761194;0.31871044776119406;0.3372119402985075;0.34324776119402983;0.35533582089552246;0.45174029850746267;0.3848253731343284
2024-07-08T00:00:00.000Z;0.094;2.0331641791044777;0.15601194029850748;0.21610149253731342;0.27961194029850744;0.3243313432835821;0.3587402985074627;0.3760850746268657;0.3759164179104478;0.39608059701492543;0.49947164179104486;0.41200149253731344
2024-07-11T00:00:00.000Z;0.09977611940298507;1.723358208955224;0.13570746268656717;0.19024776119402986;0.2492328358208956;0.2893059701492537;0.3210850746268657;0.33699701492537315;0.3420208955223881;0.3575208955223881;0.4436477611940299;0.36115074626865673
2024-07-23T00:00:00.000Z;0.061;1.830641791044776;0.16339402985074628;0.2235492537313433;0.28885522388059703;0.33174179104477614;0.3602373134328358;0.38017910447761194;0.38398059701492543;0.39785074626865674;0.5100104477611941;0.4357104477611941
2024-07-26T00:00:00.000Z;0.083;1.7405522388059702;0.1340865671641791;0.18618805970149252;0.24543582089552243;0.28519253731343286;0.3128805970149254;0.33052985074626867;0.33526567164179105;0.3480805970149254;0.44943432835820896;0.3794492537313433
2024-07-28T00:00:00.000Z;0.17102985074626867;1.9865223880597016;0.15347462686567165;0.21132388059701493;0.2736268656716418;0.3169582089552239;0.3450492537313433;0.36261194029850735;0.3616089552238806;0.3815149253731344;0.4783462686567165;0.39485671641791054
2024-07-31T00:00:00.000Z;0.149;1.707537313432836;0.1322582089552239;0.1865761194029851;0.24544776119402983;0.2871805970149254;0.312089552238806;0.3286388059701493;0.3311850746268657;0.3458835820895523;0.43523880597014925;0.35179104477611944
2024-08-02T00:00:00.000Z;0.067;1.6149402985074628;0.15436119402985077;0.2099194029850746;0.2750805970149254;0.31901641791044777;0.34670447761194034;0.36601641791044776;0.3731746268656717;0.38482985074626874;0.5006537313432836;0.43028805970149253
2024-08-05T00:00:00.000Z;0.105;2.2148955223880598;0.1364358208955224;0.1873641791044776;0.2487671641791045;0.28940149253731345;0.31490447761194035;0.33366865671641793;0.33562985074626867;0.3516283582089552;0.4574134328358209;0.38726119402985076
2024-08-07T00:00:00.000Z;0.111;1.6549253731343283;0.15392089552238808;0.2145373134328358;0.28276417910447765;0.32833582089552243;0.35374179104477615;0.3694298507462687;0.3725865671641791;0.38965074626865676;0.49555820895522384;0.4093089552238806
2024-08-10T00:00:00.000Z;0.078;1.5015373134328358;0.1287880597014925;0.1805582089552239;0.23991343283582092;0.2814253731343284;0.3048402985074627;0.3198940298507463;0.3274089552238806;0.3392567164179105;0.43128805970149253;0.34919253731343286
2024-08-12T00:00:00.000Z;0.067;1.9613283582089558;0.1570597014925373;0.21549402985074625;0.28052089552238807;0.324989552238806;0.3476611940298508;0.36613731343283584;0.37035373134328364;0.38482238805970154;0.49393283582089553;0.4212432835820896
2024-08-15T00:00:00.000Z;0.089;1.5707761194029852;0.1254626865671642;0.17467761194029852;0.23347462686567166;0.2732865671641791;0.29746417910447764;0.3127343283582089;0.3213582089552239;0.3306761194029851;0.4339402985074627;0.3635313432835821
2024-08-17T00:00:00.000Z;0.116;1.8905522388059701;0.1495044776119403;0.2102402985074627;0.2776746268656717;0.32624328358208954;0.3470179104477612;0.3623940298507463;0.3636208955223881;0.38230746268656723;0.48897761194029854;0.4028805970149254
2024-08-20T00:00:00.000Z;0.111;2.7775820895522387;0.12769253731343283;0.18103283582089558;0.24107462686567166;0.2852268656716418;0.3059223880597015;0.31893134328358214;0.3158149253731343;0.3390865671641791;0.4348104477611941;0.3497179104477612
2024-08-22T00:00:00.000Z;0.155;3.137134328358209;0.1375074626865672;0.18547462686567165;0.2403701492537313;0.28385074626865675;0.3059089552238806;0.3274328358208956;0.3188955223880597;0.3442029850746269;0.4438149253731344;0.3744373134328358
2024-08-25T00:00:00.000Z;0.40058208955223884;2.7464626865671646;0.12889850746268658;0.1825074626865672;0.23882089552238808;0.2781283582089552;0.3000119402985075;0.31777611940298506;0.3141940298507463;0.33543582089552243;0.41913731343283583;0.34723134328358213
2024-08-27T00:00:00.000Z;;;;;;;;;;;;
2024-08-30T00:00:00.000Z;;;;;;;;;;;;
2024-09-01T00:00:00.000Z;0.18795522388059702;2.8055373134328363;0.15065970149253732;0.20364328358208958;0.26087313432835824;0.30459701492537317;0.32411492537313435;0.3442805970149254;0.3362477611940298;0.3598;0.45151343283582096;0.3775597014925373
2024-09-04T00:00:00.000Z;0.105;2.0273283582089556;0.10392089552238806;0.14992835820895525;0.20049850746268658;0.24060597014925372;0.26335223880597014;0.2789880597014926;0.2846776119402985;0.2973716417910448;0.3790716417910448;0.3000253731343284
2024-09-06T00:00:00.000Z;0.07200000000000001;2.005952380952381;0.1740571428571429;0.22872380952380955;0.2903619047619048;0.34364761904761904;0.3723142857142857;0.38846190476190484;0.3950238095238096;0.41348571428571435;0.5166666666666667;0.41612380952380956
2024-09-09T00:00:00.000Z;0.127;1.1371641791044778;0.11772089552238807;0.17127462686567166;0.22811940298507463;0.26742388059701494;0.2962507462686567;0.31157313432835826;0.3234;0.32931343283582093;0.41090298507462686;0.32998208955223884
2024-09-11T00:00:00.000Z;0.067;2.098134328358209;0.1361044776119403;0.18704179104477608;0.24326865671641792;0.28608208955223885;0.3160850746268657;0.3361029850746269;0.33642388059701495;0.35326567164179107;0.45197462686567164;0.38200447761194034
2024-09-14T00:00:00.000Z;0.1;2.0068358208955224;0.1648358208955224;0.2146955223880597;0.2760507462686567;0.324944776119403;0.3647462686567165;0.3875701492537313;0.39326567164179116;0.4112373134328358;0.5152820895522389;0.4263940298507463
2024-09-16T00:00:00.000Z;0.133;1.1368358208955225;0.13589253731343284;0.1925776119402985;0.2562179104477612;0.2980865671641791;0.3277119402985075;0.34308507462686566;0.3524805970149254;0.3626313432835821;0.4549597014925374;0.373510447761194
2024-09-19T00:00:00.000Z;;;;;;;;;;;;
2024-09-21T00:00:00.000Z;0.138;2.1411194029850744;0.1171820895522388;0.1684537313432836;0.22282686567164178;0.26824179104477613;0.2986701492537313;0.3168179104477612;0.31721492537313434;0.3340701492537313;0.4105104477611941;0.3243701492537313
2024-09-24T00:00:00.000Z;;;;;;;;;;;;
2024-09-26T00:00:00.000Z;0.111;1.7269701492537313;0.12693432835820895;0.18157910447761197;0.2391402985074627;0.28134626865671647;0.311510447761194;0.3265089552238806;0.3274268656716418;0.345644776119403;0.43564477611940305;0.357410447761194
2024-09-29T00:00:00.000Z;0.089;1.4505522388059702;0.1126134328358209;0.16119701492537314;0.2138776119402985;0.2502373134328358;0.2793686567164179;0.29334477611940296;0.3008208955223881;0.3103208955223881;0.38885671641791053;0.31035522388059705
2024-10-01T00:00:00.000Z;0.122;1.6730597014925372;0.13077014925373137;0.1833850746268657;0.24065820895522388;0.2796582089552239;0.3094955223880597;0.32751194029850744;0.33088358208955226;0.3424179104477612;0.4399432835820896;0.369955223880597
2024-10-04T00:00:00.000Z;0.105;1.6354925373134328;0.1152820895522388;0.16367761194029853;0.2174298507462687;0.2523313432835821;0.27995074626865674;0.29502388059701495;0.30301492537313435;0.3110716417910448;0.4053179104477612;0.33841194029850746
2024-10-06T00:00:00.000Z;0.16;2.0669253731343282;0.12506119402985075;0.17977313432835823;0.2362179104477612;0.2769865671641791;0.3046925373134328;0.31921343283582093;0.3153402985074627;0.33666567164179106;0.427355223880597;0.3494268656716418
2024-10-09T00:00:00.000Z;;;;;;;;;;;;
2024-10-11T00:00:00.000Z;;;;;;;;;;;;
2024-10-14T00:00:00.000Z;;;;;;;;;;;;
2024-10-16T00:00:00.000Z;;;;;;;;;;;;
2024-10-19T00:00:00.000Z;0.116;1.7879183673469388;0.07390204081632654;0.08445918367346938;0.09228571428571428;0.10772040816326531;0.12195714285714289;0.1270795918367347;0.13482244897959184;0.13312857142857143;0.16948775510204084;0.1431
2024-10-21T00:00:00.000Z;0.111;2.2709253731343284;0.12152686567164178;0.1729582089552239;0.22594776119402982;0.26777014925373127;0.2934567164179105;0.3113059701492537;0.30694179104477615;0.3251179104477612;0.42117014925373136;0.35488805970149256
2024-10-24T00:00:00.000Z;;;;;;;;;;;;
2024-10-26T00:00:00.000Z;0.105;0.882044776119403;0.10283432835820895;0.15083432835820895;0.20011044776119405;0.24172238805970153;0.2779059701492537;0.29315970149253734;0.303244776119403;0.31281194029850745;0.37774776119402986;0.2896208955223881
2024-10-29T00:00:00.000Z;;;;;;;;;;;;
2024-10-31T00:00:00.000Z;;;;;;;;;;;;
2024-11-03T00:00:00.000Z;;;;;;;;;;;;
2024-11-05T00:00:00.000Z;0.149;1.5057462686567165;0.09070149253731344;0.13357014925373137;0.1746820895522388;0.2151776119402985;0.2495597014925373;0.26405522388059705;0.26327611940298506;0.2789388059701493;0.3387850746268657;0.266989552238806
2024-11-08T00:00:00.000Z;;;;;;;;;;;;
2024-11-10T00:00:00.000Z;0.089;1.2248656716417912;0.11335223880597016;0.16082985074626863;0.2074776119402985;0.2466701492537313;0.2853268656716418;0.3028701492537313;0.30975522388059706;0.3188194029850746;0.3923776119402985;0.32585074626865673
2024-11-13T00:00:00.000Z;;;;;;;;;;;;
2024-11-15T00:00:00.000Z;;;;;;;;;;;;
2024-11-18T00:00:00.000Z;0.083;1.435044776119403;0.08219104477611941;0.12327462686567164;0.16140000000000002;0.19579701492537316;0.23278208955223884;0.2457373134328358;0.2524358208955224;0.2612298507462687;0.30959253731343284;0.2387626865671642
2024-11-20T00:00:00.000Z;0.078;1.428492537313433;0.09592985074626864;0.13927313432835822;0.1797223880597015;0.21794626865671646;0.25698507462686565;0.2750701492537313;0.2767955223880597;0.28915223880597013;0.3554865671641791;0.2932746268656717
2024-11-23T00:00:00.000Z;0.083;1.61;0.11451044776119404;0.15257313432835823;0.1874059701492537;0.22412686567164178;0.26735522388059707;0.283310447761194;0.2906328358208956;0.29850597014925373;0.3505611940298508;0.29531940298507464
2024-11-25T00:00:00.000Z;;;;;;;;;;;;
2024-11-28T00:00:00.000Z;;;;;;;;;;;;
2024-11-30T00:00:00.000Z;0.105;1.4602835820895526;0.10172537313432836;0.14410597014925372;0.18644029850746272;0.22482835820895522;0.2643373134328358;0.28149850746268656;0.2852701492537313;0.29528507462686565;0.360544776119403;0.2991805970149254
2024-12-03T00:00:00.000Z;0.083;1.26244776119403;0.08773880597014926;0.12436417910447761;0.15946567164179107;0.19191492537313437;0.23048805970149258;0.246089552238806;0.25420298507462685;0.25897462686567163;0.3160850746268657;0.2563432835820896
2024-12-05T00:00:00.000Z;0.056;1.2158358208955224;0.1020955223880597;0.14732835820895526;0.190844776119403;0.23154179104477612;0.27486119402985076;0.2906686567164179;0.29335223880597017;0.30536417910447766;0.36058805970149255;0.28605223880597014
2024-12-08T00:00:00.000Z;0.061;0.5467014925373135;0.08760597014925374;0.12982686567164178;0.171044776119403;0.20415820895522388;0.24565522388059705;0.26066268656716424;0.2785582089552239;0.2743925373134328;0.3217776119402985;0.25149104477611944
2024-12-10T00:00:00.000Z;0.067;0.8550298507462686;0.10747313432835823;0.1521313432835821;0.19750298507462688;0.23632835820895523;0.2766343283582089;0.2944402985074627;0.3075955223880597;0.30943432835820894;0.3758985074626866;0.310589552238806
2024-12-13T00:00:00.000Z;0.067;1.04855223880597;0.08967462686567165;0.1291462686567164;0.1691910447761194;0.20202537313432842;0.24316119402985079;0.2592253731343284;0.2716626865671642;0.2724164179104478;0.33040447761194036;0.2708402985074627
2024-12-15T00:00:00.000Z;0.067;0.5839850746268657;0.09210597014925373;0.13706119402985076;0.18059850746268657;0.21814776119402982;0.25817910447761194;0.27364179104477615;0.2855283582089552;0.2896492537313433;0.34248358208955226;0.2747955223880597
2024-12-18T00:00:00.000Z;;;;;;;;;;;;
2024-12-20T00:00:00.000Z;0.067;0.41828358208955224;0.09533134328358209;0.1378089552238806;0.18139850746268657;0.2145597014925373;0.2589761194029851;0.2732567164179105;0.29109701492537315;0.2897223880597015;0.3487029850746269;0.28475373134328363
2024-12-23T00:00:00.000Z;0.061;0.6656268656716418;0.08802388059701492;0.1283910447761194;0.16916417910447762;0.2022313432835821;0.24260298507462685;0.25670298507462685;0.27415223880597017;0.2701283582089552;0.32614029850746273;0.2684044776119403
2024-12-25T00:00:00.000Z;0.067;1.0450298507462688;0.09840895522388061;0.14512238805970148;0.1933089552238806;0.2339611940298508;0.2728626865671642;0.2864716417910448;0.29345223880597016;0.3028746268656717;0.3620388059701493;0.292044776119403
2024-12-28T00:00:00.000Z;0.07200000000000001;0.5753617021276596;0.0733340425531915;0.08966808510638298;0.10506382978723405;0.12327021276595745;0.14051914893617024;0.14775319148936172;0.14696170212765958;0.15737021276595745;0.17455106382978725;0.16163617021276597
2024-12-30T00:00:00.000Z;0.078;1.0738059701492537;0.09885074626865673;0.14005522388059702;0.1824850746268657;0.22000746268656723;0.2597626865671642;0.2745134328358209;0.2839626865671642;0.291823880597015;0.3539194029850746;0.2902746268656717
2025-01-02T00:00:00.000Z;0.07200000000000001;0.7974179104477612;0.08091492537313433;0.12027313432835822;0.1597402985074627;0.1923597014925373;0.2287582089552239;0.24358358208955225;0.2612179104477612;0.2588567164179105;0.3049014925373134;0.2423492537313433
2025-01-04T00:00:00.000Z;0.078;0.7265671641791045;0.07283880597014926;0.10606865671641791;0.13869701492537315;0.1651761194029851;0.1933761194029851;0.20313731343283586;0.20907313432835822;0.2132253731343284;0.2270567164179105;0.17840149253731344
2025-01-09T00:00:00.000Z;0.05;1.475016129032258;0.09503870967741937;0.13299032258064516;0.17343548387096772;0.21079193548387098;0.24416774193548388;0.25842580645161295;0.2583451612903226;0.27136612903225804;0.3330290322580646;0.27606290322580646
2025-01-12T00:00:00.000Z;;;;;;;;;;;;
2025-01-14T00:00:00.000Z;0.07200000000000001;0.34401492537313433;0.09318507462686569;0.13730298507462688;0.18338955223880601;0.2186626865671642;0.2556402985074627;0.2710358208955224;0.28809701492537315;0.2881671641791045;0.3423;0.2744298507462687
2025-01-17T00:00:00.000Z;;;;;;;;;;;;
2025-01-19T00:00:00.000Z;0.078;0.5921194029850747;0.10542985074626864;0.1526223880597015;0.20124328358208957;0.23758507462686568;0.2747835820895522;0.29069402985074627;0.30699253731343285;0.3061402985074627;0.37610746268656725;0.3101940298507463
2025-01-22T00:00:00.000Z;;;;;;;;;;;;
2025-01-24T00:00:00.000Z;0.078;1.1880149253731342;0.10411791044776121;0.15472985074626863;0.20248507462686569;0.2467492537313433;0.2805253731343284;0.29236865671641793;0.29582537313432844;0.3090373134328358;0.3731582089552239;0.2975313432835821
2025-01-27T00:00:00.000Z;;;;;;;;;;;;
2025-01-29T00:00:00.000Z;;;;;;;;;;;;
2025-02-01T00:00:00.000Z;0.067;0.8035671641791045;0.09391194029850748;0.13598358208955225;0.18192835820895525;0.2150716417910448;0.2490223880597015;0.2638910447761194;0.27897611940298506;0.27751044776119405;0.34697164179104484;0.28758507462686567
2025-02-03T00:00:00.000Z;0.083;0.8158030303030303;0.11604242424242425;0.16484696969696971;0.21362727272727275;0.25485151515151516;0.2886196969696969;0.3016212121212121;0.31165757575757574;0.3193742424242424;0.3871681818181818;0.31170000000000003
2025-02-06T00:00:00.000Z;0.078;0.7638358208955224;0.09796567164179104;0.14593134328358212;0.19085074626865672;0.22714477611940298;0.2611686567164179;0.27194776119402986;0.28942388059701496;0.2880925373134328;0.3541149253731344;0.2792701492537313
2025-02-08T00:00:00.000Z;0.083;0.7326268656716418;0.11639253731343284;0.1669044776119403;0.21886567164179105;0.25591492537313437;0.2917880597014926;0.3059492537313433;0.32222238805970155;0.3231477611940298;0.40011044776119403;0.3310059701492537
2025-02-11T00:00:00.000Z;0.078;0.9595671641791045;0.10115074626865674;0.1459880597014925;0.1927223880597015;0.22561343283582092;0.26070746268656725;0.2747507462686567;0.29088955223880597;0.29110298507462684;0.3600820895522388;0.29864776119402986
2025-02-13T00:00:00.000Z;0.083;0.8327164179104477;0.11345074626865671;0.16700149253731345;0.2184716417910448;0.25982388059701494;0.29186417910447765;0.3040820895522388;0.31407462686567167;0.3223164179104478;0.3924194029850746;0.3163179104477612
2025-02-16T00:00:00.000Z;0.083;0.9081940298507463;0.10431194029850749;0.15458059701492538;0.2020865671641791;0.23983582089552244;0.27395074626865673;0.28420447761194034;0.3003582089552239;0.30270298507462684;0.37399701492537324;0.2960059701492537
2025-02-18T00:00:00.000Z;;;;;;;;;;;;
2025-02-21T00:00:00.000Z;;;;;;;;;;;;
2025-02-23T00:00:00.000Z;0.111;1.0197462686567165;0.11959253731343283;0.17648656716417913;0.2298;0.2722074626865672;0.3015268656716418;0.31385820895522387;0.3214358208955224;0.3322910447761194;0.4072835820895522;0.32748358208955225
2025-02-26T00:00:00.000Z;0.078;0.40586567164179105;0.10755522388059702;0.15674328358208955;0.2049223880597015;0.23689701492537316;0.26904776119402984;0.2795164179104478;0.30342388059701497;0.2971865671641791;0.3621880597014926;0.2867358208955224
2025-02-28T00:00:00.000Z;0.253;1.2439253731343283;0.1455641791044776;0.1774268656716418;0.21276119402985078;0.24574328358208955;0.2722582089552239;0.2840208955223881;0.29455223880597015;0.2959835820895523;0.3312089552238806;0.2614701492537313
2025-03-03T00:00:00.000Z;;;;;;;;;;;;
2025-03-05T00:00:00.000Z;;;;;;;;;;;;
2025-03-08T00:00:00.000Z;;;;;;;;;;;;
2025-03-10T00:00:00.000Z;0.067;1.3651666666666669;0.07371666666666667;0.09833333333333334;0.1202;0.15496666666666667;0.17645;0.18741666666666668;0.17936666666666667;0.19595;0.21835000000000002;0.14878333333333332
2025-03-13T00:00:00.000Z;;;;;;;;;;;;
2025-03-15T00:00:00.000Z;;;;;;;;;;;;
2025-03-17T00:00:00.000Z;;;;;;;;;;;;
2025-03-18T00:00:00.000Z;;;;;;;;;;;;
2025-03-20T00:00:00.000Z;;;;;;;;;;;;
2025-03-23T00:00:00.000Z;;;;;;;;;;;;
2025-03-25T00:00:00.000Z;0.078;1.081313432835821;0.11778805970149252;0.15981641791044776;0.1960776119402985;0.23902985074626867;0.2703910447761194;0.2805298507462687;0.2866358208955224;0.2959328358208956;0.3436731343283582;0.2452253731343284
2025-03-27T00:00:00.000Z;;;;;;;;;;;;
2025-03-28T00:00:00.000Z;;;;;;;;;;;;
2025-03-30T00:00:00.000Z;0.078;0.48476119402985074;0.11206716417910448;0.16284776119402986;0.21034626865671646;0.24761940298507462;0.2865582089552239;0.3025208955223881;0.3224507462686567;0.3179671641791045;0.37863582089552245;0.3027582089552239
2025-04-02T00:00:00.000Z;0.094;1.322880597014925;0.11561641791044777;0.1623492537313433;0.20648358208955225;0.24375671641791052;0.2852731343283582;0.3012402985074627;0.3113402985074627;0.3156298507462687;0.38475522388059696;0.3205567164179105
2025-04-04T00:00:00.000Z;0.149;1.490044776119403;0.13411791044776122;0.19203432835820894;0.2423492537313433;0.29209850746268656;0.3345492537313433;0.3481731343283582;0.3507716417910448;0.3660686567164179;0.4338164179104478;0.3478089552238806
2025-04-06T00:00:00.000Z;;;;;;;;;;;;
2025-04-07T00:00:00.000Z;0.089;1.061;0.11474925373134329;0.16677014925373138;0.21132537313432842;0.25427164179104483;0.2982298507462687;0.3110298507462687;0.32454328358208956;0.3271283582089552;0.3895238805970149;0.31046567164179106
2025-04-09T00:00:00.000Z;0.089;0.8533582089552239;0.11323582089552241;0.16313134328358211;0.20899402985074628;0.2478597014925373;0.2924253731343284;0.30905074626865675;0.32276417910447763;0.3245701492537313;0.3764716417910448;0.2991761194029851
2025-04-12T00:00:00.000Z;;;;;;;;;;;;
2025-04-14T00:00:00.000Z;0.13913432835820896;1.628492537313433;0.147955223880597;0.2084776119402985;0.25789253731343287;0.3150537313432836;0.3643746268656717;0.3823582089552239;0.38327164179104484;0.4011462686567165;0.45803880597014923;0.35931194029850744
2025-04-16T00:00:00.000Z;;;;;;;;;;;;
2025-04-17T00:00:00.000Z;;;;;;;;;;;;
2025-04-19T00:00:00.000Z;0.056;0.8003283582089553;0.13557164179104475;0.19066268656716417;0.23831940298507462;0.2869119402985075;0.34205223880597013;0.3617253731343284;0.3792537313432836;0.3785223880597015;0.4282731343283582;0.3324985074626866
2025-04-22T00:00:00.000Z;;;;;;;;;;;;
2025-04-24T00:00:00.000Z;0.127;1.1205671641791046;0.13680597014925372;0.19859552238805972;0.24977611940298508;0.3012671641791045;0.3506791044776119;0.36707611940298507;0.3747059701492538;0.38428358208955216;0.4427238805970149;0.35475522388059705
2025-04-26T00:00:00.000Z;;;;;;;;;;;;
2025-04-27T00:00:00.000Z;0.105;0.8310000000000001;0.12107910447761194;0.17827761194029854;0.22476417910447763;0.2705253731343284;0.3230059701492537;0.33812985074626867;0.35724776119402984;0.35608507462686567;0.4047432835820896;0.31901940298507464
2025-04-29T00:00:00.000Z;;;;;;;;;;;;
2025-05-02T00:00:00.000Z;0.422;2.1145500000000004;0.0711475;0.1021675;0.12920500000000001;0.1610775;0.19688;0.21234499999999998;0.19774000000000003;0.2245975;0.2277575;0.16482000000000002
2025-05-04T00:00:00.000Z;;;;;;;;;;;;
2025-05-06T00:00:00.000Z;;;;;;;;;;;;
2025-05-07T00:00:00.000Z;;;;;;;;;;;;
2025-05-09T00:00:00.000Z;;;;;;;;;;;;
2025-05-12T00:00:00.000Z;;;;;;;;;;;;
2025-05-14T00:00:00.000Z;0.24211940298507464;1.2896268656716419;0.1509313432835821;0.2027850746268657;0.24031044776119403;0.29378208955223883;0.3388373134328358;0.35295223880597015;0.37476119402985075;0.37390597014925375;0.4014925373134328;0.273189552238806
2025-05-16T00:00:00.000Z;0.16;1.375089552238806;0.1209402985074627;0.1748582089552239;0.2228179104477612;0.27415522388059704;0.3247955223880597;0.34495671641791054;0.35447014925373127;0.3682970149253732;0.4148358208955224;0.3125089552238806
2025-05-17T00:00:00.000Z;0.116;1.221134328358209;0.12652835820895525;0.17997014925373137;0.2241611940298508;0.27636268656716423;0.32548208955223884;0.3433089552238806;0.360244776119403;0.3674776119402985;0.4160925373134329;0.3206567164179105
2025-05-19T00:00:00.000Z;0.116;1.1511044776119403;0.12177164179104476;0.17442686567164178;0.22418507462686568;0.2731268656716418;0.3190507462686567;0.3390059701492537;0.3530656716417911;0.36253582089552244;0.41786567164179117;0.32680746268656724
2025-05-22T00:00:00.000Z;;;;;;;;;;;;
2025-05-24T00:00:00.000Z;0.149;0.9092537313432836;0.12895522388059702;0.1883582089552239;0.23805522388059705;0.29260298507462684;0.3385567164179105;0.3572776119402985;0.37346119402985073;0.3816492537313433;0.431034328358209;0.3291388059701493
2025-05-26T00:00:00.000Z;0.133;1.5184626865671642;0.1427238805970149;0.20033880597014925;0.25485522388059706;0.30612238805970154;0.35419253731343286;0.3752253731343284;0.38312537313432843;0.39833582089552244;0.47078358208955223;0.3770925373134328
2025-05-27T00:00:00.000Z;0.138;1.3662835820895525;0.12618507462686568;0.18188358208955224;0.2307492537313433;0.28122537313432844;0.3277910447761194;0.3450253731343284;0.3585940298507463;0.3670970149253732;0.4315686567164179;0.3386582089552239
2025-05-29T00:00:00.000Z;0.155;1.4452537313432836;0.12343283582089554;0.17635223880597017;0.2265492537313433;0.2742462686567165;0.3201940298507463;0.339444776119403;0.3497522388059702;0.3628865671641791;0.42128208955223884;0.32724328358208954
2025-06-01T00:00:00.000Z;;;;;;;;;;;;
2025-06-03T00:00:00.000Z;;;;;;;;;;;;
2025-06-05T00:00:00.000Z;0.18795522388059702;1.631940298507463;0.13946268656716418;0.19364776119402985;0.24664328358208956;0.29601194029850747;0.3449388059701493;0.3683582089552239;0.37517611940298506;0.39459552238805967;0.47544029850746267;0.37955373134328363
2025-06-06T00:00:00.000Z;0.177;1.5934179104477613;0.12550746268656718;0.18192238805970148;0.23245373134328362;0.28133880597014926;0.3274507462686567;0.3456298507462687;0.35578208955223883;0.36819402985074634;0.43692686567164185;0.34059701492537314
2025-06-08T00:00:00.000Z;0.248;1.6269253731343283;0.12559402985074627;0.17937014925373138;0.2291223880597015;0.27464477611940297;0.3182910447761194;0.3391358208955224;0.3464537313432836;0.3614208955223881;0.41646268656716423;0.32303432835820894
2025-06-11T00:00:00.000Z;0.455;2.387253731343284;0.13732835820895525;0.19930149253731347;0.2539492537313433;0.29965522388059707;0.3466164179104478;0.3716686567164179;0.37552835820895525;0.395734328358209;0.4445373134328358;0.35171940298507465
2025-06-13T00:00:00.000Z;0.40054098360655743;2.343311475409836;0.1283704918032787;0.1791311475409836;0.21909180327868855;0.25694754098360656;0.28895081967213115;0.29802295081967217;0.326255737704918;0.31478032786885246;0.36434754098360655;0.26020163934426227
2025-06-15T00:00:00.000Z;0.44411940298507463;2.264537313432836;0.15226567164179106;0.21711343283582094;0.2766970149253732;0.3297402985074627;0.37333432835820896;0.39409104477611945;0.3915402985074627;0.4173820895522388;0.48030149253731347;0.3751208955223881
2025-06-16T00:00:00.000Z;0.3515820895522388;2.3471940298507463;0.13839402985074628;0.20177910447761196;0.256089552238806;0.30937462686567163;0.35484029850746274;0.3755492537313433;0.3782746268656717;0.4016641791044776;0.4666164179104478;0.3608432835820896
2025-06-18T00:00:00.000Z;0.193;2.4634626865671643;0.13177313432835822;0.1851313432835821;0.2367701492537313;0.2838179104477612;0.32324626865671646;0.3449313432835821;0.34585074626865675;0.37191343283582096;0.4369358208955224;0.33782835820895524
2025-06-21T00:00:00.000Z;0.193;2.1121343283582092;0.13471940298507465;0.18431044776119404;0.23778507462686568;0.27997164179104483;0.3203611940298508;0.3418268656716418;0.3469940298507463;0.3646268656716418;0.43770895522388065;0.35555223880597014
2025-06-23T00:00:00.000Z;0.20400000000000001;1.4488805970149252;0.14743283582089553;0.20808358208955224;0.26469253731343284;0.3137298507462687;0.35231641791044777;0.3697567164179105;0.3785432835820896;0.395755223880597;0.4699223880597015;0.3740805970149254
2025-06-25T00:00:00.000Z;0.166;1.7851343283582088;0.1464671641791045;0.20358358208955224;0.2615970149253732;0.3110671641791045;0.3484611940298508;0.368955223880597;0.37286119402985074;0.3920731343283582;0.4741880597014925;0.37875671641791053
2025-06-26T00:00:00.000Z;0.127;1.121089552238806;0.13255820895522388;0.1927134328358209;0.24957910447761192;0.2958820895522388;0.3350746268656717;0.3512328358208956;0.36697313432835826;0.3758462686567165;0.45248059701492543;0.3527582089552239
2025-06-28T00:00:00.000Z;0.2313134328358209;1.5125522388059702;0.13199104477611942;0.18979701492537315;0.24866268656716423;0.2969701492537313;0.3319313432835821;0.3508582089552239;0.3613432835820896;0.37435223880597013;0.4443731343283582;0.3433253731343284
2025-07-01T00:00:00.000Z;0.24211940298507464;2.0206268656716415;0.13551940298507464;0.19064776119402985;0.25096417910447766;0.2969074626865672;0.3325985074626866;0.3529537313432836;0.3588179104477612;0.3754582089552239;0.45522089552238804;0.36739104477611945
2025-07-03T00:00:00.000Z;0.133;2.522313432835821;0.14862388059701492;0.206789552238806;0.26963582089552246;0.32495373134328365;0.3574985074626866;0.37568805970149255;0.373989552238806;0.4028940298507463;0.49405074626865675;0.3903208955223881
2025-07-05T00:00:00.000Z;0.127;1.9386268656716417;0.15182985074626865;0.2115179104477612;0.2759925373134328;0.3268537313432836;0.3617835820895522;0.38051791044776123;0.38477164179104484;0.405589552238806;0.49459104477611937;0.39266567164179117
2025-07-06T00:00:00.000Z;0.275;2.4029850746268657;0.1269641791044776;0.18602686567164176;0.24377313432835823;0.2948582089552239;0.33030746268656724;0.34794328358208954;0.34994328358208954;0.37298805970149257;0.4513104477611941;0.3466701492537313
2025-07-08T00:00:00.000Z;0.138;3.0105223880597016;0.13313731343283583;0.17768358208955223;0.2302776119402985;0.27887611940298507;0.31007910447761194;0.3318850746268657;0.32951044776119404;0.3601044776119403;0.44277164179104483;0.3434955223880597
2025-07-11T00:00:00.000Z;0.1;1.6808656716417911;0.13116119402985077;0.18321492537313436;0.24263880597014928;0.2868074626865672;0.31985970149253734;0.33995522388059707;0.3506149253731344;0.362789552238806;0.4465731343283582;0.3627283582089552
2025-07-13T00:00:00.000Z;0.078;1.6157014925373137;0.15153731343283583;0.21389104477611942;0.2783940298507463;0.32988208955223886;0.36282537313432844;0.3796925373134328;0.3870567164179105;0.4051029850746269;0.4917358208955224;0.38863880597014927
2025-07-15T00:00:00.000Z;0.10280597014925373;1.5425970149253732;0.1506089552238806;0.2111567164179105;0.27645522388059707;0.3275328358208956;0.3596059701492537;0.37855373134328363;0.3856537313432836;0.40190149253731344;0.4901805970149254;0.3896223880597015
2025-07-16T00:00:00.000Z;0.2313134328358209;1.96289552238806;0.13500298507462688;0.19766567164179105;0.25904179104477615;0.31012238805970155;0.3421208955223881;0.3570432835820896;0.36337611940298503;0.38001343283582095;0.45961492537313436;0.3546611940298508
2025-07-18T00:00:00.000Z;0.24211940298507464;2.111179104477612;0.1300358208955224;0.18800298507462687;0.24918507462686568;0.2977731343283582;0.3263865671641791;0.34468358208955224;0.3472238805970149;0.36813582089552244;0.44455820895522385;0.34308507462686566
2025-07-21T00:00:00.000Z;0.171;1.7769402985074627;0.13422089552238806;0.19066865671641792;0.25271343283582093;0.2987686567164179;0.32919253731343284;0.3471388059701493;0.3564716417910448;0.36950597014925374;0.4548432835820896;0.36702985074626876
2025-07-23T00:00:00.000Z;;;;;;;;;;;;
2025-07-25T00:00:00.000Z;;;;;;;;;;;;
2025-07-26T00:00:00.000Z;0.182;1.751313432835821;0.12716567164179104;0.18758805970149253;0.24490149253731344;0.2982358208955224;0.3308089552238806;0.34586567164179105;0.35568358208955225;0.3722059701492538;0.44461641791044776;0.3430940298507463
2025-07-28T00:00:00.000Z;0.215;1.9345074626865673;0.1252119402985075;0.18077910447761197;0.23870149253731343;0.28903582089552243;0.32114179104477614;0.34079253731343284;0.3454597014925373;0.364144776119403;0.44143880597014923;0.3431746268656717
2025-07-31T00:00:00.000Z;0.20964179104477612;2.072731343283582;0.12890597014925373;0.1826;0.24083582089552244;0.28686417910447765;0.3229955223880597;0.342944776119403;0.3480537313432836;0.36505522388059697;0.4464089552238807;0.3620746268656717
2025-08-02T00:00:00.000Z;0.226;1.8111791044776122;0.1367044776119403;0.19944179104477608;0.2592313432835821;0.31341044776119403;0.3470388059701493;0.3637283582089552;0.36632537313432845;0.3887462686567165;0.4614985074626866;0.3559582089552239
2025-08-04T00:00:00.000Z;0.275;2.363910447761194;0.14242686567164178;0.20282238805970149;0.26348358208955225;0.316155223880597;0.3493089552238806;0.3687925373134328;0.3672208955223881;0.3927522388059701;0.476655223880597;0.37519402985074635
2025-08-05T00:00:00.000Z;0.3024029850746269;1.957850746268657;0.12600149253731344;0.1847074626865672;0.23844477611940298;0.28713134328358214;0.3201582089552239;0.33718805970149257;0.34147462686567165;0.3592283582089552;0.4340477611940299;0.3352328358208956
2025-08-07T00:00:00.000Z;0.253044776119403;1.18155223880597;0.12432686567164179;0.18075223880597016;0.23832537313432842;0.28125223880597017;0.3143985074626866;0.3324298507462687;0.34424179104477615;0.35334776119402983;0.422755223880597;0.3279298507462687
2025-08-10T00:00:00.000Z;0.19889552238805971;1.973686567164179;0.12738358208955225;0.1791313432835821;0.23681194029850747;0.28050298507462684;0.3119388059701493;0.33205970149253733;0.3377313432835821;0.35329402985074626;0.4394656716417912;0.35584328358208955
2025-08-12T00:00:00.000Z;0.253044776119403;2.327283582089552;0.14307910447761193;0.20447014925373133;0.2652686567164179;0.3168343283582089;0.3466014925373134;0.36300746268656725;0.3608656716417912;0.38883432835820897;0.47456567164179114;0.3734805970149254
2025-08-14T00:00:00.000Z;0.155;1.817716417910448;0.13823880597014926;0.1939582089552239;0.25339253731343286;0.30075522388059706;0.33111194029850743;0.35021044776119403;0.3536059701492537;0.3736044776119403;0.46484925373134334;0.36994477611940296
2025-08-15T00:00:00.000Z;0.27;1.5811791044776122;0.1271223880597015;0.18863283582089557;0.24789253731343283;0.29649402985074624;0.3282298507462687;0.34283432835820893;0.35224776119402984;0.3634029850746269;0.44915671641791044;0.3461029850746269
2025-08-17T00:00:00.000Z;0.308;1.5823432835820894;0.11585074626865671;0.16571940298507465;0.21989850746268658;0.26279701492537316;0.2925820895522388;0.31233731343283583;0.31952537313432844;0.3363626865671642;0.4159776119402986;0.3218059701492537
2025-08-20T00:00:00.000Z;0.34600000000000003;1.7148059701492537;0.11958358208955225;0.16461492537313435;0.22095522388059705;0.26548358208955225;0.29561492537313433;0.31738358208955225;0.32653134328358213;0.3408194029850746;0.43674776119402986;0.35197611940298507
2025-08-22T00:00:00.000Z;0.38411940298507463;2.349089552238806;0.1748985074626866;0.2179701492537313;0.27163432835820894;0.3238880597014926;0.3547373134328358;0.3744701492537313;0.3753268656716418;0.4050865671641791;0.4825626865671642;0.36990298507462693
2025-08-24T00:00:00.000Z;0.28600000000000003;1.9686119402985076;0.1360402985074627;0.19483880597014924;0.2547671641791045;0.3032761194029851;0.3336089552238806;0.35157313432835824;0.351589552238806;0.37438507462686565;0.45580298507462685;0.3594985074626866
2025-08-25T00:00:00.000Z;;;;;;;;;;;;
2025-08-27T00:00:00.000Z;0.37889552238805974;2.5237611940298508;0.1170955223880597;0.17090149253731343;0.2206059701492537;0.26430149253731344;0.2885880597014926;0.3048179104477612;0.30369850746268656;0.32840149253731343;0.38585074626865673;0.2968970149253732
2025-08-30T00:00:00.000Z;0.166;1.8889104477611942;0.12273880597014926;0.17626268656716418;0.2349492537313433;0.2795253731343284;0.3062567164179105;0.32404626865671643;0.32955522388059705;0.3434432835820896;0.4298134328358209;0.3469776119402985
2025-09-01T00:00:00.000Z;0.182;0.8064626865671641;0.13876567164179104;0.20307462686567165;0.26658507462686565;0.3137537313432836;0.34369552238805967;0.3575417910447761;0.3732462686567165;0.3813164179104478;0.4631059701492537;0.3635253731343284
2025-09-03T00:00:00.000Z;0.177;1.2192089552238805;0.13973432835820895;0.2004761194029851;0.2647343283582089;0.31138208955223884;0.3389194029850746;0.3551059701492537;0.3642925373134328;0.37720000000000004;0.4618611940298508;0.3649955223880597
2025-09-04T00:00:00.000Z;0.193;1.3487164179104476;0.12663731343283582;0.18620298507462688;0.24539402985074626;0.2925388059701493;0.32102985074626866;0.3347582089552239;0.34762388059701493;0.3577701492537313;0.43465373134328356;0.33577462686567167
2025-09-06T00:00:00.000Z;;;;;;;;;;;;
2025-09-09T00:00:00.000Z;0.22049253731343285;2.354343283582089;0.13130298507462687;0.18805074626865673;0.2485343283582089;0.2984805970149254;0.3280582089552239;0.347544776119403;0.348889552238806;0.3683880597014926;0.44757014925373134;0.34923432835820895
2025-09-11T00:00:00.000Z;0.155;2.148402985074627;0.13566268656716418;0.1976820895522388;0.25814626865671647;0.3115;0.3356970149253732;0.34915373134328365;0.34651194029850746;0.37102537313432843;0.46409701492537325;0.36104179104477613
2025-09-13T00:00:00.000Z;;;;;;;;;;;;
2025-09-14T00:00:00.000Z;0.155;1.7315074626865672;0.12040298507462688;0.17877313432835823;0.23488358208955226;0.2807865671641791;0.3074462686567164;0.31911641791044776;0.3275223880597015;0.33948358208955226;0.4272104477611941;0.3292268656716418
2025-09-16T00:00:00.000Z;0.166;1.8789701492537316;0.11708805970149251;0.1717641791044776;0.229;0.2733805970149254;0.2968179104477612;0.3119492537313433;0.31723582089552244;0.33368805970149257;0.4080313432835821;0.3139970149253732
2025-09-19T00:00:00.000Z;0.171;2.1571940298507464;0.11811641791044777;0.17022985074626865;0.2255313432835821;0.2694059701492537;0.2933373134328358;0.3103208955223881;0.3139223880597015;0.3294164179104478;0.4108462686567165;0.329755223880597
2025-09-21T00:00:00.000Z;0.226;2.398492537313433;0.13794925373134329;0.19371641791044777;0.24612537313432842;0.29524179104477616;0.3204328358208956;0.3349626865671642;0.3296298507462687;0.3565671641791045;0.4167477611940299;0.3213179104477612
2025-09-23T00:00:00.000Z;0.067;1.1994626865671643;0.13914328358208955;0.19607462686567165;0.26055373134328363;0.3101686567164179;0.3390388059701493;0.35624179104477616;0.36644776119402983;0.3814014925373134;0.4682835820895523;0.3684522388059701
2025-09-24T00:00:00.000Z;;;;;;;;;;;;
2025-09-26T00:00:00.000Z;0.18795522388059702;1.4060746268656716;0.11612537313432836;0.17156716417910448;0.22916417910447764;0.27297313432835824;0.29608805970149255;0.310844776119403;0.3202388059701493;0.3305805970149254;0.4000238805970149;0.30549253731343284
2025-09-29T00:00:00.000Z;;;;;;;;;;;;
