TIMESTAMP_UTC;AOT;TCWV;B02;B03;B04;B05;B06;B07;B08;B8A;B11;B12
2015-10-04T00:00:00.000Z;;;;;;;;;;;;
2015-11-13T00:00:00.000Z;0.110984375;1.039234375;0.0629890625;0.0869015625;0.0897109375;0.12803125;0.1908953125;0.20748750000000002;0.218865625;0.22838125;0.22891250000000002;0.1608359375
2015-11-16T00:00:00.000Z;0.078;0.8103281250000001;0.0390046875;0.06310937500000001;0.0653671875;0.0999671875;0.160025;0.17571406250000002;0.189928125;0.193525;0.1899890625;0.12708906250000002
2015-11-26T00:00:00.000Z;0.066984375;0.721671875;0.0383734375;0.063296875;0.06660468750000001;0.10057031250000001;0.161609375;0.17647500000000002;0.191859375;0.1945734375;0.187725;0.1274
2015-12-03T00:00:00.000Z;0.089;1.198375;0.042681250000000004;0.06988125;0.07428125000000001;0.112965625;0.1754234375;0.1920203125;0.2005859375;0.21057031250000002;0.20654843750000002;0.14405
2015-12-06T00:00:00.000Z;;;;;;;;;;;;
2015-12-16T00:00:00.000Z;;;;;;;;;;;;
2015-12-23T00:00:00.000Z;;;;;;;;;;;;
2015-12-26T00:00:00.000Z;;;;;;;;;;;;
2016-01-02T00:00:00.000Z;;;;;;;;;;;;
2016-01-05T00:00:00.000Z;;;;;;;;;;;;
2016-01-12T00:00:00.000Z;0.07200000000000001;1.0423125;0.044637500000000004;0.0704390625;0.076903125;0.11150312500000001;0.17085;0.18626875;0.1976359375;0.20798125;0.20806093750000001;0.146878125
2016-01-22T00:00:00.000Z;;;;;;;;;;;;
2016-01-25T00:00:00.000Z;0.078;1.035015625;0.24601875;0.262984375;0.27723125000000004;0.31565625;0.3517296875;0.36486406250000003;0.37264375;0.385021875;0.4118265625;0.36434375
2016-02-01T00:00:00.000Z;0.078;0.81403125;0.047176562500000005;0.0729609375;0.0811671875;0.11423125;0.166921875;0.182628125;0.1964671875;0.20360625000000002;0.216;0.1527671875
2016-02-04T00:00:00.000Z;0.078;0.612078125;0.042401562500000003;0.0659359375;0.0725171875;0.1031046875;0.1537453125;0.16909218750000002;0.18571875000000002;0.1877234375;0.1945984375;0.1334109375
2016-02-11T00:00:00.000Z;0.05575;1.323;0.0565;0.058800000000000005;0.059325;0.073925;0.09005;0.1017;0.09645000000000001;0.112125;0.1178;0.106175
2016-02-14T00:00:00.000Z;;;;;;;;;;;;
2016-02-21T00:00:00.000Z;;;;;;;;;;;;
2016-03-02T00:00:00.000Z;;;;;;;;;;;;
2016-03-05T00:00:00.000Z;0.083;0.45790625;0.048685937500000005;0.07532187500000001;0.085834375;0.1173234375;0.1636703125;0.17778125;0.197040625;0.198303125;0.2182859375;0.1550140625
2016-03-12T00:00:00.000Z;0.105;0.468796875;0.060615625000000006;0.08945937500000001;0.1027515625;0.1370859375;0.18557656250000001;0.20010468750000002;0.2179984375;0.2224609375;0.2546328125;0.18638125
2016-03-15T00:00:00.000Z;;;;;;;;;;;;
2016-03-22T00:00:00.000Z;;;;;;;;;;;;
2016-03-25T00:00:00.000Z;0.083;0.6469375;0.06263281250000001;0.088853125;0.0982046875;0.1299171875;0.1743015625;0.18816875;0.20408125000000002;0.2076125;0.2318109375;0.16530468750000002
2016-04-01T00:00:00.000Z;0.116;0.6139218750000001;0.0671859375;0.1005390625;0.113478125;0.1509109375;0.200778125;0.216;0.23264375;0.2388125;0.2748125;0.20271250000000002
2016-04-04T00:00:00.000Z;;;;;;;;;;;;
2016-04-11T00:00:00.000Z;0.111;0.879;0.1005;0.1434;0.1589;0.1948;0.2416;0.251;0.28650000000000003;0.2659;0.2917;0.2051
2016-04-14T00:00:00.000Z;0.083;0.8083750000000001;0.058965625;0.087709375;0.0983625;0.1328609375;0.1821375;0.19743750000000002;0.21107187500000002;0.2175921875;0.24701250000000002;0.1773859375
2016-04-21T00:00:00.000Z;0.116;0.878421875;0.0740921875;0.1074859375;0.12012500000000001;0.1595375;0.21580156250000002;0.23348593750000002;0.2471359375;0.2575953125;0.2985578125;0.22217031250000002
2016-04-24T00:00:00.000Z;0.094;0.6176875000000001;0.059618750000000005;0.0896359375;0.10065;0.1353953125;0.187;0.2034828125;0.22151875000000001;0.224996875;0.253953125;0.1807484375
2016-05-01T00:00:00.000Z;0.105;0.48978125;0.072265625;0.10522656250000001;0.11777187500000001;0.15640781250000002;0.21127343750000002;0.22820000000000001;0.24601875;0.25105937500000003;0.2881109375;0.2136640625
2016-05-04T00:00:00.000Z;0.089;0.5465;0.0667703125;0.097525;0.107059375;0.144265625;0.1994703125;0.2165578125;0.234609375;0.2380140625;0.26401562500000003;0.19175625000000002
2016-05-11T00:00:00.000Z;0.105;1.09559375;0.0915859375;0.12640625;0.1325;0.1813390625;0.25394062500000003;0.273953125;0.288421875;0.30090937500000003;0.3225640625;0.22511250000000002
2016-05-14T00:00:00.000Z;;;;;;;;;;;;
2016-05-21T00:00:00.000Z;0.138;1.2939375;0.07794843750000001;0.11225;0.123271875;0.1659890625;0.22412656250000002;0.24095000000000003;0.249796875;0.263528125;0.3054296875;0.227778125
2016-05-24T00:00:00.000Z;0.312984375;1.406390625;0.063659375;0.096965625;0.10691093750000001;0.1472421875;0.19985312500000002;0.2171484375;0.22755;0.236578125;0.2579328125;0.1840359375
2016-06-10T00:00:00.000Z;;;;;;;;;;;;
2016-06-13T00:00:00.000Z;0.094;1.952703125;0.070146875;0.1022046875;0.11499218750000001;0.15545781250000001;0.20060312500000002;0.21741875000000002;0.223140625;0.23956093750000002;0.28121250000000003;0.2018984375
2016-06-20T00:00:00.000Z;0.055640625;1.316625;0.0876984375;0.12482968750000001;0.14095156250000002;0.1850703125;0.23102031250000002;0.24817968750000002;0.258765625;0.274415625;0.328246875;0.2442359375
2016-06-23T00:00:00.000Z;0.138;1.08746875;0.0690265625;0.10329375;0.11815;0.15939843750000002;0.202075;0.21839687500000002;0.23122187500000002;0.24158593750000001;0.28285312500000004;0.2019921875
2016-06-30T00:00:00.000Z;0.372421875;2.4234375;0.08721875;0.1264734375;0.1450046875;0.19124531250000001;0.2333515625;0.250575;0.2535265625;0.27685156250000004;0.3328546875;0.24228125
2016-07-03T00:00:00.000Z;0.242;2.053828125;0.07238125000000001;0.1080046875;0.1256296875;0.1665703125;0.20468750000000002;0.22114531250000002;0.2270875;0.2447125;0.2886125;0.203528125
2016-07-10T00:00:00.000Z;0.149;1.77640625;0.086096875;0.12435625;0.1453484375;0.19144687500000002;0.2334171875;0.24992187500000002;0.2570421875;0.2760859375;0.3354328125;0.24379375
2016-07-13T00:00:00.000Z;;;;;;;;;;;;
2016-07-20T00:00:00.000Z;;;;;;;;;;;;
2016-07-23T00:00:00.000Z;0.231;2.2535625;0.069084375;0.1033703125;0.1211;0.165784375;0.20116406250000002;0.21735000000000002;0.22334375;0.24170625;0.28678281250000004;0.19800625000000002
2016-07-30T00:00:00.000Z;0.296609375;1.871828125;0.0795671875;0.121609375;0.14360781250000001;0.19044687500000002;0.229596875;0.247603125;0.2526328125;0.2725015625;0.3229984375;0.23122187500000002
2016-08-02T00:00:00.000Z;0.089;1.3137343750000001;0.070840625;0.10391093750000001;0.12141718750000001;0.16373437500000002;0.198684375;0.21387187500000002;0.22641875;0.2386265625;0.27879375;0.19362656250000002
2016-08-09T00:00:00.000Z;0.055640625;1.3336875000000001;0.084721875;0.12225156250000001;0.142578125;0.18668125000000002;0.2239765625;0.241128125;0.2511234375;0.26599062500000004;0.31889218750000003;0.2289765625
2016-08-12T00:00:00.000Z;0.111;1.7446;0.08140666666666668;0.11746666666666668;0.13560666666666668;0.18478;0.2254266666666667;0.24268000000000003;0.24989333333333336;0.26781333333333335;0.30134;0.20614666666666667
2016-08-19T00:00:00.000Z;0.083;1.821578125;0.0776359375;0.11429531250000001;0.1320859375;0.17817968750000002;0.215890625;0.2323578125;0.23799687500000002;0.2570515625;0.3070125;0.22206406250000002
2016-08-22T00:00:00.000Z;0.094;2.1992656250000002;0.06728125;0.1000203125;0.115459375;0.1608484375;0.19408125;0.2087359375;0.21435;0.231559375;0.26908593750000004;0.1861265625
2016-08-29T00:00:00.000Z;0.16543750000000002;1.48140625;0.0729359375;0.1123765625;0.1311703125;0.178653125;0.21585000000000001;0.2310640625;0.24059687500000002;0.256959375;0.30338125;0.2148265625
2016-09-01T00:00:00.000Z;;;;;;;;;;;;
2016-09-08T00:00:00.000Z;0.06925;1.43225;0.0740328125;0.112315625;0.1307015625;0.1769109375;0.21307500000000001;0.22766250000000002;0.23761562500000002;0.2524359375;0.29629062500000003;0.20984531250000002
2016-09-11T00:00:00.000Z;0.149;2.092765625;0.0643921875;0.09775312500000001;0.11280000000000001;0.1570375;0.19106406250000002;0.2052078125;0.211771875;0.227809375;0.259284375;0.17769218750000002
2016-09-18T00:00:00.000Z;0.1;1.4115;0.06778437500000001;0.1063890625;0.12357968750000001;0.169190625;0.20516562500000002;0.219675;0.228528125;0.24412968750000003;0.283103125;0.20216406250000002
2016-09-21T00:00:00.000Z;0.110984375;1.433921875;0.062212500000000004;0.0953015625;0.10913281250000001;0.152915625;0.186221875;0.199778125;0.2107125;0.22238750000000002;0.2524234375;0.17285
2016-09-28T00:00:00.000Z;;;;;;;;;;;;
2016-10-01T00:00:00.000Z;0.121984375;1.40075;0.057642187500000004;0.09045625;0.10501718750000001;0.14945312500000002;0.18235625;0.1963328125;0.207315625;0.2189015625;0.2455171875;0.1670953125
2016-10-08T00:00:00.000Z;0.149;1.1862105263157894;0.06981052631578948;0.1074842105263158;0.12439473684210528;0.1707684210526316;0.20841052631578946;0.22268947368421052;0.2326894736842105;0.24501052631578946;0.27006315789473684;0.19035263157894736
2016-10-11T00:00:00.000Z;0.110984375;0.799859375;0.054012500000000005;0.08762500000000001;0.10174375000000001;0.14246250000000002;0.17758281250000002;0.19199375000000002;0.20789062500000002;0.21407187500000002;0.23790468750000002;0.160621875
2016-10-18T00:00:00.000Z;;;;;;;;;;;;
2016-10-21T00:00:00.000Z;;;;;;;;;;;;
2016-10-28T00:00:00.000Z;;;;;;;;;;;;
2016-10-31T00:00:00.000Z;0.1;1.0230000000000001;0.050895312500000005;0.076415625;0.0798453125;0.1178953125;0.1627375;0.176390625;0.18843437500000002;0.194771875;0.20274687500000002;0.13768906250000001
2016-11-07T00:00:00.000Z;0.078;0.6327894736842106;0.05645789473684211;0.08601052631578947;0.0918078947368421;0.13173947368421052;0.1852684210526316;0.1997210526315789;0.21161578947368423;0.21853684210526322;0.23079736842105264;0.16311052631578948
2016-11-10T00:00:00.000Z;0.078;0.715828125;0.0426375;0.0694921875;0.0745921875;0.1103015625;0.15975;0.17179531250000002;0.1872;0.1901421875;0.19720625;0.1340953125
2016-11-17T00:00:00.000Z;0.07200000000000001;0.92403125;0.047371875;0.07641875000000001;0.083609375;0.120990625;0.17102343750000001;0.18512343750000002;0.197046875;0.2060046875;0.216975;0.15387187500000002
2016-11-20T00:00:00.000Z;;;;;;;;;;;;
2016-11-27T00:00:00.000Z;;;;;;;;;;;;
2016-11-30T00:00:00.000Z;;;;;;;;;;;;
2016-12-07T00:00:00.000Z;0.089;0.98021875;0.036532812500000005;0.06253125;0.0651734375;0.1002265625;0.1538421875;0.16906718750000002;0.177746875;0.1860203125;0.18207500000000001;0.1222671875
2016-12-10T00:00:00.000Z;;;;;;;;;;;;
2016-12-17T00:00:00.000Z;;;;;;;;;;;;
2016-12-20T00:00:00.000Z;0.07200000000000001;0.882890625;0.0273625;0.0506578125;0.0531390625;0.084875;0.13802031250000002;0.14966875000000002;0.16378125000000002;0.1673265625;0.1568703125;0.1007796875
2016-12-27T00:00:00.000Z;;;;;;;;;;;;
2016-12-30T00:00:00.000Z;;;;;;;;;;;;
2017-01-16T00:00:00.000Z;0.066984375;0.878171875;0.044303125;0.0707453125;0.0763;0.1112390625;0.1647375;0.17835781250000002;0.191165625;0.1980890625;0.20589062500000002;0.1463390625
2017-01-19T00:00:00.000Z;;;;;;;;;;;;
2017-01-26T00:00:00.000Z;;;;;;;;;;;;
2017-01-29T00:00:00.000Z;;;;;;;;;;;;
2017-02-05T00:00:00.000Z;;;;;;;;;;;;
2017-02-08T00:00:00.000Z;0.061;0.517953125;0.042340625;0.0655703125;0.0711140625;0.101353125;0.152984375;0.167609375;0.18434375;0.18531406250000002;0.19250625000000002;0.133890625
2017-02-15T00:00:00.000Z;0.089;0.680484375;0.06715312500000001;0.087871875;0.092790625;0.125534375;0.178578125;0.1932015625;0.20651875;0.2124453125;0.2222515625;0.16210156250000002
2017-02-18T00:00:00.000Z;;;;;;;;;;;;
2017-02-25T00:00:00.000Z;0.105;0.7568125;0.050440625;0.0769078125;0.0838828125;0.1169015625;0.170203125;0.1857828125;0.19878125000000002;0.205790625;0.2208640625;0.15873281250000001
2017-02-28T00:00:00.000Z;0.078;0.881921875;0.046084375000000004;0.0695359375;0.07554375;0.106253125;0.1573953125;0.1711328125;0.18394375000000002;0.189228125;0.20188125;0.1422421875
2017-03-07T00:00:00.000Z;;;;;;;;;;;;
2017-03-10T00:00:00.000Z;0.066984375;0.554;0.046295312500000005;0.070378125;0.07754375000000001;0.1066640625;0.15795;0.1728125;0.189584375;0.19066875;0.20658437500000001;0.146271875
2017-03-17T00:00:00.000Z;;;;;;;;;;;;
2017-03-19T00:00:00.000Z;;;;;;;;;;;;
2017-03-20T00:00:00.000Z;0.110984375;1.298515625;0.052328125;0.0781171875;0.0837265625;0.118490625;0.17617968750000002;0.19338593750000002;0.20317812500000001;0.21272812500000002;0.225621875;0.158128125
2017-03-25T00:00:00.000Z;0.083;0.753109375;0.056760937500000004;0.07982968750000001;0.085371875;0.11788125;0.17209531250000001;0.1882921875;0.20432187500000001;0.206909375;0.22331718750000001;0.1633359375
2017-03-27T00:00:00.000Z;;;;;;;;;;;;
2017-03-30T00:00:00.000Z;0.05;0.602171875;0.063278125;0.08794375;0.09435312500000001;0.1271578125;0.1801609375;0.1966703125;0.212528125;0.21619531250000001;0.2278328125;0.16273281250000002
2017-04-01T00:00:00.000Z;0.105;0.625703125;0.0662828125;0.0941609375;0.102571875;0.136565625;0.19582656250000002;0.212975;0.23183125000000002;0.2355125;0.263525;0.19609375
2017-04-06T00:00:00.000Z;0.061;1.0296984126984128;0.08277619047619049;0.11126666666666668;0.11923015873015873;0.16062698412698412;0.22641587301587301;0.24568888888888887;0.25938253968253966;0.27062380952380954;0.2843587301587302;0.20745714285714287
2017-04-09T00:00:00.000Z;0.0669795918367347;0.9863877551020409;0.0543;0.08035102040816326;0.08673061224489796;0.1227326530612245;0.17670408163265308;0.191934693877551;0.21009795918367347;0.21198571428571428;0.22015102040816328;0.15263673469387756
2017-04-11T00:00:00.000Z;0.13290625;0.8678125;0.07014375;0.097565625;0.106753125;0.1440078125;0.204375;0.22401562500000002;0.238290625;0.2438046875;0.2756453125;0.2055734375
2017-04-14T00:00:00.000Z;;;;;;;;;;;;
2017-04-16T00:00:00.000Z;;;;;;;;;;;;
2017-04-19T00:00:00.000Z;;;;;;;;;;;;
2017-04-21T00:00:00.000Z;0.089;0.507875;0.0771;0.1051640625;0.115365625;0.15085625;0.212534375;0.230040625;0.25043750000000004;0.252428125;0.28345312500000003;0.21092968750000002
2017-04-24T00:00:00.000Z;0.258296875;1.50984375;0.062203125000000005;0.09226875000000001;0.10217812500000001;0.139253125;0.19721093750000002;0.2159;0.226703125;0.23670625;0.2606484375;0.1897734375
2017-04-26T00:00:00.000Z;;;;;;;;;;;;
2017-04-29T00:00:00.000Z;;;;;;;;;;;;
2017-05-01T00:00:00.000Z;0.121984375;0.93603125;0.0701765625;0.099715625;0.10716093750000001;0.145725;0.2031375;0.221640625;0.2359078125;0.2427203125;0.2765796875;0.20493750000000002
2017-05-04T00:00:00.000Z;0.171;1.185890625;0.0680828125;0.0965609375;0.10446875;0.14021875;0.19594687500000002;0.2132671875;0.22504375000000001;0.23275781250000002;0.25695;0.19142031250000002
2017-05-06T00:00:00.000Z;0.116;0.781734375;0.071471875;0.1059625;0.11586250000000001;0.15554062500000002;0.213778125;0.22966250000000002;0.2451296875;0.253184375;0.2881046875;0.214653125
2017-05-09T00:00:00.000Z;0.105;1.3526875;0.060562500000000005;0.09145937500000001;0.09978125;0.1378984375;0.1931421875;0.2103015625;0.219415625;0.23154375000000002;0.2594203125;0.1874609375
2017-05-11T00:00:00.000Z;;;;;;;;;;;;
2017-05-14T00:00:00.000Z;0.089;1.387796875;0.0718015625;0.0997765625;0.10838125;0.14601250000000002;0.2038125;0.22060156250000001;0.23367812500000001;0.2417890625;0.27532968750000003;0.2059
2017-05-16T00:00:00.000Z;;;;;;;;;;;;
2017-05-19T00:00:00.000Z;0.105;1.107859375;0.0674734375;0.0978265625;0.10690000000000001;0.1463421875;0.2009171875;0.21842187500000002;0.230265625;0.24020312500000002;0.26825312500000004;0.19243125
2017-05-21T00:00:00.000Z;;;;;;;;;;;;
2017-05-24T00:00:00.000Z;0.110984375;1.2262187500000001;0.0692828125;0.09772968750000001;0.108178125;0.14448906250000002;0.1964875;0.21401562500000001;0.22815625;0.23516875;0.2697265625;0.200525
2017-05-26T00:00:00.000Z;0.3075;1.443484375;0.0745140625;0.11566875;0.1298328125;0.17567812500000002;0.231375;0.250096875;0.2585515625;0.2738625;0.312884375;0.23128125000000002
2017-05-29T00:00:00.000Z;0.094;1.47659375;0.0729140625;0.101815625;0.112684375;0.15113437500000002;0.19969375;0.2158890625;0.22459062500000002;0.23727187500000002;0.26942187500000003;0.1939625
2017-06-03T00:00:00.000Z;;;;;;;;;;;;
2017-06-05T00:00:00.000Z;0.055640625;0.9802968750000001;0.08034843750000001;0.116065625;0.130825;0.1715546875;0.22155;0.238971875;0.252371875;0.26294375000000003;0.3115203125;0.2294765625
2017-06-08T00:00:00.000Z;0.094;1.41840625;0.068378125;0.09976093750000001;0.1112125;0.1501125;0.19491875;0.2102421875;0.22075312500000002;0.23234218750000002;0.2724609375;0.1955734375
2017-06-10T00:00:00.000Z;0.231;2.046125;0.09081093750000001;0.123546875;0.13750625;0.1793390625;0.2270984375;0.2479640625;0.25346875;0.27077968750000003;0.318784375;0.239671875
2017-06-13T00:00:00.000Z;0.1;1.8452187500000001;0.0748296875;0.10394375;0.116621875;0.15315781250000002;0.19720000000000001;0.2151875;0.222853125;0.2356109375;0.281728125;0.2103859375
2017-06-15T00:00:00.000Z;0.187234375;1.605046875;0.0854796875;0.12256718750000001;0.1381328125;0.180903125;0.2267015625;0.244196875;0.25148125;0.2680796875;0.32277656250000003;0.240109375
2017-06-18T00:00:00.000Z;0.13290625;1.99796875;0.07365000000000001;0.1048828125;0.1177984375;0.15785156250000001;0.1993203125;0.2154265625;0.220296875;0.23709531250000002;0.2809390625;0.200096875
2017-06-20T00:00:00.000Z;0.214984375;2.1601875;0.0881765625;0.1233609375;0.1388734375;0.1835953125;0.2296921875;0.2504734375;0.255528125;0.27351562500000004;0.33363593750000003;0.2504203125
2017-06-23T00:00:00.000Z;0.182;1.92746875;0.07477500000000001;0.103896875;0.11815;0.1567640625;0.19818750000000002;0.2162484375;0.22475625000000002;0.238253125;0.28776406250000003;0.21230937500000002
2017-06-25T00:00:00.000Z;;;;;;;;;;;;
2017-06-28T00:00:00.000Z;0.089;1.38909375;0.0705265625;0.1028078125;0.11813593750000001;0.15885625;0.19892343750000002;0.21359687500000002;0.22485000000000002;0.23740156250000002;0.282646875;0.201203125
2017-06-30T00:00:00.000Z;0.055640625;0.8719375;0.09116250000000001;0.124765625;0.1425796875;0.1837546875;0.22919375;0.245925;0.26334687500000004;0.2706015625;0.32963125000000004;0.248628125
2017-07-03T00:00:00.000Z;0.089;1.200078125;0.072415625;0.1042109375;0.1197109375;0.158271875;0.19971093750000002;0.217246875;0.23133125000000002;0.24054843750000002;0.286671875;0.21112968750000002
2017-07-05T00:00:00.000Z;0.182;1.491484375;0.0874390625;0.1254109375;0.14481875;0.188828125;0.23161406250000002;0.24762031250000002;0.256859375;0.2724140625;0.3239125;0.236728125
2017-07-10T00:00:00.000Z;0.116;1.654484375;0.08995937500000001;0.12456875;0.1420796875;0.1851765625;0.2259859375;0.24485;0.255421875;0.269809375;0.330409375;0.24751406250000002
2017-07-13T00:00:00.000Z;0.263984375;1.85509375;0.07400000000000001;0.10765625000000001;0.12451875000000001;0.1640765625;0.20415156250000002;0.22222968750000002;0.23045937500000002;0.24338437500000001;0.2882515625;0.21019375
2017-07-15T00:00:00.000Z;0.198171875;1.736875;0.084134375;0.12408593750000001;0.142865625;0.18886093750000002;0.22872343750000002;0.24564531250000002;0.2525296875;0.27068281250000004;0.32222656250000004;0.23341875
2017-07-18T00:00:00.000Z;0.307;1.4133333333333333;0.09493333333333334;0.1434;0.167;0.20733333333333331;0.24256666666666665;0.2611;0.27626666666666666;0.2901;0.3309333333333333;0.23700000000000002
2017-07-20T00:00:00.000Z;0.089;1.771265625;0.088659375;0.12407812500000001;0.141765625;0.1865703125;0.226371875;0.2457671875;0.25500937500000004;0.270603125;0.33080312500000003;0.245415625
2017-07-23T00:00:00.000Z;0.258296875;1.836921875;0.049390625;0.08613593750000001;0.11258750000000001;0.1590984375;0.20776250000000002;0.23296250000000002;0.17944062500000002;0.2612625;0.2715359375;0.20459375000000002
2017-07-25T00:00:00.000Z;0.13290625;2.28021875;0.0851140625;0.1211328125;0.139853125;0.189415625;0.2280578125;0.24410937500000002;0.24741875000000002;0.27105;0.3255890625;0.23389062500000002
2017-07-28T00:00:00.000Z;0.231;1.419875;0.06561875;0.098690625;0.11471718750000001;0.1568703125;0.1943328125;0.21181093750000002;0.220840625;0.23428281250000002;0.2785140625;0.19438125
2017-07-30T00:00:00.000Z;0.116;1.402515625;0.08818437500000001;0.1241234375;0.141471875;0.1861484375;0.226775;0.2442421875;0.256121875;0.269721875;0.322909375;0.23888125000000002
2017-08-02T00:00:00.000Z;;;;;;;;;;;;
2017-08-04T00:00:00.000Z;0.198171875;1.5890781250000001;0.07987812500000001;0.11930312500000001;0.13974687500000002;0.18791875;0.22717343750000002;0.24437031250000002;0.2519203125;0.2702421875;0.323103125;0.23244375
2017-08-07T00:00:00.000Z;0.242;2.298578125;0.06727812500000001;0.10373281250000001;0.122109375;0.1672390625;0.201240625;0.21805625;0.222584375;0.24248750000000002;0.277871875;0.191390625
2017-08-09T00:00:00.000Z;0.19821875;2.02021875;0.08867343750000001;0.1261765625;0.14416718750000002;0.19262656250000001;0.2339765625;0.2533515625;0.260496875;0.278815625;0.331003125;0.238315625
2017-08-12T00:00:00.000Z;0.182;1.758515625;0.06605156250000001;0.099840625;0.117121875;0.1598109375;0.197790625;0.21408750000000001;0.2248;0.236096875;0.2791109375;0.19968125
2017-08-14T00:00:00.000Z;0.27221875;2.18684375;0.076884375;0.1189234375;0.13904687500000001;0.187846875;0.2257234375;0.24159531250000002;0.24665;0.26941875000000004;0.31217656250000003;0.22089531250000002
2017-08-17T00:00:00.000Z;0.187234375;2.478640625;0.0663109375;0.1006875;0.11678125;0.16164843750000002;0.19381406250000002;0.209090625;0.2132;0.2333359375;0.27047031250000003;0.1858890625
2017-08-19T00:00:00.000Z;0.198171875;2.60284375;0.08687968750000001;0.12006562500000001;0.1373125;0.1837796875;0.219428125;0.2382890625;0.242278125;0.26232343750000003;0.3121828125;0.22705312500000002
2017-08-22T00:00:00.000Z;0.1;1.884015625;0.07127343750000001;0.1024125;0.1186578125;0.160225;0.1947890625;0.21103593750000002;0.220275;0.23291250000000002;0.2742734375;0.1955625
2017-08-24T00:00:00.000Z;0.105;1.7340312500000001;0.08097343750000001;0.1176875;0.13648125;0.1814484375;0.21714375000000002;0.2329703125;0.239659375;0.25741718750000003;0.30284062500000003;0.21751562500000002
2017-08-27T00:00:00.000Z;;;;;;;;;;;;
2017-08-29T00:00:00.000Z;;;;;;;;;;;;
2017-09-01T00:00:00.000Z;;;;;;;;;;;;
2017-09-03T00:00:00.000Z;0.258296875;1.6349375;0.0820296875;0.11764687500000001;0.12744375;0.17787031250000002;0.223734375;0.2394484375;0.246665625;0.2647015625;0.282365625;0.1988359375
2017-09-06T00:00:00.000Z;;;;;;;;;;;;
2017-09-08T00:00:00.000Z;0.5083593750000001;1.796921875;0.0809875;0.11496718750000001;0.12574218750000002;0.174875;0.22504218750000002;0.2476046875;0.25189375;0.27154062500000004;0.311003125;0.22220781250000002
2017-09-11T00:00:00.000Z;0.105;1.3725156250000001;0.059034375;0.088103125;0.09798593750000001;0.136434375;0.1796296875;0.193246875;0.20565625;0.21293125000000002;0.250159375;0.18325312500000002
2017-09-13T00:00:00.000Z;0.16;1.70584375;0.063946875;0.100846875;0.11172343750000001;0.1559;0.199765625;0.2142734375;0.22041093750000001;0.23751875;0.2776296875;0.2010015625
2017-09-16T00:00:00.000Z;0.138;1.367171875;0.063059375;0.09333593750000001;0.1014765625;0.1416640625;0.1835890625;0.19656718750000002;0.20593125;0.2157609375;0.2439859375;0.17142812500000001
2017-09-18T00:00:00.000Z;0.16543750000000002;1.100078125;0.070215625;0.1008125;0.112821875;0.15380000000000002;0.1982140625;0.21398906250000002;0.22720625;0.23642656250000002;0.28040156250000003;0.206228125
2017-09-21T00:00:00.000Z;0.171;1.53875;0.060082812500000006;0.0893;0.0986390625;0.138703125;0.18112187500000002;0.19536406250000002;0.20600625;0.21472968750000002;0.25100937500000003;0.17950625
2017-09-23T00:00:00.000Z;;;;;;;;;;;;
2017-09-26T00:00:00.000Z;0.154609375;1.469546875;0.0550796875;0.08721406250000001;0.09642031250000001;0.137909375;0.1784609375;0.193;0.201446875;0.2122546875;0.2426234375;0.16803281250000002
2017-09-28T00:00:00.000Z;0.187234375;2.331265625;0.080715625;0.11597500000000001;0.127515625;0.176471875;0.22943125;0.2509890625;0.2553171875;0.27547343750000003;0.3262140625;0.23661875000000002
2017-10-01T00:00:00.000Z;;;;;;;;;;;;
2017-10-03T00:00:00.000Z;0.138;2.161734375;0.0594828125;0.0940125;0.10513750000000001;0.14879375;0.1911578125;0.20482187500000001;0.2074328125;0.226153125;0.2647421875;0.189084375
2017-10-06T00:00:00.000Z;0.105;1.039734375;0.0523015625;0.0831859375;0.0922203125;0.131825;0.17030781250000002;0.1846171875;0.19704375000000002;0.204253125;0.2316671875;0.1608453125
2017-10-08T00:00:00.000Z;0.14378125;1.492578125;0.0680171875;0.0971296875;0.10724531250000001;0.148040625;0.19075;0.2062921875;0.2145234375;0.2263703125;0.26539843750000003;0.190865625
2017-10-11T00:00:00.000Z;0.14378125;1.37090625;0.0572734375;0.08446250000000001;0.09376406250000001;0.1310171875;0.1719484375;0.1854953125;0.19719687500000002;0.20415625;0.23625000000000002;0.1679515625
2017-10-13T00:00:00.000Z;0.182;1.74753125;0.0569375;0.09174531250000001;0.10329218750000001;0.1457765625;0.1861375;0.20023125;0.20566562500000002;0.223009375;0.2553609375;0.181578125
2017-10-16T00:00:00.000Z;0.127;1.074375;0.050418750000000005;0.0805078125;0.0890671875;0.127140625;0.1664046875;0.180125;0.1919625;0.19888750000000002;0.22551875000000002;0.153009375
2017-10-18T00:00:00.000Z;;;;;;;;;;;;
2017-10-21T00:00:00.000Z;0.094;1.841328125;0.051584375;0.0783640625;0.086775;0.1253421875;0.1648203125;0.1793046875;0.18810625;0.199565625;0.22951875000000002;0.1621171875
2017-10-23T00:00:00.000Z;0.11090909090909092;1.2192727272727273;0.042509090909090906;0.06129090909090909;0.06543636363636364;0.08895454545454545;0.11318181818181818;0.12154545454545455;0.1215090909090909;0.13461818181818183;0.14457272727272727;0.1046909090909091
2017-10-26T00:00:00.000Z;0.089;0.7323125;0.046425;0.0768078125;0.0851265625;0.12263750000000001;0.1635578125;0.17632187500000002;0.19134375;0.1955109375;0.2161671875;0.1472921875
2017-10-28T00:00:00.000Z;0.089;1.4093125;0.06428906250000001;0.091425;0.100090625;0.1362453125;0.1781015625;0.19327812500000002;0.20251875;0.2116765625;0.2464609375;0.177528125
2017-10-31T00:00:00.000Z;;;;;;;;;;;;
2017-11-02T00:00:00.000Z;;;;;;;;;;;;
2017-11-05T00:00:00.000Z;0.089;1.211078125;0.043943750000000004;0.0741109375;0.08115;0.12062500000000001;0.1610484375;0.1734;0.1850125;0.19325625000000002;0.21224062500000002;0.1434375
2017-11-07T00:00:00.000Z;0.083;0.619984375;0.0566703125;0.0849734375;0.0932171875;0.128734375;0.173540625;0.1869375;0.203121875;0.205578125;0.23524375;0.1690828125
2017-11-10T00:00:00.000Z;0.078;0.71284375;0.047553125;0.07413125000000001;0.0812265625;0.11765625;0.1608203125;0.17355;0.190371875;0.1906578125;0.21181093750000002;0.150303125
2017-11-12T00:00:00.000Z;0.083;0.559890625;0.048817187500000005;0.08097343750000001;0.09005937500000001;0.127203125;0.1715015625;0.18358750000000001;0.19810468750000002;0.2033734375;0.2252046875;0.1586078125
2017-11-15T00:00:00.000Z;0.078;0.432359375;0.0429625;0.0732171875;0.0795953125;0.1162703125;0.15755156250000002;0.1695640625;0.1881875;0.1886203125;0.20117656250000002;0.13763125
2017-11-17T00:00:00.000Z;0.1;0.850234375;0.053881250000000006;0.08162187500000001;0.089765625;0.1276109375;0.17258125000000002;0.1848296875;0.19933125000000002;0.2047765625;0.2299046875;0.16285
2017-11-20T00:00:00.000Z;0.078;0.6695;0.046232812500000005;0.072546875;0.0789890625;0.114859375;0.1592296875;0.1726078125;0.18988125;0.1908546875;0.20643750000000002;0.1438171875
2017-11-22T00:00:00.000Z;0.1;0.52365625;0.0545296875;0.08713125000000001;0.0957125;0.13524687500000002;0.1778078125;0.19108906250000002;0.2078515625;0.21263125000000002;0.22476718750000002;0.1594625
2017-11-25T00:00:00.000Z;;;;;;;;;;;;
2017-11-27T00:00:00.000Z;;;;;;;;;;;;
2017-11-30T00:00:00.000Z;0.083;0.6899137931034482;0.04383275862068966;0.06659137931034483;0.07165;0.10940172413793103;0.15472586206896552;0.1656896551724138;0.17974137931034484;0.1853879310344828;0.18156724137931035;0.1264293103448276
2017-12-02T00:00:00.000Z;0.078;0.539359375;0.0453359375;0.0767890625;0.084346875;0.1239875;0.1693609375;0.1829359375;0.1978453125;0.2026859375;0.20691718750000002;0.14545625
2017-12-05T00:00:00.000Z;0.078;0.379875;0.040346875000000004;0.068175;0.0735921875;0.11153125;0.1565796875;0.16890625;0.18721875000000002;0.1867734375;0.1841375;0.1245953125
2017-12-07T00:00:00.000Z;0.094;0.467578125;0.0710453125;0.0965703125;0.10521562500000001;0.1444078125;0.19394687500000002;0.20924375;0.23012500000000002;0.2322796875;0.246921875;0.18997031250000002
2017-12-10T00:00:00.000Z;;;;;;;;;;;;
2017-12-12T00:00:00.000Z;0.083;0.481796875;0.0428078125;0.07454843750000001;0.08203281250000001;0.12311406250000001;0.17111562500000002;0.18270312500000002;0.1993703125;0.201778125;0.20310312500000002;0.141825
2017-12-15T00:00:00.000Z;0.089;1.29484375;0.039765625;0.06872500000000001;0.0736890625;0.1158421875;0.1606109375;0.17312812500000002;0.183246875;0.1920328125;0.1925015625;0.1289296875
2017-12-17T00:00:00.000Z;0.078;0.4985;0.0491875;0.07434375;0.08093125000000001;0.119896875;0.16877031250000002;0.18081250000000001;0.200165625;0.20061718750000002;0.20643750000000002;0.1444359375
2017-12-20T00:00:00.000Z;0.083;0.946328125;0.044470312500000005;0.06945156250000001;0.0741515625;0.1131953125;0.163140625;0.1746390625;0.189971875;0.1947640625;0.193953125;0.13265156250000001
2017-12-22T00:00:00.000Z;0.078;1.0084375;0.044818750000000004;0.07603125000000001;0.08238125;0.12293437500000001;0.169590625;0.1823875;0.1925609375;0.20214218750000001;0.2071984375;0.143825
2017-12-25T00:00:00.000Z;0.089;1.0110625;0.041221875000000005;0.06761093750000001;0.072734375;0.11181718750000001;0.15579375;0.16728281250000002;0.17979375;0.18603750000000002;0.1846390625;0.12302968750000001
2017-12-27T00:00:00.000Z;0.066984375;0.7467812500000001;0.061232812500000004;0.08670156250000001;0.09235625;0.13263125;0.1849140625;0.199040625;0.2149125;0.2200796875;0.2271703125;0.15931406250000002
2017-12-30T00:00:00.000Z;0.066984375;1.2845312500000001;0.04685;0.0694546875;0.073171875;0.109559375;0.15683750000000002;0.169753125;0.18187187500000002;0.1879421875;0.1955015625;0.13343750000000001
2018-01-01T00:00:00.000Z;0.07200000000000001;0.550609375;0.045496875;0.07549531250000001;0.0828890625;0.12176250000000001;0.1690359375;0.18174375;0.1978328125;0.2026671875;0.20834375000000002;0.14521875
2018-01-04T00:00:00.000Z;0.07200000000000001;1.17271875;0.0396578125;0.06668125;0.0725734375;0.111078125;0.1569125;0.1682296875;0.17993125000000001;0.1866265625;0.18916875;0.1266578125
2018-01-06T00:00:00.000Z;;;;;;;;;;;;
2018-01-09T00:00:00.000Z;;;;;;;;;;;;
2018-01-11T00:00:00.000Z;0.089;0.745;0.05939285714285715;0.09126428571428573;0.10225714285714287;0.14917857142857144;0.1989071428571429;0.21545;0.20882857142857142;0.24066428571428575;0.22238571428571427;0.16007857142857143
2018-01-14T00:00:00.000Z;;;;;;;;;;;;
2018-01-16T00:00:00.000Z;0.083;1.1370625;0.0473921875;0.0731796875;0.0792953125;0.118878125;0.167671875;0.181309375;0.193525;0.2020609375;0.2080625;0.14502343750000002
2018-01-19T00:00:00.000Z;;;;;;;;;;;;
2018-01-21T00:00:00.000Z;0.078;1.2159843750000001;0.046421875;0.0768609375;0.083615625;0.1255140625;0.172696875;0.18431093750000002;0.1928359375;0.2031609375;0.2126953125;0.1504125
2018-01-24T00:00:00.000Z;0.083;0.710140625;0.042300000000000004;0.06803437500000001;0.07280937500000001;0.11011875;0.15604062500000002;0.16772343750000002;0.182375;0.18559843750000002;0.18556250000000002;0.12604375
2018-01-26T00:00:00.000Z;0.055640625;0.774296875;0.059209375;0.08268125;0.0891984375;0.12686875;0.17710781250000002;0.190871875;0.20542812500000002;0.21029687500000002;0.22494687500000002;0.1614265625
2018-01-29T00:00:00.000Z;0.110984375;1.061578125;0.0614453125;0.0810828125;0.0812703125;0.12023281250000001;0.17184375000000002;0.1870375;0.20281875000000002;0.205871875;0.19470625;0.129425
2018-01-31T00:00:00.000Z;0.121984375;0.647796875;0.0601078125;0.089390625;0.0959109375;0.1374125;0.1879984375;0.2025359375;0.218809375;0.22378906250000002;0.22588125;0.1546984375
2018-02-05T00:00:00.000Z;;;;;;;;;;;;
2018-02-08T00:00:00.000Z;0.094;0.516875;0.045603125;0.06931875;0.0744203125;0.11027031250000001;0.16041875;0.1736515625;0.19313750000000002;0.1923546875;0.197021875;0.1379875
2018-02-10T00:00:00.000Z;;;;;;;;;;;;
2018-02-13T00:00:00.000Z;0.1;0.6489375000000001;0.039492187500000005;0.0673578125;0.0741875;0.11200312500000001;0.1578125;0.1702671875;0.1857;0.1880671875;0.19214843750000002;0.130915625
2018-02-15T00:00:00.000Z;0.094;1.33725;0.056215625000000005;0.0829046875;0.089409375;0.12688593750000002;0.17703437500000002;0.191440625;0.2010234375;0.210378125;0.230540625;0.16742500000000002
2018-02-18T00:00:00.000Z;;;;;;;;;;;;
2018-02-20T00:00:00.000Z;0.1;1.275734375;0.0522578125;0.0825296875;0.0914375;0.1319265625;0.18247812500000002;0.1948421875;0.20387968750000002;0.21613125;0.2317625;0.166428125
2018-02-23T00:00:00.000Z;0.083;0.18984375;0.0444359375;0.072165625;0.079328125;0.113178125;0.1601296875;0.17373125;0.19531875;0.191865625;0.200465625;0.1396484375
2018-02-25T00:00:00.000Z;0.138;0.399515625;0.061607812500000005;0.08722656250000001;0.09525312500000001;0.130384375;0.182390625;0.1952296875;0.21627500000000002;0.21694218750000002;0.2372515625;0.171734375
2018-02-28T00:00:00.000Z;0.116;1.69646875;0.0493984375;0.0691609375;0.071846875;0.108528125;0.1580375;0.174596875;0.18287187500000002;0.19481718750000002;0.185446875;0.118175
2018-03-02T00:00:00.000Z;;;;;;;;;;;;
2018-03-05T00:00:00.000Z;;;;;;;;;;;;
2018-03-07T00:00:00.000Z;0.1;0.64665625;0.06813125;0.09855781250000001;0.1067;0.147015625;0.2053875;0.2228234375;0.245115625;0.245065625;0.27066875;0.1941828125
2018-03-10T00:00:00.000Z;0.1;1.40115625;0.06497968750000001;0.09051875000000001;0.095946875;0.133478125;0.1908;0.20848593750000002;0.21990625;0.2267015625;0.2516234375;0.1777125
2018-03-12T00:00:00.000Z;;;;;;;;;;;;
2018-03-15T00:00:00.000Z;;;;;;;;;;;;
2018-03-17T00:00:00.000Z;;;;;;;;;;;;
2018-03-20T00:00:00.000Z;0.1;0.551765625;0.061584375000000004;0.084428125;0.0905765625;0.1252875;0.17928750000000002;0.195009375;0.21544375000000002;0.21499062500000002;0.22901875000000002;0.1615140625
2018-03-22T00:00:00.000Z;0.121984375;0.34123437500000003;0.060637500000000004;0.09257343750000001;0.10245156250000001;0.137853125;0.19088125;0.20612968750000002;0.2246640625;0.2260734375;0.2508828125;0.18428750000000002
2018-03-25T00:00:00.000Z;;;;;;;;;;;;
2018-03-27T00:00:00.000Z;0.110984375;1.2497031250000001;0.06820156250000001;0.09810468750000001;0.10717343750000001;0.1437890625;0.19706562500000002;0.21409687500000002;0.2246875;0.23347187500000002;0.269496875;0.20185
2018-03-30T00:00:00.000Z;0.07200000000000001;1.051078125;0.0744375;0.099340625;0.10601875000000001;0.14395312500000002;0.2013515625;0.2187625;0.23393750000000002;0.2385421875;0.2575078125;0.18807656250000002
2018-04-01T00:00:00.000Z;;;;;;;;;;;;
2018-04-04T00:00:00.000Z;0.16;0.7208125;0.061801562500000004;0.091825;0.101115625;0.1379328125;0.19081875;0.206434375;0.222978125;0.226371875;0.24766875000000002;0.17849375
2018-04-06T00:00:00.000Z;;;;;;;;;;;;
2018-04-09T00:00:00.000Z;0.116;0.7067142857142856;0.03828571428571428;0.04964285714285714;0.051800000000000006;0.08118571428571429;0.1213571428571429;0.13608571428571428;0.1272571428571429;0.14974285714285712;0.1459;0.09821428571428573
2018-04-11T00:00:00.000Z;;;;;;;;;;;;
2018-04-14T00:00:00.000Z;0.094;0.6804218750000001;0.060265625;0.0887890625;0.0985546875;0.133490625;0.182675;0.1980171875;0.21340625000000002;0.21804062500000002;0.2392765625;0.1704546875
2018-04-16T00:00:00.000Z;0.13290625;0.921140625;0.08616875;0.1173546875;0.1273453125;0.1688515625;0.2315734375;0.25071875;0.2672671875;0.2737125;0.31269375;0.233884375
2018-04-19T00:00:00.000Z;0.198171875;1.2663125;0.07592343750000001;0.10501250000000001;0.11450312500000001;0.1518578125;0.2067171875;0.22525;0.23691562500000002;0.2441640625;0.2719640625;0.20096250000000002
2018-04-21T00:00:00.000Z;;;;;;;;;;;;
2018-04-24T00:00:00.000Z;0.280125;1.348421875;0.058356250000000005;0.092028125;0.1043796875;0.142746875;0.194115625;0.21022500000000002;0.220246875;0.23152031250000002;0.2555734375;0.18181093750000002
2018-04-26T00:00:00.000Z;0.4000625;1.8736875;0.1073296875;0.150328125;0.1622;0.2200953125;0.29886093750000003;0.32634375;0.32942187500000003;0.354065625;0.38565625000000003;0.27837968750000003
2018-04-29T00:00:00.000Z;0.105;0.9794107142857145;0.07892678571428571;0.10730892857142858;0.115275;0.15201607142857143;0.20674642857142858;0.21917321428571426;0.2549821428571429;0.23507857142857144;0.27237321428571426;0.18947142857142857
2018-05-01T00:00:00.000Z;0.105;0.5535333333333333;0.1941466666666667;0.2102;0.22649333333333335;0.26302;0.3108066666666667;0.3286466666666667;0.36760000000000004;0.35024000000000005;0.3529466666666667;0.25214000000000003
2018-05-04T00:00:00.000Z;0.083;1.030703125;0.0697640625;0.09892031250000001;0.1099578125;0.14823125;0.19773281250000002;0.21204375;0.225746875;0.2351078125;0.2638765625;0.19124375000000002
2018-05-06T00:00:00.000Z;;;;;;;;;;;;
2018-05-09T00:00:00.000Z;0.225875;1.935859375;0.08235468750000001;0.109921875;0.11927968750000001;0.1606921875;0.21496562500000002;0.2350171875;0.24331250000000001;0.25682031250000004;0.294375;0.2129515625
2018-05-11T00:00:00.000Z;0.269234375;1.417;0.07647812500000001;0.111275;0.1242140625;0.1678265625;0.21986093750000002;0.236584375;0.245375;0.26056875;0.2935109375;0.212159375
2018-05-14T00:00:00.000Z;;;;;;;;;;;;
2018-05-16T00:00:00.000Z;0.13290625;1.36378125;0.084234375;0.1169046875;0.13130625;0.1710359375;0.22124218750000002;0.239621875;0.2494953125;0.26108437500000004;0.31555625000000004;0.240065625
2018-05-19T00:00:00.000Z;;;;;;;;;;;;
2018-05-21T00:00:00.000Z;0.105;1.333328125;0.09359687500000001;0.1286515625;0.1437296875;0.18826718750000002;0.24045625;0.25765625000000003;0.2681796875;0.28299375;0.3360828125;0.24943281250000002
2018-05-24T00:00:00.000Z;;;;;;;;;;;;
2018-05-26T00:00:00.000Z;0.2201875;1.891;0.12456875;0.13925625;0.1513375;0.18924375000000002;0.2311125;0.254575;0.23171250000000002;0.27508125;0.2961625;0.24628750000000002
2018-05-29T00:00:00.000Z;0.378171875;1.8385;0.075665625;0.109303125;0.12183906250000001;0.169059375;0.226165625;0.246934375;0.2574;0.2714609375;0.3138703125;0.225475
2018-05-31T00:00:00.000Z;;;;;;;;;;;;
2018-06-03T00:00:00.000Z;;;;;;;;;;;;
2018-06-05T00:00:00.000Z;;;;;;;;;;;;
2018-06-08T00:00:00.000Z;0.171;2.073375;0.08315;0.11893281250000001;0.1300484375;0.172090625;0.2220796875;0.23658281250000002;0.26432500000000003;0.25032031250000003;0.2902046875;0.20169843750000002
2018-06-10T00:00:00.000Z;0.280796875;1.47878125;0.08103281250000001;0.12480625000000001;0.139025;0.19090937500000002;0.24901406250000002;0.2660265625;0.275265625;0.2931953125;0.339265625;0.2492578125
2018-06-13T00:00:00.000Z;0.061;1.26065625;0.07333906250000001;0.106615625;0.117628125;0.1581328125;0.20741718750000002;0.223571875;0.2341125;0.244865625;0.2785796875;0.20235625000000002
2018-06-15T00:00:00.000Z;0.055640625;1.804171875;0.091259375;0.125834375;0.138315625;0.1819109375;0.23678437500000002;0.2564359375;0.263190625;0.2781296875;0.33088125;0.25265625
2018-06-18T00:00:00.000Z;0.13290625;1.636625;0.0813109375;0.111875;0.12345625;0.1623796875;0.21307343750000002;0.23084062500000002;0.240196875;0.2509484375;0.2868734375;0.2146140625
2018-06-20T00:00:00.000Z;0.083;1.541921875;0.08730625;0.1253671875;0.14028281250000002;0.18655625;0.239921875;0.2575390625;0.26501406250000004;0.2819640625;0.3280078125;0.24400312500000002
2018-06-23T00:00:00.000Z;0.110984375;1.430546875;0.0759375;0.10896562500000001;0.12106875;0.1619171875;0.211284375;0.2290875;0.23755625000000002;0.250321875;0.2813734375;0.202575
2018-06-25T00:00:00.000Z;0.30203125000000003;1.7931875;0.09058125;0.1267890625;0.1411234375;0.18615937500000002;0.23922500000000002;0.26070312500000004;0.26794687500000003;0.2827953125;0.3244515625;0.244578125
2018-06-28T00:00:00.000Z;;;;;;;;;;;;
2018-06-30T00:00:00.000Z;0.269234375;2.171109375;0.0852859375;0.12564687500000002;0.1414453125;0.18903906250000002;0.24177656250000001;0.25894062500000004;0.262409375;0.28390625;0.3269296875;0.2386375
2018-07-03T00:00:00.000Z;0.193;1.20509375;0.0709828125;0.10742968750000001;0.1217359375;0.161546875;0.2100921875;0.2279296875;0.23836875000000002;0.25005468750000004;0.2792859375;0.20102031250000002
2018-07-05T00:00:00.000Z;0.055640625;1.56153125;0.09225625;0.12669375;0.1411359375;0.1848578125;0.2376015625;0.2566625;0.2668125;0.27866093750000004;0.331534375;0.2529578125
2018-07-08T00:00:00.000Z;0.2474375;1.299765625;0.06945;0.10588125000000001;0.11955312500000001;0.1614078125;0.2111703125;0.2291328125;0.242946875;0.2519203125;0.28961718750000004;0.213171875
2018-07-10T00:00:00.000Z;0.089;1.203109375;0.08898750000000001;0.12710000000000002;0.1427171875;0.18840781250000002;0.23841718750000002;0.255896875;0.2668859375;0.2806203125;0.32698750000000004;0.2420984375
2018-07-13T00:00:00.000Z;0.40523437500000004;2.210703125;0.07313750000000001;0.115084375;0.133621875;0.1781;0.2225953125;0.2400140625;0.24274062500000002;0.26369375;0.2886734375;0.20551250000000001
2018-07-15T00:00:00.000Z;0.280125;2.126421875;0.09272812500000001;0.131775;0.14890625000000002;0.1942015625;0.2426015625;0.264621875;0.2685578125;0.286121875;0.32839687500000003;0.245409375
2018-07-18T00:00:00.000Z;0.269234375;1.6775781250000001;0.0746703125;0.1107078125;0.12651875;0.167396875;0.2154234375;0.2329078125;0.240996875;0.25315468750000003;0.2900859375;0.21381250000000002
2018-07-20T00:00:00.000Z;0.378171875;1.39478125;0.077896875;0.1256328125;0.14703125;0.197109375;0.2458265625;0.26430625;0.2724515625;0.28868125;0.3285078125;0.23849843750000002
2018-07-23T00:00:00.000Z;0.105;1.6833906250000001;0.0731703125;0.1068609375;0.1208375;0.16524687500000002;0.20701250000000002;0.2228453125;0.23073125;0.2453796875;0.28195000000000003;0.19886406250000002
2018-07-25T00:00:00.000Z;0.149;1.2383125;0.08995;0.1272234375;0.14418906250000002;0.190771875;0.23630937500000002;0.2543234375;0.2680015625;0.2775765625;0.3313640625;0.24667968750000002
2018-07-28T00:00:00.000Z;0.094;1.02184375;0.07576250000000001;0.10822812500000001;0.123121875;0.1620609375;0.20560468750000002;0.2222828125;0.238040625;0.2444359375;0.287459375;0.210471875
2018-07-30T00:00:00.000Z;0.083;1.224984375;0.08830312500000001;0.1267734375;0.1444359375;0.19143281250000002;0.2328359375;0.24909375;0.2605453125;0.2738078125;0.3246515625;0.2378625
2018-08-02T00:00:00.000Z;0.110984375;1.75671875;0.07728125000000001;0.1105171875;0.1250078125;0.1680703125;0.20633125000000002;0.22176875000000001;0.22873437500000002;0.24400625;0.2828390625;0.198665625
2018-08-04T00:00:00.000Z;0.187234375;1.864109375;0.09069218750000001;0.12731406250000002;0.1450859375;0.191046875;0.2345046875;0.2539796875;0.2616359375;0.27890625;0.331621875;0.24476250000000002
2018-08-07T00:00:00.000Z;0.329171875;2.294125;0.0781609375;0.11315312500000001;0.13091250000000001;0.1746984375;0.214296875;0.233465625;0.23838125000000002;0.25620468750000003;0.2925875;0.21188281250000002
2018-08-09T00:00:00.000Z;0.066984375;1.8073125;0.08458281250000001;0.120396875;0.135896875;0.18253125;0.223359375;0.2397828125;0.246196875;0.26477656250000003;0.3064671875;0.2204015625
2018-08-12T00:00:00.000Z;0.110984375;2.21996875;0.0730328125;0.1067609375;0.1203296875;0.1641109375;0.2012515625;0.21651406250000002;0.2218;0.23960468750000002;0.2742953125;0.1929890625
2018-08-14T00:00:00.000Z;0.171;2.12496875;0.085940625;0.12420625;0.139053125;0.1862;0.22921875;0.24883750000000002;0.2539234375;0.27198125;0.3240265625;0.23952343750000002
2018-08-17T00:00:00.000Z;0.318;2.080696969696969;0.14064545454545455;0.15742424242424244;0.16080606060606062;0.1996939393939394;0.23601818181818182;0.2515181818181818;0.2721212121212121;0.2720484848484849;0.2972878787878788;0.21033333333333332
2018-08-19T00:00:00.000Z;;;;;;;;;;;;
2018-08-22T00:00:00.000Z;0.187234375;2.094296875;0.07015937500000001;0.1047296875;0.117746875;0.16311875;0.201025;0.21598906250000002;0.22138437500000002;0.2378890625;0.2716171875;0.190284375
2018-08-24T00:00:00.000Z;0.220078125;1.806265625;0.0808796875;0.1171578125;0.13256875;0.18103906250000001;0.22283750000000002;0.24163125000000002;0.248625;0.26461250000000003;0.31666875;0.232384375
2018-08-27T00:00:00.000Z;0.198171875;2.1183125;0.067834375;0.09974375;0.11313906250000001;0.15789687500000002;0.19777968750000002;0.2152015625;0.22140625;0.23526093750000002;0.2739578125;0.19587500000000002
2018-08-29T00:00:00.000Z;0.193;2.106109375;0.0771609375;0.11569375000000001;0.13129375000000001;0.17979843750000002;0.2211265625;0.2380078125;0.24129531250000003;0.262209375;0.30498281250000003;0.21810000000000002
2018-09-01T00:00:00.000Z;0.193;2.447828125;0.0672859375;0.1012875;0.11378437500000001;0.1601765625;0.1972265625;0.21189375000000002;0.21572812500000002;0.23438125;0.2654234375;0.183921875
2018-09-03T00:00:00.000Z;0.47000000000000003;2.124;0.0414;0.08360000000000001;0.1028;0.1464;0.1884;0.2122;0.2262;0.2374;0.27440000000000003;0.19990000000000002
2018-09-06T00:00:00.000Z;;;;;;;;;;;;
2018-09-08T00:00:00.000Z;;;;;;;;;;;;
2018-09-11T00:00:00.000Z;;;;;;;;;;;;
2018-09-13T00:00:00.000Z;0.193;2.2149843750000002;0.074284375;0.10834062500000001;0.11618125;0.1627296875;0.20892812500000002;0.2260703125;0.23061562500000002;0.24661093750000002;0.2860875;0.2106265625
2018-09-16T00:00:00.000Z;0.16;2.339705882352941;0.07241176470588236;0.10200588235294117;0.11106470588235295;0.1514470588235294;0.1943470588235294;0.2109529411764706;0.21665882352941176;0.23062941176470592;0.2671470588235294;0.1971705882352941
2018-09-18T00:00:00.000Z;;;;;;;;;;;;
2018-09-21T00:00:00.000Z;0.14378125;2.1097968750000002;0.057790625000000005;0.08841875;0.095190625;0.13555625000000002;0.180053125;0.194203125;0.199728125;0.21457343750000002;0.24005625;0.1686234375
2018-09-23T00:00:00.000Z;0.16;2.29584375;0.0716171875;0.1024671875;0.11115625000000001;0.152378125;0.2002515625;0.21875156250000002;0.221021875;0.2388140625;0.2795875;0.20729687500000002
2018-09-26T00:00:00.000Z;;;;;;;;;;;;
2018-09-28T00:00:00.000Z;0.055640625;1.0243125;0.06769375;0.0996453125;0.10872812500000001;0.1483015625;0.19610625;0.21175625;0.22117031250000002;0.2320125;0.2651015625;0.19259375
2018-10-01T00:00:00.000Z;0.16559375;1.631703125;0.0579921875;0.0872328125;0.0947265625;0.133465625;0.1787671875;0.19250625000000002;0.19959375000000001;0.21103593750000002;0.2324921875;0.16283125
2018-10-03T00:00:00.000Z;0.110984375;1.531515625;0.0687234375;0.09974218750000001;0.10795937500000001;0.14769375;0.19568437500000002;0.21129375;0.21950468750000002;0.23154531250000002;0.26964375;0.20010312500000002
2018-10-06T00:00:00.000Z;0.13290625;1.542890625;0.061643750000000004;0.08763125000000001;0.0950828125;0.1326953125;0.1779328125;0.1937109375;0.203015625;0.211328125;0.2410171875;0.1740421875
2018-10-08T00:00:00.000Z;0.127;1.405203125;0.06584843750000001;0.0986796875;0.10789375000000001;0.15115781250000002;0.1990515625;0.2147703125;0.22237500000000002;0.2369453125;0.2688703125;0.1948703125
2018-10-11T00:00:00.000Z;;;;;;;;;;;;
2018-10-13T00:00:00.000Z;0.116;1.91684375;0.06392500000000001;0.09400625;0.10075468750000001;0.1409203125;0.1892625;0.2041625;0.2102453125;0.2241546875;0.2603796875;0.189953125
2018-10-16T00:00:00.000Z;0.110984375;1.8318125;0.0573453125;0.08470625000000001;0.0904125;0.13014843750000002;0.17832343750000001;0.193996875;0.20237812500000002;0.212365625;0.24014218750000002;0.17205937500000001
2018-10-18T00:00:00.000Z;;;;;;;;;;;;
2018-10-21T00:00:00.000Z;;;;;;;;;;;;
2018-10-23T00:00:00.000Z;;;;;;;;;;;;
2018-10-26T00:00:00.000Z;0.14378125;0.9530000000000001;0.0286578125;0.0477109375;0.052029687500000005;0.07400000000000001;0.10520312500000001;0.1140765625;0.121521875;0.1254890625;0.12162500000000001;0.09117343750000001
2018-10-28T00:00:00.000Z;;;;;;;;;;;;
2018-10-31T00:00:00.000Z;;;;;;;;;;;;
2018-11-02T00:00:00.000Z;;;;;;;;;;;;
2018-11-05T00:00:00.000Z;;;;;;;;;;;;
2018-11-07T00:00:00.000Z;0.089;1.5146875;0.051493750000000005;0.0836515625;0.08845312500000001;0.13000625000000002;0.18021875;0.1937703125;0.1990609375;0.211759375;0.2254171875;0.1602390625
2018-11-10T00:00:00.000Z;;;;;;;;;;;;
2018-11-12T00:00:00.000Z;;;;;;;;;;;;
2018-11-15T00:00:00.000Z;;;;;;;;;;;;
2018-11-17T00:00:00.000Z;;;;;;;;;;;;
2018-11-20T00:00:00.000Z;;;;;;;;;;;;
2018-11-22T00:00:00.000Z;;;;;;;;;;;;
2018-11-25T00:00:00.000Z;0.078;1.3480625;0.042303125000000004;0.0639984375;0.065065625;0.101996875;0.15689375;0.1698828125;0.1816125;0.18819375000000002;0.1843671875;0.1245359375
2018-11-27T00:00:00.000Z;0.089;0.6217812500000001;0.0505453125;0.0772390625;0.0813453125;0.1178546875;0.172990625;0.1875796875;0.203396875;0.206159375;0.20250781250000002;0.14279843750000001
2018-11-30T00:00:00.000Z;0.07200000000000001;0.8211875000000001;0.041156250000000005;0.0663453125;0.068134375;0.105621875;0.16122031250000002;0.1748421875;0.18855;0.19188593750000002;0.18343125000000002;0.1228375
2018-12-02T00:00:00.000Z;;;;;;;;;;;;
2018-12-05T00:00:00.000Z;0.061;1.021328125;0.0414953125;0.064203125;0.066734375;0.100525;0.158121875;0.174596875;0.18753125;0.189471875;0.1896765625;0.1300375
2018-12-07T00:00:00.000Z;0.07200000000000001;0.436234375;0.0430125;0.0703765625;0.0750640625;0.11217031250000001;0.1708171875;0.18576406250000002;0.2024;0.2049453125;0.1995359375;0.13834375000000002
2018-12-10T00:00:00.000Z;;;;;;;;;;;;
2018-12-12T00:00:00.000Z;0.078;0.968203125;0.052276562500000005;0.0735609375;0.0760390625;0.1110640625;0.1716078125;0.18746875000000002;0.1999578125;0.20546875;0.20809375000000002;0.1453796875
2018-12-15T00:00:00.000Z;0.055640625;1.4795156250000001;0.049640625;0.0677265625;0.069003125;0.097809375;0.1494515625;0.16413906250000002;0.17099687500000002;0.1789265625;0.1693375;0.1164375
2018-12-17T00:00:00.000Z;0.07200000000000001;0.5260781250000001;0.041231250000000004;0.0679109375;0.0730625;0.1093203125;0.169821875;0.1844015625;0.2013625;0.20428281250000002;0.19592187500000002;0.135946875
2018-12-20T00:00:00.000Z;0.07200000000000001;1.18396875;0.0378671875;0.060715625;0.06415;0.09967031250000001;0.156096875;0.1713109375;0.18264687500000001;0.18902812500000002;0.1766046875;0.1177921875
2018-12-25T00:00:00.000Z;0.055640625;0.58765625;0.045229687500000004;0.0647859375;0.06579375;0.09534218750000001;0.1503265625;0.16416093750000002;0.18055937500000002;0.18005625;0.1669296875;0.11497343750000001
2018-12-27T00:00:00.000Z;0.083;0.6573777777777777;0.04174888888888889;0.07042888888888889;0.07761111111111112;0.11513333333333334;0.17148444444444444;0.18770666666666666;0.19944222222222224;0.20828444444444447;0.20156444444444443;0.1423288888888889
2018-12-30T00:00:00.000Z;0.078;0.6587968750000001;0.0362578125;0.060956250000000003;0.064796875;0.099303125;0.15630312500000001;0.1720796875;0.18751875;0.1898796875;0.1773515625;0.1175984375
2019-01-01T00:00:00.000Z;0.066984375;0.415671875;0.049240625;0.0707484375;0.0751828125;0.10809375;0.1684203125;0.1861859375;0.20400937500000002;0.20534531250000002;0.204503125;0.1442640625
2019-01-04T00:00:00.000Z;0.061;0.39290625;0.042579687500000005;0.0637375;0.067190625;0.0979171875;0.156475;0.1720859375;0.19387500000000002;0.18938437500000002;0.1833421875;0.12536875
2019-01-06T00:00:00.000Z;0.07200000000000001;0.4816875;0.0454984375;0.0721;0.07753750000000001;0.1130375;0.171846875;0.18789375;0.203803125;0.20792812500000002;0.20175937500000002;0.1418734375
2019-01-09T00:00:00.000Z;0.061;0.73253125;0.0363953125;0.061553125;0.066684375;0.099940625;0.1556984375;0.1709640625;0.186334375;0.189365625;0.18097812500000002;0.1231578125
2019-01-11T00:00:00.000Z;0.07200000000000001;0.32984375;0.0506296875;0.073421875;0.07890781250000001;0.111525;0.170603125;0.18582343750000002;0.2075921875;0.2062296875;0.208075;0.14819062500000002
2019-01-16T00:00:00.000Z;0.1;0.915671875;0.0494234375;0.07403593750000001;0.0799984375;0.1168359375;0.1715859375;0.1873109375;0.199790625;0.207621875;0.20347500000000002;0.1429671875
2019-01-19T00:00:00.000Z;0.078;0.7045625;0.0422890625;0.065290625;0.0709859375;0.1042046875;0.15805625;0.173384375;0.18849062500000002;0.1905953125;0.18449218750000002;0.1252578125
2019-01-21T00:00:00.000Z;0.078;0.7655468750000001;0.0515109375;0.07412500000000001;0.08048593750000001;0.1141484375;0.1721109375;0.1883546875;0.20388906250000002;0.20726093750000002;0.213875;0.15206093750000002
2019-01-24T00:00:00.000Z;;;;;;;;;;;;
2019-01-26T00:00:00.000Z;0.07200000000000001;0.5398437500000001;0.0461515625;0.0731625;0.0812859375;0.11630625;0.1718015625;0.18764531250000002;0.202959375;0.207171875;0.21045156250000002;0.14808593750000001
2019-01-29T00:00:00.000Z;0.089;1.15678125;0.0490859375;0.0766171875;0.08277812500000001;0.12233281250000001;0.18328906250000002;0.20023125;0.212946875;0.22181250000000002;0.2138890625;0.14695468750000001
2019-01-31T00:00:00.000Z;;;;;;;;;;;;
2019-02-03T00:00:00.000Z;0.07200000000000001;0.48521875000000003;0.046295312500000005;0.0685546875;0.07522187500000001;0.1065515625;0.1609921875;0.1763875;0.19743125;0.19517500000000002;0.1980578125;0.14133281250000002
2019-02-05T00:00:00.000Z;0.078;0.9233750000000001;0.0486734375;0.0776703125;0.085075;0.120028125;0.17513125000000002;0.1910921875;0.203025;0.21215468750000002;0.2181171875;0.1567921875
2019-02-08T00:00:00.000Z;0.07200000000000001;0.569015625;0.043965625;0.06874218750000001;0.074759375;0.10598125;0.15892187500000002;0.1740203125;0.191321875;0.1922875;0.19309375;0.1330859375
2019-02-10T00:00:00.000Z;0.105;0.69984375;0.065559375;0.08649375000000001;0.0929640625;0.12381562500000001;0.176875;0.1946796875;0.212196875;0.21279375;0.22263437500000002;0.16085000000000002
2019-02-13T00:00:00.000Z;0.07200000000000001;0.5571875000000001;0.050195312500000006;0.07260156250000001;0.08035625;0.1116296875;0.166815625;0.1840671875;0.20411875000000002;0.204134375;0.20964375000000002;0.150509375
2019-02-15T00:00:00.000Z;0.111;0.762;0.04944;0.053013333333333336;0.049326666666666664;0.06303333333333334;0.08546000000000001;0.09348;0.09747333333333333;0.10200000000000001;0.10080666666666668;0.07352
2019-02-18T00:00:00.000Z;0.187234375;0.820484375;0.0651171875;0.08937500000000001;0.0973140625;0.13112500000000002;0.1784734375;0.1935953125;0.20715312500000002;0.2140796875;0.21294062500000002;0.15199218750000001
2019-02-20T00:00:00.000Z;0.121984375;0.695234375;0.059184375000000004;0.0812203125;0.0896875;0.122034375;0.17665468750000002;0.1925578125;0.2079671875;0.21243125000000002;0.2307546875;0.1670828125
2019-02-23T00:00:00.000Z;0.083;0.318828125;0.051651562500000005;0.074540625;0.08350468750000001;0.1119703125;0.1640484375;0.1801171875;0.201834375;0.1986796875;0.212615625;0.14994218750000002
2019-02-25T00:00:00.000Z;0.105;0.555484375;0.055909375000000004;0.08452187500000001;0.0948109375;0.1299375;0.18293125000000002;0.19961406250000002;0.2156859375;0.22129218750000001;0.236209375;0.169934375
2019-02-28T00:00:00.000Z;0.083;0.46321875;0.051784375;0.0756390625;0.0847796875;0.11390937500000001;0.1607234375;0.17576250000000002;0.191071875;0.19380625;0.20021875;0.1431265625
2019-03-02T00:00:00.000Z;0.078;0.590234375;0.072215625;0.0946375;0.10435625000000001;0.134921875;0.189234375;0.20525937500000002;0.22435000000000002;0.22613125;0.2446828125;0.181296875
2019-03-05T00:00:00.000Z;0.127;1.6247031250000001;0.061640625000000004;0.0828265625;0.089365625;0.121925;0.1743515625;0.191046875;0.20016875;0.20933125;0.2272140625;0.163253125
2019-03-07T00:00:00.000Z;0.05;0.5870625;0.06640625;0.09399531250000001;0.10523750000000001;0.13911718750000002;0.1913234375;0.2087953125;0.224453125;0.23087656250000002;0.2505875;0.181725
2019-03-10T00:00:00.000Z;0.078;0.9958125;0.054578125000000005;0.0790359375;0.08895;0.1214546875;0.1686140625;0.18506875;0.19765000000000002;0.2048640625;0.22215000000000001;0.1552234375
2019-03-12T00:00:00.000Z;0.116;0.91815625;0.06751562500000001;0.09344375;0.10505312500000001;0.13861562500000002;0.191615625;0.209675;0.22372968750000002;0.2306453125;0.2602953125;0.190475
2019-03-15T00:00:00.000Z;0.078;0.670171875;0.056609375;0.081221875;0.0925234375;0.1234203125;0.17186718750000002;0.18775625;0.205815625;0.20662812500000002;0.23229531250000002;0.1680375
2019-03-17T00:00:00.000Z;0.121984375;0.731921875;0.06545625000000001;0.09515156250000001;0.1092546875;0.14407031250000002;0.19315937500000002;0.21034375000000002;0.22388437500000002;0.231659375;0.26255625;0.1900796875
2019-03-20T00:00:00.000Z;;;;;;;;;;;;
2019-03-22T00:00:00.000Z;0.116;1.0204166666666667;0.10056388888888888;0.11850000000000001;0.13268888888888888;0.16154722222222223;0.1950111111111111;0.2117;0.1856638888888889;0.2241138888888889;0.2258277777777778;0.19100833333333334
2019-03-25T00:00:00.000Z;0.089;0.665828125;0.06375937500000001;0.08909375;0.10119531250000001;0.1317390625;0.17950625;0.1951578125;0.21358125;0.21595;0.24441562500000003;0.17835
2019-03-27T00:00:00.000Z;0.14378125;0.443546875;0.06799375;0.1007046875;0.11591875;0.15180156250000001;0.201328125;0.21831250000000002;0.2365859375;0.23985781250000002;0.273078125;0.19932968750000002
2019-03-30T00:00:00.000Z;0.198171875;1.09078125;0.0560171875;0.0864078125;0.0994671875;0.13485;0.180878125;0.19575;0.20950625;0.21712343750000002;0.24265625000000002;0.1705390625
2019-04-01T00:00:00.000Z;;;;;;;;;;;;
2019-04-04T00:00:00.000Z;0.089;0.55984375;0.0594859375;0.08725000000000001;0.09755781250000001;0.1290640625;0.17690468750000002;0.19269687500000002;0.21195312500000002;0.21245625;0.2401953125;0.1760625
2019-04-06T00:00:00.000Z;;;;;;;;;;;;
2019-04-09T00:00:00.000Z;0.105;0.8766727272727273;0.061360000000000005;0.08661272727272727;0.09516909090909093;0.13182909090909092;0.17939636363636366;0.19432545454545452;0.20097818181818186;0.21522;0.21976;0.15060363636363636
2019-04-11T00:00:00.000Z;0.116;0.695609375;0.069884375;0.0987140625;0.11125312500000001;0.14721562500000002;0.199765625;0.21639687500000002;0.234278125;0.23865625000000001;0.2724796875;0.199765625
2019-04-14T00:00:00.000Z;0.055640625;1.24159375;0.06659843750000001;0.09001875000000001;0.099246875;0.128953125;0.173790625;0.1894;0.19740625;0.2050734375;0.22872343750000002;0.17049687500000002
2019-04-16T00:00:00.000Z;0.127;0.61146875;0.0717125;0.10644687500000001;0.1210078125;0.1581296875;0.21155937500000002;0.2280953125;0.24350625;0.25088906250000004;0.2870765625;0.2118671875
2019-04-19T00:00:00.000Z;;;;;;;;;;;;
2019-04-21T00:00:00.000Z;;;;;;;;;;;;
2019-04-24T00:00:00.000Z;0.116;1.157046875;0.060479687500000004;0.0865671875;0.09509375;0.12895625;0.1789703125;0.19345937500000002;0.206615625;0.21239375000000002;0.23836718750000002;0.1718578125
2019-04-26T00:00:00.000Z;0.121984375;0.738234375;0.0711796875;0.104109375;0.11605;0.154453125;0.20653125;0.2223;0.23632031250000002;0.24444375000000002;0.2797234375;0.2055375
2019-04-29T00:00:00.000Z;0.13290625;1.136453125;0.07105625;0.10036875;0.11009687500000001;0.1459078125;0.19697187500000002;0.214746875;0.225025;0.23550625;0.2594953125;0.1900078125
2019-05-01T00:00:00.000Z;;;;;;;;;;;;
2019-05-04T00:00:00.000Z;0.094;0.761953125;0.066803125;0.09473125;0.10542343750000001;0.1383515625;0.190725;0.20710468750000002;0.22409375;0.22598281250000002;0.2600453125;0.1945984375
2019-05-06T00:00:00.000Z;;;;;;;;;;;;
2019-05-09T00:00:00.000Z;0.121984375;1.95615625;0.082465625;0.11009375;0.11846875000000001;0.1587375;0.214196875;0.23187968750000001;0.23636875000000002;0.25453281250000004;0.278659375;0.2010265625
2019-05-11T00:00:00.000Z;0.116;1.612734375;0.0845296875;0.1155265625;0.127640625;0.1668265625;0.2211265625;0.24178593750000002;0.2502515625;0.26301875;0.30874843750000003;0.23584375000000002
2019-05-14T00:00:00.000Z;0.089;0.86840625;0.070853125;0.099184375;0.1102078125;0.143815625;0.19702968750000002;0.21463437500000002;0.23099375;0.23416562500000002;0.2658375;0.198553125
2019-05-16T00:00:00.000Z;0.16;1.4955625000000001;0.08330625;0.11792812500000001;0.1309578125;0.172590625;0.2293484375;0.2472578125;0.2547140625;0.269715625;0.306621875;0.22729375000000002
2019-05-19T00:00:00.000Z;0.055640625;0.8562968750000001;0.0825234375;0.1115;0.119846875;0.15829062500000002;0.21487031250000002;0.2314796875;0.24699062500000002;0.253278125;0.27498125;0.19841406250000002
2019-05-24T00:00:00.000Z;;;;;;;;;;;;
2019-05-26T00:00:00.000Z;0.083;1.381171875;0.08710000000000001;0.1239140625;0.136671875;0.1810234375;0.23786875000000002;0.25496093750000004;0.2646515625;0.2791015625;0.3211859375;0.23895156250000002
2019-05-29T00:00:00.000Z;0.094;0.91496875;0.0682734375;0.100221875;0.11222968750000001;0.14914375000000002;0.20143750000000002;0.21754062500000002;0.231325;0.2383859375;0.266446875;0.1936703125
2019-05-31T00:00:00.000Z;0.127;1.03715625;0.0880734375;0.121659375;0.13480625000000002;0.176325;0.23266406250000002;0.2513484375;0.26658437500000004;0.2742859375;0.31837031250000003;0.2439265625
2019-06-03T00:00:00.000Z;0.127;1.30659375;0.0775890625;0.10692343750000001;0.11783281250000001;0.1545890625;0.2080734375;0.22530468750000002;0.23692812500000002;0.2446859375;0.2783734375;0.209840625
2019-06-05T00:00:00.000Z;;;;;;;;;;;;
2019-06-08T00:00:00.000Z;0.187;1.629857142857143;0.1594428571428571;0.18951428571428572;0.2010857142857143;0.2321928571428572;0.27353571428571427;0.2839928571428572;0.31148571428571425;0.30085;0.31011428571428573;0.22137142857142858
2019-06-13T00:00:00.000Z;0.231;1.9619843750000001;0.0774390625;0.10905468750000001;0.1225765625;0.161640625;0.2107203125;0.22950937500000002;0.23585;0.2496515625;0.28561718750000004;0.211421875
2019-06-15T00:00:00.000Z;0.05;0.7447343750000001;0.08776093750000001;0.12408593750000001;0.1406375;0.1833671875;0.23306718750000002;0.25041250000000004;0.2661609375;0.2749859375;0.3213734375;0.23955625
2019-06-18T00:00:00.000Z;0.110984375;1.040984375;0.0710265625;0.1040046875;0.11813125000000001;0.15735156250000001;0.202896875;0.2198796875;0.23212812500000002;0.241234375;0.27656562500000004;0.1998390625
2019-06-20T00:00:00.000Z;0.110984375;1.150875;0.0919390625;0.12769375;0.14399843750000002;0.18601875;0.2353484375;0.2544;0.268553125;0.27776875;0.33201718750000003;0.2516421875
2019-06-23T00:00:00.000Z;0.14378125;1.38815625;0.075003125;0.10700000000000001;0.12132187500000001;0.15875;0.206346875;0.22337343750000002;0.23476875;0.245209375;0.2875046875;0.2133546875
2019-06-25T00:00:00.000Z;0.13290625;1.664015625;0.0898484375;0.1274125;0.1451046875;0.18831406250000002;0.23412812500000002;0.2519890625;0.258659375;0.27513750000000003;0.3271984375;0.24171875
2019-06-28T00:00:00.000Z;0.176359375;1.371484375;0.07559687500000001;0.109725;0.12663750000000001;0.164825;0.20646875;0.22351875000000002;0.233321875;0.24610937500000002;0.2815890625;0.2020765625
2019-06-30T00:00:00.000Z;0.176359375;1.091734375;0.09353750000000001;0.12880468750000001;0.14671562500000002;0.18751875;0.23414062500000002;0.2533515625;0.268703125;0.27751875000000004;0.33118437500000003;0.25071875
2019-07-03T00:00:00.000Z;0.16;1.38025;0.07543593750000001;0.107225;0.1238375;0.1614734375;0.20586718750000002;0.22249218750000002;0.234646875;0.244578125;0.2920046875;0.21433125
2019-07-05T00:00:00.000Z;0.280125;1.988515625;0.08422500000000001;0.12646875000000002;0.14685625;0.1923953125;0.2357890625;0.253328125;0.258565625;0.2782953125;0.327946875;0.238434375
2019-07-08T00:00:00.000Z;;;;;;;;;;;;
2019-07-10T00:00:00.000Z;0.127;1.399375;0.0931828125;0.1287390625;0.147325;0.19054375;0.23411718750000002;0.2521453125;0.2642859375;0.2757296875;0.334575;0.2508078125
2019-07-13T00:00:00.000Z;;;;;;;;;;;;
2019-07-15T00:00:00.000Z;0.127;1.969078125;0.0860921875;0.126915625;0.14775000000000002;0.1935484375;0.2350734375;0.2530984375;0.25833125;0.27944843750000004;0.3337421875;0.2424953125
2019-07-18T00:00:00.000Z;0.110984375;2.009609375;0.0777234375;0.10971875;0.12619375;0.16692500000000002;0.20383125000000002;0.21869218750000002;0.225009375;0.2410296875;0.2821078125;0.198834375
2019-07-20T00:00:00.000Z;0.41565625;2.210828125;0.09206093750000001;0.1335765625;0.15536250000000001;0.201434375;0.24433125;0.26725312500000004;0.272403125;0.2909328125;0.340490625;0.25145625
2019-07-23T00:00:00.000Z;0.3075;1.699515625;0.07332187500000001;0.108521875;0.1282765625;0.1682078125;0.208628125;0.22695937500000002;0.236384375;0.248353125;0.29187968750000004;0.211896875
2019-07-25T00:00:00.000Z;0.220078125;1.6440937500000001;0.08604062500000001;0.1266328125;0.14732343750000002;0.193746875;0.23487812500000002;0.2508875;0.2575984375;0.2753421875;0.3275796875;0.23724843750000002
2019-07-28T00:00:00.000Z;;;;;;;;;;;;
2019-07-30T00:00:00.000Z;0.187234375;1.392984375;0.0903734375;0.1267359375;0.1469734375;0.1903046875;0.2314046875;0.2499015625;0.2614265625;0.27366250000000003;0.32506250000000003;0.240828125
2019-08-02T00:00:00.000Z;0.1;1.8963750000000001;0.0768921875;0.106675;0.1243609375;0.1649578125;0.2012421875;0.21787031250000002;0.22598125000000002;0.2395515625;0.28409375000000003;0.2053359375
2019-08-04T00:00:00.000Z;0.225875;1.547953125;0.0820640625;0.121765625;0.14379843750000001;0.19141875;0.23115000000000002;0.246759375;0.25634531250000003;0.273459375;0.3226953125;0.23039375
2019-08-07T00:00:00.000Z;;;;;;;;;;;;
2019-08-09T00:00:00.000Z;0.061;0.66628125;0.0892484375;0.12488125;0.145640625;0.1866421875;0.2273546875;0.24470468750000002;0.26430625;0.26855;0.323165625;0.23754531250000002
2019-08-12T00:00:00.000Z;;;;;;;;;;;;
2019-08-14T00:00:00.000Z;0.214984375;1.863453125;0.0805421875;0.1205921875;0.14201875;0.1915609375;0.228978125;0.2447;0.25098750000000003;0.270075;0.3169921875;0.2255703125
2019-08-17T00:00:00.000Z;0.23670312500000001;1.927921875;0.06545000000000001;0.1022515625;0.12063593750000001;0.1657390625;0.20198750000000001;0.2162578125;0.223865625;0.239921875;0.2775734375;0.1910109375
2019-08-19T00:00:00.000Z;0.23670312500000001;1.77359375;0.08263437500000001;0.121146875;0.1407984375;0.1877953125;0.22698437500000002;0.24558125;0.2538125;0.2694421875;0.3223265625;0.23493593750000002
2019-08-22T00:00:00.000Z;0.231;1.781015625;0.063303125;0.0978109375;0.1128140625;0.158259375;0.19557812500000002;0.21086875000000002;0.22080312500000002;0.2331828125;0.268625;0.19105
2019-08-24T00:00:00.000Z;0.220078125;1.2309375;0.0738390625;0.11416406250000001;0.13176875000000002;0.18115468750000002;0.2209484375;0.23661718750000002;0.24676562500000002;0.26069375;0.30369375000000004;0.2179109375
2019-08-27T00:00:00.000Z;0.43815625;1.999640625;0.0588734375;0.0992390625;0.11387968750000001;0.162725;0.2026078125;0.217115625;0.2233125;0.24037031250000002;0.2706203125;0.18531406250000002
2019-08-29T00:00:00.000Z;;;;;;;;;;;;
2019-09-01T00:00:00.000Z;0.214984375;2.121125;0.0654296875;0.09815156250000001;0.11179375000000001;0.15540781250000002;0.19330468750000002;0.209890625;0.215578125;0.22856562500000002;0.271725;0.19484375
2019-09-03T00:00:00.000Z;0.263984375;2.327234375;0.0719328125;0.11205000000000001;0.12929218750000002;0.178278125;0.2172953125;0.2320734375;0.234315625;0.256675;0.30045937500000003;0.21480000000000002
2019-09-06T00:00:00.000Z;;;;;;;;;;;;
2019-09-08T00:00:00.000Z;;;;;;;;;;;;
2019-09-11T00:00:00.000Z;;;;;;;;;;;;
2019-09-13T00:00:00.000Z;;;;;;;;;;;;
2019-09-16T00:00:00.000Z;;;;;;;;;;;;
2019-09-18T00:00:00.000Z;0.209125;1.86078125;0.062453125000000005;0.09424687500000001;0.10254062500000001;0.1462609375;0.1926515625;0.20865468750000002;0.2142734375;0.22655312500000002;0.26058593750000003;0.18715781250000002
2019-09-21T00:00:00.000Z;;;;;;;;;;;;
2019-09-26T00:00:00.000Z;0.116;1.9766406250000002;0.054125;0.0832796875;0.0908609375;0.1288890625;0.17559531250000002;0.1896984375;0.195415625;0.2093625;0.23012500000000002;0.162275
2019-09-28T00:00:00.000Z;;;;;;;;;;;;
2019-10-01T00:00:00.000Z;0.121984375;1.370921875;0.05783125;0.083175;0.09106093750000001;0.12363125000000001;0.173471875;0.1904390625;0.200553125;0.20824843750000002;0.2344203125;0.1682671875
2019-10-03T00:00:00.000Z;0.127;0.985484375;0.06023125;0.0923078125;0.1018953125;0.139825;0.19134062500000001;0.20865468750000002;0.21812031250000002;0.22882656250000002;0.25431875000000004;0.18430156250000002
2019-10-06T00:00:00.000Z;0.116;1.31928125;0.052734375;0.0809953125;0.0885625;0.12352500000000001;0.1738125;0.18854375;0.19865625;0.20677187500000002;0.225259375;0.15580156250000002
2019-10-08T00:00:00.000Z;0.138;2.29425;0.0646296875;0.0904484375;0.0986734375;0.1363796875;0.19025;0.20941875000000001;0.2119359375;0.22774531250000002;0.2575765625;0.18706406250000002
2019-10-11T00:00:00.000Z;0.105;1.6097000000000001;0.067865;0.09384;0.10338499999999999;0.13695000000000002;0.18640500000000002;0.20441;0.21266;0.223885;0.25103000000000003;0.183545
2019-10-13T00:00:00.000Z;0.154609375;1.5545312500000001;0.056745312500000006;0.0870328125;0.09687812500000001;0.13467500000000002;0.18731406250000002;0.2048828125;0.209959375;0.22461875;0.2461515625;0.17446875
2019-10-16T00:00:00.000Z;0.1;1.069015625;0.0477984375;0.0748828125;0.0822625;0.1163359375;0.168528125;0.18409375;0.195690625;0.2026609375;0.2141296875;0.1472015625
2019-10-18T00:00:00.000Z;;;;;;;;;;;;
2019-10-21T00:00:00.000Z;0.14378125;1.13696875;0.0514203125;0.0765203125;0.0822875;0.1168;0.17408281250000002;0.1909875;0.20448750000000002;0.20929687500000002;0.218809375;0.15336093750000002
2019-10-23T00:00:00.000Z;;;;;;;;;;;;
2019-10-26T00:00:00.000Z;0.1;1.01;0.040064062500000004;0.06538437500000001;0.0709859375;0.10531093750000001;0.1584671875;0.17369375;0.18685937500000002;0.191825;0.19288593750000002;0.12831562500000002
2019-10-28T00:00:00.000Z;;;;;;;;;;;;
2019-10-31T00:00:00.000Z;;;;;;;;;;;;
2019-11-02T00:00:00.000Z;0.138;1.688625;0.092384375;0.10993593750000001;0.10926875000000001;0.147496875;0.21057187500000002;0.22688593750000002;0.24434375;0.250321875;0.2597859375;0.18325156250000002
2019-11-05T00:00:00.000Z;0.1;0.882203125;0.0500359375;0.0754515625;0.079340625;0.11499687500000001;0.17542812500000002;0.19136875;0.2066625;0.211171875;0.20790625000000001;0.14004375
2019-11-07T00:00:00.000Z;0.110984375;1.617484375;0.0627125;0.0864109375;0.0916578125;0.1279421875;0.1939546875;0.21464531250000002;0.22249375000000002;0.234553125;0.2474265625;0.176171875
2019-11-10T00:00:00.000Z;0.110984375;0.71465625;0.047340625000000004;0.069603125;0.07438125000000001;0.10671562500000001;0.1672296875;0.18326562500000002;0.20065000000000002;0.20173125;0.2018515625;0.138809375
2019-11-12T00:00:00.000Z;0.094;0.9744843750000001;0.0464046875;0.07534062500000001;0.0816953125;0.1162046875;0.1767234375;0.1917625;0.20348750000000002;0.212403125;0.21448125;0.15096718750000002
2019-11-15T00:00:00.000Z;;;;;;;;;;;;
2019-11-17T00:00:00.000Z;0.1;1.2476875;0.0579984375;0.0819875;0.086840625;0.12371875;0.1888640625;0.20871406250000002;0.219353125;0.2294390625;0.23256718750000002;0.1651109375
2019-11-20T00:00:00.000Z;;;;;;;;;;;;
2019-11-22T00:00:00.000Z;;;;;;;;;;;;
2019-11-25T00:00:00.000Z;0.056;1.2141875;0.063471875;0.082478125;0.082090625;0.114959375;0.16382812500000002;0.177803125;0.18009375;0.193775;0.17753125;0.128478125
2019-11-27T00:00:00.000Z;;;;;;;;;;;;
2019-11-30T00:00:00.000Z;0.078;1.4697500000000001;0.0401703125;0.0615609375;0.0646390625;0.09677031250000001;0.1580953125;0.1755796875;0.18512187500000002;0.1925140625;0.1867859375;0.1262984375
2019-12-02T00:00:00.000Z;;;;;;;;;;;;
2019-12-05T00:00:00.000Z;;;;;;;;;;;;
2019-12-07T00:00:00.000Z;0.138;1.4221875;0.0419765625;0.062137500000000005;0.065475;0.099559375;0.1612765625;0.1770078125;0.18558750000000002;0.1953921875;0.18502812500000002;0.12335
2019-12-10T00:00:00.000Z;0.066984375;0.421609375;0.0384640625;0.059356250000000006;0.06149375;0.09151875000000001;0.151909375;0.1680234375;0.18827812500000002;0.1861890625;0.1744796875;0.11758125000000001
2019-12-12T00:00:00.000Z;0.105;0.95546875;0.0412703125;0.0658203125;0.0694484375;0.10414375000000001;0.16319375;0.17985781250000002;0.1900953125;0.1978390625;0.18439531250000002;0.1273578125
2019-12-15T00:00:00.000Z;0.07200000000000001;0.95425;0.0353859375;0.0585359375;0.0611796875;0.09316875000000001;0.15365625;0.17103125;0.18183125;0.1873046875;0.17228437500000002;0.1121796875
2019-12-17T00:00:00.000Z;;;;;;;;;;;;
2019-12-20T00:00:00.000Z;;;;;;;;;;;;
2019-12-22T00:00:00.000Z;0.083;1.299046875;0.039521875000000005;0.0641484375;0.06823125000000001;0.10325468750000001;0.1646453125;0.1803328125;0.18837343750000002;0.20005781250000002;0.189915625;0.13056718750000001
2019-12-25T00:00:00.000Z;0.061;0.5649531250000001;0.0323453125;0.054807812500000004;0.0589125;0.08941875;0.15000312500000001;0.167428125;0.183909375;0.1863328125;0.16649687500000002;0.10892968750000001
2019-12-27T00:00:00.000Z;0.1;1.11871875;0.048378125;0.0665546875;0.0703703125;0.10085000000000001;0.158296875;0.174990625;0.18410625;0.19158750000000002;0.18163437500000001;0.1267828125
2019-12-30T00:00:00.000Z;;;;;;;;;;;;
2020-01-01T00:00:00.000Z;0.07200000000000001;0.432296875;0.043759375;0.065946875;0.0694203125;0.102478125;0.1628671875;0.1787671875;0.1974890625;0.1980578125;0.180746875;0.13130468750000002
2020-01-04T00:00:00.000Z;0.116;0.89734375;0.0393828125;0.058503125;0.0611328125;0.093046875;0.150340625;0.1676375;0.179896875;0.18521562500000002;0.167753125;0.1095296875
2020-01-06T00:00:00.000Z;0.083;0.597671875;0.046184375;0.06506250000000001;0.0698359375;0.1011609375;0.1623484375;0.17796562500000002;0.1964625;0.1967484375;0.193965625;0.13378125000000002
2020-01-09T00:00:00.000Z;0.1;1.1043125;0.063715625;0.0802921875;0.08227812500000001;0.11349375;0.1700734375;0.1861265625;0.19898125;0.20241875;0.1932296875;0.13120625
2020-01-11T00:00:00.000Z;0.089;0.788640625;0.04169375;0.0670109375;0.0720671875;0.106034375;0.1641890625;0.1802609375;0.1940703125;0.20103125000000002;0.19369687500000002;0.1355484375
2020-01-14T00:00:00.000Z;0.07200000000000001;0.31065625;0.035210937500000004;0.057481250000000005;0.0629859375;0.093315625;0.1505515625;0.1657046875;0.18668125000000002;0.1837546875;0.17230625000000002;0.1150484375
2020-01-16T00:00:00.000Z;0.1;0.896515625;0.0475265625;0.067240625;0.072575;0.104253125;0.16522187500000002;0.1819953125;0.19509375;0.200025;0.20097500000000001;0.1415390625
2020-01-19T00:00:00.000Z;;;;;;;;;;;;
2020-01-21T00:00:00.000Z;;;;;;;;;;;;
2020-01-24T00:00:00.000Z;;;;;;;;;;;;
2020-01-26T00:00:00.000Z;0.116;1.013730769230769;0.06423846153846154;0.0794673076923077;0.08099423076923078;0.11728076923076924;0.18137307692307694;0.19985;0.21020576923076925;0.22184230769230773;0.20998846153846154;0.1420134615384616
2020-01-29T00:00:00.000Z;;;;;;;;;;;;
2020-01-31T00:00:00.000Z;0.094;1.6070312500000001;0.011228125;0.01668125;0.01569375;0.024475;0.037762500000000004;0.040896875;0.042421875000000005;0.045590625;0.042484375000000005;0.029996875000000003
2020-02-03T00:00:00.000Z;0.083;0.699796875;0.043717187500000004;0.0661203125;0.07094062500000001;0.10052187500000001;0.15339531250000002;0.169559375;0.185165625;0.187903125;0.18328750000000002;0.1240390625
2020-02-05T00:00:00.000Z;;;;;;;;;;;;
2020-02-08T00:00:00.000Z;;;;;;;;;;;;
2020-02-10T00:00:00.000Z;0.1;1.55646875;0.0452765625;0.069884375;0.0769390625;0.1112484375;0.16673593750000001;0.1828421875;0.189546875;0.20216875;0.209696875;0.1476703125
2020-02-13T00:00:00.000Z;0.12197959183673471;1.2490408163265305;0.07496122448979592;0.09098163265306125;0.09395102040816328;0.12481224489795918;0.17800408163265308;0.19392857142857145;0.20425306122448983;0.2126612244897959;0.2089244897959184;0.1464530612244898
2020-02-15T00:00:00.000Z;0.116;1.1489375;0.054998437500000004;0.07494218750000001;0.0805015625;0.11199375;0.169371875;0.1880734375;0.19849375;0.206175;0.21926562500000002;0.15817031250000002
2020-02-18T00:00:00.000Z;;;;;;;;;;;;
2020-02-20T00:00:00.000Z;0.110984375;0.499125;0.0488609375;0.07498906250000001;0.082071875;0.1138875;0.171459375;0.18829375;0.204028125;0.2082671875;0.2164859375;0.15380000000000002
2020-02-23T00:00:00.000Z;0.089;0.44834375;0.040978125000000004;0.0645515625;0.070134375;0.0993296875;0.15321718750000002;0.1698328125;0.18624375;0.1880671875;0.1910828125;0.132303125
2020-02-25T00:00:00.000Z;0.13290625;0.7088593750000001;0.059003125000000003;0.0819875;0.08904375;0.12097031250000001;0.18405000000000002;0.203946875;0.2162125;0.2240390625;0.23805625000000002;0.1724203125
2020-02-28T00:00:00.000Z;0.110984375;0.641609375;0.07052968750000001;0.090096875;0.095528125;0.12259531250000001;0.1738171875;0.1887140625;0.20425000000000001;0.20432187500000001;0.209996875;0.1529015625
2020-03-01T00:00:00.000Z;;;;;;;;;;;;
2020-03-04T00:00:00.000Z;;;;;;;;;;;;
2020-03-06T00:00:00.000Z;;;;;;;;;;;;
2020-03-09T00:00:00.000Z;;;;;;;;;;;;
2020-03-11T00:00:00.000Z;0.127;1.2328125;0.054623437500000004;0.0827328125;0.09260625;0.12795625;0.18354843750000002;0.20097187500000002;0.20928750000000002;0.2210234375;0.24141562500000002;0.1736484375
2020-03-14T00:00:00.000Z;0.094;1.334;0.0663359375;0.0880484375;0.09452656250000001;0.12586875;0.175628125;0.19271875000000002;0.20060312500000002;0.2105984375;0.21681250000000002;0.15188125
2020-03-16T00:00:00.000Z;;;;;;;;;;;;
2020-03-19T00:00:00.000Z;;;;;;;;;;;;
2020-03-21T00:00:00.000Z;;;;;;;;;;;;
2020-03-24T00:00:00.000Z;;;;;;;;;;;;
2020-03-26T00:00:00.000Z;0.198171875;0.436859375;0.053528125;0.08026562500000001;0.08753593750000001;0.12045781250000001;0.179246875;0.195415625;0.21450312500000002;0.21639687500000002;0.23230625000000002;0.1635375
2020-03-29T00:00:00.000Z;0.14378125;1.031828125;0.05058125;0.07294687500000001;0.0790640625;0.1100515625;0.16405468750000002;0.18006093750000002;0.19337500000000002;0.1972421875;0.2122546875;0.1496234375
2020-03-31T00:00:00.000Z;;;;;;;;;;;;
2020-04-03T00:00:00.000Z;;;;;;;;;;;;
2020-04-05T00:00:00.000Z;0.193;1.3140156250000001;0.0633140625;0.09005;0.096428125;0.13333125;0.1925;0.2098125;0.22063125;0.22985;0.255590625;0.1865296875
2020-04-08T00:00:00.000Z;0.176359375;1.341828125;0.058003125;0.08232500000000001;0.0876890625;0.1222609375;0.17983593750000001;0.196903125;0.208684375;0.2157125;0.23609375000000002;0.17110468750000002
2020-04-10T00:00:00.000Z;;;;;;;;;;;;
2020-04-13T00:00:00.000Z;0.23670312500000001;1.45778125;0.058253125;0.0888046875;0.0975828125;0.14096875;0.20405937500000002;0.22406562500000002;0.23235312500000002;0.2477453125;0.2553609375;0.1761875
2020-04-15T00:00:00.000Z;;;;;;;;;;;;
2020-04-18T00:00:00.000Z;;;;;;;;;;;;
2020-04-20T00:00:00.000Z;;;;;;;;;;;;
2020-04-23T00:00:00.000Z;;;;;;;;;;;;
2020-04-25T00:00:00.000Z;;;;;;;;;;;;
2020-04-28T00:00:00.000Z;;;;;;;;;;;;
2020-04-30T00:00:00.000Z;0.154609375;1.24778125;0.0754671875;0.10564375000000001;0.11324062500000001;0.1521953125;0.21221875;0.229134375;0.2375375;0.25132031250000003;0.2794609375;0.20788125000000002
2020-05-03T00:00:00.000Z;0.127;0.7784222222222222;0.06119555555555555;0.08662666666666667;0.09148;0.12312000000000001;0.17421777777777778;0.18947777777777777;0.20350666666666664;0.20788444444444446;0.21966;0.16044666666666668
2020-05-05T00:00:00.000Z;;;;;;;;;;;;
2020-05-08T00:00:00.000Z;;;;;;;;;;;;
2020-05-10T00:00:00.000Z;;;;;;;;;;;;
2020-05-13T00:00:00.000Z;0.105;1.127265625;0.07133906250000001;0.0964125;0.10120625000000001;0.14008125000000002;0.20107968750000002;0.218834375;0.23094375;0.2406;0.254715625;0.1782921875
2020-05-15T00:00:00.000Z;;;;;;;;;;;;
2020-05-18T00:00:00.000Z;0.16;1.06534375;0.056856250000000004;0.082984375;0.088140625;0.123403125;0.1801484375;0.19745937500000002;0.21176875;0.21690625000000002;0.2412;0.1745890625
2020-05-20T00:00:00.000Z;0.13290625;1.369046875;0.071878125;0.1037828125;0.1121421875;0.15275;0.2126703125;0.23045937500000002;0.2380296875;0.2522296875;0.2899921875;0.2157078125
2020-05-23T00:00:00.000Z;0.23670312500000001;1.84828125;0.0663140625;0.095440625;0.10083750000000001;0.13958125000000002;0.19672031250000002;0.213946875;0.21963125;0.23313906250000002;0.254190625;0.1821890625
2020-05-25T00:00:00.000Z;;;;;;;;;;;;
2020-05-28T00:00:00.000Z;0.2474375;1.6440625;0.062351562500000006;0.09109375;0.09735625;0.13445937500000002;0.1934984375;0.2112671875;0.22086250000000002;0.231540625;0.258190625;0.19057500000000002
2020-05-30T00:00:00.000Z;0.154609375;0.9881562500000001;0.0745859375;0.1097890625;0.11860156250000001;0.159896875;0.2217875;0.239515625;0.25115625;0.26206250000000003;0.2966328125;0.22189687500000002
2020-06-02T00:00:00.000Z;;;;;;;;;;;;
2020-06-04T00:00:00.000Z;;;;;;;;;;;;
2020-06-07T00:00:00.000Z;;;;;;;;;;;;
2020-06-09T00:00:00.000Z;;;;;;;;;;;;
2020-06-12T00:00:00.000Z;0.116;1.1262812500000001;0.0626734375;0.093075;0.100709375;0.1396625;0.19310625;0.21002500000000002;0.221009375;0.23082812500000002;0.25567968750000003;0.1841515625
2020-06-14T00:00:00.000Z;0.16;1.360078125;0.0830546875;0.11525625;0.12473281250000001;0.1663390625;0.22395625000000002;0.2435546875;0.25393906250000003;0.2646859375;0.3088265625;0.235184375
2020-06-17T00:00:00.000Z;0.149;1.87196875;0.0823265625;0.1091671875;0.1142046875;0.15400468750000001;0.2116265625;0.232946875;0.24043125;0.2547875;0.287821875;0.2113390625
2020-06-19T00:00:00.000Z;0.149;1.8141093750000001;0.10230625;0.1374171875;0.14851250000000002;0.1990109375;0.2576109375;0.280553125;0.281628125;0.308525;0.35282968750000004;0.2500984375
2020-06-22T00:00:00.000Z;0.176359375;1.671375;0.064671875;0.0947078125;0.10348125000000001;0.1449609375;0.192371875;0.20937968750000002;0.21671875000000002;0.23085;0.26234843750000003;0.186715625
2020-06-24T00:00:00.000Z;;;;;;;;;;;;
2020-06-27T00:00:00.000Z;;;;;;;;;;;;
2020-06-29T00:00:00.000Z;0.198171875;1.378390625;0.0775921875;0.1142921875;0.12849531250000001;0.17350000000000002;0.2252765625;0.2426984375;0.252115625;0.26763281250000004;0.313784375;0.229725
2020-07-02T00:00:00.000Z;0.110984375;0.961375;0.06809375000000001;0.09925625;0.1114953125;0.14918125000000002;0.19338593750000002;0.20997656250000002;0.22334375;0.23222343750000002;0.265209375;0.18865937500000002
2020-07-04T00:00:00.000Z;0.121984375;1.6343125;0.08640625;0.11771250000000001;0.13137500000000002;0.17497500000000002;0.224046875;0.2431734375;0.2529359375;0.2666;0.31908125000000004;0.2361078125
2020-07-07T00:00:00.000Z;0.20400000000000001;1.476734375;0.06937968750000001;0.09875;0.11056093750000001;0.15076562500000001;0.19549531250000002;0.21326250000000002;0.22516875;0.2349703125;0.2745140625;0.19992343750000002
2020-07-09T00:00:00.000Z;0.32390625;2.43403125;0.052415625;0.0896;0.1046328125;0.14512031250000001;0.18560625;0.2023953125;0.19986875;0.22379218750000002;0.2519921875;0.1719578125
2020-07-12T00:00:00.000Z;0.383765625;2.117578125;0.057448437500000005;0.097315625;0.11128750000000001;0.1577234375;0.20179375000000002;0.219690625;0.2243125;0.24383125;0.2734546875;0.18833125
2020-07-14T00:00:00.000Z;;;;;;;;;;;;
2020-07-17T00:00:00.000Z;0.209125;2.3440781250000002;0.0704296875;0.1008390625;0.111809375;0.15380000000000002;0.1978734375;0.21608437500000002;0.219975;0.2376015625;0.27866250000000004;0.2029078125
2020-07-19T00:00:00.000Z;0.263984375;2.00640625;0.07520937500000001;0.1138265625;0.12788125;0.17708125;0.2224375;0.23985468750000002;0.24475156250000002;0.26515;0.3119515625;0.22444375
2020-07-22T00:00:00.000Z;0.16;1.34235;0.19366;0.23094;0.25342;0.266815;0.269425;0.25479;0.28193;0.24612;0.30725;0.204525
2020-07-24T00:00:00.000Z;0.193;2.336375;0.082090625;0.0850953125;0.09645468750000001;0.1075265625;0.110225;0.1171640625;0.11616875;0.1248015625;0.21985625;0.24465625000000002
2020-07-27T00:00:00.000Z;0.274125;1.83934375;0.0613890625;0.07029687500000001;0.0860484375;0.096275;0.100365625;0.10855468750000001;0.11337343750000001;0.1205578125;0.21450625;0.22991406250000002
2020-07-29T00:00:00.000Z;0.182;1.888453125;0.0672984375;0.07856250000000001;0.0957546875;0.10675781250000001;0.1105640625;0.1169296875;0.11873125000000001;0.1287171875;0.23278437500000002;0.2472578125
2020-08-01T00:00:00.000Z;;;;;;;;;;;;
2020-08-03T00:00:00.000Z;0.198171875;2.48628125;0.07024375000000001;0.07779375000000001;0.09495625;0.10517968750000001;0.1066296875;0.11496250000000001;0.1161375;0.1263484375;0.24525156250000002;0.2697828125
2020-08-06T00:00:00.000Z;0.231;1.946984375;0.051710937500000005;0.060631250000000005;0.07992500000000001;0.0894984375;0.0913078125;0.0983359375;0.103240625;0.1103984375;0.22381406250000002;0.2442953125
2020-08-08T00:00:00.000Z;0.296609375;1.60025;0.059965625;0.07469687500000001;0.0983921875;0.1106296875;0.1144765625;0.122396875;0.1264203125;0.1368765625;0.2521390625;0.2628078125
2020-08-11T00:00:00.000Z;;;;;;;;;;;;
2020-08-13T00:00:00.000Z;0.23670312500000001;1.351296875;0.0595390625;0.0702171875;0.09465781250000001;0.10522031250000001;0.1091828125;0.117259375;0.124540625;0.13191250000000002;0.2639953125;0.28447187500000004
2020-08-16T00:00:00.000Z;0.149;1.095453125;0.05239375;0.063346875;0.0865078125;0.09465781250000001;0.097865625;0.1060875;0.1146140625;0.1189859375;0.23715468750000002;0.2564234375
2020-08-18T00:00:00.000Z;0.055640625;1.421765625;0.0676203125;0.08205625;0.10580312500000001;0.1177765625;0.121884375;0.12958906250000002;0.134728125;0.1438421875;0.26466875;0.27768750000000003
2020-08-21T00:00:00.000Z;0.154609375;1.32;0.0548765625;0.0705265625;0.0932078125;0.10458437500000001;0.10942968750000001;0.11732656250000001;0.12458125;0.1314390625;0.23802343750000002;0.24096250000000002
2020-08-23T00:00:00.000Z;0.13290625;2.128515625;0.08065156250000001;0.0914078125;0.11530781250000001;0.13048125;0.134428125;0.1437828125;0.1456953125;0.159275;0.288771875;0.30036406250000003
2020-08-26T00:00:00.000Z;0.171;1.50790625;0.054242187500000004;0.0658765625;0.0902125;0.1000375;0.10303125;0.1113671875;0.1180125;0.12485;0.2423890625;0.26018125000000003
2020-08-28T00:00:00.000Z;0.296609375;1.896828125;0.0580390625;0.07550156250000001;0.102740625;0.11663125;0.11769062500000001;0.1264125;0.1298359375;0.1421203125;0.26722968750000003;0.2763875
2020-08-31T00:00:00.000Z;0.138;0.992859375;0.053153125;0.06755156250000001;0.0927265625;0.10477343750000001;0.10685;0.1140484375;0.12306875;0.1295515625;0.24253437500000002;0.2474625
2020-09-02T00:00:00.000Z;0.187234375;2.011140625;0.077128125;0.08900000000000001;0.11535000000000001;0.129378125;0.13337812500000001;0.14339218750000002;0.146759375;0.1581671875;0.295196875;0.3102078125
2020-09-05T00:00:00.000Z;0.154609375;1.575375;0.053414062500000005;0.065915625;0.09106562500000001;0.1010546875;0.1050921875;0.11315625;0.11989218750000001;0.1266265625;0.24735781250000002;0.262053125
2020-09-07T00:00:00.000Z;0.209125;2.16171875;0.0671859375;0.0829375;0.108896875;0.12440625000000001;0.128115625;0.134678125;0.137559375;0.1515328125;0.27708125;0.2833109375
2020-09-10T00:00:00.000Z;0.193;1.6235625;0.050853125;0.0667796875;0.09334062500000001;0.10426875000000001;0.10680937500000001;0.114425;0.1206703125;0.12868125;0.244390625;0.24790625000000002
2020-09-12T00:00:00.000Z;0.214984375;1.896203125;0.0653109375;0.0789859375;0.10625156250000001;0.12038125000000001;0.12268125;0.132671875;0.1368859375;0.147425;0.276165625;0.29075625
2020-09-15T00:00:00.000Z;;;;;;;;;;;;
2020-09-17T00:00:00.000Z;;;;;;;;;;;;
2020-09-20T00:00:00.000Z;;;;;;;;;;;;
2020-09-22T00:00:00.000Z;0.2474375;1.6573906250000001;0.0672609375;0.082709375;0.10936406250000001;0.1252390625;0.13194687500000002;0.14453437500000002;0.14854843750000002;0.1587390625;0.28431875;0.29124062500000003
2020-09-25T00:00:00.000Z;0.16543750000000002;1.2066406250000001;0.054434375;0.0693359375;0.0960171875;0.10836562500000001;0.11331875000000001;0.12195312500000001;0.13119687500000002;0.1369078125;0.2613359375;0.2716265625
2020-09-27T00:00:00.000Z;0.149;0.92721875;0.0568296875;0.0765203125;0.1062578125;0.120740625;0.124515625;0.13378125000000002;0.1430375;0.1502828125;0.28086875;0.2845171875
2020-09-30T00:00:00.000Z;;;;;;;;;;;;
2020-10-02T00:00:00.000Z;;;;;;;;;;;;
2020-10-05T00:00:00.000Z;0.182;0.740952380952381;0.0627079365079365;0.07717619047619048;0.10432063492063492;0.11846825396825399;0.12410158730158731;0.13275238095238098;0.14572380952380953;0.14724920634920635;0.2581015873015873;0.2537285714285714
2020-10-07T00:00:00.000Z;0.171;0.87340625;0.057639062500000005;0.07914531250000001;0.1107359375;0.12722031250000002;0.1324734375;0.14168906250000002;0.14952500000000002;0.160634375;0.290134375;0.2857203125
2020-10-10T00:00:00.000Z;;;;;;;;;;;;
2020-10-12T00:00:00.000Z;0.127;0.7274375000000001;0.06456875000000001;0.0824546875;0.114484375;0.128903125;0.1344765625;0.14457187500000002;0.1537734375;0.1609515625;0.2925359375;0.29628906250000003
2020-10-15T00:00:00.000Z;0.105;0.77196875;0.058537500000000006;0.075790625;0.10606875;0.11872500000000001;0.12464531250000001;0.13321093750000002;0.14380937500000002;0.14802656250000001;0.26890000000000003;0.274715625
2020-10-17T00:00:00.000Z;;;;;;;;;;;;
2020-10-20T00:00:00.000Z;;;;;;;;;;;;
2020-10-25T00:00:00.000Z;0.193;1.000140625;0.057662500000000005;0.076421875;0.106678125;0.12180937500000001;0.12658750000000002;0.1363375;0.144434375;0.1510125;0.2698921875;0.2722453125
2020-10-27T00:00:00.000Z;0.116;1.254;0.058151562500000004;0.0808640625;0.11261093750000001;0.1284859375;0.1338796875;0.1425078125;0.148078125;0.159265625;0.28499687500000004;0.2823578125
2020-10-30T00:00:00.000Z;0.116;0.848875;0.053393750000000004;0.0738203125;0.10361250000000001;0.11789218750000001;0.1217421875;0.1295796875;0.13920000000000002;0.144625;0.2609125;0.2528984375
2020-11-01T00:00:00.000Z;0.127;1.169140625;0.0679875;0.0857234375;0.1162703125;0.131809375;0.135775;0.145040625;0.1524234375;0.1597578125;0.2889484375;0.294328125
2020-11-04T00:00:00.000Z;;;;;;;;;;;;
2020-11-06T00:00:00.000Z;;;;;;;;;;;;
2020-11-09T00:00:00.000Z;0.105;1.43684375;0.0480453125;0.06987343750000001;0.101059375;0.11707656250000001;0.1224546875;0.1304421875;0.13975625;0.14867968750000002;0.25932187500000003;0.2322078125
2020-11-11T00:00:00.000Z;0.105;1.088126984126984;0.0853968253968254;0.10833174603174603;0.14524444444444445;0.1633809523809524;0.1703174603174603;0.18473968253968254;0.197115873015873;0.20510952380952382;0.3555873015873016;0.3396492063492064
2020-11-14T00:00:00.000Z;;;;;;;;;;;;
2020-11-16T00:00:00.000Z;;;;;;;;;;;;
2020-11-19T00:00:00.000Z;0.127;1.395890625;0.0905375;0.09811875;0.109021875;0.12041562500000001;0.120896875;0.123271875;0.1232109375;0.131096875;0.1788640625;0.1554984375
2020-11-21T00:00:00.000Z;0.1;0.771421875;0.0884078125;0.1115578125;0.1462546875;0.163246875;0.16966562500000001;0.17985;0.194475;0.1991234375;0.33165625000000004;0.32184375000000004
2020-11-24T00:00:00.000Z;;;;;;;;;;;;
2020-11-26T00:00:00.000Z;;;;;;;;;;;;
2020-11-29T00:00:00.000Z;0.083;1.3150625;0.0474109375;0.07006406250000001;0.10220781250000001;0.11930937500000001;0.123903125;0.1323265625;0.1416515625;0.14989531250000002;0.2552828125;0.2265453125
2020-12-01T00:00:00.000Z;0.1;1.14615625;0.06647968750000001;0.0889484375;0.1255734375;0.143359375;0.150828125;0.160471875;0.17083281250000001;0.179475;0.30717187500000004;0.2858703125
2020-12-04T00:00:00.000Z;;;;;;;;;;;;
2020-12-06T00:00:00.000Z;0.083;0.5554218750000001;0.07401250000000001;0.1040328125;0.143578125;0.1606984375;0.16817656250000002;0.17766562500000002;0.191734375;0.197159375;0.32398906250000004;0.30555625000000003
2020-12-09T00:00:00.000Z;0.066984375;0.58740625;0.053190625000000005;0.07838125;0.11238437500000001;0.126559375;0.13375781250000002;0.14095000000000002;0.156246875;0.15836093750000002;0.268246875;0.2390671875
2020-12-11T00:00:00.000Z;;;;;;;;;;;;
2020-12-16T00:00:00.000Z;0.083;0.8050625;0.07941406250000001;0.10898906250000001;0.1473546875;0.16582968750000002;0.171371875;0.1814109375;0.1937;0.1993828125;0.3266640625;0.30757656250000004
2020-12-19T00:00:00.000Z;0.1;1.332375;0.07430468750000001;0.10092656250000001;0.1351484375;0.15328906250000002;0.1578046875;0.1651328125;0.17395312500000001;0.1830671875;0.30000312500000004;0.276603125
2020-12-21T00:00:00.000Z;;;;;;;;;;;;
2020-12-24T00:00:00.000Z;0.089;0.87640625;0.07987812500000001;0.101728125;0.13268125;0.14651406250000001;0.1556625;0.1635390625;0.174671875;0.1816;0.287725;0.2704640625
2020-12-26T00:00:00.000Z;0.07200000000000001;0.29884375;0.07990781250000001;0.10996718750000001;0.14935625;0.1652671875;0.1735203125;0.18323906250000002;0.2008125;0.2028859375;0.32517812500000004;0.30598125000000004
2020-12-29T00:00:00.000Z;0.07200000000000001;0.731171875;0.0821546875;0.107396875;0.14243125;0.159075;0.1630234375;0.171396875;0.185709375;0.18861875;0.309825;0.2853671875
2020-12-31T00:00:00.000Z;0.078;0.58240625;0.08680312500000001;0.11326562500000001;0.152421875;0.1687203125;0.1769609375;0.185890625;0.20131718750000002;0.20285312500000002;0.33737812500000003;0.3253328125
2021-01-03T00:00:00.000Z;0.066984375;0.49559375;0.06347343750000001;0.08374218750000001;0.11296718750000001;0.12477031250000001;0.129740625;0.13673593750000002;0.149590625;0.1491375;0.242553125;0.23209062500000002
2021-01-05T00:00:00.000Z;0.083;0.423078125;0.083240625;0.11459375000000001;0.15538593750000002;0.1734578125;0.18030625;0.18948281250000001;0.2062515625;0.20984531250000002;0.3341;0.314471875
2021-01-08T00:00:00.000Z;;;;;;;;;;;;
2021-01-10T00:00:00.000Z;;;;;;;;;;;;
2021-01-13T00:00:00.000Z;0.110984375;0.5890625;0.059953125;0.0824890625;0.11698750000000001;0.13001718750000002;0.13486875;0.1445421875;0.1597875;0.15974531250000001;0.27187187500000004;0.24838281250000002
2021-01-15T00:00:00.000Z;0.105;0.34109375000000003;0.0770890625;0.1084734375;0.14859375;0.16469375;0.171940625;0.18025000000000002;0.197825;0.19946250000000001;0.32163437500000003;0.3007546875
2021-01-18T00:00:00.000Z;0.110984375;0.6579843750000001;0.06766875;0.096875;0.1340234375;0.1496359375;0.154228125;0.162640625;0.17679375;0.1786109375;0.29735781250000004;0.2752
2021-01-20T00:00:00.000Z;;;;;;;;;;;;
2021-01-23T00:00:00.000Z;;;;;;;;;;;;
2021-01-25T00:00:00.000Z;0.098375;1.48809375;0.060345312500000005;0.079875;0.1019359375;0.11328125;0.11544531250000001;0.11981406250000001;0.126984375;0.13098281250000002;0.1921046875;0.1809828125
2021-01-28T00:00:00.000Z;0.089;1.072125;0.07392343750000001;0.1014734375;0.1356;0.1528296875;0.15709843750000002;0.16508125;0.1746375;0.1813265625;0.289115625;0.2662921875
2021-01-30T00:00:00.000Z;;;;;;;;;;;;
2021-02-02T00:00:00.000Z;0.07200000000000001;0.81275;0.087371875;0.11421875000000001;0.15252812500000001;0.1674546875;0.1749375;0.183403125;0.19880625000000002;0.2008515625;0.33160625;0.31898750000000003
2021-02-04T00:00:00.000Z;0.121984375;1.09159375;0.0861140625;0.1194671875;0.16079062500000002;0.1806859375;0.187775;0.19659218750000002;0.20594375;0.21737031250000002;0.34320625;0.3251453125
2021-02-07T00:00:00.000Z;;;;;;;;;;;;
2021-02-09T00:00:00.000Z;;;;;;;;;;;;
2021-02-12T00:00:00.000Z;;;;;;;;;;;;
2021-02-14T00:00:00.000Z;0.105;0.869390625;0.09624062500000001;0.1322046875;0.176146875;0.1952421875;0.2015296875;0.21124062500000002;0.221940625;0.23012500000000002;0.3601046875;0.34030781250000003
2021-02-17T00:00:00.000Z;;;;;;;;;;;;
2021-02-19T00:00:00.000Z;0.121984375;0.730328125;0.10346875;0.135540625;0.17853593750000002;0.1968359375;0.20364375;0.2140828125;0.2284546875;0.22983906250000002;0.366971875;0.353053125
2021-02-22T00:00:00.000Z;;;;;;;;;;;;
2021-02-24T00:00:00.000Z;;;;;;;;;;;;
2021-02-27T00:00:00.000Z;;;;;;;;;;;;
2021-03-01T00:00:00.000Z;;;;;;;;;;;;
2021-03-04T00:00:00.000Z;;;;;;;;;;;;
2021-03-06T00:00:00.000Z;;;;;;;;;;;;
2021-03-09T00:00:00.000Z;0.247;1.1146;0.09488500000000001;0.099955;0.1149;0.12994000000000003;0.133085;0.144535;0.15186;0.162025;0.21563000000000002;0.176375
2021-03-11T00:00:00.000Z;0.116;1.374953125;0.093921875;0.1252734375;0.1674078125;0.188846875;0.1969203125;0.2092171875;0.21654375;0.2257859375;0.36515000000000003;0.33725
2021-03-14T00:00:00.000Z;0.089;0.73834375;0.0934515625;0.12414531250000001;0.166753125;0.1837;0.1922609375;0.2022625;0.21889687500000002;0.2194859375;0.35243125000000003;0.334178125
2021-03-16T00:00:00.000Z;0.138;0.824015625;0.10509062500000001;0.142065625;0.1879890625;0.2101125;0.21781875;0.22763125;0.2397421875;0.24648125;0.3801953125;0.3525421875
2021-03-19T00:00:00.000Z;;;;;;;;;;;;
2021-03-21T00:00:00.000Z;0.13290625;0.504375;0.108503125;0.14344062500000002;0.1896546875;0.20973906250000002;0.2191078125;0.23042343750000002;0.2488421875;0.25060625000000003;0.39277812500000003;0.36905468750000003
2021-03-24T00:00:00.000Z;0.116;0.85459375;0.09968906250000001;0.1322046875;0.175625;0.1933953125;0.20285312500000002;0.212640625;0.22735000000000002;0.229753125;0.3633203125;0.3444375
2021-03-26T00:00:00.000Z;0.176359375;0.77728125;0.112453125;0.15036875;0.198490625;0.221415625;0.2292734375;0.24059531250000002;0.252571875;0.259271875;0.396078125;0.36650468750000004
2021-03-29T00:00:00.000Z;;;;;;;;;;;;
2021-03-31T00:00:00.000Z;0.36190625;0.8677812500000001;0.125165625;0.16284375;0.193753125;0.217284375;0.24257187500000002;0.2570734375;0.2673171875;0.27081875;0.3530359375;0.3226875
2021-04-03T00:00:00.000Z;;;;;;;;;;;;
2021-04-05T00:00:00.000Z;0.171;1.194046875;0.11068750000000001;0.14746875;0.1933609375;0.21970468750000002;0.23271250000000002;0.2438421875;0.25382031250000003;0.2670453125;0.41461406250000005;0.37962968750000003
2021-04-08T00:00:00.000Z;;;;;;;;;;;;
2021-04-10T00:00:00.000Z;;;;;;;;;;;;
2021-04-13T00:00:00.000Z;;;;;;;;;;;;
2021-04-15T00:00:00.000Z;;;;;;;;;;;;
2021-04-18T00:00:00.000Z;0.13290625;0.4946875;0.10241875;0.13849687500000002;0.183246875;0.20320625;0.2160109375;0.22595625;0.24378125;0.246425;0.37105468750000004;0.33651875000000003
2021-04-20T00:00:00.000Z;0.19448437500000001;1.478796875;0.1490921875;0.18575625;0.23460625000000002;0.2618296875;0.27213906250000003;0.28831875;0.2963046875;0.3069546875;0.4625828125;0.4312546875
2021-04-23T00:00:00.000Z;;;;;;;;;;;;
2021-04-25T00:00:00.000Z;;;;;;;;;;;;
2021-04-28T00:00:00.000Z;0.171;1.5384920634920634;0.09982698412698413;0.13034920634920635;0.1702825396825397;0.19420158730158732;0.20312698412698407;0.2152952380952381;0.21003174603174599;0.23381904761904762;0.3199873015873016;0.2739031746031746
2021-04-30T00:00:00.000Z;0.209125;1.32078125;0.137828125;0.1789203125;0.22835468750000001;0.2554109375;0.26944375000000004;0.28461875000000003;0.2946640625;0.304415625;0.45272500000000004;0.41988593750000003
2021-05-03T00:00:00.000Z;;;;;;;;;;;;
2021-05-05T00:00:00.000Z;;;;;;;;;;;;
2021-05-08T00:00:00.000Z;0.138;0.825390625;0.1291890625;0.16843125;0.21319375000000002;0.237671875;0.255553125;0.268321875;0.284096875;0.2867984375;0.39972968750000004;0.35630625
2021-05-10T00:00:00.000Z;;;;;;;;;;;;
2021-05-13T00:00:00.000Z;0.1;1.25525;0.13143333333333332;0.17073333333333332;0.22080000000000002;0.24406666666666665;0.25906666666666667;0.2742833333333333;0.28735;0.28902500000000003;0.4183916666666667;0.39666666666666667
2021-05-15T00:00:00.000Z;0.116;1.1732968750000001;0.138603125;0.18158125;0.230790625;0.26034375;0.27937500000000004;0.29559843750000003;0.302996875;0.31615468750000003;0.44277031250000004;0.405478125
2021-05-18T00:00:00.000Z;0.121984375;1.13865625;0.1183640625;0.160225;0.20666562500000002;0.23217343750000002;0.24740781250000002;0.2587;0.269975;0.277975;0.4009109375;0.3601625
2021-05-20T00:00:00.000Z;0.16;1.6123750000000001;0.14390468750000002;0.18601875;0.2352421875;0.2640203125;0.2803921875;0.2943234375;0.3025203125;0.3125625;0.456190625;0.425509375
2021-05-23T00:00:00.000Z;;;;;;;;;;;;
2021-05-25T00:00:00.000Z;;;;;;;;;;;;
2021-05-28T00:00:00.000Z;;;;;;;;;;;;
2021-05-30T00:00:00.000Z;;;;;;;;;;;;
2021-06-02T00:00:00.000Z;;;;;;;;;;;;
2021-06-04T00:00:00.000Z;;;;;;;;;;;;
2021-06-07T00:00:00.000Z;0.138;1.612875;0.1162984375;0.158321875;0.20678125;0.23747500000000002;0.25479687500000003;0.26713125;0.27470625000000004;0.288365625;0.4082921875;0.3585390625
2021-06-09T00:00:00.000Z;0.187234375;1.5894062500000001;0.1443015625;0.1890921875;0.24099375;0.27218125;0.29081250000000003;0.30798281250000004;0.31715;0.3283546875;0.46911093750000005;0.434440625
2021-06-12T00:00:00.000Z;0.2200909090909091;1.3807636363636364;0.14776727272727272;0.18475636363636364;0.22271272727272728;0.24719454545454547;0.27771454545454544;0.3010454545454545;0.30437454545454545;0.32738000000000006;0.41110727272727277;0.3324472727272728
2021-06-14T00:00:00.000Z;0.318234375;1.892109375;0.14125937500000002;0.1895484375;0.23703437500000002;0.26903125;0.2912421875;0.305496875;0.3061171875;0.32391875000000003;0.4300109375;0.37977031250000004
2021-06-17T00:00:00.000Z;;;;;;;;;;;;
2021-06-19T00:00:00.000Z;;;;;;;;;;;;
2021-06-22T00:00:00.000Z;0.1;1.8254444444444444;0.10691666666666667;0.13245555555555558;0.16279444444444444;0.1859;0.19890000000000002;0.20603333333333332;0.21731111111111118;0.21533888888888889;0.2993111111111112;0.2528
2021-06-24T00:00:00.000Z;0.171;1.6520468750000001;0.1458890625;0.1947296875;0.24944375000000002;0.28352343750000003;0.3031515625;0.3164953125;0.322046875;0.3381765625;0.4668890625;0.4150390625
2021-06-27T00:00:00.000Z;0.154609375;1.6911093750000001;0.126109375;0.171328125;0.22137500000000002;0.25104375;0.2699171875;0.2830515625;0.28818125;0.3026640625;0.418084375;0.3648765625
2021-06-29T00:00:00.000Z;0.105;1.18840625;0.151521875;0.197809375;0.25167500000000004;0.28512031250000003;0.30573125;0.32060468750000004;0.3324828125;0.33953125;0.474459375;0.433615625
2021-07-02T00:00:00.000Z;0.13290625;1.2170625;0.1323703125;0.1756875;0.22774687500000002;0.2559015625;0.2755359375;0.28983281250000004;0.30226875000000003;0.3081109375;0.432665625;0.39470625000000004
2021-07-04T00:00:00.000Z;0.061;1.50534375;0.14965625000000002;0.19981875000000002;0.2547765625;0.28752500000000003;0.30654375;0.3207296875;0.32651250000000004;0.340025;0.4701296875;0.42131093750000004
2021-07-07T00:00:00.000Z;;;;;;;;;;;;
2021-07-09T00:00:00.000Z;0.2749375;2.157828125;0.16623593750000001;0.2137921875;0.26558437500000004;0.3033828125;0.3254609375;0.3453234375;0.34237343750000004;0.363821875;0.47750625;0.42664843750000003
2021-07-12T00:00:00.000Z;0.358015625;1.140875;0.12999531250000002;0.179484375;0.23140312500000002;0.260028125;0.2800234375;0.2955703125;0.308828125;0.313884375;0.425090625;0.3797578125
2021-07-14T00:00:00.000Z;0.110984375;1.692515625;0.1495421875;0.20036875;0.25614375;0.28960625;0.3053015625;0.31844062500000003;0.3235328125;0.3403859375;0.4696234375;0.416846875
2021-07-17T00:00:00.000Z;0.13290625;1.712796875;0.12765937500000002;0.172365625;0.22094687500000001;0.2508703125;0.26980000000000004;0.2820796875;0.287353125;0.30076406250000004;0.4101328125;0.35650000000000004
2021-07-19T00:00:00.000Z;0.291078125;2.049140625;0.1552015625;0.205353125;0.2638359375;0.298403125;0.3141578125;0.33229375;0.33427812500000004;0.3494546875;0.48476875;0.4361078125
2021-07-22T00:00:00.000Z;0.214984375;1.12615625;0.134290625;0.18014375000000002;0.2359;0.2648921875;0.2823390625;0.295584375;0.30874687500000003;0.31296093750000004;0.4377609375;0.39508593750000004
2021-07-24T00:00:00.000Z;0.41084375;1.5539218750000001;0.152196875;0.20830781250000002;0.2637390625;0.299046875;0.3127078125;0.32779843750000004;0.32960937500000004;0.3467265625;0.455196875;0.3942421875
2021-07-27T00:00:00.000Z;0.23670312500000001;1.85003125;0.12227968750000001;0.170671875;0.22365937500000002;0.2554515625;0.26898125;0.2822265625;0.285825;0.300321875;0.4195109375;0.36038125000000004
2021-07-29T00:00:00.000Z;0.2474375;1.921828125;0.14753593750000002;0.1959859375;0.24782343750000002;0.281184375;0.295225;0.3131703125;0.3157875;0.3296875;0.4586203125;0.41464531250000003
2021-08-01T00:00:00.000Z;0.209125;1.478109375;0.128896875;0.173775;0.22793750000000002;0.25645625;0.2719390625;0.28694375;0.29569375000000003;0.3030703125;0.4302546875;0.38825156250000004
2021-08-03T00:00:00.000Z;;;;;;;;;;;;
2021-08-06T00:00:00.000Z;0.187234375;1.81903125;0.1277265625;0.17500000000000002;0.228325;0.2574953125;0.2703453125;0.281659375;0.28737812500000004;0.3023984375;0.418703125;0.36492968750000004
2021-08-08T00:00:00.000Z;0.116;2.3048281250000002;0.1519296875;0.19915000000000002;0.2541328125;0.28980625;0.3022484375;0.31740625;0.31765312500000004;0.33532968750000003;0.4728375;0.4292109375
2021-08-11T00:00:00.000Z;;;;;;;;;;;;
2021-08-13T00:00:00.000Z;0.329171875;1.521421875;0.1407046875;0.1925125;0.24669062500000002;0.2772859375;0.29452343750000004;0.30791250000000003;0.31133906250000004;0.326553125;0.43698750000000003;0.38227187500000004
2021-08-16T00:00:00.000Z;0.37829687500000003;1.427953125;0.124265625;0.174471875;0.22735625;0.2573171875;0.272490625;0.284703125;0.29118125;0.3030125;0.40410625;0.34601875000000004
2021-08-18T00:00:00.000Z;0.264;2.371825;0.09817000000000001;0.11646500000000001;0.1396425;0.16232000000000002;0.17564500000000002;0.1916275;0.16331;0.2028675;0.2489225;0.21959
2021-08-21T00:00:00.000Z;;;;;;;;;;;;
2021-08-23T00:00:00.000Z;;;;;;;;;;;;
2021-08-26T00:00:00.000Z;0.2474375;2.348953125;0.11919062500000001;0.16566250000000002;0.21839687500000002;0.2505859375;0.2619796875;0.27383125;0.273975;0.2926078125;0.4064546875;0.347484375
2021-08-28T00:00:00.000Z;0.28578125;1.99640625;0.1421703125;0.19236875;0.24828593750000003;0.2812859375;0.292321875;0.3076171875;0.31024843750000003;0.3250703125;0.45387500000000003;0.407859375
2021-08-31T00:00:00.000Z;0.33478125000000003;2.8032500000000002;0.141909375;0.1917375;0.2484125;0.2819828125;0.296890625;0.313753125;0.31181875000000003;0.33382500000000004;0.46192031250000004;0.4105515625
2021-09-02T00:00:00.000Z;0.121984375;2.582296875;0.1072125;0.14626875;0.19189375;0.226796875;0.24244218750000002;0.25601250000000003;0.254046875;0.27673281250000004;0.3821421875;0.30874375000000004
2021-09-05T00:00:00.000Z;0.14378125;2.090703125;0.1254546875;0.172490625;0.22519375;0.2621765625;0.2758828125;0.2903;0.2934875;0.3113359375;0.429565625;0.3726578125
2021-09-07T00:00:00.000Z;0.258296875;1.92175;0.123134375;0.1677375;0.2132015625;0.24372968750000001;0.2619953125;0.2780046875;0.27964375;0.294425;0.40185312500000003;0.359896875
2021-09-10T00:00:00.000Z;0.171;2.117734375;0.12469687500000001;0.1668;0.21857500000000002;0.2497796875;0.2679484375;0.28306718750000004;0.28685;0.2983765625;0.426775;0.3829703125
2021-09-12T00:00:00.000Z;0.220078125;1.6852500000000001;0.1269796875;0.1759703125;0.231728125;0.26492031250000003;0.28120625;0.294684375;0.29755156250000003;0.31405781250000003;0.4359640625;0.3840453125
2021-09-15T00:00:00.000Z;0.1984782608695652;1.7018260869565216;0.10993043478260871;0.14991304347826087;0.19462608695652173;0.22201304347826087;0.23631739130434787;0.2493608695652174;0.2549043478260869;0.26615652173913046;0.3536043478260869;0.2935434782608696
2021-09-17T00:00:00.000Z;0.214984375;2.30321875;0.1117859375;0.15513593750000002;0.2048953125;0.23715468750000002;0.2538046875;0.2713140625;0.27196718750000004;0.2896515625;0.40750000000000003;0.348575
2021-09-20T00:00:00.000Z;0.16543750000000002;1.7634218750000001;0.117925;0.16036875;0.210171875;0.24024375;0.2613125;0.2756734375;0.28455;0.29419062500000004;0.41928437500000004;0.3733453125
2021-09-22T00:00:00.000Z;;;;;;;;;;;;
2021-09-25T00:00:00.000Z;;;;;;;;;;;;
2021-09-27T00:00:00.000Z;;;;;;;;;;;;
2021-09-30T00:00:00.000Z;0.280125;2.256140625;0.1255375;0.162084375;0.207028125;0.2377890625;0.26253750000000003;0.2791359375;0.28264062500000003;0.298303125;0.42019218750000004;0.36651875
2021-10-02T00:00:00.000Z;;;;;;;;;;;;
2021-10-05T00:00:00.000Z;0.1;1.848171875;0.1054015625;0.14910937500000002;0.1950625;0.225690625;0.2477921875;0.2604375;0.265478125;0.2789578125;0.37500937500000003;0.3187640625
2021-10-07T00:00:00.000Z;0.127;1.541453125;0.144884375;0.19266093750000002;0.245628125;0.284153125;0.31572656250000003;0.3354375;0.3416546875;0.35563125;0.48214218750000004;0.424090625
2021-10-10T00:00:00.000Z;;;;;;;;;;;;
2021-10-12T00:00:00.000Z;0.20400000000000001;1.372342105263158;0.24363684210526323;0.2799526315789474;0.3163657894736842;0.35628157894736845;0.39293947368421056;0.40868684210526324;0.3952105263157895;0.42430526315789485;0.47050000000000003;0.40765
2021-10-15T00:00:00.000Z;0.127;1.352859375;0.107303125;0.15109687500000002;0.195384375;0.2254984375;0.2502640625;0.26409375;0.2723375;0.28130781250000003;0.37138906250000003;0.31162812500000003
2021-10-17T00:00:00.000Z;0.089;2.065203125;0.135109375;0.18115625000000002;0.23084062500000002;0.269221875;0.297709375;0.31680625;0.315709375;0.3345265625;0.45822656250000005;0.4028703125
2021-10-20T00:00:00.000Z;0.094;1.039890625;0.10840625000000001;0.149540625;0.19406875;0.2200203125;0.24684843750000002;0.2603046875;0.2748;0.276559375;0.3760203125;0.32850625
2021-10-22T00:00:00.000Z;;;;;;;;;;;;
2021-10-25T00:00:00.000Z;;;;;;;;;;;;
2021-10-27T00:00:00.000Z;;;;;;;;;;;;
2021-10-30T00:00:00.000Z;;;;;;;;;;;;
2021-11-01T00:00:00.000Z;0.066984375;1.9877500000000001;0.032159375000000004;0.045700000000000005;0.05599375;0.067378125;0.08057968750000001;0.088575;0.07532187500000001;0.09670468750000001;0.09801875;0.0829453125
2021-11-04T00:00:00.000Z;0.094;0.895421875;0.1168109375;0.157246875;0.197896875;0.22745;0.2620234375;0.2762765625;0.29450625;0.29576718750000003;0.36488593750000003;0.30769843750000003
2021-11-06T00:00:00.000Z;0.055640625;0.541;0.12216718750000001;0.16334375;0.20701875;0.23221093750000002;0.2622171875;0.27394687500000003;0.29576875;0.2924578125;0.3731546875;0.3263125
2021-11-09T00:00:00.000Z;0.094;1.025265625;0.10580625;0.1470875;0.191584375;0.217853125;0.24593125000000002;0.25728125;0.2737125;0.2725453125;0.36650312500000004;0.3202125
2021-11-11T00:00:00.000Z;0.1;1.0793593750000001;0.10913281250000001;0.1555671875;0.2032078125;0.23341875;0.260625;0.2734640625;0.28221406250000003;0.2895546875;0.3825453125;0.3300796875
2021-11-14T00:00:00.000Z;0.094;1.2131875;0.09721093750000001;0.13903125;0.18195625;0.21063281250000002;0.23538906250000002;0.247390625;0.2572125;0.265221875;0.34716718750000003;0.2909171875
2021-11-16T00:00:00.000Z;0.094;0.98690625;0.11357968750000001;0.1575609375;0.20378593750000001;0.23203125000000002;0.26073125;0.27461406250000003;0.28699687500000004;0.2897953125;0.38905781250000004;0.3419375
2021-11-19T00:00:00.000Z;;;;;;;;;;;;
2021-11-21T00:00:00.000Z;;;;;;;;;;;;
2021-11-24T00:00:00.000Z;0.121984375;0.87690625;0.10609687500000001;0.1431875;0.18294375000000002;0.2119484375;0.240971875;0.25272656250000003;0.2734125;0.2712;0.3309578125;0.2565078125
2021-11-26T00:00:00.000Z;;;;;;;;;;;;
2021-11-29T00:00:00.000Z;0.07200000000000001;1.3199218750000001;0.10407812500000001;0.141209375;0.183796875;0.2124125;0.24055;0.2540234375;0.26525312500000003;0.26903906250000004;0.36283593750000004;0.317740625
2021-12-01T00:00:00.000Z;0.089;1.036015625;0.10506562500000001;0.15192031250000002;0.197825;0.23028281250000002;0.25639062500000004;0.26763125;0.2771890625;0.28509375000000003;0.3694671875;0.31834218750000004
2021-12-04T00:00:00.000Z;0.07200000000000001;0.7856875;0.097040625;0.1373140625;0.179884375;0.20827187500000002;0.23407968750000002;0.2468640625;0.2615;0.260478125;0.3392984375;0.28534375
2021-12-06T00:00:00.000Z;0.078;1.042640625;0.1134390625;0.1572453125;0.2024171875;0.2325171875;0.2595171875;0.271865625;0.2843453125;0.2885765625;0.3852109375;0.3389796875
2021-12-09T00:00:00.000Z;0.078;1.234140625;0.10352968750000001;0.14369375;0.186403125;0.2146390625;0.24406875;0.2564921875;0.267603125;0.27035156250000003;0.3594234375;0.314753125
2021-12-11T00:00:00.000Z;0.078;1.2690937500000001;0.1096828125;0.1551921875;0.2022546875;0.23732031250000002;0.263734375;0.2750734375;0.2813015625;0.29239375;0.3801640625;0.3289078125
2021-12-14T00:00:00.000Z;0.066984375;0.797921875;0.094409375;0.13493125;0.176859375;0.20470156250000002;0.230240625;0.242365625;0.25749375;0.2583109375;0.3318578125;0.2780515625
2021-12-16T00:00:00.000Z;;;;;;;;;;;;
2021-12-19T00:00:00.000Z;;;;;;;;;;;;
2021-12-21T00:00:00.000Z;;;;;;;;;;;;
2021-12-24T00:00:00.000Z;;;;;;;;;;;;
2021-12-26T00:00:00.000Z;;;;;;;;;;;;
2021-12-29T00:00:00.000Z;;;;;;;;;;;;
2021-12-31T00:00:00.000Z;0.07200000000000001;0.7384375;0.10844375;0.1553828125;0.2006359375;0.2298796875;0.25670156250000004;0.2681046875;0.2808625;0.28659218750000004;0.37081562500000004;0.32038125
2022-01-03T00:00:00.000Z;0.061;0.82965625;0.09590625;0.13703281250000002;0.178378125;0.2063859375;0.2299546875;0.24107187500000002;0.25536875000000003;0.25593906250000004;0.333884375;0.2822984375
2022-01-05T00:00:00.000Z;0.078;0.6737031250000001;0.1297875;0.177196875;0.22842500000000002;0.25739062500000004;0.2876375;0.2995234375;0.3204484375;0.31816875;0.4212984375;0.3694484375
2022-01-08T00:00:00.000Z;;;;;;;;;;;;
2022-01-10T00:00:00.000Z;0.089;1.45896875;0.0972625;0.13293750000000001;0.16846875;0.1941078125;0.2123203125;0.22198281250000002;0.220940625;0.235371875;0.2901765625;0.25329687500000003
2022-01-13T00:00:00.000Z;;;;;;;;;;;;
2022-01-15T00:00:00.000Z;0.094;0.6716562500000001;0.12346562500000001;0.1676296875;0.2176765625;0.2459359375;0.2728609375;0.285003125;0.304209375;0.30181718750000003;0.3988203125;0.3498265625
2022-01-18T00:00:00.000Z;0.07200000000000001;0.3358125;0.10152968750000001;0.1403734375;0.183925;0.20635625000000002;0.233803125;0.24396406250000002;0.26953125;0.2599109375;0.3475046875;0.29943125000000004
2022-01-20T00:00:00.000Z;0.1;0.6704218750000001;0.1145296875;0.16160000000000002;0.2116609375;0.24131093750000002;0.26478125;0.2759828125;0.29305156250000003;0.29397812500000003;0.378403125;0.3276453125
2022-01-23T00:00:00.000Z;;;;;;;;;;;;
2022-01-25T00:00:00.000Z;;;;;;;;;;;;
2022-01-28T00:00:00.000Z;0.116;0.6607968750000001;0.10036718750000001;0.140965625;0.18458750000000002;0.2093953125;0.23547500000000002;0.244790625;0.26305625;0.259;0.34748125;0.3007234375
2022-01-30T00:00:00.000Z;0.094;0.28503125;0.1141375;0.160990625;0.2109828125;0.23603437500000002;0.26132500000000003;0.2732703125;0.2964890625;0.289990625;0.375471875;0.32704375
2022-02-02T00:00:00.000Z;0.066984375;0.5347500000000001;0.100446875;0.144196875;0.1877625;0.21327500000000002;0.23537812500000002;0.2467203125;0.26435000000000003;0.2608296875;0.3441828125;0.2918875
2022-02-04T00:00:00.000Z;;;;;;;;;;;;
2022-02-07T00:00:00.000Z;0.07200000000000001;0.763109375;0.10986875;0.15308750000000002;0.20099375;0.22468593750000002;0.24773125000000001;0.2593578125;0.27880625000000003;0.2730265625;0.3679671875;0.325834375
2022-02-09T00:00:00.000Z;;;;;;;;;;;;
2022-02-12T00:00:00.000Z;;;;;;;;;;;;
2022-02-14T00:00:00.000Z;;;;;;;;;;;;
2022-02-17T00:00:00.000Z;0.07200000000000001;0.69696875;0.1092828125;0.151340625;0.199571875;0.2240984375;0.24655625;0.2575640625;0.27670625;0.2715765625;0.36726718750000004;0.3227328125
2022-02-19T00:00:00.000Z;;;;;;;;;;;;
2022-02-22T00:00:00.000Z;0.078;0.399671875;0.1079859375;0.1545125;0.201809375;0.2257484375;0.24725468750000001;0.25856250000000003;0.27916875;0.2751015625;0.3605171875;0.30679218750000004
2022-02-24T00:00:00.000Z;0.171;1.04565625;0.114334375;0.150534375;0.18810000000000002;0.212034375;0.2287609375;0.2377640625;0.2520609375;0.24684375;0.310346875;0.2569546875
2022-02-27T00:00:00.000Z;;;;;;;;;;;;
2022-03-01T00:00:00.000Z;0.110984375;0.72028125;0.1243421875;0.17430937500000002;0.227609375;0.2554328125;0.27749687500000003;0.28950312500000003;0.30193437500000003;0.3051921875;0.40342031250000004;0.352275
2022-03-04T00:00:00.000Z;;;;;;;;;;;;
2022-03-06T00:00:00.000Z;;;;;;;;;;;;
2022-03-09T00:00:00.000Z;0.105;0.9646250000000001;0.0935046875;0.133540625;0.17845;0.20352343750000002;0.22607812500000002;0.23897500000000002;0.252578125;0.25394062500000003;0.33416093750000003;0.27615
2022-03-11T00:00:00.000Z;;;;;;;;;;;;
2022-03-14T00:00:00.000Z;;;;;;;;;;;;
2022-03-16T00:00:00.000Z;;;;;;;;;;;;
2022-03-19T00:00:00.000Z;;;;;;;;;;;;
2022-03-21T00:00:00.000Z;;;;;;;;;;;;
2022-03-24T00:00:00.000Z;;;;;;;;;;;;
2022-03-26T00:00:00.000Z;;;;;;;;;;;;
2022-03-29T00:00:00.000Z;;;;;;;;;;;;
2022-03-31T00:00:00.000Z;;;;;;;;;;;;
2022-04-03T00:00:00.000Z;0.1;0.33959375;0.111053125;0.15813437500000002;0.2043375;0.23171093750000002;0.2599609375;0.2730015625;0.29452500000000004;0.2892046875;0.365284375;0.3123109375
2022-04-05T00:00:00.000Z;;;;;;;;;;;;
2022-04-08T00:00:00.000Z;;;;;;;;;;;;
2022-04-10T00:00:00.000Z;;;;;;;;;;;;
2022-04-13T00:00:00.000Z;;;;;;;;;;;;
2022-04-15T00:00:00.000Z;;;;;;;;;;;;
2022-04-18T00:00:00.000Z;;;;;;;;;;;;
2022-04-20T00:00:00.000Z;;;;;;;;;;;;
2022-04-23T00:00:00.000Z;0.116;0.6432000000000001;0.13877818181818183;0.1909927272727273;0.23787272727272726;0.2774981818181818;0.3219218181818182;0.3394945454545455;0.3582363636363637;0.3613290909090909;0.42076727272727277;0.32914000000000004
2022-04-25T00:00:00.000Z;0.116;1.000296875;0.1389671875;0.191878125;0.2402046875;0.278503125;0.3148515625;0.331234375;0.3449875;0.3489203125;0.4416859375;0.38696875000000003
2022-04-28T00:00:00.000Z;;;;;;;;;;;;
2022-04-30T00:00:00.000Z;;;;;;;;;;;;
2022-05-03T00:00:00.000Z;0.1329032258064516;1.521790322580645;0.11663225806451613;0.1592;0.19694516129032258;0.24113709677419362;0.28428387096774194;0.30078709677419363;0.308141935483871;0.3189451612903226;0.3672;0.28233870967741936
2022-05-05T00:00:00.000Z;;;;;;;;;;;;
2022-05-08T00:00:00.000Z;0.110984375;1.086578125;0.1192984375;0.16770625;0.210459375;0.2497953125;0.2937078125;0.3101625;0.32313125000000004;0.325165625;0.39647187500000003;0.3393171875
2022-05-10T00:00:00.000Z;0.149;1.086859375;0.13807968750000002;0.1931875;0.2412078125;0.2856265625;0.330953125;0.3482078125;0.3562234375;0.36517343750000003;0.437496875;0.3706671875
2022-05-13T00:00:00.000Z;0.171;1.82790625;0.12054062500000001;0.17135625000000002;0.21213125000000002;0.2557328125;0.300846875;0.315125;0.317265625;0.3323359375;0.389315625;0.3236453125
2022-05-15T00:00:00.000Z;0.209125;1.5912656250000001;0.147196875;0.199796875;0.24163125000000002;0.28623750000000003;0.3370484375;0.35745312500000004;0.36286875;0.3732828125;0.439596875;0.380884375
2022-05-18T00:00:00.000Z;0.16543750000000002;1.532515625;0.12421875;0.1739375;0.21415;0.25415468750000003;0.302034375;0.3211890625;0.328390625;0.3344625;0.3979640625;0.3396515625
2022-05-20T00:00:00.000Z;;;;;;;;;;;;
2022-05-23T00:00:00.000Z;0.16;1.533890625;0.122021875;0.174328125;0.217703125;0.26205625;0.3078953125;0.3243078125;0.3302625;0.340221875;0.40023125000000004;0.3274703125
2022-05-25T00:00:00.000Z;0.127;1.0849000000000002;0.06675;0.09387000000000001;0.11986;0.14307;0.17073;0.17901;0.16411;0.18672000000000002;0.19809000000000002;0.15493
2022-05-28T00:00:00.000Z;0.110984375;1.41928125;0.128559375;0.17891875000000002;0.2247;0.2663765625;0.3100640625;0.328640625;0.33794687500000004;0.34379375;0.41135781250000003;0.3517703125
2022-05-30T00:00:00.000Z;0.138;1.07546875;0.14975;0.207578125;0.25963437500000003;0.30655312500000004;0.350628125;0.36897968750000004;0.377465625;0.3851953125;0.45554375;0.382025
2022-06-02T00:00:00.000Z;;;;;;;;;;;;
2022-06-04T00:00:00.000Z;0.187234375;1.57809375;0.1541546875;0.21017968750000002;0.2632359375;0.308590625;0.34810625;0.3677234375;0.37489218750000003;0.38390625;0.4634515625;0.39608437500000004
2022-06-07T00:00:00.000Z;0.110984375;1.65853125;0.1317890625;0.182721875;0.233465625;0.2746078125;0.3121609375;0.3308296875;0.33851562500000004;0.3476296875;0.42404687500000005;0.361175
2022-06-09T00:00:00.000Z;0.176359375;2.17953125;0.152940625;0.21196406250000002;0.2690234375;0.31689062500000004;0.35278125;0.36860625;0.3671375;0.3870078125;0.4696515625;0.39120625000000003
2022-06-12T00:00:00.000Z;0.127;1.39665625;0.12681562500000002;0.17644062500000002;0.224496875;0.2655703125;0.3029484375;0.31963281250000003;0.32714375;0.337765625;0.4012375;0.328175
2022-06-14T00:00:00.000Z;0.2474375;1.323890625;0.15135625;0.207040625;0.2580421875;0.30002812500000003;0.33699531250000003;0.3561109375;0.36638593750000004;0.3724171875;0.449075;0.383434375
2022-06-17T00:00:00.000Z;0.121984375;1.61425;0.129884375;0.17768125;0.2258;0.26438125;0.300128125;0.318184375;0.3252625;0.335409375;0.4073140625;0.345775
2022-06-19T00:00:00.000Z;0.28578125;1.453515625;0.1507203125;0.211090625;0.26489687500000003;0.31008125000000003;0.34299843750000003;0.35900156250000004;0.36452812500000004;0.37722187500000004;0.44746406250000004;0.368878125
2022-06-22T00:00:00.000Z;0.110984375;0.79459375;0.1235921875;0.17590625000000001;0.231084375;0.27061093750000004;0.3026796875;0.31853593750000003;0.335646875;0.33863593750000004;0.41270937500000004;0.33823593750000003
2022-06-24T00:00:00.000Z;0.171;1.5626875;0.15293125000000002;0.2097078125;0.26923125000000003;0.3138796875;0.3437921875;0.3639203125;0.3722171875;0.38151406250000003;0.4780046875;0.40965625
2022-06-27T00:00:00.000Z;0.127;1.317796875;0.130046875;0.180721875;0.236184375;0.27549687500000003;0.306021875;0.3226015625;0.335021875;0.3414796875;0.428109375;0.36431562500000003
2022-06-29T00:00:00.000Z;0.220078125;1.881359375;0.1516125;0.2108265625;0.27280312500000004;0.3205046875;0.3485796875;0.3637234375;0.36569218750000004;0.38503906250000003;0.4745109375;0.39258593750000004
2022-07-02T00:00:00.000Z;0.367296875;2.05021875;0.1253421875;0.18175312500000002;0.23389375;0.27655;0.3063109375;0.32132187500000003;0.322196875;0.3416203125;0.40278125000000004;0.32141562500000004
2022-07-04T00:00:00.000Z;0.234484375;2.174546875;0.153815625;0.20846875;0.2646640625;0.31079531250000003;0.3378328125;0.3586578125;0.3598234375;0.3771890625;0.46105625;0.3883140625
2022-07-07T00:00:00.000Z;0.149;2.2;0.1320666666666667;0.14780000000000001;0.16933333333333334;0.1981;0.21780000000000002;0.22870000000000001;0.2026;0.2364;0.25670000000000004;0.21610000000000001
2022-07-09T00:00:00.000Z;0.209125;1.66615625;0.1464328125;0.20448125;0.2675125;0.31296406250000003;0.34049531250000004;0.356465625;0.3607609375;0.3777609375;0.47621406250000003;0.396534375
2022-07-12T00:00:00.000Z;0.198171875;1.51834375;0.126459375;0.180171875;0.23778437500000002;0.2788125;0.3047796875;0.3199953125;0.3272125;0.3402;0.42516562500000005;0.34801875000000004
2022-07-14T00:00:00.000Z;0.291078125;1.494953125;0.1460546875;0.2014765625;0.263271875;0.3062390625;0.3330046875;0.35297656250000004;0.36263125;0.37393437500000004;0.4743609375;0.40656562500000004
2022-07-17T00:00:00.000Z;0.16543750000000002;1.14109375;0.13060312500000001;0.181078125;0.24045625;0.27883125000000003;0.30449375;0.3198640625;0.3357375;0.34046875000000004;0.4333796875;0.3685359375
2022-07-19T00:00:00.000Z;0.154609375;1.7534375;0.14284375000000002;0.19798125;0.2563625;0.3001515625;0.325553125;0.34228437500000003;0.34551875000000004;0.36290781250000004;0.458240625;0.3841390625
2022-07-22T00:00:00.000Z;0.182;2.07734375;0.1256375;0.17715;0.233465625;0.2760859375;0.29785;0.31422187500000004;0.316625;0.3341921875;0.419628125;0.3418375
2022-07-24T00:00:00.000Z;0.280125;1.1283281250000001;0.1558234375;0.213296875;0.27646875000000004;0.31806093750000003;0.34379375;0.3611328125;0.37475;0.38096875;0.475940625;0.4044109375
2022-07-27T00:00:00.000Z;0.253;2.536953125;0.1306703125;0.182115625;0.24231250000000001;0.28521562500000003;0.30638750000000003;0.3240953125;0.325459375;0.34331875;0.4366890625;0.367115625
2022-07-29T00:00:00.000Z;0.20400000000000001;2.2835312500000002;0.14520625;0.20135312500000002;0.2642359375;0.31038906250000003;0.33104375;0.3473375;0.3461796875;0.37065156250000003;0.466509375;0.3866734375
2022-08-01T00:00:00.000Z;0.182;2.5496875;0.1250453125;0.17605937500000002;0.23335625000000002;0.2765953125;0.295175;0.3107046875;0.31141250000000004;0.33318437500000003;0.41947656250000004;0.3400234375
2022-08-03T00:00:00.000Z;0.263984375;1.72796875;0.1501375;0.2058265625;0.2674484375;0.3111609375;0.3318546875;0.3508703125;0.35750000000000004;0.36958125000000003;0.46751406250000005;0.3956
2022-08-06T00:00:00.000Z;0.193;1.483953125;0.129825;0.180284375;0.239328125;0.27749375000000004;0.3009625;0.3172078125;0.327409375;0.335878125;0.425090625;0.3587765625
2022-08-08T00:00:00.000Z;0.258296875;1.310796875;0.14984687500000002;0.2105796875;0.2774578125;0.32077343750000004;0.3427859375;0.358415625;0.36662187500000004;0.37808281250000003;0.472753125;0.39051875
2022-08-11T00:00:00.000Z;0.116;1.771828125;0.12498906250000001;0.1757875;0.233434375;0.27304218750000003;0.2933203125;0.3079015625;0.31441562500000003;0.3284078125;0.412409375;0.3367125
2022-08-13T00:00:00.000Z;;;;;;;;;;;;
2022-08-16T00:00:00.000Z;0.187234375;1.6223281250000001;0.12277500000000001;0.17485;0.23501875;0.2733484375;0.295625;0.311384375;0.321615625;0.33034843750000004;0.42945937500000003;0.362115625
2022-08-18T00:00:00.000Z;0.220078125;1.316453125;0.142365625;0.204503125;0.2710578125;0.3138765625;0.3348140625;0.34957031250000004;0.3560171875;0.36934062500000003;0.4651734375;0.38520156250000004
2022-08-21T00:00:00.000Z;0.20400000000000001;1.622765625;0.12795;0.18840625;0.256365625;0.3016796875;0.3227359375;0.34092656250000003;0.34871562500000003;0.36476250000000005;0.4460046875;0.36500468750000004
2022-08-23T00:00:00.000Z;0.253;2.72803125;0.14399375;0.20235625000000002;0.26515;0.3114984375;0.32927968750000003;0.348825;0.3443484375;0.367209375;0.46959062500000004;0.3976421875
2022-08-26T00:00:00.000Z;;;;;;;;;;;;
2022-08-28T00:00:00.000Z;0.2749375;2.326546875;0.12624218750000002;0.1855921875;0.2442453125;0.29278750000000003;0.3142109375;0.32844062500000004;0.32658281250000004;0.349984375;0.43984062500000004;0.359925
2022-08-31T00:00:00.000Z;0.318234375;2.615328125;0.1230203125;0.181675;0.2373875;0.28594375;0.31105781250000003;0.328046875;0.32863125000000004;0.35341875;0.4326171875;0.3402171875
2022-09-02T00:00:00.000Z;0.209125;2.026203125;0.13679375000000002;0.191165625;0.2471515625;0.290234375;0.3153359375;0.3336875;0.3356953125;0.3522671875;0.45241875000000004;0.3859484375
2022-09-05T00:00:00.000Z;0.14378125;1.420796875;0.1180796875;0.16621875;0.22126562500000002;0.2573484375;0.283196875;0.298975;0.31011875;0.31793750000000004;0.41039843750000005;0.34830937500000003
2022-09-07T00:00:00.000Z;0.187234375;1.08809375;0.1350390625;0.1924609375;0.25286718750000003;0.29236093750000003;0.31865468750000003;0.3335515625;0.3444921875;0.35515625;0.44832343750000003;0.3733765625
2022-09-10T00:00:00.000Z;0.176359375;1.62821875;0.1165375;0.16846250000000002;0.2240125;0.2611953125;0.28323750000000003;0.2987703125;0.305084375;0.317975;0.40359375000000003;0.3273421875
2022-09-12T00:00:00.000Z;;;;;;;;;;;;
2022-09-15T00:00:00.000Z;0.154609375;2.2299375;0.11533125000000001;0.16375;0.215878125;0.2524265625;0.27675781250000003;0.2927953125;0.295346875;0.30974687500000003;0.4046453125;0.341215625
2022-09-17T00:00:00.000Z;0.220078125;2.22746875;0.12839843750000002;0.18349062500000002;0.24130781250000002;0.28385781250000003;0.3069765625;0.3212859375;0.3198546875;0.3420578125;0.4376625;0.361915625
2022-09-20T00:00:00.000Z;0.187234375;2.067265625;0.1104984375;0.15938750000000002;0.211625;0.2507515625;0.2722984375;0.2863671875;0.289778125;0.306334375;0.38779843750000004;0.314259375
2022-09-22T00:00:00.000Z;0.214984375;2.42603125;0.1337015625;0.187009375;0.24269375;0.28440625;0.3068953125;0.3248796875;0.324184375;0.3437515625;0.44234062500000004;0.3749296875
2022-09-25T00:00:00.000Z;;;;;;;;;;;;
2022-09-27T00:00:00.000Z;0.14378125;1.057890625;0.12242968750000001;0.1770265625;0.2337171875;0.272978125;0.296346875;0.31110468750000003;0.32020156250000004;0.33092187500000003;0.42243437500000003;0.35259531250000004
2022-09-30T00:00:00.000Z;0.110984375;0.874796875;0.1061234375;0.155434375;0.20698125;0.24247500000000002;0.26549375000000003;0.2792296875;0.29498125000000003;0.29813125;0.37691406250000004;0.30428125
2022-10-02T00:00:00.000Z;0.176359375;1.059390625;0.127234375;0.1798203125;0.23491406250000002;0.2725515625;0.2972546875;0.3118546875;0.325790625;0.3318546875;0.42290312500000005;0.35781250000000003
2022-10-05T00:00:00.000Z;0.176359375;1.67003125;0.20959375000000002;0.23359062500000002;0.265025;0.3024046875;0.3285109375;0.3445609375;0.34710625;0.359465625;0.40459062500000004;0.32796718750000003
2022-10-07T00:00:00.000Z;0.242;2.27325;0.1062421875;0.1581984375;0.20661875000000002;0.25089375;0.2775578125;0.29142812500000004;0.28731875;0.3089546875;0.3758265625;0.29764375000000004
2022-10-10T00:00:00.000Z;;;;;;;;;;;;
2022-10-12T00:00:00.000Z;0.1654081632653061;2.0446326530612247;0.053840816326530615;0.06852244897959184;0.08278163265306124;0.0985591836734694;0.11295102040816328;0.1212061224489796;0.11796326530612246;0.1263387755102041;0.151134693877551;0.11696326530612246
2022-10-15T00:00:00.000Z;0.171;1.562546875;0.1036890625;0.1476953125;0.19167187500000002;0.2277765625;0.25846250000000004;0.2726328125;0.280965625;0.287965625;0.36381406250000003;0.30688750000000004
2022-10-17T00:00:00.000Z;0.187234375;1.87978125;0.10873125;0.160603125;0.20624843750000002;0.2461171875;0.276515625;0.28957343750000003;0.2891359375;0.307765625;0.384165625;0.3194125
2022-10-20T00:00:00.000Z;;;;;;;;;;;;
2022-10-22T00:00:00.000Z;;;;;;;;;;;;
2022-10-25T00:00:00.000Z;;;;;;;;;;;;
2022-10-27T00:00:00.000Z;;;;;;;;;;;;
2022-10-30T00:00:00.000Z;;;;;;;;;;;;
2022-11-01T00:00:00.000Z;0.138;1.82825;0.11790937500000001;0.167725;0.21557500000000002;0.2499828125;0.28001875000000004;0.2964640625;0.3000875;0.3100140625;0.403290625;0.3426796875
2022-11-04T00:00:00.000Z;0.055640625;1.100078125;0.12029218750000001;0.164009375;0.20880937500000002;0.23887031250000001;0.27237656250000003;0.2859125;0.302803125;0.30071562500000004;0.3831203125;0.32540625
2022-11-06T00:00:00.000Z;0.1;0.583984375;0.11153906250000001;0.163878125;0.21390625000000002;0.24343906250000003;0.2718703125;0.287415625;0.3070234375;0.3064234375;0.3828625;0.32120312500000003
2022-11-09T00:00:00.000Z;;;;;;;;;;;;
2022-11-11T00:00:00.000Z;;;;;;;;;;;;
2022-11-14T00:00:00.000Z;0.127;1.868765625;0.0989296875;0.14248593750000002;0.18341875000000002;0.21774218750000002;0.2518625;0.26667968750000004;0.2742625;0.2828234375;0.353034375;0.2950359375
2022-11-16T00:00:00.000Z;;;;;;;;;;;;
2022-11-19T00:00:00.000Z;0.089;0.8835454545454545;0.026500000000000003;0.03566363636363636;0.041672727272727285;0.05019090909090909;0.05673636363636364;0.06182727272727273;0.06359090909090909;0.06386363636363637;0.07067272727272728;0.05081818181818182
2022-11-21T00:00:00.000Z;;;;;;;;;;;;
2022-11-24T00:00:00.000Z;0.089;1.581953125;0.0902109375;0.1278;0.16616250000000002;0.1979078125;0.2289296875;0.24288281250000002;0.25125000000000003;0.25653125;0.32325312500000003;0.2702015625
2022-11-26T00:00:00.000Z;;;;;;;;;;;;
2022-11-29T00:00:00.000Z;0.07200000000000001;0.852375;0.09341875000000001;0.139803125;0.1826234375;0.2115296875;0.244303125;0.25595;0.27353125;0.27274375;0.33685312500000003;0.27187187500000004
2022-12-01T00:00:00.000Z;;;;;;;;;;;;
2022-12-04T00:00:00.000Z;;;;;;;;;;;;
2022-12-06T00:00:00.000Z;;;;;;;;;;;;
2022-12-09T00:00:00.000Z;;;;;;;;;;;;
2022-12-11T00:00:00.000Z;;;;;;;;;;;;
2022-12-14T00:00:00.000Z;;;;;;;;;;;;
2022-12-16T00:00:00.000Z;;;;;;;;;;;;
2022-12-19T00:00:00.000Z;;;;;;;;;;;;
2022-12-21T00:00:00.000Z;;;;;;;;;;;;
2022-12-24T00:00:00.000Z;0.066984375;1.056453125;0.08645;0.12669531250000002;0.16106875;0.1930578125;0.231609375;0.24360781250000002;0.257515625;0.258259375;0.32060937500000003;0.2653921875
2022-12-26T00:00:00.000Z;;;;;;;;;;;;
2022-12-29T00:00:00.000Z;;;;;;;;;;;;
2022-12-31T00:00:00.000Z;0.083;0.7293437500000001;0.10697656250000001;0.15257500000000002;0.1949265625;0.22923125;0.26667968750000004;0.2805609375;0.298759375;0.297975;0.370396875;0.3103359375
2023-01-03T00:00:00.000Z;0.083;1.347484375;0.0975734375;0.13737968750000001;0.174775;0.20661875000000002;0.24079531250000002;0.25485625;0.26781875;0.269978125;0.3372421875;0.281290625
2023-01-05T00:00:00.000Z;0.094;0.793140625;0.1027640625;0.1470390625;0.1849296875;0.22038125;0.255409375;0.269465625;0.2802015625;0.2867765625;0.33970781250000004;0.277990625
2023-01-08T00:00:00.000Z;;;;;;;;;;;;
2023-01-10T00:00:00.000Z;0.078;1.3265625;0.105075;0.1496890625;0.1908;0.2272609375;0.2606203125;0.27577968750000004;0.28361718750000003;0.290790625;0.3698546875;0.31203281250000003
2023-01-13T00:00:00.000Z;0.083;0.51640625;0.09443750000000001;0.1362328125;0.17695625;0.2058046875;0.2422234375;0.2557640625;0.280321875;0.27042031250000004;0.3379265625;0.285440625
2023-01-15T00:00:00.000Z;0.07200000000000001;0.97621875;0.106603125;0.155296875;0.1995171875;0.23650000000000002;0.27098125;0.2833421875;0.29579375;0.30085625;0.371859375;0.309228125
2023-01-18T00:00:00.000Z;;;;;;;;;;;;
2023-01-20T00:00:00.000Z;0.078;0.879;0.08312857142857144;0.1004;0.12337142857142859;0.1411;0.1557;0.1624428571428571;0.16920000000000002;0.16994285714285712;0.1883;0.1381857142857143
2023-01-23T00:00:00.000Z;0.078;0.45428125;0.0908859375;0.13114375;0.17201875;0.2007015625;0.2360671875;0.24839375000000002;0.272203125;0.26406093750000004;0.333046875;0.278246875
2023-01-25T00:00:00.000Z;;;;;;;;;;;;
2023-01-28T00:00:00.000Z;0.083;0.542921875;0.0882828125;0.13053125000000002;0.17135625000000002;0.2018453125;0.23440468750000001;0.24647968750000002;0.26490625;0.2624859375;0.3246875;0.261478125
2023-01-30T00:00:00.000Z;0.1;0.68584375;0.1104171875;0.156178125;0.203015625;0.23471406250000001;0.2686765625;0.28218593750000004;0.3002578125;0.2974984375;0.3794796875;0.319840625
2023-02-02T00:00:00.000Z;0.083;0.727671875;0.097725;0.13905625000000002;0.18310625;0.21112968750000002;0.2437421875;0.2559578125;0.2773;0.271725;0.3473671875;0.290553125
2023-02-04T00:00:00.000Z;0.089;0.312921875;0.1068234375;0.155709375;0.20368125;0.234171875;0.2662453125;0.28028281250000003;0.30283750000000004;0.2978546875;0.369071875;0.3074734375
2023-02-07T00:00:00.000Z;;;;;;;;;;;;
2023-02-09T00:00:00.000Z;;;;;;;;;;;;
2023-02-12T00:00:00.000Z;;;;;;;;;;;;
2023-02-14T00:00:00.000Z;;;;;;;;;;;;
2023-02-17T00:00:00.000Z;;;;;;;;;;;;
2023-02-19T00:00:00.000Z;0.318234375;1.113765625;0.1108265625;0.159475;0.202125;0.2352796875;0.2665484375;0.2810953125;0.288709375;0.295296875;0.37077187500000003;0.313990625
2023-02-22T00:00:00.000Z;0.34564062500000003;1.025953125;0.10350000000000001;0.150378125;0.19249375000000002;0.2236890625;0.25334531250000003;0.2669046875;0.27673125000000004;0.27930625000000003;0.34650625;0.2882296875
2023-02-24T00:00:00.000Z;;;;;;;;;;;;
2023-02-27T00:00:00.000Z;0.078;0.26156250000000003;0.09983750000000001;0.14441875;0.189215625;0.21730156250000002;0.2462484375;0.2589609375;0.28238125000000003;0.2744609375;0.34654375000000004;0.2833984375
2023-03-01T00:00:00.000Z;0.121984375;0.496546875;0.12269062500000001;0.171459375;0.22169687500000002;0.25332031250000003;0.28311562500000004;0.29569062500000004;0.3165203125;0.3128796875;0.40271250000000003;0.344825
2023-03-04T00:00:00.000Z;0.105;0.59978125;0.10765625000000001;0.15075312500000002;0.197096875;0.2252515625;0.2544109375;0.267103125;0.28795000000000004;0.2831515625;0.3658046875;0.31076718750000004
2023-03-06T00:00:00.000Z;;;;;;;;;;;;
2023-03-09T00:00:00.000Z;;;;;;;;;;;;
2023-03-11T00:00:00.000Z;;;;;;;;;;;;
2023-03-14T00:00:00.000Z;;;;;;;;;;;;
2023-03-16T00:00:00.000Z;0.1;0.79225;0.1247796875;0.177425;0.23063125;0.26465625000000004;0.2921359375;0.305871875;0.31946875;0.32336875000000004;0.4105359375;0.3462484375
2023-03-19T00:00:00.000Z;0.105;1.032609375;0.1118875;0.159621875;0.207409375;0.2388625;0.265103125;0.27777968750000004;0.29074375;0.29281093750000003;0.374234375;0.3060265625
2023-03-21T00:00:00.000Z;;;;;;;;;;;;
2023-03-24T00:00:00.000Z;0.1;0.8735;0.11951718750000001;0.16625625;0.2153875;0.2449734375;0.2726421875;0.286875;0.304;0.3029046875;0.3907953125;0.3320484375
2023-03-26T00:00:00.000Z;;;;;;;;;;;;
2023-03-29T00:00:00.000Z;0.105;0.75553125;0.1140796875;0.163028125;0.213771875;0.2454625;0.270121875;0.283740625;0.299753125;0.301496875;0.3834328125;0.31412968750000003
2023-03-31T00:00:00.000Z;;;;;;;;;;;;
2023-04-03T00:00:00.000Z;0.089;0.42407812500000003;0.12080468750000001;0.16966562500000001;0.22264375;0.2499015625;0.277934375;0.28976875;0.314384375;0.3051171875;0.3989109375;0.33978281250000003
2023-04-05T00:00:00.000Z;0.149;0.479109375;0.135334375;0.1914296875;0.24979062500000002;0.28387812500000004;0.3086390625;0.3225953125;0.3420078125;0.3404640625;0.43409843750000005;0.3641828125
2023-04-08T00:00:00.000Z;0.116;0.47753125;0.1207828125;0.17147500000000002;0.226203125;0.255853125;0.280534375;0.29371718750000003;0.314284375;0.3088953125;0.39746718750000004;0.32511875
2023-04-10T00:00:00.000Z;0.329171875;1.4000000000000001;0.095434375;0.12240468750000001;0.148034375;0.169371875;0.1863703125;0.19587500000000002;0.197540625;0.20203437500000002;0.22505;0.177240625
2023-04-13T00:00:00.000Z;;;;;;;;;;;;
2023-04-15T00:00:00.000Z;0.16;0.9804843750000001;0.14445625;0.2016015625;0.2619125;0.29855156250000003;0.32272500000000004;0.3348640625;0.3453828125;0.35278281250000004;0.4504484375;0.3764015625
2023-04-18T00:00:00.000Z;0.089;0.8280468750000001;0.12453750000000001;0.174659375;0.230265625;0.261928125;0.284596875;0.297590625;0.3132875;0.31488125;0.4044140625;0.33253906250000004
2023-04-20T00:00:00.000Z;0.16543750000000002;0.8605625;0.149590625;0.20574843750000002;0.266971875;0.3018296875;0.3265453125;0.340596875;0.3567796875;0.3579859375;0.46525468750000004;0.397646875
2023-04-23T00:00:00.000Z;0.121984375;0.89975;0.133409375;0.18584375;0.245578125;0.276440625;0.30007500000000004;0.31260625000000003;0.330359375;0.327471875;0.43014375000000005;0.3676546875
2023-04-25T00:00:00.000Z;0.094;1.274140625;0.147296875;0.204753125;0.266175;0.3031890625;0.3259125;0.338965625;0.34685;0.3576390625;0.464246875;0.3909046875
2023-04-28T00:00:00.000Z;;;;;;;;;;;;
2023-04-30T00:00:00.000Z;;;;;;;;;;;;
2023-05-03T00:00:00.000Z;;;;;;;;;;;;
2023-05-05T00:00:00.000Z;0.1;1.0579687500000001;0.15006875;0.20716562500000002;0.270965625;0.30733125;0.32832500000000003;0.34134375;0.3530390625;0.3610140625;0.468078125;0.3940078125
2023-05-08T00:00:00.000Z;;;;;;;;;;;;
2023-05-10T00:00:00.000Z;0.1;1.626578125;0.1572390625;0.21233593750000002;0.27487500000000004;0.3141328125;0.33318125000000004;0.3493703125;0.35686875;0.3679921875;0.4838953125;0.4162453125
2023-05-13T00:00:00.000Z;;;;;;;;;;;;
2023-05-15T00:00:00.000Z;0.055640625;0.66528125;0.17415;0.232671875;0.29917187500000003;0.3383375;0.3664859375;0.3829765625;0.40280000000000005;0.4055328125;0.49938125;0.419128125
2023-05-18T00:00:00.000Z;;;;;;;;;;;;
2023-05-20T00:00:00.000Z;;;;;;;;;;;;
2023-05-23T00:00:00.000Z;;;;;;;;;;;;
2023-05-25T00:00:00.000Z;;;;;;;;;;;;
2023-05-28T00:00:00.000Z;;;;;;;;;;;;
2023-05-30T00:00:00.000Z;0.121984375;1.7123125000000001;0.126178125;0.158428125;0.1913;0.2229671875;0.25093593750000004;0.266559375;0.26834687500000004;0.2803578125;0.32093750000000004;0.246546875
2023-06-02T00:00:00.000Z;0.4215625;1.884671875;0.11989375000000001;0.172203125;0.22457812500000002;0.2654359375;0.29567187500000003;0.3125203125;0.31851250000000003;0.328984375;0.401190625;0.3103703125
2023-06-04T00:00:00.000Z;0.078;1.9175781250000001;0.13349687500000001;0.18624062500000002;0.23755937500000002;0.279453125;0.31017343750000004;0.324578125;0.3263828125;0.3427859375;0.4388984375;0.3608921875
2023-06-07T00:00:00.000Z;;;;;;;;;;;;
2023-06-09T00:00:00.000Z;;;;;;;;;;;;
2023-06-12T00:00:00.000Z;;;;;;;;;;;;
2023-06-14T00:00:00.000Z;0.14378125;1.8199687500000001;0.14601875;0.20396093750000002;0.25763125000000003;0.300675;0.3370015625;0.35355000000000003;0.3544140625;0.3707796875;0.4656015625;0.3905265625
2023-06-17T00:00:00.000Z;0.14378125;1.908484375;0.12459375;0.17375000000000002;0.222965625;0.26246875000000003;0.298303125;0.3150625;0.31708437500000003;0.33172812500000004;0.41535;0.34331875
2023-06-19T00:00:00.000Z;;;;;;;;;;;;
2023-06-22T00:00:00.000Z;0.214984375;1.803578125;0.10885781250000001;0.15458125;0.19862812500000002;0.2359421875;0.27566093750000004;0.29385;0.30024375000000003;0.3100609375;0.3836890625;0.312953125
2023-06-24T00:00:00.000Z;0.16;1.61640625;0.14309531250000002;0.1985125;0.25134375000000003;0.294721875;0.336203125;0.3536375;0.357253125;0.3711578125;0.4613609375;0.3878078125
2023-06-27T00:00:00.000Z;0.356296875;2.077109375;0.1191140625;0.1628;0.20426875;0.2446015625;0.290159375;0.3094984375;0.309296875;0.32906093750000004;0.406265625;0.3302
2023-06-29T00:00:00.000Z;0.57353125;2.12378125;0.1408984375;0.1920859375;0.24269375;0.2871515625;0.3330234375;0.35790312500000004;0.360846875;0.37679531250000003;0.4808890625;0.40658906250000004
2023-07-02T00:00:00.000Z;0.149;2.45046875;0.1300578125;0.17920312500000002;0.2267;0.2659484375;0.30252812500000004;0.32081875000000004;0.320428125;0.3360015625;0.4229640625;0.3619
2023-07-04T00:00:00.000Z;0.187234375;1.74871875;0.15034375;0.2076703125;0.26160625000000004;0.304846875;0.3418640625;0.3593078125;0.36147812500000004;0.3769703125;0.46778125000000004;0.3900484375
2023-07-07T00:00:00.000Z;;;;;;;;;;;;
2023-07-09T00:00:00.000Z;0.23670312500000001;2.421875;0.147471875;0.20106875000000002;0.24900156250000002;0.2921765625;0.32590625;0.34618593750000004;0.343125;0.36186875;0.44927812500000003;0.383690625
2023-07-12T00:00:00.000Z;0.24992857142857144;1.584428571428571;0.1517571428571429;0.19724285714285716;0.24914285714285722;0.28531428571428574;0.319;0.33826428571428574;0.34400000000000003;0.3530142857142857;0.43114285714285716;0.3716428571428572
2023-07-14T00:00:00.000Z;0.214984375;1.850515625;0.1487015625;0.2072890625;0.26288125;0.308240625;0.33889375;0.35450312500000003;0.3560078125;0.3721546875;0.46583125000000003;0.3868609375
2023-07-17T00:00:00.000Z;0.242;1.5093125;0.123996875;0.17590312500000002;0.22570625;0.264021875;0.2946046875;0.3090125;0.31526875000000004;0.3272421875;0.4037921875;0.3305046875
2023-07-19T00:00:00.000Z;;;;;;;;;;;;
2023-07-22T00:00:00.000Z;;;;;;;;;;;;
2023-07-24T00:00:00.000Z;0.32915625;1.80359375;0.16128125000000001;0.2078125;0.25415625000000003;0.30095937500000003;0.333703125;0.35054531250000004;0.3463375;0.3691765625;0.44;0.363603125
2023-07-27T00:00:00.000Z;0.110984375;2.695015625;0.1241953125;0.171965625;0.220890625;0.261771875;0.2875359375;0.3024609375;0.299134375;0.3206921875;0.40823437500000004;0.3327625
2023-07-29T00:00:00.000Z;0.263984375;1.55471875;0.154934375;0.212475;0.27021875;0.311453125;0.33777968750000004;0.35566406250000004;0.36365625;0.37259375;0.4711015625;0.40037656250000003
2023-08-01T00:00:00.000Z;0.16543750000000002;1.299046875;0.1290140625;0.179134375;0.23369375;0.26979375;0.2974375;0.3124984375;0.32444062500000004;0.3293203125;0.42468125;0.35913125
2023-08-03T00:00:00.000Z;0.193;1.7466875;0.15044375000000001;0.20983437500000002;0.270190625;0.313575;0.338034375;0.35319375000000003;0.3555171875;0.37072031250000004;0.4701984375;0.390509375
2023-08-06T00:00:00.000Z;0.154609375;1.4740625;0.1276296875;0.1823625;0.237103125;0.276434375;0.30017343750000003;0.3140296875;0.3208875;0.3311765625;0.4180296875;0.34061093750000004
2023-08-08T00:00:00.000Z;0.225875;2.3545000000000003;0.148159375;0.200990625;0.248428125;0.28997812500000003;0.3162328125;0.33684375;0.333415625;0.35226875;0.438684375;0.3701140625
2023-08-11T00:00:00.000Z;0.198171875;1.7083593750000001;0.1316890625;0.184046875;0.23896250000000002;0.2768734375;0.30217187500000003;0.31598593750000004;0.32446250000000004;0.333028125;0.425490625;0.3567828125
2023-08-13T00:00:00.000Z;0.2474375;2.21746875;0.14791875000000002;0.20764062500000002;0.26694687500000003;0.311703125;0.33539531250000004;0.3498125;0.3464921875;0.36833906250000004;0.46430625000000003;0.38203281250000004
2023-08-16T00:00:00.000Z;0.116;2.09296875;0.12356875;0.172609375;0.22154062500000002;0.2623140625;0.284503125;0.2981578125;0.299946875;0.315975;0.400746875;0.32510781250000004
2023-08-18T00:00:00.000Z;0.193;1.221015625;0.1530125;0.2116625;0.2723578125;0.31210625000000003;0.33680312500000004;0.353590625;0.3649375;0.36981875000000003;0.47242968750000003;0.401128125
2023-08-21T00:00:00.000Z;0.16;2.0231875;0.129465625;0.18064375000000002;0.236084375;0.2737484375;0.29604375;0.31283125;0.316690625;0.3279625;0.4249671875;0.3579859375
2023-08-23T00:00:00.000Z;0.225875;1.601203125;0.14447500000000002;0.20339062500000002;0.26530312500000003;0.30922187500000003;0.331796875;0.34621406250000003;0.34896875;0.36384062500000003;0.46099375000000004;0.38095
2023-08-26T00:00:00.000Z;0.318234375;1.790640625;0.13565625;0.18837500000000001;0.23649375;0.2762765625;0.299546875;0.3134;0.314521875;0.33120937500000003;0.39675312500000004;0.31431718750000004
2023-08-28T00:00:00.000Z;0.16543750000000002;1.1941875;0.146128125;0.20449843750000002;0.26491875000000004;0.3049890625;0.3288859375;0.3419859375;0.35518906250000004;0.3602828125;0.46434375;0.39353125
2023-08-31T00:00:00.000Z;0.171;1.81865625;0.1257359375;0.176065625;0.2323375;0.27151562500000004;0.293159375;0.3082734375;0.31484375000000003;0.3241984375;0.4186796875;0.351390625
2023-09-02T00:00:00.000Z;;;;;;;;;;;;
2023-09-05T00:00:00.000Z;0.33478125000000003;2.3252968750000003;0.1310875;0.185809375;0.23524687500000002;0.2811734375;0.30407500000000004;0.317021875;0.31533125;0.33499375000000003;0.3983203125;0.313346875
2023-09-07T00:00:00.000Z;0.20400000000000001;2.714828125;0.13628125;0.19149218750000002;0.24507500000000002;0.290134375;0.315871875;0.3356515625;0.3314265625;0.35221875;0.44725156250000003;0.374184375
2023-09-10T00:00:00.000Z;0.182;2.3040625;0.118384375;0.16705;0.21810000000000002;0.2570203125;0.2825875;0.2979125;0.299759375;0.3127984375;0.39996718750000004;0.33363593750000003
2023-09-12T00:00:00.000Z;;;;;;;;;;;;
2023-09-15T00:00:00.000Z;0.105;2.618640625;0.1273421875;0.17471875;0.22177812500000002;0.26815781250000004;0.2977015625;0.31355625000000004;0.314665625;0.33675312500000004;0.42259375000000005;0.3383078125
2023-09-17T00:00:00.000Z;0.20400000000000001;2.839390625;0.119990625;0.1695765625;0.21740781250000002;0.26145625;0.2898625;0.31215000000000004;0.3020625;0.33132187500000004;0.40816406250000004;0.3330359375
2023-09-20T00:00:00.000Z;0.138;2.066078125;0.118721875;0.1647875;0.211725;0.2501375;0.27856875000000003;0.295871875;0.300415625;0.311703125;0.4018875;0.33587656250000003
2023-09-22T00:00:00.000Z;0.05565517241379311;1.043844827586207;0.10945344827586208;0.144148275862069;0.18629655172413795;0.22005689655172414;0.2482103448275862;0.2650137931034483;0.2607448275862069;0.2848275862068966;0.3466603448275862;0.29793620689655176
2023-09-25T00:00:00.000Z;0.094;1.162375;0.11239531250000001;0.161765625;0.211128125;0.24572812500000002;0.2708078125;0.28428125000000004;0.297034375;0.30150156250000004;0.38622343750000004;0.3154484375
2023-09-27T00:00:00.000Z;0.121984375;1.586625;0.1315328125;0.1830578125;0.23452187500000002;0.2730703125;0.2982484375;0.31403281250000004;0.3217625;0.3319625;0.431975;0.3668484375
2023-09-30T00:00:00.000Z;0.089;1.506484375;0.116425;0.16213750000000002;0.21280625;0.2470453125;0.2722265625;0.2861015625;0.29705625;0.30183125;0.3972484375;0.33796875000000004
2023-10-02T00:00:00.000Z;0.105;1.02571875;0.128109375;0.18128906250000001;0.23685468750000002;0.27532812500000003;0.300203125;0.3139046875;0.3242359375;0.33291875000000004;0.42626250000000004;0.355134375
2023-10-05T00:00:00.000Z;0.127;1.2711406250000001;0.11463437500000001;0.16304375000000002;0.213409375;0.247696875;0.2724984375;0.2852046875;0.296178125;0.30410625;0.3875734375;0.313275
2023-10-07T00:00:00.000Z;0.14378125;1.361453125;0.1324515625;0.18375;0.23751250000000002;0.2759625;0.30059375;0.3165921875;0.32406093750000003;0.3325015625;0.4333453125;0.3658578125
2023-10-10T00:00:00.000Z;0.11098214285714286;1.35425;0.113975;0.155;0.19885357142857146;0.2311428571428572;0.2545053571428572;0.2674035714285714;0.2805714285714286;0.28290714285714286;0.3713392857142857;0.31109821428571427
2023-10-12T00:00:00.000Z;0.127;1.15940625;0.12470625;0.1774140625;0.23161875;0.27025468750000003;0.294284375;0.30684062500000003;0.3149890625;0.32615;0.4186734375;0.346465625
2023-10-15T00:00:00.000Z;0.14378125;1.83296875;0.11350625;0.163771875;0.212646875;0.2508046875;0.272003125;0.283715625;0.289065625;0.301509375;0.38755937500000004;0.31315156250000004
2023-10-17T00:00:00.000Z;;;;;;;;;;;;
2023-10-20T00:00:00.000Z;0.110984375;1.501359375;0.031278125000000004;0.041037500000000005;0.053670312500000004;0.0640171875;0.07305;0.08178281250000001;0.0691984375;0.088146875;0.0994;0.0840546875
2023-10-22T00:00:00.000Z;;;;;;;;;;;;
2023-10-25T00:00:00.000Z;0.066984375;1.567125;0.043901562500000005;0.0674828125;0.087884375;0.103840625;0.1156375;0.12243125;0.124384375;0.13034062500000002;0.1495046875;0.11293125000000001
2023-10-27T00:00:00.000Z;;;;;;;;;;;;
2023-10-30T00:00:00.000Z;0.094;1.638796875;0.1357421875;0.183375;0.235025;0.274453125;0.30148125000000003;0.3160296875;0.33260937500000004;0.33390625;0.4347734375;0.348675
2023-11-01T00:00:00.000Z;;;;;;;;;;;;
2023-11-04T00:00:00.000Z;;;;;;;;;;;;
2023-11-06T00:00:00.000Z;;;;;;;;;;;;
2023-11-09T00:00:00.000Z;;;;;;;;;;;;
2023-11-11T00:00:00.000Z;0.055640625;1.619;0.1163765625;0.1625640625;0.20891875000000001;0.24386875000000002;0.265884375;0.2767;0.277628125;0.29397500000000004;0.36209531250000004;0.298759375
2023-11-14T00:00:00.000Z;0.078;1.117671875;0.10306875;0.150196875;0.19916250000000002;0.23355468750000002;0.256996875;0.2683203125;0.281484375;0.286015625;0.3604125;0.290365625
2023-11-16T00:00:00.000Z;;;;;;;;;;;;
2023-11-19T00:00:00.000Z;0.078;1.144078125;0.1109640625;0.158621875;0.20934375000000002;0.24173906250000002;0.26651562500000003;0.2790765625;0.29651875;0.29640625000000004;0.37967968750000003;0.317621875
2023-11-21T00:00:00.000Z;0.089;0.741;0.1146453125;0.16833125000000002;0.2222640625;0.2586734375;0.2843953125;0.29679375;0.3114234375;0.3149921875;0.3927;0.32403906250000003
2023-11-24T00:00:00.000Z;0.07200000000000001;0.7521875;0.1011984375;0.150403125;0.198134375;0.23080781250000001;0.2554984375;0.265409375;0.283465625;0.2830015625;0.3566515625;0.28624375
2023-11-26T00:00:00.000Z;0.13290625;1.004;0.1239375;0.1574609375;0.19346875000000002;0.22419375;0.2454859375;0.25664375;0.2631609375;0.267528125;0.31930625;0.2679171875
2023-11-29T00:00:00.000Z;;;;;;;;;;;;
2023-12-01T00:00:00.000Z;;;;;;;;;;;;
2023-12-04T00:00:00.000Z;;;;;;;;;;;;
2023-12-06T00:00:00.000Z;0.05;1.380294117647059;0.17189411764705884;0.1718470588235294;0.17854117647058826;0.19329411764705884;0.2009823529411765;0.20520000000000002;0.22590588235294123;0.20630588235294123;0.2648764705882353;0.22647647058823533
2023-12-09T00:00:00.000Z;;;;;;;;;;;;
2023-12-11T00:00:00.000Z;0.083;1.11025;0.10520781250000001;0.1542375;0.20266406250000002;0.23875937500000002;0.2601890625;0.2722671875;0.2799890625;0.2880390625;0.35578593750000004;0.29052656250000003
2023-12-14T00:00:00.000Z;0.066984375;0.684046875;0.0980484375;0.14523125;0.19307812500000002;0.22615625;0.25031875000000003;0.26186875000000004;0.282375;0.280325;0.34823750000000003;0.27753125
2023-12-16T00:00:00.000Z;0.07200000000000001;0.641515625;0.11763593750000001;0.16717343750000002;0.21902656250000002;0.2521234375;0.278753125;0.29086875;0.3126703125;0.3093375;0.3940546875;0.32788125
2023-12-19T00:00:00.000Z;0.066984375;0.501828125;0.1021578125;0.14694375;0.19429062500000002;0.2243484375;0.2518125;0.262721875;0.290203125;0.2796671875;0.35498125;0.29528906250000003
2023-12-21T00:00:00.000Z;0.07200000000000001;0.8240000000000001;0.11000156250000001;0.1613546875;0.214309375;0.2516;0.27406562500000003;0.2870140625;0.2993015625;0.30572343750000003;0.37885625;0.31117500000000003
2023-12-24T00:00:00.000Z;0.066984375;0.619265625;0.0993328125;0.14720625;0.19533125;0.2267890625;0.25006875;0.261290625;0.28269062500000003;0.27906562500000004;0.3465875;0.27554062500000004
2023-12-26T00:00:00.000Z;0.07200000000000001;0.404015625;0.11831406250000001;0.167415625;0.22087187500000002;0.2512421875;0.2788421875;0.2904859375;0.31679687500000003;0.30902968750000004;0.3923359375;0.3262875
2023-12-29T00:00:00.000Z;;;;;;;;;;;;
2023-12-31T00:00:00.000Z;;;;;;;;;;;;
2024-01-03T00:00:00.000Z;;;;;;;;;;;;
2024-01-05T00:00:00.000Z;;;;;;;;;;;;
2024-01-08T00:00:00.000Z;0.066984375;0.48440625;0.1018875;0.14571562500000002;0.194965625;0.22375625000000002;0.2517328125;0.2605765625;0.28814375000000003;0.27738125;0.35573750000000004;0.295203125
2024-01-10T00:00:00.000Z;;;;;;;;;;;;
2024-01-13T00:00:00.000Z;;;;;;;;;;;;
2024-01-18T00:00:00.000Z;;;;;;;;;;;;
2024-01-20T00:00:00.000Z;;;;;;;;;;;;
2024-01-23T00:00:00.000Z;0.089;1.35828125;0.09605000000000001;0.1399546875;0.1842;0.218709375;0.240484375;0.2502125;0.261028125;0.2661421875;0.335346875;0.26770468750000004
2024-01-25T00:00:00.000Z;;;;;;;;;;;;
2024-01-28T00:00:00.000Z;;;;;;;;;;;;
2024-01-30T00:00:00.000Z;;;;;;;;;;;;
2024-02-02T00:00:00.000Z;0.083;1.128484375;0.1023765625;0.146159375;0.19215000000000002;0.2254203125;0.24574062500000002;0.25583125;0.26861875;0.273128125;0.34940625000000003;0.2836140625
2024-02-04T00:00:00.000Z;0.083;0.56565625;0.12146562500000001;0.173675;0.22773281250000002;0.259928125;0.28456875000000004;0.29740781250000003;0.320428125;0.3158859375;0.41424375;0.3510375
2024-02-07T00:00:00.000Z;0.1;1.0435625;0.10588125000000001;0.148878125;0.19518437500000002;0.224825;0.2468890625;0.25789375000000003;0.2743;0.2734265625;0.36007031250000004;0.3050265625
2024-02-09T00:00:00.000Z;;;;;;;;;;;;
2024-02-12T00:00:00.000Z;0.083;1.2036875;0.0866046875;0.1308234375;0.174853125;0.2078375;0.2286703125;0.2394359375;0.25185;0.25664375;0.315146875;0.241909375
2024-02-14T00:00:00.000Z;;;;;;;;;;;;
2024-02-17T00:00:00.000Z;0.078;1.126078125;0.10754375000000001;0.15456875;0.201203125;0.232921875;0.25677500000000003;0.2690125;0.284178125;0.2846515625;0.36619375000000004;0.31088750000000004
2024-02-19T00:00:00.000Z;;;;;;;;;;;;
2024-02-22T00:00:00.000Z;;;;;;;;;;;;
2024-02-24T00:00:00.000Z;0.055640625;0.7626875;0.16333125;0.21376250000000002;0.275578125;0.317528125;0.348015625;0.36479375;0.3864484375;0.38771875;0.5009218750000001;0.4178453125
2024-02-27T00:00:00.000Z;;;;;;;;;;;;
2024-02-29T00:00:00.000Z;0.105;0.687953125;0.1268125;0.18262031250000002;0.2384828125;0.2724859375;0.29625;0.308596875;0.32465625000000004;0.32748125;0.41755000000000003;0.350325
2024-03-03T00:00:00.000Z;0.083;0.57653125;0.110671875;0.1610375;0.21261875000000002;0.24202656250000001;0.2640578125;0.276034375;0.29788437500000003;0.29485781250000004;0.37305;0.3041890625
2024-03-05T00:00:00.000Z;0.110984375;0.7556875000000001;0.135490625;0.18661093750000002;0.243934375;0.279190625;0.30248281250000003;0.3164671875;0.335434375;0.3346703125;0.43588593750000004;0.3725859375
2024-03-08T00:00:00.000Z;0.055640625;1.047671875;0.0501875;0.057775;0.068853125;0.078834375;0.0880796875;0.0923484375;0.09872343750000001;0.09797968750000001;0.119746875;0.091659375
2024-03-10T00:00:00.000Z;;;;;;;;;;;;
2024-03-13T00:00:00.000Z;0.083;0.677046875;0.1153578125;0.16360625;0.216653125;0.24806250000000002;0.271140625;0.28311406250000004;0.30183750000000004;0.3003953125;0.37924375;0.3120046875
2024-03-15T00:00:00.000Z;0.116;0.9527656250000001;0.138659375;0.1924515625;0.2505359375;0.28547500000000003;0.3101390625;0.324784375;0.33889375;0.340821875;0.4422765625;0.37793906250000003
2024-03-18T00:00:00.000Z;;;;;;;;;;;;
2024-03-20T00:00:00.000Z;;;;;;;;;;;;
2024-03-23T00:00:00.000Z;;;;;;;;;;;;
2024-03-25T00:00:00.000Z;;;;;;;;;;;;
2024-03-28T00:00:00.000Z;;;;;;;;;;;;
2024-03-30T00:00:00.000Z;;;;;;;;;;;;
2024-04-02T00:00:00.000Z;;;;;;;;;;;;
2024-04-04T00:00:00.000Z;;;;;;;;;;;;
2024-04-07T00:00:00.000Z;;;;;;;;;;;;
2024-04-09T00:00:00.000Z;0.138;0.44951562500000003;0.14730937500000002;0.20657187500000002;0.27018593750000003;0.30186093750000004;0.3263859375;0.3404796875;0.3596265625;0.35642656250000004;0.45642031250000004;0.38572812500000003
2024-04-12T00:00:00.000Z;0.094;0.844328125;0.127621875;0.17719062500000002;0.23070937500000002;0.262978125;0.28589375;0.29818125;0.31434375000000003;0.3150625;0.40568125;0.33814062500000003
2024-04-14T00:00:00.000Z;0.154609375;0.758078125;0.15415625;0.211078125;0.2736;0.3083546875;0.33006406250000003;0.343696875;0.36340781250000004;0.36078750000000004;0.4716453125;0.4071296875
2024-04-17T00:00:00.000Z;0.138;1.343625;0.13484062500000002;0.18688437500000002;0.24702500000000002;0.27944843750000004;0.2993421875;0.31241875;0.32530000000000003;0.3286453125;0.43622343750000003;0.3737828125
2024-04-19T00:00:00.000Z;;;;;;;;;;;;
2024-04-22T00:00:00.000Z;;;;;;;;;;;;
2024-04-24T00:00:00.000Z;0.121984375;0.3610625;0.16018437500000002;0.21968281250000002;0.28473906250000003;0.3140609375;0.33723281250000003;0.35124062500000003;0.3783484375;0.36923125;0.48108125;0.414346875
2024-04-27T00:00:00.000Z;;;;;;;;;;;;
2024-04-29T00:00:00.000Z;;;;;;;;;;;;
2024-05-02T00:00:00.000Z;0.089;0.60709375;0.139821875;0.19580312500000002;0.257209375;0.28828125;0.30696093750000003;0.3187609375;0.3403125;0.3365765625;0.4353515625;0.3621125
2024-05-04T00:00:00.000Z;0.13290625;1.15340625;0.1651828125;0.22448281250000002;0.2903953125;0.326190625;0.34628593750000003;0.3612265625;0.3735984375;0.3773296875;0.49511875;0.4293078125
2024-05-07T00:00:00.000Z;0.110984375;1.120796875;0.1608125;0.216653125;0.283325;0.3202140625;0.342228125;0.3563515625;0.37358125000000003;0.37438750000000004;0.4913015625;0.41723437500000005
2024-05-09T00:00:00.000Z;;;;;;;;;;;;
2024-05-12T00:00:00.000Z;0.089;1.2124375;0.14351875;0.1983;0.26165;0.2956265625;0.31277187500000003;0.32450625;0.33749687500000003;0.34356718750000004;0.44594375;0.37067656250000003
2024-05-14T00:00:00.000Z;0.055640625;0.915671875;0.16777187500000001;0.22498281250000002;0.2924453125;0.3289484375;0.34973437500000004;0.36445625000000004;0.3811953125;0.3819;0.5040375;0.436971875
2024-05-17T00:00:00.000Z;;;;;;;;;;;;
2024-05-19T00:00:00.000Z;0.121984375;1.271921875;0.1739375;0.23779843750000002;0.3091140625;0.3485796875;0.36617187500000004;0.3801140625;0.3891734375;0.3975796875;0.513721875;0.432821875
2024-05-22T00:00:00.000Z;0.089;1.061671875;0.14708125;0.20375937500000002;0.269934375;0.30512812500000003;0.32111875;0.3345;0.3481;0.3518421875;0.45713281250000004;0.378421875
2024-05-24T00:00:00.000Z;0.129609375;1.306125;0.17421250000000002;0.23486875000000002;0.30345937500000003;0.34133125000000003;0.35928593750000004;0.37367656250000003;0.3845953125;0.3911;0.5067734375;0.435475
2024-05-27T00:00:00.000Z;0.176359375;1.955734375;0.146165625;0.19788750000000002;0.25711875;0.29224062500000003;0.30834375;0.322790625;0.32822812500000004;0.3393484375;0.4487203125;0.38346562500000003
2024-05-29T00:00:00.000Z;0.121984375;1.482921875;0.1678734375;0.22830468750000002;0.298559375;0.3368546875;0.3541609375;0.3672015625;0.37424375000000004;0.38756250000000003;0.5071375;0.4275203125
2024-06-01T00:00:00.000Z;;;;;;;;;;;;
2024-06-03T00:00:00.000Z;;;;;;;;;;;;
2024-06-06T00:00:00.000Z;;;;;;;;;;;;
2024-06-08T00:00:00.000Z;0.416234375;2.33765625;0.16975;0.233328125;0.2976375;0.3363921875;0.3518203125;0.36440937500000004;0.36123750000000004;0.3811859375;0.4811078125;0.39589531250000004
2024-06-11T00:00:00.000Z;;;;;;;;;;;;
2024-06-13T00:00:00.000Z;0.083;1.66625;0.13916875;0.1881875;0.24180625;0.28381875;0.307640625;0.3241;0.33304375;0.34505625;0.438084375;0.347321875
2024-06-16T00:00:00.000Z;0.066984375;1.549171875;0.143578125;0.196265625;0.255525;0.2915640625;0.3148828125;0.32972656250000004;0.34118437500000004;0.3479171875;0.4601953125;0.4007484375
2024-06-18T00:00:00.000Z;0.121984375;1.727109375;0.16488906250000002;0.2263;0.289440625;0.332559375;0.35633281250000004;0.36991875;0.374565625;0.389875;0.502025;0.42415625
2024-06-21T00:00:00.000Z;0.089;1.35209375;0.143625;0.199678125;0.26025312500000003;0.2958171875;0.31944375;0.33420625000000004;0.34490000000000004;0.3514953125;0.45262968750000004;0.3777640625
2024-06-23T00:00:00.000Z;0.127;2.755015625;0.17347500000000002;0.233134375;0.29607187500000004;0.3395484375;0.36281562500000003;0.382596875;0.378990625;0.4002953125;0.5218359375;0.45416875
2024-06-26T00:00:00.000Z;0.34564062500000003;2.316234375;0.15635000000000002;0.20648125;0.257625;0.294328125;0.32348906250000004;0.34297500000000003;0.340571875;0.3591546875;0.43951250000000003;0.37005
2024-06-28T00:00:00.000Z;;;;;;;;;;;;
2024-07-01T00:00:00.000Z;0.105;2.288078125;0.146165625;0.198571875;0.256478125;0.297875;0.32642187500000003;0.3434546875;0.345121875;0.36523125;0.46608750000000004;0.3864703125
2024-07-03T00:00:00.000Z;0.061;1.8653125;0.16672187500000002;0.22436093750000002;0.2855359375;0.3267859375;0.3547578125;0.3739921875;0.3807125;0.3937125;0.50795625;0.44045781250000005
2024-07-06T00:00:00.000Z;0.08650000000000001;1.862484375;0.14258125000000002;0.193253125;0.25018125;0.2859890625;0.3138484375;0.33163281250000004;0.3383125;0.3478453125;0.45179375;0.388971875
2024-07-08T00:00:00.000Z;0.094;2.13540625;0.158884375;0.217796875;0.279059375;0.32199375;0.348175;0.3639625;0.36570625;0.38565468750000004;0.49707500000000004;0.41661562500000004
2024-07-11T00:00:00.000Z;0.0991875;1.728015625;0.141125;0.19415937500000002;0.251878125;0.28852500000000003;0.3136390625;0.32925468750000003;0.33511562500000003;0.348771875;0.4436359375;0.36626875000000003
2024-07-23T00:00:00.000Z;0.061;1.846859375;0.1686359375;0.22717343750000002;0.289459375;0.3306921875;0.3533609375;0.37138125;0.377596875;0.38914375;0.508475;0.43913125000000003
2024-07-26T00:00:00.000Z;0.083;1.7865;0.146209375;0.20060312500000002;0.260740625;0.296375;0.31748437500000004;0.33356718750000003;0.342509375;0.35097656250000003;0.459859375;0.393140625
2024-07-28T00:00:00.000Z;0.17221875;1.9892812500000001;0.1580328125;0.21599218750000002;0.27651718750000004;0.3164796875;0.34089687500000004;0.35593125000000003;0.356065625;0.375328125;0.477534375;0.39890156250000003
2024-07-31T00:00:00.000Z;0.149;1.750765625;0.1430875;0.19809375;0.2576;0.294015625;0.3153765625;0.329459375;0.33468437500000003;0.3469359375;0.4434296875;0.3629203125
2024-08-02T00:00:00.000Z;0.066984375;1.56346875;0.159471875;0.21445625000000001;0.27785625;0.31737031250000003;0.340084375;0.3585421875;0.36823125;0.377409375;0.5002734375;0.43036093750000004
2024-08-05T00:00:00.000Z;0.105;2.206828125;0.142553125;0.1935625;0.253925;0.29085937500000003;0.311703125;0.32987343750000003;0.33337500000000003;0.34743125;0.45982812500000003;0.39130000000000004
2024-08-07T00:00:00.000Z;0.110984375;1.6638593750000001;0.16029375;0.2193203125;0.28602031250000004;0.328215625;0.34809375000000004;0.364278125;0.36788125;0.38434843750000003;0.49560312500000003;0.4144328125
2024-08-10T00:00:00.000Z;0.078;1.5286875;0.14121250000000002;0.19536250000000002;0.256075;0.29281875;0.3119921875;0.3252234375;0.33458125;0.3436796875;0.443209375;0.3643234375
2024-08-12T00:00:00.000Z;0.066984375;1.987453125;0.163275;0.22055625;0.28428593750000003;0.32458125;0.3438890625;0.36212500000000003;0.36650312500000004;0.3798;0.4970203125;0.4258265625
2024-08-15T00:00:00.000Z;0.089;1.653515625;0.13786875;0.18963125;0.2507125;0.284946875;0.30413125;0.31920625;0.33118437500000003;0.3375828125;0.44630000000000003;0.37977500000000003
2024-08-17T00:00:00.000Z;0.116;1.857234375;0.15453906250000002;0.2141734375;0.2799609375;0.32279843750000003;0.3399390625;0.3537671875;0.356365625;0.37370156250000003;0.48895468750000004;0.40791875
2024-08-20T00:00:00.000Z;0.110984375;2.778265625;0.13490000000000002;0.18788125;0.2466125;0.28665625;0.3022375;0.31595;0.314571875;0.33574375;0.43962968750000003;0.3588875
2024-08-22T00:00:00.000Z;0.154609375;3.197703125;0.145196875;0.19115000000000001;0.24526562500000001;0.28528437500000003;0.30291250000000003;0.3231734375;0.31640625;0.340721875;0.4429921875;0.3763140625
2024-08-25T00:00:00.000Z;0.4000625;2.723390625;0.13690625;0.190965625;0.248153125;0.28378125000000004;0.3035640625;0.32041562500000004;0.31870312500000003;0.33941875;0.4269859375;0.3562203125
2024-08-27T00:00:00.000Z;;;;;;;;;;;;
2024-08-30T00:00:00.000Z;;;;;;;;;;;;
2024-09-01T00:00:00.000Z;0.187234375;2.7928125;0.157228125;0.210015625;0.266140625;0.3069171875;0.324403125;0.34195156250000003;0.3369109375;0.35842968750000004;0.458521875;0.3851265625
2024-09-04T00:00:00.000Z;0.105;2.014515625;0.1093875;0.15469375000000002;0.20661875000000002;0.2425640625;0.26315625000000004;0.2790796875;0.2864875;0.297415625;0.38315312500000004;0.3052734375
2024-09-06T00:00:00.000Z;;;;;;;;;;;;
2024-09-09T00:00:00.000Z;0.127;1.14525;0.12600625000000001;0.18005000000000002;0.236109375;0.2724328125;0.29700312500000003;0.3100859375;0.32480625;0.3287375;0.4175890625;0.34185156250000004
2024-09-11T00:00:00.000Z;0.066984375;2.14353125;0.14483281250000002;0.196784375;0.25143906250000003;0.2916140625;0.31738125;0.3366703125;0.33825781250000003;0.35419218750000003;0.46070625000000004;0.3932109375
2024-09-14T00:00:00.000Z;0.1;2.042296875;0.17464375000000001;0.22731562500000002;0.292028125;0.3387015625;0.3746921875;0.3967828125;0.4057875;0.42176093750000004;0.54069375;0.45503750000000004
2024-09-16T00:00:00.000Z;0.13290625;1.1328125;0.14218906250000002;0.19934375000000001;0.26092031250000003;0.299403125;0.32482187500000004;0.339628125;0.3507421875;0.35928906250000003;0.45579375;0.3791921875
2024-09-19T00:00:00.000Z;;;;;;;;;;;;
2024-09-21T00:00:00.000Z;0.1376875;2.127234375;0.1171453125;0.16704531250000001;0.22006406250000002;0.2610890625;0.288246875;0.30736093750000004;0.3088203125;0.3246359375;0.405171875;0.3187328125
2024-09-24T00:00:00.000Z;;;;;;;;;;;;
2024-09-26T00:00:00.000Z;0.110984375;1.7445;0.13459375;0.19082500000000002;0.246925;0.286278125;0.3141125;0.32916093750000003;0.330734375;0.3467078125;0.4423765625;0.368065625
2024-09-29T00:00:00.000Z;0.089;1.452703125;0.1211109375;0.170203125;0.221546875;0.2567359375;0.28325;0.297546875;0.30667187500000004;0.31289375;0.3967625;0.32153906250000003
2024-10-01T00:00:00.000Z;0.121984375;1.6748125;0.13925937500000002;0.1920703125;0.24699375;0.2849234375;0.31270156250000003;0.3300234375;0.33342187500000003;0.34428125000000004;0.44591718750000003;0.3791859375
2024-10-04T00:00:00.000Z;0.105;1.65059375;0.12640937500000002;0.17545312500000002;0.2298;0.26184375;0.28724375;0.302;0.3115125;0.31767656250000004;0.41376093750000004;0.3502328125
2024-10-06T00:00:00.000Z;0.16;2.0765625;0.1346953125;0.19187500000000002;0.24656406250000001;0.2864125;0.3099703125;0.32458437500000004;0.32253593750000004;0.341725;0.437278125;0.36274218750000004
2024-10-09T00:00:00.000Z;;;;;;;;;;;;
2024-10-11T00:00:00.000Z;;;;;;;;;;;;
2024-10-14T00:00:00.000Z;;;;;;;;;;;;
2024-10-16T00:00:00.000Z;;;;;;;;;;;;
2024-10-19T00:00:00.000Z;0.116;1.7041176470588235;0.04423823529411765;0.056667647058823524;0.06754705882352942;0.07960882352941177;0.09481176470588237;0.10246764705882354;0.09532352941176472;0.10969411764705883;0.1357470588235294;0.11583823529411766
2024-10-21T00:00:00.000Z;0.110984375;2.27390625;0.1317109375;0.1840421875;0.2352453125;0.2737265625;0.2992265625;0.31678125;0.3152875;0.331571875;0.43141250000000003;0.3648703125
2024-10-24T00:00:00.000Z;;;;;;;;;;;;
2024-10-26T00:00:00.000Z;0.105;0.7995454545454546;0.11808181818181818;0.1757909090909091;0.2361181818181818;0.26973636363636366;0.3037818181818182;0.31652727272727277;0.3387181818181818;0.33923636363636367;0.4033545454545456;0.30542727272727277
2024-10-29T00:00:00.000Z;;;;;;;;;;;;
2024-10-31T00:00:00.000Z;;;;;;;;;;;;
2024-11-03T00:00:00.000Z;;;;;;;;;;;;
2024-11-05T00:00:00.000Z;0.149;1.567796875;0.109059375;0.1597171875;0.2065265625;0.245534375;0.27685468750000003;0.29193125000000003;0.2961875;0.30726875000000003;0.37143437500000004;0.29653125
2024-11-08T00:00:00.000Z;;;;;;;;;;;;
2024-11-10T00:00:00.000Z;0.089;1.1636666666666668;0.12140000000000001;0.1676;0.21413333333333331;0.24666666666666667;0.29296666666666665;0.3047;0.3154;0.3147333333333333;0.393;0.3293333333333333
2024-11-13T00:00:00.000Z;;;;;;;;;;;;
2024-11-15T00:00:00.000Z;;;;;;;;;;;;
2024-11-18T00:00:00.000Z;0.083;1.42796875;0.08720625;0.1305796875;0.16706875000000002;0.20103437500000002;0.23510625000000002;0.24810000000000001;0.257115625;0.2641625;0.3145375;0.24142968750000002
2024-11-20T00:00:00.000Z;0.078;1.446578125;0.11390156250000001;0.1625140625;0.2051125;0.23955625;0.27673281250000004;0.2945796875;0.30317500000000003;0.309190625;0.38257968750000004;0.31611875
2024-11-23T00:00:00.000Z;0.083;1.6473428571428572;0.09161428571428573;0.1218914285714286;0.14806285714285713;0.17608285714285715;0.2163428571428572;0.23331714285714283;0.22948571428571427;0.24489714285714287;0.2713657142857143;0.21949428571428573
2024-11-25T00:00:00.000Z;;;;;;;;;;;;
2024-11-28T00:00:00.000Z;;;;;;;;;;;;
2024-11-30T00:00:00.000Z;0.105;1.44334375;0.112784375;0.157165625;0.19807968750000002;0.23497500000000002;0.2738078125;0.2916765625;0.2972578125;0.3055578125;0.3725828125;0.31024687500000003
2024-12-03T00:00:00.000Z;0.083;1.272359375;0.10204687500000001;0.14127187500000002;0.17701250000000002;0.20922500000000002;0.24823906250000002;0.2638046875;0.2758625;0.277559375;0.3329125;0.27228125000000003
2024-12-05T00:00:00.000Z;0.055640625;1.2124062500000001;0.1137140625;0.161246875;0.20343125;0.2422953125;0.2827671875;0.298346875;0.304846875;0.31434218750000004;0.367525;0.2967015625
2024-12-08T00:00:00.000Z;0.061;0.55375;0.09830625;0.143946875;0.18407500000000002;0.2160890625;0.256853125;0.26932343750000004;0.29325625;0.2850578125;0.3351046875;0.26705625
2024-12-10T00:00:00.000Z;0.066984375;0.8385625;0.11829062500000001;0.16444375;0.2064703125;0.24196875;0.2842078125;0.300178125;0.31662812500000004;0.315765625;0.382690625;0.3184546875
2024-12-13T00:00:00.000Z;0.066984375;1.044671875;0.102109375;0.143184375;0.182725;0.21487187500000002;0.2558734375;0.2705015625;0.287909375;0.28514218750000003;0.345528125;0.282025
2024-12-15T00:00:00.000Z;0.066984375;0.609671875;0.11043593750000001;0.1621453125;0.2083984375;0.2437921875;0.2826734375;0.2979234375;0.31628125;0.31583125;0.36910156250000004;0.30331875
2024-12-18T00:00:00.000Z;;;;;;;;;;;;
2024-12-20T00:00:00.000Z;0.066984375;0.43298437500000003;0.113190625;0.1590609375;0.204303125;0.23526875;0.2781328125;0.2920546875;0.3158296875;0.308715625;0.3729546875;0.3078203125
2024-12-23T00:00:00.000Z;0.061;0.655953125;0.100809375;0.1418703125;0.183875;0.2129375;0.2544046875;0.2688859375;0.29058125;0.2824703125;0.34009218750000003;0.28168593750000004
2024-12-25T00:00:00.000Z;0.066984375;1.022921875;0.10617343750000001;0.15489375;0.2008515625;0.238490625;0.277196875;0.29283750000000003;0.301771875;0.3090109375;0.366090625;0.29990625000000004
2024-12-28T00:00:00.000Z;0.07200000000000001;0.657;0.08773076923076924;0.10883076923076924;0.12804615384615387;0.14985384615384614;0.17465384615384616;0.18281538461538466;0.1795384615384616;0.19543076923076924;0.20993076923076925;0.1934692307692308
2024-12-30T00:00:00.000Z;0.078;1.06165625;0.1085984375;0.148375;0.1882734375;0.22014531250000002;0.2553484375;0.27058906250000003;0.282921875;0.2855265625;0.3469328125;0.29125
2025-01-02T00:00:00.000Z;0.07200000000000001;0.78478125;0.0865875;0.12768437500000002;0.16597187500000002;0.19630468750000002;0.2351078125;0.24971562500000002;0.26808750000000003;0.2648421875;0.310309375;0.24303593750000002
2025-01-04T00:00:00.000Z;0.078;0.708453125;0.0774171875;0.112028125;0.14436875000000002;0.1692390625;0.19794843750000002;0.208065625;0.21524062500000002;0.2218546875;0.2363859375;0.1848203125
2025-01-09T00:00:00.000Z;0.05;1.4243703703703705;0.10405185185185185;0.1418074074074074;0.17882962962962964;0.2132740740740741;0.24710555555555563;0.26338703703703703;0.26496296296296296;0.2763074074074074;0.33946296296296297;0.2825592592592593
2025-01-12T00:00:00.000Z;;;;;;;;;;;;
2025-01-14T00:00:00.000Z;0.07200000000000001;0.36712500000000003;0.112025;0.1629625;0.21121718750000001;0.2421046875;0.2799453125;0.2934609375;0.317834375;0.3103;0.36800312500000004;0.3015375
2025-01-17T00:00:00.000Z;;;;;;;;;;;;
2025-01-19T00:00:00.000Z;0.078;0.5787187500000001;0.11354375;0.1588921875;0.20445000000000002;0.23693125;0.274028125;0.2901765625;0.3093;0.30722187500000003;0.37517343750000004;0.310109375
2025-01-22T00:00:00.000Z;;;;;;;;;;;;
2025-01-24T00:00:00.000Z;0.078;1.164875;0.1064546875;0.1546890625;0.1982796875;0.23467656250000002;0.2705109375;0.28328125000000004;0.29028906250000003;0.29983593750000004;0.36150468750000003;0.289409375
2025-01-27T00:00:00.000Z;;;;;;;;;;;;
2025-01-29T00:00:00.000Z;;;;;;;;;;;;
2025-02-01T00:00:00.000Z;0.066984375;0.79521875;0.10555625;0.14859375;0.19411250000000002;0.2232875;0.2596109375;0.2723140625;0.2928625;0.2876125;0.360034375;0.2977734375
2025-02-03T00:00:00.000Z;0.083;0.8045156250000001;0.12209687500000001;0.16786875;0.21179843750000002;0.24622968750000002;0.2809859375;0.29274218750000003;0.30909375;0.31193593750000004;0.3748953125;0.302715625
2025-02-06T00:00:00.000Z;0.078;0.759140625;0.107509375;0.15519375000000002;0.199184375;0.23132812500000002;0.266546875;0.27685468750000003;0.29933125;0.2946640625;0.3619;0.2872734375
2025-02-08T00:00:00.000Z;0.083;0.73153125;0.1271296875;0.1774921875;0.22664843750000002;0.26022500000000004;0.29553125;0.3100484375;0.3298578125;0.3281625;0.4065609375;0.33799218750000004
2025-02-11T00:00:00.000Z;0.078;0.95540625;0.11058125;0.156415625;0.20276875;0.2328578125;0.2679484375;0.282084375;0.29995625000000004;0.29783593750000004;0.3700953125;0.30602812500000004
2025-02-13T00:00:00.000Z;0.083;0.8226875;0.12286406250000001;0.1772421875;0.2269546875;0.26283125;0.29450625;0.30707812500000004;0.3231859375;0.3246984375;0.3981;0.32235625
2025-02-16T00:00:00.000Z;0.083;0.91903125;0.11500468750000001;0.165665625;0.21183125;0.245653125;0.279434375;0.2903859375;0.3102125;0.3084234375;0.3835484375;0.30712500000000004
2025-02-18T00:00:00.000Z;;;;;;;;;;;;
2025-02-21T00:00:00.000Z;;;;;;;;;;;;
2025-02-23T00:00:00.000Z;0.110984375;1.02759375;0.12920937500000002;0.185453125;0.23724375;0.27401562500000004;0.30348125000000004;0.313825;0.32794375000000003;0.33373281250000003;0.41156718750000004;0.3329109375
2025-02-26T00:00:00.000Z;0.078;0.40365625;0.11802343750000001;0.1673375;0.2139875;0.24263281250000002;0.273984375;0.284915625;0.312765625;0.30405312500000004;0.37131406250000004;0.29676250000000004
2025-02-28T00:00:00.000Z;0.253;1.275546875;0.17469062500000002;0.2212125;0.271196875;0.311846875;0.34786875;0.3650796875;0.37905625000000004;0.38258281250000004;0.44414375;0.3704265625
2025-03-03T00:00:00.000Z;;;;;;;;;;;;
2025-03-05T00:00:00.000Z;;;;;;;;;;;;
2025-03-08T00:00:00.000Z;;;;;;;;;;;;
2025-03-10T00:00:00.000Z;0.066984375;1.270890625;0.0840078125;0.113275;0.13903437500000002;0.16743593750000002;0.1954265625;0.2087109375;0.2058125;0.221853125;0.241925;0.1801828125
2025-03-13T00:00:00.000Z;;;;;;;;;;;;
2025-03-15T00:00:00.000Z;;;;;;;;;;;;
2025-03-17T00:00:00.000Z;;;;;;;;;;;;
2025-03-18T00:00:00.000Z;;;;;;;;;;;;
2025-03-20T00:00:00.000Z;;;;;;;;;;;;
2025-03-23T00:00:00.000Z;;;;;;;;;;;;
2025-03-25T00:00:00.000Z;0.078;1.175703125;0.15529062500000002;0.20646250000000002;0.24800625;0.29465625;0.33442343750000003;0.3470734375;0.357925;0.3662046875;0.4212328125;0.3184078125
2025-03-27T00:00:00.000Z;;;;;;;;;;;;
2025-03-28T00:00:00.000Z;;;;;;;;;;;;
2025-03-30T00:00:00.000Z;0.078;0.496671875;0.1196515625;0.17171875;0.217203125;0.25172187500000004;0.288365625;0.301571875;0.323828125;0.3167921875;0.3823765625;0.3098078125
2025-04-02T00:00:00.000Z;0.094;1.342171875;0.12343437500000001;0.17069375;0.21295625;0.24919375000000002;0.28785625000000004;0.3020703125;0.31505937500000003;0.3174921875;0.389553125;0.327528125
2025-04-04T00:00:00.000Z;0.149;1.508046875;0.1421328125;0.20011562500000002;0.247915625;0.2926234375;0.33104375;0.3453109375;0.3515609375;0.3634640625;0.436471875;0.353871875
2025-04-06T00:00:00.000Z;;;;;;;;;;;;
2025-04-07T00:00:00.000Z;0.089;1.10425;0.1237734375;0.176990625;0.220759375;0.2593171875;0.30006875;0.3127546875;0.32978125;0.32995;0.3964140625;0.3205671875
2025-04-09T00:00:00.000Z;0.089;0.8641093750000001;0.1224390625;0.17305;0.21722812500000002;0.25435;0.2950703125;0.30926718750000004;0.3259625;0.3244078125;0.3817171875;0.30781406250000004
2025-04-12T00:00:00.000Z;;;;;;;;;;;;
2025-04-14T00:00:00.000Z;0.13840625;1.64128125;0.156903125;0.21691875000000002;0.263378125;0.3137171875;0.3609875;0.37655468750000004;0.38274375;0.39665625000000004;0.4598203125;0.365771875
2025-04-16T00:00:00.000Z;;;;;;;;;;;;
2025-04-17T00:00:00.000Z;;;;;;;;;;;;
2025-04-19T00:00:00.000Z;0.055218750000000004;0.917828125;0.14353125;0.19746875;0.2439;0.2886796875;0.33959218750000003;0.356053125;0.37417500000000004;0.373825;0.4279265625;0.34265625
2025-04-22T00:00:00.000Z;;;;;;;;;;;;
2025-04-24T00:00:00.000Z;0.127;1.134703125;0.144825;0.206184375;0.25517968750000003;0.3005609375;0.34561875000000003;0.36102812500000003;0.37233750000000004;0.3774546875;0.4442828125;0.3607953125
2025-04-26T00:00:00.000Z;;;;;;;;;;;;
2025-04-27T00:00:00.000Z;0.105;0.849171875;0.1282640625;0.18477500000000002;0.22954375000000002;0.271346875;0.31929843750000003;0.3329640625;0.3543;0.35050000000000003;0.4066734375;0.32496562500000004
2025-04-29T00:00:00.000Z;;;;;;;;;;;;
2025-05-02T00:00:00.000Z;0.4215625;2.215703125;0.15210625;0.20850625;0.253875;0.30268125;0.3539921875;0.3752890625;0.3737625;0.3888890625;0.418921875;0.334578125
2025-05-04T00:00:00.000Z;;;;;;;;;;;;
2025-05-06T00:00:00.000Z;;;;;;;;;;;;
2025-05-07T00:00:00.000Z;;;;;;;;;;;;
2025-05-09T00:00:00.000Z;;;;;;;;;;;;
2025-05-12T00:00:00.000Z;0.1;1.4826969696969696;0.09704545454545456;0.13393030303030307;0.16344848484848487;0.19626969696969696;0.23245151515151516;0.2459575757575757;0.26983636363636365;0.2591515151515152;0.273939393939394;0.21180000000000002
2025-05-14T00:00:00.000Z;0.242;1.1925000000000001;0.18035937500000002;0.22195625000000002;0.253571875;0.2997;0.341440625;0.356178125;0.36611875;0.37370625;0.391290625;0.29385625000000004
2025-05-16T00:00:00.000Z;0.16;1.40240625;0.12467500000000001;0.179340625;0.227453125;0.2763640625;0.31929687500000004;0.33914062500000003;0.3497734375;0.3625640625;0.41826875;0.3198734375
2025-05-17T00:00:00.000Z;0.116;1.254546875;0.134571875;0.18963125;0.236303125;0.28554687500000003;0.32979375;0.3452546875;0.36450625000000003;0.3696578125;0.430259375;0.3350046875
2025-05-19T00:00:00.000Z;0.116;1.1537656250000001;0.13120937500000002;0.18510000000000001;0.23563125000000001;0.28060625;0.3213359375;0.338046875;0.35526250000000004;0.3601828125;0.4272046875;0.34142187500000004
2025-05-22T00:00:00.000Z;;;;;;;;;;;;
2025-05-24T00:00:00.000Z;0.149;0.9603125;0.134934375;0.19402031250000001;0.24468125000000002;0.2932953125;0.33432343750000004;0.35216875000000003;0.3710109375;0.3777140625;0.4360953125;0.3362640625
2025-05-26T00:00:00.000Z;0.13290625;1.5363125;0.1515203125;0.210659375;0.2645890625;0.3127828125;0.35528750000000003;0.37374531250000004;0.38262812500000004;0.3967640625;0.47742656250000004;0.39017656250000005
2025-05-27T00:00:00.000Z;0.138;1.40565625;0.133940625;0.190009375;0.238528125;0.2845640625;0.325690625;0.3413359375;0.35798125000000003;0.36483125;0.437584375;0.348778125
2025-05-29T00:00:00.000Z;0.154609375;1.489015625;0.13368750000000001;0.189353125;0.240446875;0.28500625;0.32440625;0.342628125;0.35350625;0.364684375;0.431565625;0.34468437500000004
2025-06-01T00:00:00.000Z;;;;;;;;;;;;
2025-06-03T00:00:00.000Z;;;;;;;;;;;;
2025-06-05T00:00:00.000Z;0.187234375;1.644125;0.14766875000000002;0.2026921875;0.2542828125;0.30189375;0.3474375;0.3679640625;0.3757859375;0.3940109375;0.47990312500000004;0.3911640625
2025-06-06T00:00:00.000Z;0.176359375;1.638578125;0.1343875;0.19151875000000002;0.24118125;0.28590312500000004;0.3284578125;0.3439171875;0.35828750000000004;0.368559375;0.444665625;0.3532296875
2025-06-08T00:00:00.000Z;0.2474375;1.646890625;0.133384375;0.187675;0.23625937500000002;0.28040000000000004;0.319859375;0.33897031250000004;0.34723750000000003;0.3611765625;0.4210671875;0.334075
2025-06-11T00:00:00.000Z;0.454296875;2.389328125;0.146353125;0.208709375;0.262071875;0.30517031250000004;0.3466484375;0.371778125;0.37643125;0.3946765625;0.44751093750000004;0.35876875
2025-06-13T00:00:00.000Z;;;;;;;;;;;;
2025-06-15T00:00:00.000Z;0.4435;2.275984375;0.1640984375;0.23056875000000002;0.289390625;0.34063125;0.37832031250000003;0.39763750000000003;0.39613125000000005;0.4197796875;0.48775937500000005;0.38729375
2025-06-16T00:00:00.000Z;0.351125;2.394234375;0.146853125;0.210628125;0.263675;0.31260312500000004;0.35601875;0.3737265625;0.38016875;0.40092031250000004;0.4696265625;0.36964687500000004
2025-06-18T00:00:00.000Z;0.193;2.4783125;0.1374;0.19203125000000001;0.24256250000000001;0.287984375;0.3240296875;0.3429796875;0.34588125000000003;0.37045625000000004;0.4399203125;0.34633125000000003
2025-06-21T00:00:00.000Z;0.193;2.143359375;0.13768125;0.18973125000000002;0.24258437500000002;0.285559375;0.3200078125;0.34125781250000004;0.34763125;0.364396875;0.4431109375;0.3656328125
2025-06-23T00:00:00.000Z;0.20400000000000001;1.488578125;0.154625;0.21464687500000001;0.27063750000000003;0.31586562500000004;0.3511046875;0.36768125;0.37859375;0.3932640625;0.4728171875;0.3814703125
2025-06-25T00:00:00.000Z;0.16543750000000002;1.8214375;0.1529875;0.21106250000000001;0.267934375;0.313375;0.34940468750000003;0.36850937500000003;0.3743515625;0.39191562500000005;0.47730937500000004;0.3873640625
2025-06-26T00:00:00.000Z;0.127;1.129046875;0.13884375000000002;0.19893125;0.25376875;0.2969625;0.33179843750000004;0.34702187500000004;0.36741250000000003;0.370853125;0.45416093750000003;0.3588078125
2025-06-28T00:00:00.000Z;0.231;1.547828125;0.14001875;0.197728125;0.256215625;0.3006078125;0.3325265625;0.35119375;0.36175;0.37298125000000004;0.44910781250000004;0.35319218750000003
2025-07-01T00:00:00.000Z;0.242;2.038421875;0.142803125;0.19844687500000002;0.2571875;0.3002625;0.33296562500000004;0.3536765625;0.36007500000000003;0.3742625;0.4603125;0.3757609375
2025-07-03T00:00:00.000Z;0.13290625;2.542859375;0.153559375;0.2116109375;0.272846875;0.3225796875;0.35401875;0.3725;0.3730390625;0.3982921875;0.4956171875;0.39609375
2025-07-05T00:00:00.000Z;0.127;1.9738125;0.1582609375;0.2189125;0.2819859375;0.33041875000000004;0.36224218750000003;0.38100625;0.38470000000000004;0.40480156250000005;0.4989734375;0.4016
2025-07-06T00:00:00.000Z;0.2749375;2.4663125;0.132859375;0.19185000000000002;0.24894375000000002;0.2964359375;0.328878125;0.344396875;0.3513125;0.371034375;0.45444062500000004;0.3563671875
2025-07-08T00:00:00.000Z;0.138;3.0500937500000003;0.138328125;0.18352500000000002;0.23505937500000001;0.2814875;0.3101828125;0.330290625;0.329471875;0.35794375;0.44405937500000003;0.3511359375
2025-07-11T00:00:00.000Z;0.1;1.7004531250000001;0.13718750000000002;0.18956875;0.24810937500000002;0.2894390625;0.31948593750000004;0.33975625000000004;0.35153125;0.361709375;0.45151875;0.3714671875
2025-07-13T00:00:00.000Z;0.078;1.66240625;0.15788750000000001;0.2201546875;0.28278125000000004;0.3298921875;0.35995156250000004;0.3760734375;0.38660937500000003;0.40145625;0.49350937500000003;0.396475
2025-07-15T00:00:00.000Z;0.100265625;1.557015625;0.15731406250000002;0.21670625000000002;0.280453125;0.328096875;0.356803125;0.37562656250000004;0.38420000000000004;0.40038125;0.4929421875;0.3987359375
2025-07-16T00:00:00.000Z;0.231;1.995765625;0.14039062500000002;0.20256875000000002;0.261725;0.30899375;0.33813593750000004;0.35309843750000003;0.36215625;0.37629062500000005;0.46165;0.36092812500000004
2025-07-18T00:00:00.000Z;0.242;2.12678125;0.13901875;0.19705;0.257309375;0.30328125;0.329178125;0.3466921875;0.35059375000000004;0.369415625;0.45106406250000003;0.353678125
2025-07-21T00:00:00.000Z;0.171;1.84546875;0.142128125;0.198415625;0.259734375;0.3032125;0.3297890625;0.349265625;0.35949375;0.3702296875;0.4607953125;0.376375
2025-07-23T00:00:00.000Z;;;;;;;;;;;;
2025-07-25T00:00:00.000Z;;;;;;;;;;;;
2025-07-26T00:00:00.000Z;0.182;1.792078125;0.134778125;0.19556875;0.2520875;0.30085937500000004;0.331021875;0.3457296875;0.359175;0.3718234375;0.45079375000000005;0.354209375
2025-07-28T00:00:00.000Z;0.214984375;1.98871875;0.13400625;0.190796875;0.24845;0.29604843750000004;0.326096875;0.3415484375;0.3491;0.36648437500000003;0.44767500000000005;0.35484375
2025-07-31T00:00:00.000Z;0.209125;2.119484375;0.13800625;0.19330625;0.25130625;0.29540468750000004;0.3268546875;0.346440625;0.3536375;0.3676140625;0.4538046875;0.37322031250000004
2025-08-02T00:00:00.000Z;0.225875;1.801640625;0.1406375;0.20286875000000001;0.26027343750000004;0.3096359375;0.3394609375;0.356171875;0.36389375;0.38205781250000004;0.459096875;0.3571828125
2025-08-04T00:00:00.000Z;0.2749375;2.38409375;0.1521515625;0.2128265625;0.272046875;0.32200625;0.3522265625;0.3716125;0.3705359375;0.3958328125;0.48311718750000004;0.38655781250000004
2025-08-05T00:00:00.000Z;0.30203125000000003;1.983203125;0.13483125;0.193809375;0.246725;0.2912328125;0.3227109375;0.3371796875;0.3469375;0.3594671875;0.4398234375;0.34526875
2025-08-07T00:00:00.000Z;0.253;1.21425;0.1340125;0.19112500000000002;0.246353125;0.2885109375;0.3183375;0.3358390625;0.34945625;0.35642812500000004;0.42957812500000003;0.33818437500000004
2025-08-10T00:00:00.000Z;0.198171875;2.0111875;0.137253125;0.191346875;0.247696875;0.28936875;0.31929687500000004;0.337440625;0.3460625;0.3583875;0.4497890625;0.3686640625
2025-08-12T00:00:00.000Z;0.253;2.367046875;0.15160937500000002;0.2140046875;0.2739875;0.3208265625;0.34773593750000004;0.3638015625;0.3656078125;0.3897234375;0.4814390625;0.38262968750000004
2025-08-14T00:00:00.000Z;0.154609375;1.8315468750000001;0.147209375;0.204490625;0.26242031250000003;0.30841250000000003;0.337034375;0.35383125000000004;0.35962031250000004;0.37817656250000004;0.47269062500000003;0.382946875
2025-08-15T00:00:00.000Z;0.269234375;1.6286562500000001;0.137178125;0.199809375;0.258003125;0.30224062500000004;0.3318390625;0.3455109375;0.35973750000000004;0.368925;0.458496875;0.357775
2025-08-17T00:00:00.000Z;0.3075;1.6023125;0.1248125;0.177365625;0.231921875;0.273934375;0.302396875;0.32017500000000004;0.3298375;0.344040625;0.427634375;0.33499062500000004
2025-08-20T00:00:00.000Z;0.34564062500000003;1.749265625;0.128365625;0.174621875;0.23170625;0.27345;0.3033421875;0.322403125;0.33513125;0.34655;0.4458546875;0.36323906250000004
2025-08-22T00:00:00.000Z;0.383875;2.072125;0.17190535714285712;0.22750714285714285;0.28444821428571426;0.3326857142857143;0.36252500000000004;0.3798767857142857;0.38786607142857144;0.40500535714285724;0.4786553571428572;0.34926071428571426
2025-08-24T00:00:00.000Z;0.28578125;1.97915625;0.14467968750000001;0.2046140625;0.2642359375;0.311259375;0.338084375;0.354009375;0.35761718750000004;0.37871875;0.4645578125;0.37250468750000004
2025-08-25T00:00:00.000Z;;;;;;;;;;;;
2025-08-27T00:00:00.000Z;0.378171875;2.544359375;0.12554062500000002;0.18169062500000002;0.23261562500000002;0.2747984375;0.29809843750000004;0.31391406250000004;0.31495937500000004;0.33813593750000004;0.39986875;0.31041250000000004
2025-08-30T00:00:00.000Z;0.16543750000000002;1.9308281250000001;0.133290625;0.189;0.247171875;0.2890390625;0.3125765625;0.33053125;0.34001875000000004;0.35010625;0.4432640625;0.3628015625
2025-09-01T00:00:00.000Z;0.182;0.833890625;0.1500171875;0.214640625;0.276153125;0.31777500000000003;0.34502343750000003;0.3600125;0.379803125;0.3843734375;0.4712046875;0.37379218750000004
2025-09-03T00:00:00.000Z;0.176359375;1.2418125;0.149378125;0.2119734375;0.27505625;0.3187109375;0.343909375;0.36071875000000003;0.3725359375;0.38333125;0.4710296875;0.378834375
2025-09-04T00:00:00.000Z;0.193;1.380828125;0.13800625;0.19913125;0.257528125;0.300784375;0.328478125;0.3422234375;0.3583875;0.364653125;0.45110625000000004;0.35099375
2025-09-06T00:00:00.000Z;;;;;;;;;;;;
2025-09-09T00:00:00.000Z;0.220078125;2.437203125;0.1408875;0.200928125;0.2627625;0.3111;0.34013750000000004;0.361971875;0.36630625;0.3837578125;0.4650515625;0.3650859375
2025-09-11T00:00:00.000Z;0.154609375;2.13959375;0.14358437500000001;0.2066453125;0.2650453125;0.31246250000000003;0.3355328125;0.348528125;0.35126875;0.3707875;0.4700734375;0.3698703125
2025-09-13T00:00:00.000Z;;;;;;;;;;;;
2025-09-14T00:00:00.000Z;0.154609375;1.77015625;0.12886875;0.18831875;0.2431875;0.28623593750000004;0.3116375;0.32355625;0.33535625;0.345221875;0.43619531250000004;0.34180781250000003
2025-09-16T00:00:00.000Z;0.16543750000000002;1.900484375;0.127721875;0.18370625000000002;0.23991875000000001;0.2818;0.30426875000000003;0.3198875;0.32655625;0.3407875;0.42033437500000004;0.3262703125
2025-09-19T00:00:00.000Z;0.171;2.1580625;0.12966875;0.1826375;0.23765625;0.2780046875;0.3010859375;0.3196625;0.326309375;0.33775625000000004;0.42475;0.34339375
2025-09-21T00:00:00.000Z;0.225875;2.3308750000000003;0.15025;0.20605625;0.25705937500000003;0.30159843750000004;0.3261765625;0.34049375000000004;0.3395625;0.36483593750000004;0.4248421875;0.32923125000000003
2025-09-23T00:00:00.000Z;0.067;1.363655172413793;0.11994827586206898;0.16427586206896552;0.208648275862069;0.24554310344827587;0.26530000000000004;0.27574310344827585;0.28215172413793105;0.29185689655172414;0.34338103448275864;0.25837241379310344
2025-09-24T00:00:00.000Z;;;;;;;;;;;;
2025-09-26T00:00:00.000Z;0.187234375;1.4252500000000001;0.127175;0.1851125;0.24104375;0.282334375;0.305234375;0.3192546875;0.33192187500000003;0.3385;0.4125765625;0.3189765625
2025-09-29T00:00:00.000Z;;;;;;;;;;;;
