TIMESTAMP_UTC;AOT;TCWV;B02;B03;B04;B05;B06;B07;B08;B8A;B11;B12
2015-10-04T00:00:00.000Z;;;;;;;;;;;;
2015-11-13T00:00:00.000Z;0.11086046511627907;0.9965581395348836;0.0531093023255814;0.07479069767441861;0.0765325581395349;0.11211162790697675;0.17174186046511628;0.1894046511627907;0.1987046511627907;0.20738604651162793;0.20992558139534886;0.14441162790697676
2015-11-16T00:00:00.000Z;0.07797674418604651;0.7465813953488372;0.03302790697674419;0.05558372093023257;0.05666976744186046;0.09186744186046512;0.1498046511627907;0.1659093023255814;0.17668372093023257;0.1848813953488372;0.1807744186046512;0.1198139534883721
2015-11-26T00:00:00.000Z;0.06686046511627908;0.6696744186046512;0.032439534883720936;0.05503255813953489;0.05755348837209302;0.0917906976744186;0.15088837209302328;0.16743488372093024;0.17829767441860464;0.1840558139534884;0.18058837209302328;0.11981627906976744
2015-12-03T00:00:00.000Z;0.08897674418604652;1.1223720930232555;0.03538139534883721;0.05959069767441861;0.06295116279069768;0.09968837209302327;0.16083720930232556;0.17644418604651163;0.1815325581395349;0.1946558139534884;0.1925790697674419;0.13083023255813953
2015-12-06T00:00:00.000Z;;;;;;;;;;;;
2015-12-16T00:00:00.000Z;;;;;;;;;;;;
2015-12-23T00:00:00.000Z;;;;;;;;;;;;
2015-12-26T00:00:00.000Z;;;;;;;;;;;;
2016-01-02T00:00:00.000Z;;;;;;;;;;;;
2016-01-05T00:00:00.000Z;;;;;;;;;;;;
2016-01-12T00:00:00.000Z;0.07200000000000001;0.9633023255813954;0.03712325581395349;0.060513953488372095;0.06546279069767443;0.10032325581395349;0.1551488372093023;0.17152093023255813;0.17965813953488374;0.19103953488372089;0.19488372093023257;0.1337953488372093
2016-01-22T00:00:00.000Z;;;;;;;;;;;;
2016-01-25T00:00:00.000Z;0.07797674418604651;1.0959302325581395;0.25745581395348843;0.27184186046511627;0.28700000000000003;0.3220162790697675;0.35610697674418607;0.3696116279069768;0.38201860465116283;0.38886046511627914;0.42311395348837216;0.3769906976744186
2016-02-01T00:00:00.000Z;0.07797674418604651;0.7500697674418605;0.04075116279069768;0.06383488372093024;0.07103953488372093;0.10347441860465117;0.15485813953488373;0.16953953488372092;0.1804;0.19050232558139532;0.20475813953488375;0.14313488372093022
2016-02-04T00:00:00.000Z;0.07797674418604651;0.5588139534883722;0.03626744186046512;0.05798604651162791;0.06346511627906977;0.0941;0.1448232558139535;0.1596604651162791;0.17324186046511628;0.17853720930232556;0.18623255813953488;0.12608837209302326
2016-02-11T00:00:00.000Z;;;;;;;;;;;;
2016-02-14T00:00:00.000Z;;;;;;;;;;;;
2016-02-21T00:00:00.000Z;;;;;;;;;;;;
2016-03-02T00:00:00.000Z;;;;;;;;;;;;
2016-03-05T00:00:00.000Z;0.083;0.4077209302325582;0.043079069767441865;0.06777906976744187;0.07693953488372093;0.1097;0.15550232558139537;0.17170697674418606;0.18642790697674416;0.19011627906976744;0.2115558139534884;0.14842790697674418
2016-03-12T00:00:00.000Z;0.105;0.42718604651162795;0.054811627906976745;0.08144651162790698;0.09351627906976745;0.12649069767441862;0.17594883720930232;0.1915697674418605;0.20554651162790696;0.21184418604651165;0.2460279069767442;0.1788023255813954
2016-03-15T00:00:00.000Z;;;;;;;;;;;;
2016-03-22T00:00:00.000Z;;;;;;;;;;;;
2016-03-25T00:00:00.000Z;0.083;0.6244186046511628;0.057746511627906984;0.08313953488372093;0.09317674418604652;0.1259767441860465;0.17022558139534885;0.1834139534883721;0.1971860465116279;0.20182093023255812;0.22846744186046514;0.16253953488372092
2016-04-01T00:00:00.000Z;0.116;0.5795813953488372;0.06095348837209302;0.09136976744186047;0.10385348837209304;0.14104186046511627;0.19190697674418605;0.20766511627906972;0.2208395348837209;0.22876511627906973;0.2669209302325582;0.1961790697674419
2016-04-04T00:00:00.000Z;;;;;;;;;;;;
2016-04-11T00:00:00.000Z;;;;;;;;;;;;
2016-04-14T00:00:00.000Z;0.083;0.782953488372093;0.053713953488372095;0.08143023255813954;0.09168139534883721;0.12662325581395348;0.17673720930232556;0.19186511627906977;0.20354883720930234;0.21323720930232562;0.24189767441860463;0.17347209302325584
2016-04-21T00:00:00.000Z;0.116;0.8473023255813954;0.06777906976744187;0.09921395348837209;0.11160232558139538;0.15173720930232557;0.20892790697674418;0.2268488372093024;0.23722325581395348;0.2495488372093024;0.29418604651162794;0.21657209302325583
2016-04-24T00:00:00.000Z;0.094;0.5902790697674419;0.05531860465116279;0.08286744186046512;0.09343023255813955;0.13014418604651162;0.1823604651162791;0.19913953488372088;0.21402325581395348;0.22104651162790698;0.2511558139534884;0.17829534883720932
2016-05-01T00:00:00.000Z;0.105;0.47611627906976745;0.06677441860465116;0.09856046511627908;0.11012558139534884;0.1494;0.2055046511627907;0.2222186046511628;0.23742558139534886;0.24399767441860465;0.2847023255813954;0.21013023255813956
2016-05-04T00:00:00.000Z;0.08897674418604652;0.5210697674418605;0.06264418604651163;0.08995348837209302;0.10031162790697674;0.13837906976744188;0.19398372093023258;0.21172093023255817;0.22772558139534888;0.2325139534883721;0.2622860465116279;0.1883209302325581
2016-05-11T00:00:00.000Z;0.105;1.0912325581395348;0.08839069767441861;0.12137674418604652;0.12747674418604651;0.17586511627906978;0.2471186046511628;0.26909302325581397;0.28083023255813955;0.2964558139534884;0.32127441860465117;0.22406744186046512
2016-05-14T00:00:00.000Z;;;;;;;;;;;;
2016-05-21T00:00:00.000Z;0.138;1.248;0.07221627906976744;0.10461627906976745;0.11583720930232555;0.15848604651162793;0.2160325581395349;0.2335;0.23986976744186045;0.25528837209302324;0.3003;0.22304418604651166
2016-05-24T00:00:00.000Z;0.3130232558139535;1.3898604651162791;0.06163720930232559;0.09385581395348837;0.10389534883720931;0.1453767441860465;0.2002604651162791;0.21742558139534887;0.22783255813953487;0.23690465116279072;0.2613279069767442;0.18542093023255812
2016-06-10T00:00:00.000Z;;;;;;;;;;;;
2016-06-13T00:00:00.000Z;0.094;1.9287209302325585;0.06499767441860466;0.09547906976744189;0.10808139534883719;0.15056976744186049;0.19621162790697677;0.21285348837209303;0.21649767441860465;0.23525348837209303;0.2787558139534884;0.19915348837209304
2016-06-20T00:00:00.000Z;0.055581395348837215;1.3013953488372092;0.08154418604651163;0.11697674418604652;0.13412325581395348;0.17976744186046514;0.22487209302325584;0.24067209302325585;0.2495325581395349;0.265946511627907;0.3247186046511628;0.2396279069767442
2016-06-23T00:00:00.000Z;0.138;1.059906976744186;0.06476976744186046;0.09709534883720931;0.11221162790697675;0.1549;0.1976325581395349;0.21367441860465117;0.2244558139534884;0.2366;0.28041627906976746;0.1993046511627907
2016-06-30T00:00:00.000Z;0.3725813953488372;2.4174186046511625;0.08094651162790698;0.11819767441860464;0.13763255813953487;0.1850790697674419;0.22607209302325584;0.24395348837209305;0.24472558139534886;0.26935348837209305;0.32813720930232565;0.23726279069767445
2016-07-03T00:00:00.000Z;0.242;2.009906976744186;0.0670953488372093;0.10214883720930232;0.11956744186046513;0.1614488372093023;0.20070697674418606;0.2172418604651163;0.2204;0.2416046511627907;0.28517441860465115;0.20043720930232561
2016-07-10T00:00:00.000Z;0.149;1.7401627906976744;0.07990697674418605;0.11575116279069769;0.1373232558139535;0.18372790697674415;0.22476976744186045;0.24257906976744184;0.24706279069767445;0.26779767441860464;0.3289232558139535;0.23779069767441863
2016-07-13T00:00:00.000Z;;;;;;;;;;;;
2016-07-20T00:00:00.000Z;;;;;;;;;;;;
2016-07-23T00:00:00.000Z;0.23106976744186047;2.2287906976744183;0.06417674418604652;0.0971906976744186;0.11505348837209305;0.1609953488372093;0.1976697674418605;0.21337906976744186;0.21683720930232564;0.23854186046511627;0.2844069767441861;0.19561162790697678
2016-07-30T00:00:00.000Z;0.2965813953488372;1.8431627906976744;0.07361627906976745;0.11398837209302326;0.1365139534883721;0.18494651162790698;0.22387441860465115;0.24048372093023254;0.24470465116279072;0.2658674418604651;0.3180069767441861;0.22590000000000002
2016-08-02T00:00:00.000Z;0.08897674418604652;1.3041627906976745;0.06663023255813955;0.0981906976744186;0.11642325581395349;0.1590697674418605;0.19534186046511628;0.20970232558139537;0.22070232558139538;0.2342023255813954;0.2762023255813954;0.19077209302325585
2016-08-09T00:00:00.000Z;0.055581395348837215;1.3075813953488373;0.07908604651162791;0.11436046511627908;0.1352186046511628;0.1803767441860465;0.21727441860465116;0.23416976744186047;0.24226511627906971;0.25858837209302327;0.31286976744186046;0.22246744186046513
2016-08-12T00:00:00.000Z;0.111;1.7473333333333332;0.07417037037037037;0.10683333333333334;0.12200000000000001;0.17357037037037037;0.20984814814814814;0.2280111111111112;0.23242222222222222;0.25327777777777777;0.29424074074074075;0.20082222222222226
2016-08-19T00:00:00.000Z;0.083;1.788790697674419;0.0721186046511628;0.1072813953488372;0.1257;0.1732046511627907;0.2099;0.2260093023255814;0.23020697674418608;0.25133488372093027;0.30306511627906974;0.2164093023255814
2016-08-22T00:00:00.000Z;0.094;2.164953488372093;0.06212093023255814;0.09389302325581396;0.10901860465116281;0.1550209302325581;0.18926511627906975;0.20326976744186048;0.20765116279069767;0.22784418604651166;0.26434186046511626;0.18181627906976744
2016-08-29T00:00:00.000Z;0.1655581395348837;1.4417906976744188;0.06646511627906977;0.10386046511627908;0.1219953488372093;0.17054186046511627;0.2090651162790697;0.2252186046511628;0.23014186046511628;0.248193023255814;0.2956348837209303;0.20797674418604653
2016-09-01T00:00:00.000Z;;;;;;;;;;;;
2016-09-08T00:00:00.000Z;0.06937209302325581;1.408186046511628;0.06749767441860466;0.10364883720930232;0.12122093023255812;0.16729302325581397;0.20485581395348842;0.22123023255813956;0.22734418604651166;0.24411162790697682;0.2875046511627907;0.20175348837209303
2016-09-11T00:00:00.000Z;0.149;2.091674418604651;0.05961860465116279;0.09104883720930232;0.10602093023255811;0.15226046511627908;0.1866093023255814;0.20081162790697676;0.20433023255813956;0.22306279069767443;0.2549953488372093;0.17208372093023258
2016-09-18T00:00:00.000Z;0.09997674418604652;1.3627906976744188;0.06239767441860466;0.09823720930232559;0.11499767441860463;0.16088372093023257;0.19961162790697679;0.21356046511627907;0.21985348837209304;0.2380093023255814;0.27742093023255815;0.19522093023255813
2016-09-21T00:00:00.000Z;0.11086046511627907;1.4150697674418604;0.05749069767441861;0.08901627906976745;0.10134883720930232;0.14581627906976743;0.1812860465116279;0.19571627906976743;0.2030604651162791;0.21770697674418607;0.24686046511627907;0.16748372093023256
2016-09-28T00:00:00.000Z;;;;;;;;;;;;
2016-10-01T00:00:00.000Z;0.12186046511627907;1.357511627906977;0.052397674418604656;0.08303023255813954;0.09643953488372092;0.1402790697674419;0.17621860465116282;0.18988837209302328;0.19876279069767447;0.2122325581395349;0.23765813953488374;0.16048372093023258
2016-10-08T00:00:00.000Z;0.149;1.218375;0.06479375;0.10008750000000001;0.11678125;0.16620000000000001;0.2051;0.2166125;0.2205375;0.2411375;0.272975;0.193225
2016-10-11T00:00:00.000Z;0.11086046511627907;0.7542093023255814;0.047669767441860474;0.08061860465116279;0.09257441860465117;0.1348953488372093;0.17243488372093024;0.1840511627906977;0.19946976744186048;0.20657441860465114;0.2300093023255814;0.15433953488372093
2016-10-18T00:00:00.000Z;;;;;;;;;;;;
2016-10-21T00:00:00.000Z;;;;;;;;;;;;
2016-10-28T00:00:00.000Z;;;;;;;;;;;;
2016-10-31T00:00:00.000Z;0.09997674418604652;0.957093023255814;0.0455093023255814;0.06843023255813954;0.07155348837209302;0.10859767441860463;0.15534186046511628;0.16915348837209304;0.17742790697674418;0.18538837209302328;0.1940953488372093;0.12937441860465118
2016-11-07T00:00:00.000Z;0.078;0.6063666666666667;0.0477;0.07416666666666667;0.07737666666666666;0.11855666666666667;0.17101333333333335;0.18506666666666668;0.19395;0.20638000000000004;0.21303000000000002;0.14394666666666667
2016-11-10T00:00:00.000Z;0.07797674418604651;0.6626976744186046;0.03647674418604651;0.061744186046511634;0.0651093023255814;0.10083255813953489;0.15146511627906978;0.16451627906976746;0.17723720930232556;0.18131627906976744;0.18624651162790698;0.12541627906976743
2016-11-17T00:00:00.000Z;0.07200000000000001;0.8538372093023257;0.039555813953488374;0.06593023255813954;0.07080697674418605;0.10785348837209303;0.15953488372093022;0.1750604651162791;0.18179534883720933;0.19224651162790699;0.20381627906976746;0.14014418604651163
2016-11-20T00:00:00.000Z;;;;;;;;;;;;
2016-11-27T00:00:00.000Z;;;;;;;;;;;;
2016-11-30T00:00:00.000Z;;;;;;;;;;;;
2016-12-07T00:00:00.000Z;0.08897674418604652;0.9466046511627908;0.029620930232558143;0.05272093023255814;0.053723255813953485;0.08872325581395349;0.14111627906976745;0.1552953488372093;0.16251627906976746;0.1725232558139535;0.1672488372093023;0.11021162790697675
2016-12-10T00:00:00.000Z;;;;;;;;;;;;
2016-12-17T00:00:00.000Z;;;;;;;;;;;;
2016-12-20T00:00:00.000Z;0.07200000000000001;0.8332325581395349;0.022781395348837212;0.04363720930232558;0.044441860465116285;0.07744883720930233;0.1292279069767442;0.14308372093023256;0.1534604651162791;0.15973023255813953;0.14824186046511628;0.09550232558139536
2016-12-27T00:00:00.000Z;;;;;;;;;;;;
2016-12-30T00:00:00.000Z;;;;;;;;;;;;
2017-01-16T00:00:00.000Z;0.06686046511627908;0.8016279069767441;0.0353046511627907;0.058867441860465115;0.06286744186046511;0.09452325581395349;0.1479558139534884;0.1609651162790698;0.1718186046511628;0.17793953488372094;0.18471162790697676;0.12765813953488372
2017-01-19T00:00:00.000Z;;;;;;;;;;;;
2017-01-26T00:00:00.000Z;;;;;;;;;;;;
2017-01-29T00:00:00.000Z;;;;;;;;;;;;
2017-02-05T00:00:00.000Z;;;;;;;;;;;;
2017-02-08T00:00:00.000Z;0.061;0.4762790697674419;0.03654651162790698;0.057600000000000005;0.062467441860465114;0.09367906976744188;0.14450697674418606;0.15910697674418606;0.1729860465116279;0.17624418604651163;0.1828441860465116;0.12565116279069768
2017-02-15T00:00:00.000Z;0.08897674418604652;0.626;0.059300000000000005;0.07763255813953489;0.08124418604651164;0.11163255813953488;0.16204883720930233;0.17587441860465117;0.1863813953488372;0.1935418604651163;0.2035953488372093;0.1445488372093023
2017-02-18T00:00:00.000Z;;;;;;;;;;;;
2017-02-25T00:00:00.000Z;0.105;0.7057209302325581;0.04440930232558139;0.06903720930232558;0.07554651162790699;0.10889069767441861;0.16017209302325583;0.1743953488372093;0.18588837209302328;0.19436046511627908;0.21225116279069767;0.14966976744186047
2017-02-28T00:00:00.000Z;0.07797674418604651;0.8334883720930233;0.04053720930232558;0.06294651162790699;0.06818837209302327;0.09937906976744189;0.15023023255813953;0.1639651162790698;0.17393953488372094;0.18100465116279071;0.19440232558139534;0.1350046511627907
2017-03-07T00:00:00.000Z;;;;;;;;;;;;
2017-03-10T00:00:00.000Z;0.06686046511627908;0.5227441860465116;0.041169767441860475;0.06458604651162791;0.07072558139534885;0.10089767441860464;0.1521279069767442;0.16782558139534884;0.18080000000000002;0.18539069767441863;0.20220000000000002;0.14231162790697674
2017-03-17T00:00:00.000Z;;;;;;;;;;;;
2017-03-19T00:00:00.000Z;;;;;;;;;;;;
2017-03-20T00:00:00.000Z;0.11086046511627907;1.2301162790697675;0.047909302325581396;0.07227906976744188;0.07696279069767442;0.11281162790697674;0.1691906976744186;0.18704883720930232;0.1950883720930233;0.20648372093023254;0.22201162790697682;0.1548139534883721
2017-03-25T00:00:00.000Z;0.083;0.7089302325581396;0.05224651162790698;0.07359302325581396;0.07783720930232559;0.11257209302325583;0.1662325581395349;0.18208837209302328;0.19495348837209303;0.20065813953488373;0.21816744186046513;0.1594093023255814
2017-03-27T00:00:00.000Z;;;;;;;;;;;;
2017-03-30T00:00:00.000Z;0.05;0.5680000000000001;0.058344186046511634;0.08176976744186046;0.08807209302325582;0.12120232558139538;0.1745953488372093;0.1907906976744186;0.2034139534883721;0.20865348837209305;0.22282558139534886;0.15819069767441862
2017-04-01T00:00:00.000Z;0.105;0.5654418604651164;0.06036046511627907;0.08648604651162792;0.09386976744186047;0.12773255813953488;0.1870209302325581;0.2045046511627907;0.21978604651162792;0.2245186046511628;0.2548255813953489;0.18960232558139534
2017-04-06T00:00:00.000Z;0.061;1.0070357142857145;0.0680607142857143;0.08951071428571429;0.09611071428571429;0.13957857142857144;0.1910071428571429;0.20755357142857142;0.2036821428571429;0.23156785714285721;0.24301071428571427;0.1771321428571429
2017-04-09T00:00:00.000Z;0.06686046511627908;0.9151627906976744;0.05704883720930233;0.08447441860465116;0.09220232558139536;0.13327441860465117;0.19261162790697678;0.2118395348837209;0.22572093023255818;0.23456279069767444;0.2567860465116279;0.18075581395348841
2017-04-11T00:00:00.000Z;0.1327674418604651;0.8421627906976744;0.0650372093023256;0.0909906976744186;0.09937209302325581;0.13641627906976744;0.1967093023255814;0.21489534883720932;0.22735116279069767;0.2352093023255814;0.26925348837209306;0.1992325581395349
2017-04-14T00:00:00.000Z;;;;;;;;;;;;
2017-04-16T00:00:00.000Z;;;;;;;;;;;;
2017-04-19T00:00:00.000Z;;;;;;;;;;;;
2017-04-21T00:00:00.000Z;0.08897674418604652;0.48111627906976745;0.07183255813953489;0.0979046511627907;0.10758139534883719;0.14394651162790698;0.2023372093023256;0.22115348837209303;0.23902093023255816;0.2440139534883721;0.2761860465116279;0.20537906976744186
2017-04-24T00:00:00.000Z;0.25846511627906976;1.4797441860465117;0.05701627906976744;0.08544186046511629;0.0955186046511628;0.1339139534883721;0.19050232558139532;0.2105093023255814;0.21829302325581398;0.2300488372093024;0.25680697674418607;0.18714186046511627
2017-04-26T00:00:00.000Z;;;;;;;;;;;;
2017-04-29T00:00:00.000Z;;;;;;;;;;;;
2017-05-01T00:00:00.000Z;0.12186046511627907;0.9104418604651164;0.06597906976744188;0.09434418604651164;0.10171860465116281;0.13937674418604654;0.1987139534883721;0.21445581395348842;0.22694651162790697;0.23586744186046513;0.2730883720930232;0.2031046511627907
2017-05-04T00:00:00.000Z;0.171;1.150186046511628;0.06472325581395348;0.09154418604651164;0.09945348837209303;0.13662790697674418;0.1924604651162791;0.21005116279069766;0.2190186046511628;0.2297395348837209;0.2556232558139535;0.1904953488372093
2017-05-06T00:00:00.000Z;0.116;0.7575116279069768;0.06598837209302326;0.09895813953488372;0.10920232558139538;0.14874883720930232;0.20664883720930238;0.2230953488372093;0.23447441860465115;0.24489767441860463;0.28509069767441864;0.21029069767441863
2017-05-09T00:00:00.000Z;0.105;1.3125348837209303;0.055958139534883725;0.08577674418604653;0.09416511627906977;0.1337813953488372;0.1885372093023256;0.20533255813953488;0.21178139534883722;0.22657674418604654;0.2569906976744186;0.18626976744186047
2017-05-11T00:00:00.000Z;;;;;;;;;;;;
2017-05-14T00:00:00.000Z;0.08897674418604652;1.3313488372093023;0.06563720930232558;0.09301395348837209;0.10148139534883721;0.14109069767441862;0.1967790697674419;0.21472093023255817;0.22557674418604653;0.236793023255814;0.27104418604651165;0.2012488372093023
2017-05-16T00:00:00.000Z;;;;;;;;;;;;
2017-05-19T00:00:00.000Z;0.105;1.0743023255813953;0.06349302325581396;0.0920279069767442;0.10122558139534885;0.14253023255813954;0.19653023255813956;0.21325348837209304;0.22326046511627906;0.23522558139534885;0.26772558139534886;0.19096511627906976
2017-05-21T00:00:00.000Z;;;;;;;;;;;;
2017-05-24T00:00:00.000Z;0.11086046511627907;1.2031162790697674;0.06486976744186046;0.09140697674418605;0.10182093023255813;0.1390046511627907;0.1910744186046512;0.21001162790697683;0.22078139534883723;0.22958372093023255;0.2671488372093024;0.19890232558139534
2017-05-26T00:00:00.000Z;0.3075581395348837;1.4092325581395349;0.06793023255813954;0.10692093023255812;0.12285348837209303;0.16727209302325582;0.22386046511627908;0.2423395348837209;0.24828372093023254;0.26530465116279073;0.3095558139534884;0.22665348837209304
2017-05-29T00:00:00.000Z;0.094;1.4547441860465118;0.06951627906976744;0.09715581395348837;0.10827209302325583;0.1475604651162791;0.19546279069767447;0.21120697674418606;0.21885116279069766;0.23215813953488373;0.2679232558139535;0.19245348837209306
2017-06-03T00:00:00.000Z;;;;;;;;;;;;
2017-06-05T00:00:00.000Z;0.055581395348837215;0.9563720930232559;0.07533488372093024;0.10862790697674418;0.12389069767441861;0.16574883720930234;0.2150093023255814;0.2328279069767442;0.24296511627906972;0.2568139534883721;0.30802558139534886;0.22587441860465116
2017-06-08T00:00:00.000Z;0.094;1.3833720930232556;0.0647046511627907;0.09433720930232559;0.1057093023255814;0.1468023255813954;0.19010000000000002;0.20716046511627906;0.21533488372093026;0.22855116279069768;0.27090697674418607;0.19505813953488374
2017-06-10T00:00:00.000Z;0.23106976744186047;1.9934651162790697;0.08537906976744188;0.11636744186046513;0.12976744186046513;0.1718279069767442;0.21988139534883722;0.23997906976744185;0.24411627906976746;0.2617186046511628;0.31297209302325585;0.2351232558139535
2017-06-13T00:00:00.000Z;0.09997674418604652;1.8098372093023256;0.07122558139534885;0.09820930232558141;0.11189069767441862;0.14995813953488374;0.19270232558139533;0.21036279069767444;0.21673488372093025;0.23058837209302324;0.27874418604651163;0.20760232558139538
2017-06-15T00:00:00.000Z;0.1873953488372093;1.5931162790697675;0.0799906976744186;0.11587441860465117;0.1317558139534884;0.17588604651162792;0.2211023255813954;0.23805348837209306;0.24288139534883724;0.2625953488372093;0.31966511627906974;0.2368418604651163
2017-06-18T00:00:00.000Z;0.1327674418604651;1.948209302325581;0.06980697674418605;0.09920000000000001;0.11272790697674419;0.15357209302325583;0.19519767441860464;0.21059767441860464;0.2141953488372093;0.23225813953488375;0.2790279069767442;0.19914186046511628
2017-06-20T00:00:00.000Z;0.21486046511627907;2.1267209302325583;0.08318837209302327;0.11656279069767446;0.1323139534883721;0.17686279069767447;0.22352093023255817;0.2443093023255814;0.24706046511627908;0.26726279069767445;0.3290139534883721;0.24538837209302325
2017-06-23T00:00:00.000Z;0.182;1.891372093023256;0.07031162790697675;0.09765813953488373;0.11256511627906977;0.15224883720930232;0.19365348837209304;0.21227906976744185;0.21768837209302325;0.23355581395348843;0.28522325581395347;0.20888139534883723
2017-06-25T00:00:00.000Z;;;;;;;;;;;;
2017-06-28T00:00:00.000Z;0.08897674418604652;1.359488372093023;0.06549767441860466;0.09655116279069768;0.11267441860465117;0.15373255813953488;0.19384186046511628;0.2094418604651163;0.2180139534883721;0.23219767441860464;0.28084651162790697;0.1985744186046512
2017-06-30T00:00:00.000Z;0.055581395348837215;0.8499767441860465;0.08589534883720931;0.11788604651162791;0.13594418604651162;0.17766279069767446;0.2217046511627907;0.2384860465116279;0.25451860465116277;0.26316744186046515;0.3236697674418605;0.2437139534883721
2017-07-03T00:00:00.000Z;0.08897674418604652;1.1652790697674418;0.06826046511627908;0.0970720930232558;0.11314651162790697;0.1526953488372093;0.19480697674418607;0.21183720930232564;0.22358604651162792;0.23414651162790698;0.28292093023255815;0.20806279069767444
2017-07-05T00:00:00.000Z;0.182;1.4675116279069769;0.08230697674418605;0.11809767441860464;0.13790232558139537;0.18283488372093026;0.2233860465116279;0.2409;0.24745581395348842;0.26413720930232565;0.31885348837209304;0.2318186046511628
2017-07-10T00:00:00.000Z;0.116;1.6188837209302327;0.08363953488372093;0.11631395348837209;0.13427674418604651;0.17833720930232555;0.2191813953488372;0.23686511627906973;0.24613488372093026;0.26224186046511627;0.3241093023255814;0.24148837209302323
2017-07-13T00:00:00.000Z;0.26395348837209304;1.8276511627906975;0.06949069767441861;0.10233255813953489;0.11929302325581397;0.16013720930232556;0.19913023255813955;0.2171023255813954;0.22374418604651164;0.23976976744186046;0.28523720930232566;0.20740697674418607
2017-07-15T00:00:00.000Z;0.19832558139534887;1.7083023255813954;0.07899302325581396;0.11734651162790698;0.13683023255813953;0.18222093023255811;0.22207674418604653;0.23912558139534887;0.24367674418604654;0.2639627906976744;0.317346511627907;0.22798604651162793
2017-07-18T00:00:00.000Z;0.307;1.3710555555555557;0.07243333333333334;0.12754444444444443;0.15225555555555556;0.19565000000000002;0.2396277777777778;0.2559;0.25105555555555564;0.2793888888888889;0.3206611111111112;0.2260277777777778
2017-07-20T00:00:00.000Z;0.08897674418604652;1.7223720930232556;0.08270697674418605;0.1160558139534884;0.13461627906976745;0.18010232558139538;0.21887209302325583;0.2378186046511628;0.24682558139534885;0.26344418604651165;0.324;0.23911162790697682
2017-07-23T00:00:00.000Z;0.2585882352941176;1.6451470588235295;0.043502941176470585;0.052805882352941175;0.06854117647058823;0.09935000000000001;0.13635294117647062;0.1644264705882353;0.1282764705882353;0.19640882352941177;0.18625;0.15444117647058825
2017-07-25T00:00:00.000Z;0.1327674418604651;2.251093023255814;0.0797279069767442;0.11422558139534884;0.13353488372093023;0.181146511627907;0.22173255813953488;0.23677209302325583;0.2382116279069768;0.2613674418604651;0.3213302325581396;0.22998139534883721
2017-07-28T00:00:00.000Z;0.23106976744186047;1.3901395348837209;0.061788372093023264;0.09196976744186046;0.10902558139534883;0.1526;0.1895232558139535;0.20664651162790698;0.21386976744186045;0.22876279069767444;0.27773720930232565;0.191693023255814
2017-07-30T00:00:00.000Z;0.116;1.37;0.08256046511627907;0.11644418604651162;0.13407906976744188;0.1788186046511628;0.21869069767441862;0.2355325581395349;0.24627906976744185;0.2610395348837209;0.31647906976744183;0.23266744186046515
2017-08-02T00:00:00.000Z;;;;;;;;;;;;
2017-08-04T00:00:00.000Z;0.19832558139534887;1.5431627906976744;0.07385348837209303;0.11143953488372092;0.13204883720930233;0.18080697674418605;0.21938372093023256;0.23633023255813956;0.24238372093023255;0.26175348837209306;0.31827906976744186;0.22613488372093027
2017-08-07T00:00:00.000Z;0.242;2.2584651162790697;0.06378604651162792;0.09778372093023256;0.11606279069767446;0.16198372093023258;0.1968511627906977;0.2128093023255814;0.2151023255813954;0.23709069767441862;0.27428837209302326;0.18856511627906977
2017-08-09T00:00:00.000Z;0.1983953488372093;1.9807674418604648;0.08204651162790698;0.11724418604651163;0.13549302325581397;0.18418372093023258;0.224493023255814;0.2437906976744186;0.2494232558139535;0.2691046511627907;0.32224651162790696;0.2311116279069768
2017-08-12T00:00:00.000Z;0.182;1.7377209302325582;0.061723255813953486;0.0934046511627907;0.11033023255813953;0.15494883720930233;0.19252790697674416;0.2089;0.21738604651162793;0.23163023255813955;0.27476744186046514;0.1964441860465116
2017-08-14T00:00:00.000Z;0.27316279069767446;2.1507906976744184;0.06985116279069768;0.11062325581395349;0.1311651162790698;0.18076511627906977;0.21768139534883724;0.23347906976744184;0.23605116279069768;0.2603348837209303;0.30673255813953487;0.21666511627906973
2017-08-17T00:00:00.000Z;0.1873953488372093;2.4158372093023255;0.06196046511627907;0.09514186046511629;0.11137674418604653;0.1562813953488372;0.18995813953488375;0.20487674418604654;0.20720465116279072;0.22856744186046513;0.26675813953488375;0.1833046511627907
2017-08-19T00:00:00.000Z;0.19832558139534887;2.5477674418604654;0.08150697674418605;0.11346046511627908;0.1297511627906977;0.1758953488372093;0.21277906976744185;0.23163488372093025;0.2325232558139535;0.2539418604651163;0.3047116279069768;0.22011627906976747
2017-08-22T00:00:00.000Z;0.09997674418604652;1.84293023255814;0.06697209302325581;0.09638604651162792;0.11204186046511627;0.15433023255813955;0.1891767441860465;0.20555813953488375;0.21267441860465117;0.22786744186046515;0.26826744186046514;0.19169069767441863
2017-08-24T00:00:00.000Z;0.105;1.7048372093023256;0.07584651162790698;0.11068837209302326;0.12885813953488373;0.17389767441860463;0.20994418604651166;0.22545348837209306;0.23031627906976748;0.24963720930232564;0.2970325581395349;0.21096279069767443
2017-08-27T00:00:00.000Z;;;;;;;;;;;;
2017-08-29T00:00:00.000Z;;;;;;;;;;;;
2017-09-01T00:00:00.000Z;0.258;2.548;0.0646;0.0825;0.0971;0.1252;0.1673;0.17800000000000002;0.18280000000000002;0.2058;0.2462;0.17750000000000002
2017-09-03T00:00:00.000Z;0.25846511627906976;1.6004651162790697;0.0778139534883721;0.11085581395348838;0.12164186046511627;0.17168604651162792;0.21761162790697683;0.23305348837209305;0.23820465116279071;0.2578232558139535;0.2811395348837209;0.19646744186046514
2017-09-06T00:00:00.000Z;;;;;;;;;;;;
2017-09-08T00:00:00.000Z;0.5084418604651163;1.752139534883721;0.08101627906976744;0.11110232558139538;0.12246976744186047;0.16933255813953488;0.21909534883720932;0.24046744186046515;0.24695348837209305;0.2644;0.3029232558139535;0.21219069767441862
2017-09-11T00:00:00.000Z;0.105;1.3042093023255812;0.053195348837209305;0.08123488372093024;0.09064651162790698;0.1286860465116279;0.17250697674418605;0.18631627906976744;0.19544186046511627;0.2044139534883721;0.24159767441860464;0.17704186046511627
2017-09-13T00:00:00.000Z;0.16;1.6783720930232555;0.05882093023255814;0.09237441860465116;0.10352325581395348;0.14921627906976745;0.19240697674418605;0.20829767441860464;0.2108488372093024;0.2293139534883721;0.27290697674418607;0.1952
2017-09-16T00:00:00.000Z;0.138;1.3287441860465117;0.05812093023255814;0.08628604651162791;0.09468604651162793;0.13663953488372094;0.1767790697674419;0.1903139534883721;0.19692093023255813;0.2107139534883721;0.2410046511627907;0.1681093023255814
2017-09-18T00:00:00.000Z;0.1655581395348837;1.036906976744186;0.0637139534883721;0.09230000000000001;0.10434186046511627;0.14361627906976746;0.19021627906976746;0.20558604651162793;0.21525813953488374;0.22521162790697682;0.2702069767441861;0.1980232558139535
2017-09-21T00:00:00.000Z;0.171;1.4774651162790697;0.05519069767441861;0.08230697674418605;0.09093953488372093;0.1309790697674419;0.17432558139534884;0.1883511627906977;0.1970883720930233;0.20717441860465116;0.24255813953488375;0.17411627906976745
2017-09-23T00:00:00.000Z;;;;;;;;;;;;
2017-09-26T00:00:00.000Z;0.15458139534883722;1.4442325581395348;0.05051860465116279;0.08036976744186046;0.08944883720930233;0.13112325581395348;0.17200697674418605;0.18540697674418605;0.1928139534883721;0.2070232558139535;0.2392139534883721;0.16451860465116283
2017-09-28T00:00:00.000Z;0.1873953488372093;2.260232558139535;0.07318837209302326;0.10494883720930231;0.11574186046511628;0.1646093023255814;0.21602790697674418;0.23555581395348843;0.238293023255814;0.2610046511627907;0.3072511627906977;0.2212953488372093
2017-10-01T00:00:00.000Z;;;;;;;;;;;;
2017-10-03T00:00:00.000Z;0.138;2.103;0.05339302325581396;0.08461860465116279;0.09646744186046513;0.13933488372093022;0.18073953488372088;0.1960953488372093;0.19538372093023257;0.21632558139534885;0.2569372093023256;0.18076511627906977
2017-10-06T00:00:00.000Z;0.105;0.988720930232558;0.04656976744186048;0.07586279069767442;0.0848093023255814;0.12429767441860463;0.1629813953488372;0.17827441860465118;0.1870372093023256;0.19742790697674417;0.22626511627906973;0.15498604651162792
2017-10-08T00:00:00.000Z;0.14372093023255814;1.4252325581395349;0.06221162790697674;0.08904883720930233;0.0984720930232558;0.13788604651162792;0.18055348837209304;0.19630232558139535;0.20248837209302328;0.21747209302325582;0.2536046511627907;0.1808488372093023
2017-10-11T00:00:00.000Z;0.14372093023255814;1.2957209302325583;0.051451162790697676;0.0769093023255814;0.08451860465116279;0.12325348837209305;0.16318837209302325;0.17683255813953488;0.18590232558139533;0.19462325581395348;0.22585581395348842;0.1596488372093023
2017-10-13T00:00:00.000Z;0.182;1.6683023255813954;0.05076279069767443;0.08374418604651164;0.09397906976744189;0.1372023255813954;0.1766232558139535;0.1903441860465116;0.19463953488372088;0.21205813953488373;0.24756744186046514;0.17313720930232557
2017-10-16T00:00:00.000Z;0.127;1.0342325581395349;0.04421860465116279;0.07223953488372094;0.07998139534883722;0.1187;0.1580511627906977;0.17053720930232555;0.1812744186046512;0.19089767441860464;0.2171325581395349;0.1470093023255814
2017-10-18T00:00:00.000Z;;;;;;;;;;;;
2017-10-21T00:00:00.000Z;0.094;1.7582790697674417;0.045376744186046515;0.07074418604651163;0.07787906976744187;0.11685581395348839;0.15706046511627908;0.17155116279069768;0.1774697674418605;0.18943255813953488;0.2180906976744186;0.1536139534883721
2017-10-23T00:00:00.000Z;0.1105;1.1606666666666667;0.0833;0.10283333333333333;0.11104166666666668;0.13945000000000002;0.16840833333333333;0.1781666666666667;0.178825;0.19353333333333333;0.21789166666666665;0.161725
2017-10-26T00:00:00.000Z;0.08897674418604652;0.696046511627907;0.04074418604651163;0.06844186046511629;0.07619302325581395;0.11440232558139538;0.15524418604651163;0.16699767441860464;0.17937209302325582;0.18700232558139535;0.20748372093023254;0.1404139534883721
2017-10-28T00:00:00.000Z;0.08897674418604652;1.3164418604651162;0.056565116279069766;0.08047674418604651;0.08861395348837209;0.12398837209302327;0.1647813953488372;0.1795046511627907;0.1883209302325581;0.19826279069767447;0.22441860465116278;0.15902790697674418
2017-10-31T00:00:00.000Z;;;;;;;;;;;;
2017-11-02T00:00:00.000Z;;;;;;;;;;;;
2017-11-05T00:00:00.000Z;0.08897674418604652;1.1317674418604653;0.03736511627906977;0.06476976744186046;0.07099302325581396;0.11004418604651163;0.1516767441860465;0.1635744186046512;0.1720279069767442;0.18253953488372088;0.20094186046511628;0.13493720930232556
2017-11-07T00:00:00.000Z;0.083;0.5817906976744187;0.048320930232558144;0.07402790697674419;0.08066976744186047;0.11622325581395349;0.1594139534883721;0.17281162790697674;0.18615813953488375;0.1910744186046512;0.21487209302325583;0.15271860465116283
2017-11-10T00:00:00.000Z;0.07797674418604651;0.6325581395348837;0.04112325581395349;0.06414651162790698;0.06993488372093024;0.10678604651162792;0.14957441860465118;0.16192558139534885;0.17688372093023258;0.18053023255813955;0.19720232558139533;0.1393186046511628
2017-11-12T00:00:00.000Z;0.083;0.5121860465116279;0.040839534883720933;0.07067441860465117;0.07846279069767442;0.11493720930232555;0.15818372093023256;0.17047674418604652;0.18234186046511627;0.18762790697674417;0.21020465116279072;0.14596976744186047
2017-11-15T00:00:00.000Z;0.07797674418604651;0.3876046511627907;0.03590232558139535;0.0632953488372093;0.06848372093023257;0.10421860465116281;0.14647441860465119;0.15891627906976744;0.17468372093023257;0.17723720930232556;0.18795813953488374;0.12760232558139536
2017-11-17T00:00:00.000Z;0.09997674418604652;0.8143720930232559;0.046593023255813965;0.07151860465116279;0.07857674418604652;0.11603953488372093;0.16083488372093024;0.17343953488372094;0.1848325581395349;0.1927744186046512;0.2130116279069768;0.15078837209302326
2017-11-20T00:00:00.000Z;0.07797674418604651;0.6316279069767442;0.03971162790697674;0.06379767441860465;0.06854651162790698;0.10565813953488373;0.15040697674418604;0.16177209302325582;0.17673488372093024;0.18055348837209304;0.19352790697674416;0.1333953488372093
2017-11-22T00:00:00.000Z;0.09997674418604652;0.48662790697674424;0.04821627906976744;0.07689767441860465;0.0854046511627907;0.12417209302325583;0.16634651162790698;0.17949302325581395;0.19151860465116283;0.19985581395348842;0.21243720930232562;0.14883488372093023
2017-11-25T00:00:00.000Z;;;;;;;;;;;;
2017-11-27T00:00:00.000Z;;;;;;;;;;;;
2017-11-30T00:00:00.000Z;0.083;0.6489354838709677;0.040809677419354845;0.06326451612903226;0.06681290322580645;0.11072580645161291;0.16010322580645162;0.17323870967741936;0.18530967741935483;0.19180645161290322;0.1864645161290323;0.1286258064516129
2017-12-02T00:00:00.000Z;0.07797674418604651;0.45993023255813964;0.03678139534883721;0.06545348837209303;0.07162790697674419;0.1100093023255814;0.1542;0.16624186046511627;0.17943023255813953;0.1859604651162791;0.19142093023255813;0.13199302325581397
2017-12-05T00:00:00.000Z;0.07797674418604651;0.3416744186046512;0.03442558139534885;0.05829302325581396;0.06212558139534884;0.10065348837209302;0.14583953488372092;0.15785581395348838;0.1721906976744186;0.17244883720930232;0.17078837209302328;0.1143093023255814
2017-12-07T00:00:00.000Z;0.094;0.4410232558139535;0.06654186046511629;0.08873488372093025;0.09656279069767441;0.1365511627906977;0.18546744186046513;0.19923488372093026;0.2156093023255814;0.22169534883720932;0.23381162790697682;0.1819139534883721
2017-12-10T00:00:00.000Z;;;;;;;;;;;;
2017-12-12T00:00:00.000Z;0.083;0.41909302325581393;0.03610232558139535;0.06287906976744187;0.06967674418604652;0.10922558139534884;0.1561046511627907;0.1686046511627907;0.18162093023255813;0.18853488372093025;0.18957674418604648;0.1277232558139535
2017-12-15T00:00:00.000Z;0.08897674418604652;1.2242790697674417;0.032104651162790696;0.05810232558139535;0.06152093023255814;0.10424418604651162;0.14996046511627908;0.1623232558139535;0.17012558139534883;0.17939069767441862;0.17879302325581398;0.11672790697674419
2017-12-17T00:00:00.000Z;0.07797674418604651;0.45053488372093026;0.04199767441860466;0.06439302325581396;0.06953720930232558;0.10751395348837209;0.15593953488372092;0.16831627906976745;0.1831883720930233;0.18782558139534883;0.1882046511627907;0.12950697674418604
2017-12-20T00:00:00.000Z;0.083;0.8662325581395348;0.0378;0.059558139534883724;0.06344651162790699;0.10210697674418605;0.1510325581395349;0.1630046511627907;0.1757860465116279;0.181146511627907;0.17784186046511627;0.11982790697674418
2017-12-22T00:00:00.000Z;0.07797674418604651;0.949186046511628;0.037434883720930234;0.06528837209302327;0.0701046511627907;0.10990697674418605;0.1557511627906977;0.1679860465116279;0.17568837209302327;0.18654186046511628;0.19205348837209305;0.13030697674418606
2017-12-25T00:00:00.000Z;0.08897674418604652;0.9332325581395349;0.03431162790697674;0.05823255813953489;0.062225581395348846;0.10186744186046513;0.14559534883720932;0.1565139534883721;0.16597674418604652;0.17293720930232556;0.17112790697674418;0.11226511627906978
2017-12-27T00:00:00.000Z;0.06686046511627908;0.7056046511627907;0.053967441860465114;0.0760186046511628;0.07985581395348837;0.11965813953488373;0.17109302325581396;0.1844953488372093;0.19702558139534884;0.20551860465116278;0.20734418604651164;0.14363255813953488
2017-12-30T00:00:00.000Z;0.06686046511627908;1.1897209302325582;0.04022093023255814;0.0597279069767442;0.06162325581395348;0.0985372093023256;0.1458813953488372;0.15945813953488375;0.1673906976744186;0.1751046511627907;0.1793046511627907;0.12056976744186047
2018-01-01T00:00:00.000Z;0.07200000000000001;0.49086046511627907;0.038253488372093025;0.06548139534883722;0.0716046511627907;0.11011627906976744;0.15653720930232556;0.1685441860465116;0.18126279069767445;0.1885744186046512;0.19550232558139533;0.1327953488372093
2018-01-04T00:00:00.000Z;0.07200000000000001;1.0888837209302327;0.03215116279069768;0.05715581395348837;0.06026976744186047;0.09976511627906977;0.14521627906976745;0.1568093023255814;0.16503720930232557;0.1748;0.1758790697674419;0.11492558139534884
2018-01-06T00:00:00.000Z;;;;;;;;;;;;
2018-01-09T00:00:00.000Z;;;;;;;;;;;;
2018-01-11T00:00:00.000Z;0.089;0.7733333333333334;0.06648888888888889;0.09866666666666667;0.10931111111111111;0.1633555555555556;0.2191111111111112;0.23552222222222222;0.23254444444444444;0.2604444444444444;0.25046666666666667;0.17505555555555558
2018-01-14T00:00:00.000Z;;;;;;;;;;;;
2018-01-16T00:00:00.000Z;0.083;1.069906976744186;0.04015813953488372;0.06245116279069768;0.06726046511627908;0.10504883720930232;0.1535813953488372;0.16725116279069768;0.17559302325581397;0.18541395348837209;0.18849767441860463;0.13009302325581396
2018-01-19T00:00:00.000Z;;;;;;;;;;;;
2018-01-21T00:00:00.000Z;0.07797674418604651;1.1624186046511626;0.038944186046511634;0.06615581395348838;0.07231395348837209;0.1113139534883721;0.15867674418604652;0.17056744186046513;0.17562558139534884;0.18966511627906976;0.19993023255813955;0.13881162790697674
2018-01-24T00:00:00.000Z;0.083;0.6475348837209303;0.036058139534883724;0.05991860465116279;0.06469302325581396;0.1005720930232558;0.1463558139534884;0.15850232558139538;0.1700279069767442;0.17548372093023257;0.1770046511627907;0.11879767441860463
2018-01-26T00:00:00.000Z;0.055581395348837215;0.7054883720930233;0.05218372093023257;0.07303953488372093;0.07868837209302326;0.11439534883720931;0.16333023255813953;0.17770232558139537;0.18968837209302328;0.1971139534883721;0.20619767441860465;0.14672325581395348
2018-01-29T00:00:00.000Z;0.11086046511627907;1.0;0.05976046511627907;0.07572325581395349;0.07543953488372093;0.11322093023255812;0.16323488372093023;0.1777813953488372;0.19213953488372087;0.19643953488372087;0.18532558139534885;0.12185348837209303
2018-01-31T00:00:00.000Z;0.12186046511627907;0.6442325581395348;0.0488046511627907;0.07644418604651164;0.08335348837209303;0.1223790697674419;0.1734325581395349;0.18684651162790697;0.1995441860465116;0.20722558139534886;0.21267674418604654;0.1433186046511628
2018-02-05T00:00:00.000Z;;;;;;;;;;;;
2018-02-08T00:00:00.000Z;0.094;0.46076744186046514;0.04105348837209302;0.06248139534883722;0.06747209302325581;0.10272093023255811;0.15199302325581396;0.1651209302325581;0.18164186046511627;0.18336279069767447;0.1885906976744186;0.1313906976744186
2018-02-10T00:00:00.000Z;;;;;;;;;;;;
2018-02-13T00:00:00.000Z;0.09997674418604652;0.6205116279069768;0.03475348837209302;0.05992558139534884;0.06639534883720931;0.10376279069767445;0.1497558139534884;0.1617441860465116;0.1737860465116279;0.1801883720930233;0.18520697674418604;0.1254767441860465
2018-02-15T00:00:00.000Z;0.094;1.263232558139535;0.05062093023255814;0.07379767441860466;0.08003953488372094;0.11792790697674418;0.16472558139534885;0.17885116279069768;0.18566511627906976;0.19726279069767447;0.2163651162790697;0.15631627906976744
2018-02-18T00:00:00.000Z;;;;;;;;;;;;
2018-02-20T00:00:00.000Z;0.09997674418604652;1.2217906976744188;0.04593255813953488;0.07383255813953489;0.08244883720930234;0.12139534883720932;0.16993720930232556;0.18260697674418605;0.18989534883720932;0.20264883720930232;0.22335348837209304;0.1570953488372093
2018-02-23T00:00:00.000Z;0.083;0.16074418604651164;0.0396;0.06553255813953489;0.07254418604651164;0.10641162790697675;0.15213488372093023;0.16623023255813954;0.18349302325581401;0.1841372093023256;0.1944767441860465;0.1352046511627907
2018-02-25T00:00:00.000Z;0.138;0.35539534883720936;0.05597674418604652;0.07902325581395349;0.08692093023255813;0.12116976744186048;0.17125348837209303;0.18653023255813955;0.20151162790697677;0.2045813953488372;0.22616046511627907;0.16273255813953488
2018-02-28T00:00:00.000Z;0.116;1.6352558139534883;0.046983720930232564;0.06423255813953489;0.06676279069767442;0.10219767441860464;0.1503651162790698;0.16582558139534884;0.17330232558139538;0.1852046511627907;0.1773558139534884;0.11261162790697675
2018-03-02T00:00:00.000Z;;;;;;;;;;;;
2018-03-05T00:00:00.000Z;;;;;;;;;;;;
2018-03-07T00:00:00.000Z;0.09996666666666669;0.5811000000000001;0.06129333333333333;0.09001666666666666;0.09851;0.13499666666666668;0.19449333333333332;0.2125466666666667;0.2326;0.23470333333333335;0.2607933333333334;0.18773666666666664
2018-03-10T00:00:00.000Z;0.09997674418604652;1.356232558139535;0.05999302325581396;0.08385348837209303;0.08786279069767441;0.12653255813953487;0.18221627906976745;0.19936046511627908;0.20829302325581397;0.21887441860465115;0.2437488372093024;0.17146279069767445
2018-03-12T00:00:00.000Z;;;;;;;;;;;;
2018-03-15T00:00:00.000Z;;;;;;;;;;;;
2018-03-17T00:00:00.000Z;;;;;;;;;;;;
2018-03-20T00:00:00.000Z;0.09997674418604652;0.505;0.057188372093023264;0.07796744186046511;0.08448604651162792;0.11916046511627909;0.17353720930232555;0.18823255813953488;0.2057395348837209;0.20821627906976747;0.2228860465116279;0.15818604651162793
2018-03-22T00:00:00.000Z;0.12186046511627907;0.30062790697674424;0.05517209302325581;0.08432558139534885;0.0946046511627907;0.13076511627906978;0.18129767441860464;0.1957604651162791;0.21164186046511627;0.21771627906976748;0.2452;0.17793488372093022
2018-03-25T00:00:00.000Z;;;;;;;;;;;;
2018-03-27T00:00:00.000Z;0.11086046511627907;1.188186046511628;0.06138604651162791;0.08892558139534884;0.09776744186046513;0.13504883720930233;0.18705581395348841;0.2029744186046512;0.21094418604651166;0.2223;0.2574209302325582;0.19186511627906977
2018-03-30T00:00:00.000Z;0.07200000000000001;0.968906976744186;0.06876279069767442;0.0924906976744186;0.0990093023255814;0.13805813953488374;0.19570697674418605;0.21230697674418608;0.2246651162790697;0.23386511627906972;0.2564139534883721;0.1864744186046512
2018-04-01T00:00:00.000Z;;;;;;;;;;;;
2018-04-04T00:00:00.000Z;0.16;0.681093023255814;0.05626744186046512;0.08425116279069768;0.09393023255813954;0.13185348837209304;0.18382790697674417;0.1995511627906977;0.21295813953488374;0.22010000000000002;0.24457441860465115;0.17405813953488375
2018-04-06T00:00:00.000Z;;;;;;;;;;;;
2018-04-09T00:00:00.000Z;;;;;;;;;;;;
2018-04-11T00:00:00.000Z;;;;;;;;;;;;
2018-04-14T00:00:00.000Z;0.094;0.6450465116279069;0.055988372093023264;0.0829906976744186;0.0921720930232558;0.1278697674418605;0.1774232558139535;0.19183023255813955;0.20555813953488375;0.21118372093023255;0.23650000000000002;0.16724651162790696
2018-04-16T00:00:00.000Z;0.1327674418604651;0.8787441860465116;0.08043255813953488;0.10912558139534884;0.11925581395348839;0.16104883720930233;0.22071627906976748;0.24075813953488373;0.2545790697674419;0.2634209302325582;0.3039813953488372;0.22647674418604652
2018-04-19T00:00:00.000Z;0.19832558139534887;1.2507441860465116;0.07258372093023256;0.0996813953488372;0.10912790697674418;0.14711395348837208;0.2027488372093023;0.22038837209302325;0.22997209302325583;0.2396139534883721;0.2685651162790697;0.19768372093023256
2018-04-21T00:00:00.000Z;;;;;;;;;;;;
2018-04-24T00:00:00.000Z;0.2802093023255814;1.3041162790697673;0.05382325581395349;0.08624418604651163;0.09806046511627908;0.13803255813953488;0.18873488372093025;0.2052093023255814;0.21267906976744186;0.22606279069767443;0.25347906976744183;0.17931162790697674
2018-04-26T00:00:00.000Z;0.400046511627907;1.8359302325581401;0.0996046511627907;0.13963720930232557;0.15163720930232555;0.21185116279069768;0.28932093023255817;0.31734418604651166;0.31655813953488376;0.34516976744186045;0.3747023255813954;0.26956976744186045
2018-04-29T00:00:00.000Z;0.105;0.8226285714285714;0.07002285714285714;0.09542285714285714;0.10404857142857145;0.1413057142857143;0.19637142857142856;0.21114571428571433;0.23396;0.2298342857142857;0.2611742857142857;0.18430285714285718
2018-05-01T00:00:00.000Z;;;;;;;;;;;;
2018-05-04T00:00:00.000Z;0.083;0.9877674418604652;0.0654186046511628;0.09340930232558141;0.10376744186046513;0.14209767441860463;0.19186279069767445;0.20806744186046514;0.21927441860465116;0.2292232558139535;0.262193023255814;0.1884139534883721
2018-05-06T00:00:00.000Z;;;;;;;;;;;;
2018-05-09T00:00:00.000Z;0.22572093023255813;1.8874651162790697;0.07673023255813954;0.10256744186046513;0.11212325581395349;0.1543046511627907;0.20918604651162792;0.2294023255813954;0.2357488372093024;0.2503139534883721;0.2889325581395349;0.2091046511627907
2018-05-11T00:00:00.000Z;0.26939534883720934;1.3838604651162791;0.07077906976744187;0.10419767441860463;0.11741162790697675;0.16087674418604653;0.21207674418604652;0.2285;0.23628837209302325;0.25203023255813956;0.2897372093023256;0.2080325581395349
2018-05-14T00:00:00.000Z;;;;;;;;;;;;
2018-05-16T00:00:00.000Z;0.1327674418604651;1.3281627906976745;0.0789;0.10953023255813954;0.12304186046511628;0.16388372093023257;0.21461162790697683;0.23236046511627906;0.2402651162790697;0.25368837209302325;0.308593023255814;0.2340093023255814
2018-05-19T00:00:00.000Z;;;;;;;;;;;;
2018-05-21T00:00:00.000Z;0.105;1.2924186046511628;0.08707674418604652;0.1202511627906977;0.13552558139534884;0.17983488372093023;0.2331;0.2506558139534884;0.2575;0.2744186046511628;0.3301232558139535;0.2428023255813954
2018-05-24T00:00:00.000Z;;;;;;;;;;;;
2018-05-26T00:00:00.000Z;0.2201515151515152;1.7551818181818182;0.19546666666666668;0.21834848484848485;0.23622424242424242;0.2701969696969697;0.3049969696969697;0.3241969696969697;0.30501212121212123;0.3439909090909091;0.3846272727272728;0.3122454545454545
2018-05-29T00:00:00.000Z;0.37832558139534883;1.8005116279069768;0.07071627906976743;0.10215581395348837;0.11443720930232555;0.16432558139534884;0.22033023255813955;0.24114418604651167;0.24865581395348843;0.26617209302325584;0.3099395348837209;0.22475813953488374
2018-05-31T00:00:00.000Z;;;;;;;;;;;;
2018-06-03T00:00:00.000Z;;;;;;;;;;;;
2018-06-05T00:00:00.000Z;;;;;;;;;;;;
2018-06-08T00:00:00.000Z;0.171;1.9883023255813956;0.08227209302325582;0.11685581395348839;0.13073488372093023;0.18078372093023257;0.2392860465116279;0.2605837209302326;0.27131627906976746;0.28278139534883723;0.3240209302325582;0.23617674418604653
2018-06-10T00:00:00.000Z;0.28104651162790695;1.4379302325581396;0.07363255813953488;0.11558837209302326;0.13155348837209305;0.18310232558139533;0.24063488372093025;0.25854418604651164;0.2643674418604651;0.28372558139534887;0.33705348837209304;0.24692558139534887
2018-06-13T00:00:00.000Z;0.061;1.2075348837209303;0.06918139534883722;0.10098139534883721;0.11255581395348839;0.15308372093023256;0.2030604651162791;0.21827674418604653;0.22784651162790698;0.23935581395348843;0.2765372093023256;0.2006232558139535
2018-06-15T00:00:00.000Z;0.055581395348837215;1.7845813953488374;0.08631395348837209;0.11916279069767445;0.13202790697674419;0.17576046511627907;0.22919534883720932;0.2500906976744186;0.2536860465116279;0.2713139534883721;0.3247232558139535;0.2478186046511628
2018-06-18T00:00:00.000Z;0.1327674418604651;1.5997441860465118;0.07674651162790698;0.10585581395348839;0.11756046511627909;0.1571023255813954;0.2064139534883721;0.22505813953488374;0.23308372093023255;0.24546279069767443;0.2835232558139535;0.21142093023255817
2018-06-20T00:00:00.000Z;0.083;1.5198372093023256;0.08215116279069767;0.11838837209302326;0.13403953488372092;0.1803604651162791;0.2328046511627907;0.2503046511627907;0.2556953488372093;0.2745255813953489;0.3241279069767442;0.24034418604651164
2018-06-23T00:00:00.000Z;0.11086046511627907;1.3907906976744189;0.0714;0.10424651162790698;0.11683953488372092;0.1583697674418605;0.20748372093023254;0.22426976744186047;0.2316232558139535;0.24440930232558142;0.2804651162790697;0.2016372093023256
2018-06-25T00:00:00.000Z;0.3021162790697674;1.7793488372093023;0.08584883720930234;0.12061395348837209;0.13588837209302326;0.18074186046511628;0.2329488372093024;0.25363488372093024;0.25998139534883724;0.27521162790697684;0.32007441860465113;0.24106046511627907
2018-06-28T00:00:00.000Z;;;;;;;;;;;;
2018-06-30T00:00:00.000Z;0.26939534883720934;2.132186046511628;0.07961162790697675;0.11825348837209304;0.13454883720930233;0.1822232558139535;0.2338418604651163;0.2509279069767442;0.2528209302325582;0.2747046511627907;0.3229418604651163;0.2347558139534884
2018-07-03T00:00:00.000Z;0.193;1.1924186046511627;0.06736279069767442;0.10174651162790699;0.11681395348837209;0.15750232558139537;0.20606279069767444;0.22243720930232563;0.2318046511627907;0.24445813953488374;0.2771116279069768;0.19866744186046514
2018-07-05T00:00:00.000Z;0.055581395348837215;1.532813953488372;0.08647674418604652;0.11956511627906978;0.13377441860465117;0.1777209302325581;0.22954651162790699;0.24897906976744186;0.2564883720930232;0.27115813953488377;0.323946511627907;0.24586046511627907
2018-07-08T00:00:00.000Z;0.2475581395348837;1.2714651162790698;0.06413023255813954;0.09868604651162792;0.1127953488372093;0.15600232558139537;0.20552558139534888;0.22383488372093024;0.23424651162790697;0.2445093023255814;0.2852837209302326;0.210393023255814
2018-07-10T00:00:00.000Z;0.08897674418604652;1.164139534883721;0.08287906976744187;0.1193;0.13603953488372092;0.18301627906976745;0.22921162790697683;0.24678139534883722;0.25658837209302326;0.27095813953488374;0.3230325581395349;0.23756511627906973
2018-07-13T00:00:00.000Z;0.4054651162790698;2.1839069767441863;0.06894883720930232;0.1109;0.12891162790697674;0.17441627906976745;0.21811627906976747;0.2362325581395349;0.237093023255814;0.2591;0.28737209302325584;0.20336976744186047
2018-07-15T00:00:00.000Z;0.28030232558139534;2.105093023255814;0.08803953488372093;0.1253325581395349;0.1437651162790698;0.18914186046511627;0.23688139534883723;0.2577325581395349;0.2602697674418605;0.27948372093023255;0.32378372093023255;0.2425395348837209
2018-07-18T00:00:00.000Z;0.26939534883720934;1.6512325581395348;0.07032093023255814;0.10466976744186048;0.12042558139534884;0.1639139534883721;0.2086418604651163;0.22750232558139538;0.2344186046511628;0.24857441860465115;0.28667674418604655;0.21217906976744186
2018-07-20T00:00:00.000Z;0.37832558139534883;1.385790697674419;0.07144186046511629;0.11741162790697675;0.1403558139534884;0.1900813953488372;0.2386046511627907;0.2557395348837209;0.2620209302325582;0.28036744186046514;0.32457674418604654;0.2341046511627907
2018-07-23T00:00:00.000Z;0.105;1.6499767441860462;0.06923953488372094;0.10058139534883721;0.11585581395348839;0.16083255813953487;0.2013139534883721;0.21807906976744185;0.22308837209302324;0.24025348837209304;0.2809558139534884;0.1963813953488372
2018-07-25T00:00:00.000Z;0.149;1.2119302325581396;0.08482325581395349;0.11934418604651162;0.13644883720930231;0.1817813953488372;0.227246511627907;0.24676279069767443;0.2575953488372093;0.26940000000000003;0.324646511627907;0.24035581395348843
2018-07-28T00:00:00.000Z;0.094;0.9723953488372092;0.07092325581395349;0.10205116279069769;0.11676511627906978;0.1570790697674419;0.19960465116279072;0.21618604651162793;0.2306232558139535;0.2390139534883721;0.28363023255813957;0.20689069767441862
2018-07-30T00:00:00.000Z;0.083;1.196511627906977;0.08218139534883721;0.11917441860465118;0.13754186046511627;0.18315813953488375;0.22589534883720933;0.24195581395348842;0.24997674418604654;0.2655;0.3195162790697675;0.23246744186046514
2018-08-02T00:00:00.000Z;0.11086046511627907;1.7161627906976744;0.07243720930232558;0.10450232558139537;0.11866976744186047;0.16293488372093023;0.2022372093023256;0.21778837209302324;0.22211627906976747;0.23918372093023255;0.27937906976744187;0.19729767441860463
2018-08-04T00:00:00.000Z;0.1873953488372093;1.8431162790697677;0.08448604651162792;0.11864651162790697;0.13625116279069768;0.18419302325581402;0.22575348837209305;0.24576511627906972;0.25056744186046515;0.2699139534883721;0.32440232558139537;0.23823720930232564
2018-08-07T00:00:00.000Z;0.32932558139534884;2.2740232558139537;0.0726325581395349;0.10756279069767445;0.1250790697674419;0.17060697674418604;0.2112558139534884;0.22848837209302325;0.23215348837209304;0.25024418604651166;0.28840930232558143;0.20805348837209303
2018-08-09T00:00:00.000Z;0.06686046511627908;1.7763488372093024;0.07983953488372093;0.11464883720930232;0.1303860465116279;0.17650000000000002;0.21646744186046513;0.2330186046511628;0.2380139534883721;0.257693023255814;0.3028139534883721;0.2164418604651163
2018-08-12T00:00:00.000Z;0.11086046511627907;2.177488372093024;0.06874186046511628;0.10118837209302327;0.11416046511627909;0.15837209302325583;0.1960511627906977;0.21049767441860465;0.21488372093023256;0.23326046511627907;0.2706418604651163;0.18831162790697678
2018-08-14T00:00:00.000Z;0.171;2.081046511627907;0.07926976744186047;0.11453255813953488;0.13056511627906978;0.17894883720930232;0.2198860465116279;0.23900000000000002;0.24333023255813957;0.2639418604651163;0.3142674418604651;0.23039302325581398
2018-08-17T00:00:00.000Z;;;;;;;;;;;;
2018-08-19T00:00:00.000Z;;;;;;;;;;;;
2018-08-22T00:00:00.000Z;0.1873953488372093;2.0342558139534885;0.0652046511627907;0.09873023255813955;0.11184186046511628;0.15730697674418606;0.19521162790697677;0.20982093023255816;0.21296279069767443;0.23203023255813957;0.2678069767441861;0.18619069767441862
2018-08-24T00:00:00.000Z;0.22011627906976744;1.7598139534883719;0.07411395348837209;0.10850232558139537;0.12418372093023257;0.17173953488372093;0.2137232558139535;0.23278837209302325;0.23803023255813957;0.2547139534883721;0.30641162790697685;0.2233093023255814
2018-08-27T00:00:00.000Z;0.19832558139534887;2.081232558139535;0.06345116279069768;0.09323953488372093;0.10543255813953488;0.1518488372093023;0.19168372093023256;0.20842558139534886;0.2143813953488372;0.22946279069767445;0.26695581395348844;0.19006279069767446
2018-08-29T00:00:00.000Z;0.193;2.0825581395348842;0.07083023255813954;0.10790232558139537;0.1238139534883721;0.17195581395348838;0.21306976744186046;0.23030697674418607;0.23052558139534887;0.2537186046511628;0.2979860465116279;0.21227209302325584
2018-09-01T00:00:00.000Z;0.193;2.4063023255813953;0.062293023255813956;0.09561627906976744;0.10732093023255812;0.15457441860465118;0.19155813953488374;0.20618837209302324;0.2087488372093024;0.2289558139534884;0.26163023255813955;0.17986279069767447
2018-09-03T00:00:00.000Z;0.47000000000000003;2.08025;0.0511375;0.0889;0.10985;0.14423750000000002;0.1864125;0.208375;0.21887500000000001;0.234625;0.2752875;0.2
2018-09-06T00:00:00.000Z;;;;;;;;;;;;
2018-09-08T00:00:00.000Z;;;;;;;;;;;;
2018-09-11T00:00:00.000Z;;;;;;;;;;;;
2018-09-13T00:00:00.000Z;0.193;2.165325581395349;0.06750232558139535;0.09873720930232559;0.1068953488372093;0.15338372093023256;0.1997558139534884;0.2169232558139535;0.21847209302325582;0.23543488372093027;0.27535813953488375;0.20197209302325586
2018-09-16T00:00:00.000Z;0.16;2.245214285714286;0.058571428571428566;0.08487857142857144;0.0907;0.13237857142857143;0.17922857142857143;0.19704285714285716;0.20307142857142857;0.21483571428571427;0.23753571428571427;0.1709928571428571
2018-09-18T00:00:00.000Z;;;;;;;;;;;;
2018-09-21T00:00:00.000Z;0.14372093023255814;2.0389534883720932;0.05357906976744187;0.08210697674418604;0.08799069767441861;0.1302767441860465;0.1753511627906977;0.19008372093023257;0.19193488372093026;0.20909767441860463;0.2372325581395349;0.16549069767441862
2018-09-23T00:00:00.000Z;0.16;2.220116279069768;0.06478139534883721;0.09269767441860464;0.10088604651162793;0.14271627906976744;0.1902511627906977;0.20683953488372092;0.20785581395348843;0.2272953488372093;0.2661953488372093;0.19567209302325586
2018-09-26T00:00:00.000Z;;;;;;;;;;;;
2018-09-28T00:00:00.000Z;0.055581395348837215;0.9877906976744187;0.06203953488372094;0.09144186046511628;0.1003046511627907;0.13937441860465116;0.18811162790697677;0.20290232558139534;0.21041162790697682;0.22207441860465116;0.2580023255813954;0.18376279069767446
2018-10-01T00:00:00.000Z;0.16565116279069766;1.5534418604651161;0.05296744186046511;0.07984883720930233;0.08764418604651163;0.12746744186046513;0.17170000000000002;0.18652558139534883;0.1912883720930233;0.20473023255813957;0.22865348837209304;0.1579046511627907
2018-10-03T00:00:00.000Z;0.11086046511627907;1.468906976744186;0.061267441860465115;0.0901;0.09809534883720931;0.13788837209302326;0.1853558139534884;0.2006232558139535;0.20728139534883722;0.2197232558139535;0.25728372093023255;0.18826046511627909
2018-10-06T00:00:00.000Z;0.1327674418604651;1.4543255813953488;0.055395348837209306;0.07987906976744187;0.08708604651162792;0.12459069767441862;0.17035348837209305;0.1858511627906977;0.1925395348837209;0.203493023255814;0.23078372093023256;0.16479767441860463
2018-10-08T00:00:00.000Z;0.127;1.3317674418604653;0.057653488372093026;0.0878093023255814;0.09578837209302327;0.13759302325581396;0.18390232558139533;0.19913488372093024;0.20449767441860464;0.22122093023255818;0.2559511627906977;0.18125581395348841
2018-10-11T00:00:00.000Z;;;;;;;;;;;;
2018-10-13T00:00:00.000Z;0.116;1.833511627906977;0.056983720930232566;0.0846953488372093;0.0912046511627907;0.13236046511627908;0.17884418604651162;0.19373023255813956;0.1979744186046512;0.21293720930232563;0.24774651162790698;0.1781813953488372
2018-10-16T00:00:00.000Z;0.11086046511627907;1.7606046511627909;0.05030232558139535;0.07544418604651164;0.08030000000000001;0.12072790697674418;0.16953953488372092;0.18591627906976746;0.19168372093023256;0.20366744186046512;0.22841162790697683;0.16076976744186047
2018-10-18T00:00:00.000Z;;;;;;;;;;;;
2018-10-21T00:00:00.000Z;;;;;;;;;;;;
2018-10-23T00:00:00.000Z;;;;;;;;;;;;
2018-10-26T00:00:00.000Z;0.14372093023255814;0.8884186046511628;0.02603720930232558;0.04406279069767442;0.047983720930232565;0.07025348837209303;0.1015;0.11153023255813953;0.11699069767441861;0.1219046511627907;0.11733953488372093;0.08650697674418605
2018-10-28T00:00:00.000Z;;;;;;;;;;;;
2018-10-31T00:00:00.000Z;;;;;;;;;;;;
2018-11-02T00:00:00.000Z;;;;;;;;;;;;
2018-11-05T00:00:00.000Z;;;;;;;;;;;;
2018-11-07T00:00:00.000Z;0.08897674418604652;1.4491860465116282;0.04413720930232558;0.07298837209302327;0.07609302325581396;0.11746046511627908;0.16741162790697675;0.1811953488372093;0.1841395348837209;0.19829302325581402;0.21247906976744185;0.14779767441860464
2018-11-10T00:00:00.000Z;;;;;;;;;;;;
2018-11-12T00:00:00.000Z;;;;;;;;;;;;
2018-11-15T00:00:00.000Z;;;;;;;;;;;;
2018-11-17T00:00:00.000Z;;;;;;;;;;;;
2018-11-20T00:00:00.000Z;;;;;;;;;;;;
2018-11-22T00:00:00.000Z;;;;;;;;;;;;
2018-11-25T00:00:00.000Z;0.07797674418604651;1.2868604651162792;0.0371;0.056413953488372096;0.05564418604651163;0.09232093023255812;0.1462860465116279;0.16126279069767446;0.16914883720930232;0.17660697674418604;0.17148837209302326;0.11452558139534884
2018-11-27T00:00:00.000Z;0.08897674418604652;0.550093023255814;0.04272558139534884;0.06705813953488372;0.07077441860465115;0.10712558139534883;0.15769069767441862;0.1720023255813954;0.18476744186046512;0.19003255813953487;0.1847;0.12701627906976745
2018-11-30T00:00:00.000Z;0.07200000000000001;0.7626744186046511;0.03498139534883721;0.05714186046511628;0.058039534883720934;0.09526511627906976;0.14985813953488375;0.1650558139534884;0.17530697674418605;0.18236511627906976;0.1727046511627907;0.1136139534883721
2018-12-02T00:00:00.000Z;;;;;;;;;;;;
2018-12-05T00:00:00.000Z;0.061;0.9398372093023256;0.03529069767441861;0.05498837209302326;0.055502325581395354;0.09000697674418605;0.1453558139534884;0.16133720930232556;0.1725813953488372;0.17677441860465118;0.17263488372093022;0.11646976744186048
2018-12-07T00:00:00.000Z;0.07200000000000001;0.3801860465116279;0.034990697674418605;0.0593046511627907;0.06259302325581396;0.0991093023255814;0.155;0.1696139534883721;0.18321162790697676;0.18780697674418606;0.18512790697674417;0.1241
2018-12-10T00:00:00.000Z;;;;;;;;;;;;
2018-12-12T00:00:00.000Z;0.07797674418604651;0.9215813953488372;0.04598372093023256;0.06426976744186047;0.06485581395348837;0.09973488372093024;0.1577046511627907;0.17426279069767445;0.1824511627906977;0.19157674418604648;0.18798372093023258;0.12887674418604653
2018-12-15T00:00:00.000Z;0.055581395348837215;1.3973255813953487;0.04499302325581396;0.06126976744186046;0.06153488372093024;0.09035813953488372;0.1409139534883721;0.15483953488372093;0.16030232558139537;0.16900697674418605;0.15894418604651162;0.10696279069767445
2018-12-17T00:00:00.000Z;0.07200000000000001;0.45813953488372094;0.03418139534883721;0.05757674418604652;0.06157906976744187;0.09668139534883721;0.15485813953488373;0.16901627906976743;0.18198372093023257;0.18657674418604647;0.182646511627907;0.12245116279069769
2018-12-20T00:00:00.000Z;0.07200000000000001;1.1183255813953488;0.03167674418604651;0.05236976744186046;0.053806976744186046;0.08946976744186047;0.14566976744186047;0.1603325581395349;0.1690558139534884;0.17832558139534885;0.16438372093023257;0.10708604651162791
2018-12-25T00:00:00.000Z;0.055581395348837215;0.5426046511627907;0.041413953488372096;0.05791395348837209;0.05830232558139535;0.08709767441860465;0.14072558139534883;0.1555232558139535;0.16977209302325583;0.17303488372093023;0.15637674418604652;0.10650000000000001
2018-12-27T00:00:00.000Z;0.083;0.6229642857142856;0.03517857142857143;0.06077857142857144;0.06624285714285714;0.10695;0.1603321428571429;0.17685357142857144;0.1845357142857143;0.1980821428571429;0.191425;0.13017857142857142
2018-12-30T00:00:00.000Z;0.07797674418604651;0.6086744186046511;0.03021162790697674;0.05195813953488372;0.05408604651162791;0.08900697674418605;0.14523720930232556;0.16043023255813954;0.17253953488372092;0.1773558139534884;0.16651162790697674;0.10713023255813953
2019-01-01T00:00:00.000Z;0.06686046511627908;0.36013953488372097;0.041825581395348845;0.06038604651162791;0.06349302325581396;0.09619302325581396;0.1535906976744186;0.1695279069767442;0.1861767441860465;0.18891162790697677;0.18339534883720932;0.1269186046511628
2019-01-04T00:00:00.000Z;0.061;0.33513953488372095;0.036411627906976746;0.054753488372093026;0.05709302325581396;0.08899302325581396;0.14552325581395348;0.1609046511627907;0.17863255813953488;0.17833720930232555;0.16792325581395348;0.11357209302325583
2019-01-06T00:00:00.000Z;0.07200000000000001;0.4278372093023256;0.03826046511627907;0.06107906976744187;0.06572558139534884;0.09967441860465116;0.15571860465116283;0.1717279069767442;0.1845558139534884;0.19153255813953488;0.18762790697674417;0.12808372093023257
2019-01-09T00:00:00.000Z;0.061;0.6586046511627907;0.030186046511627904;0.05184883720930233;0.05553255813953489;0.08997906976744187;0.1435953488372093;0.15984883720930232;0.17249767441860464;0.1756906976744186;0.16997209302325583;0.11172093023255812
2019-01-11T00:00:00.000Z;0.07200000000000001;0.2803720930232558;0.04352325581395349;0.06333488372093024;0.06715581395348838;0.09967441860465116;0.1575139534883721;0.17161162790697676;0.18949069767441862;0.18992558139534885;0.18776976744186047;0.13354883720930233
2019-01-16T00:00:00.000Z;0.09997674418604652;0.8520697674418605;0.041530232558139535;0.06346511627906977;0.06863488372093024;0.10401162790697675;0.15604883720930232;0.17092325581395348;0.18011395348837209;0.1909232558139535;0.18814651162790696;0.12797674418604651
2019-01-19T00:00:00.000Z;0.07797674418604651;0.6593488372093024;0.0368046511627907;0.05689069767441861;0.06152325581395349;0.09480232558139537;0.14637674418604651;0.16171627906976743;0.1740604651162791;0.17934651162790696;0.17453953488372093;0.11673720930232556
2019-01-21T00:00:00.000Z;0.07797674418604651;0.6828604651162791;0.043493023255813966;0.06402558139534885;0.06906744186046511;0.10162325581395348;0.15751627906976745;0.17345348837209304;0.18599069767441861;0.19105581395348842;0.1937093023255814;0.1359139534883721
2019-01-24T00:00:00.000Z;;;;;;;;;;;;
2019-01-26T00:00:00.000Z;0.07200000000000001;0.49395348837209296;0.039639534883720934;0.0636046511627907;0.07084651162790698;0.1048046511627907;0.1595953488372093;0.17358604651162793;0.18554651162790697;0.19254883720930233;0.1986744186046512;0.13721162790697675
2019-01-29T00:00:00.000Z;0.08897674418604652;1.1094186046511627;0.043579069767441865;0.06834186046511628;0.07334186046511629;0.11265581395348839;0.17344651162790697;0.18980465116279072;0.19968372093023257;0.21143720930232562;0.20563255813953488;0.1390232558139535
2019-01-31T00:00:00.000Z;;;;;;;;;;;;
2019-02-03T00:00:00.000Z;0.07200000000000001;0.4391860465116279;0.04046744186046512;0.06020697674418605;0.06529069767441861;0.09385116279069769;0.14503488372093024;0.15685813953488373;0.1826604651162791;0.1709209302325581;0.1780046511627907;0.12005348837209304
2019-02-05T00:00:00.000Z;0.07797674418604651;0.8578372093023257;0.04136046511627907;0.06777674418604653;0.0748046511627907;0.10854883720930232;0.16249767441860463;0.17784186046511627;0.18593255813953488;0.1970883720930233;0.2078232558139535;0.14498604651162791
2019-02-08T00:00:00.000Z;0.07200000000000001;0.5398604651162792;0.038630232558139535;0.061500000000000006;0.06692093023255814;0.09930232558139536;0.1493651162790698;0.16508837209302327;0.17813488372093023;0.18243255813953488;0.1862372093023256;0.12581860465116282
2019-02-10T00:00:00.000Z;0.105;0.667953488372093;0.05871860465116279;0.07737674418604652;0.08341627906976744;0.11390697674418605;0.16440000000000002;0.18056744186046514;0.19597209302325586;0.19836511627906978;0.20614883720930238;0.1473558139534884
2019-02-13T00:00:00.000Z;0.07200000000000001;0.4963255813953488;0.0455;0.06576744186046511;0.07273953488372094;0.10413488372093023;0.15847674418604651;0.17458604651162793;0.19281860465116282;0.1942372093023256;0.1996232558139535;0.14158372093023258
2019-02-15T00:00:00.000Z;;;;;;;;;;;;
2019-02-18T00:00:00.000Z;0.1873953488372093;0.8037209302325581;0.06068837209302326;0.08416976744186047;0.09186744186046512;0.12515348837209303;0.17266744186046512;0.18765813953488375;0.1990744186046512;0.20688604651162792;0.20786046511627906;0.14638604651162793
2019-02-20T00:00:00.000Z;0.12186046511627907;0.6738372093023256;0.05462558139534884;0.07507906976744187;0.08341162790697675;0.11523953488372092;0.16746744186046514;0.18325581395348842;0.19692325581395348;0.20483255813953488;0.22079767441860465;0.15893720930232555
2019-02-23T00:00:00.000Z;0.083;0.28248837209302324;0.04678139534883721;0.06754418604651163;0.0749325581395349;0.10524418604651162;0.15622093023255812;0.17192558139534883;0.1900139534883721;0.19021627906976746;0.20296511627906977;0.14456976744186048
2019-02-25T00:00:00.000Z;0.105;0.5205348837209303;0.0494953488372093;0.07538372093023256;0.08556744186046511;0.12012325581395349;0.17113255813953487;0.18816279069767447;0.2003441860465116;0.2088093023255814;0.2265279069767442;0.1606651162790698
2019-02-28T00:00:00.000Z;0.083;0.4393953488372093;0.047997674418604655;0.06996744186046512;0.07785581395348838;0.10734651162790697;0.15396976744186047;0.16881162790697676;0.1821813953488372;0.18726744186046512;0.1954488372093023;0.13826279069767447
2019-03-02T00:00:00.000Z;0.07797674418604651;0.5516744186046512;0.06591395348837209;0.08638604651162791;0.09558604651162793;0.12752093023255812;0.17872790697674418;0.19670232558139533;0.21117906976744186;0.2158046511627907;0.23290465116279072;0.17133488372093023
2019-03-05T00:00:00.000Z;0.127;1.5458372093023256;0.05643720930232559;0.0753139534883721;0.08164651162790698;0.11456744186046514;0.16537674418604653;0.1827232558139535;0.18931627906976745;0.20048837209302328;0.21759534883720932;0.15591162790697674
2019-03-07T00:00:00.000Z;0.05;0.5526744186046512;0.0604;0.08593720930232558;0.09674651162790698;0.1302;0.1807790697674419;0.197393023255814;0.21069767441860465;0.21910000000000002;0.24190930232558142;0.17272558139534883
2019-03-10T00:00:00.000Z;0.07797674418604651;0.9506744186046513;0.049232558139534886;0.07272093023255814;0.08130232558139536;0.11433953488372092;0.16079767441860462;0.17652325581395348;0.1877953488372093;0.19513023255813955;0.21488372093023256;0.1495093023255814
2019-03-12T00:00:00.000Z;0.116;0.8606279069767442;0.061239534883720935;0.08461860465116279;0.0958813953488372;0.12937674418604653;0.1802860465116279;0.1986860465116279;0.21014883720930239;0.2190116279069768;0.2476046511627907;0.1793046511627907
2019-03-15T00:00:00.000Z;0.07797674418604651;0.6225116279069768;0.051523255813953485;0.07426744186046512;0.08446046511627907;0.11583023255813954;0.1644046511627907;0.18041627906976745;0.1960046511627907;0.19824651162790696;0.22428837209302324;0.1612046511627907
2019-03-17T00:00:00.000Z;0.12186046511627907;0.7004186046511628;0.05923488372093024;0.08657209302325582;0.09983023255813954;0.1344046511627907;0.18352558139534883;0.19916511627906977;0.21077441860465115;0.2197139534883721;0.25363488372093024;0.18254186046511628
2019-03-20T00:00:00.000Z;;;;;;;;;;;;
2019-03-22T00:00:00.000Z;0.116;0.9862666666666667;0.137;0.15270666666666666;0.16851333333333335;0.19646;0.22971999999999998;0.24506666666666665;0.22566666666666665;0.2592266666666667;0.26952;0.22704666666666667
2019-03-25T00:00:00.000Z;0.08897674418604652;0.6310232558139535;0.05847209302325581;0.08224651162790698;0.09337674418604652;0.12497209302325582;0.1720186046511628;0.1888209302325581;0.2041953488372093;0.20797209302325584;0.2365232558139535;0.17108372093023258
2019-03-27T00:00:00.000Z;0.14372093023255814;0.4239069767441861;0.06143023255813954;0.0913953488372093;0.10605348837209304;0.14167674418604653;0.1916325581395349;0.20812093023255818;0.22334186046511628;0.23018372093023254;0.26474883720930237;0.1901372093023256
2019-03-30T00:00:00.000Z;0.19832558139534887;1.0460232558139537;0.05031627906976744;0.0789046511627907;0.09105581395348836;0.12832558139534883;0.1741232558139535;0.1898744186046512;0.20034883720930233;0.21029302325581398;0.23738372093023255;0.1657093023255814
2019-04-01T00:00:00.000Z;;;;;;;;;;;;
2019-04-04T00:00:00.000Z;0.08897674418604652;0.5286976744186046;0.054400000000000004;0.0800093023255814;0.08963023255813954;0.12324418604651162;0.1708953488372093;0.18536744186046514;0.2024558139534884;0.20439767441860465;0.23316279069767443;0.16919534883720933
2019-04-06T00:00:00.000Z;;;;;;;;;;;;
2019-04-09T00:00:00.000Z;0.105;0.7435581395348837;0.05766046511627907;0.08120232558139535;0.0878093023255814;0.12460232558139538;0.17242325581395349;0.1859604651162791;0.198893023255814;0.2067093023255814;0.2232186046511628;0.15073953488372094
2019-04-11T00:00:00.000Z;0.116;0.6688837209302326;0.06526511627906977;0.0920511627906977;0.10363255813953488;0.14096046511627908;0.19151860465116283;0.20897906976744185;0.22336511627906971;0.23121860465116278;0.26406279069767447;0.19275348837209305
2019-04-14T00:00:00.000Z;0.055581395348837215;1.1979069767441861;0.06198604651162791;0.08394186046511629;0.09263023255813954;0.1224813953488372;0.16729069767441862;0.1819953488372093;0.18913953488372087;0.1987558139534884;0.22093023255813957;0.1635418604651163
2019-04-16T00:00:00.000Z;0.127;0.5728372093023256;0.06582558139534885;0.09842558139534885;0.11241627906976745;0.15093255813953488;0.2036418604651163;0.22018837209302325;0.23264418604651166;0.2426186046511628;0.28173488372093025;0.20420000000000002
2019-04-19T00:00:00.000Z;;;;;;;;;;;;
2019-04-21T00:00:00.000Z;;;;;;;;;;;;
2019-04-24T00:00:00.000Z;0.116;1.1230232558139537;0.05683255813953489;0.08175581395348837;0.08983023255813954;0.12530232558139537;0.1745813953488372;0.19022558139534884;0.20129767441860463;0.20911162790697682;0.2350186046511628;0.17034418604651164
2019-04-26T00:00:00.000Z;0.12186046511627907;0.7298837209302326;0.06627209302325582;0.09732558139534885;0.1093953488372093;0.1488186046511628;0.20101627906976743;0.21698139534883723;0.2269093023255814;0.23683953488372092;0.2767953488372093;0.20223488372093026
2019-04-29T00:00:00.000Z;0.1327674418604651;1.1118837209302326;0.06598604651162791;0.09396744186046513;0.1038046511627907;0.14121860465116282;0.1912418604651163;0.20977674418604653;0.21806511627906972;0.22943720930232564;0.25674651162790696;0.1859511627906977
2019-05-01T00:00:00.000Z;;;;;;;;;;;;
2019-05-04T00:00:00.000Z;0.094;0.7256046511627907;0.06202325581395349;0.08851162790697674;0.09853023255813954;0.1334604651162791;0.18618372093023258;0.20267674418604648;0.2163488372093024;0.22137209302325583;0.25569767441860464;0.19147209302325585
2019-05-06T00:00:00.000Z;;;;;;;;;;;;
2019-05-09T00:00:00.000Z;0.12186046511627907;1.9138837209302328;0.07757209302325581;0.10434418604651162;0.11211627906976744;0.15426279069767446;0.20938372093023255;0.22768837209302326;0.23056744186046513;0.24916279069767444;0.2765488372093024;0.19884883720930233
2019-05-11T00:00:00.000Z;0.116;1.5763720930232554;0.07874186046511629;0.10833953488372093;0.11951162790697675;0.1597953488372093;0.21449302325581399;0.23399069767441863;0.2408023255813954;0.25424186046511627;0.3018255813953489;0.22812790697674418
2019-05-14T00:00:00.000Z;0.08897674418604652;0.8282790697674419;0.06576744186046511;0.09329767441860465;0.1034;0.13913953488372094;0.19272558139534884;0.21031627906976746;0.2244279069767442;0.22947209302325583;0.26206279069767446;0.1955
2019-05-16T00:00:00.000Z;0.16;1.460906976744186;0.07803488372093025;0.11077441860465118;0.12308604651162791;0.16684883720930233;0.2211232558139535;0.23870000000000002;0.2442860465116279;0.26106046511627906;0.30146046511627905;0.22202558139534886
2019-05-19T00:00:00.000Z;0.055581395348837215;0.829953488372093;0.07859534883720931;0.10553720930232556;0.11466976744186047;0.15344651162790698;0.21042790697674418;0.2266395348837209;0.24000000000000002;0.24816279069767444;0.27305581395348844;0.1948744186046512
2019-05-24T00:00:00.000Z;;;;;;;;;;;;
2019-05-26T00:00:00.000Z;0.083;1.3666744186046513;0.0814046511627907;0.11629534883720931;0.12921627906976743;0.1739697674418605;0.2306232558139535;0.24791627906976746;0.2536139534883721;0.2702325581395349;0.31743023255813957;0.23560930232558142
2019-05-29T00:00:00.000Z;0.094;0.884279069767442;0.06426744186046511;0.09483023255813955;0.10599767441860464;0.14461860465116283;0.19633255813953487;0.21380000000000002;0.2248139534883721;0.23397906976744184;0.2655418604651163;0.19250232558139532
2019-05-31T00:00:00.000Z;0.127;1.0134186046511628;0.08199767441860466;0.11391627906976744;0.12803255813953487;0.16899767441860464;0.22619069767441863;0.24448139534883723;0.2552604651162791;0.26566511627906975;0.31288372093023253;0.2380488372093024
2019-06-03T00:00:00.000Z;0.127;1.2785813953488374;0.07355116279069768;0.10160232558139537;0.11212093023255812;0.15064186046511627;0.2025232558139535;0.22075116279069767;0.23053488372093026;0.2405651162790697;0.27605348837209304;0.20680697674418608
2019-06-05T00:00:00.000Z;;;;;;;;;;;;
2019-06-08T00:00:00.000Z;0.1874047619047619;1.563214285714286;0.1371857142857143;0.1732142857142857;0.19747142857142858;0.24242857142857144;0.28733333333333333;0.30646666666666667;0.2866095238095238;0.32811904761904764;0.3131119047619048;0.22846666666666665
2019-06-13T00:00:00.000Z;0.23106976744186047;1.9312093023255812;0.07267209302325581;0.10275581395348839;0.11719069767441861;0.15657441860465118;0.2064232558139535;0.22438372093023254;0.22964186046511628;0.244593023255814;0.28127441860465113;0.20888139534883723
2019-06-15T00:00:00.000Z;0.05;0.7203023255813954;0.08234651162790699;0.11677674418604653;0.1342139534883721;0.17678837209302325;0.22631627906976748;0.24358372093023256;0.25635813953488373;0.2666558139534884;0.31797209302325585;0.23643023255813955
2019-06-18T00:00:00.000Z;0.11086046511627907;1.0143488372093024;0.06711860465116279;0.09886744186046513;0.11382093023255811;0.15323720930232557;0.19864651162790697;0.2166139534883721;0.22617674418604652;0.23751627906976747;0.2770186046511628;0.1984093023255814
2019-06-20T00:00:00.000Z;0.11086046511627907;1.1126976744186048;0.08554651162790698;0.12010000000000001;0.13646046511627907;0.17748372093023257;0.22766279069767445;0.24785813953488375;0.259093023255814;0.2698395348837209;0.32454418604651164;0.24558139534883722
2019-06-23T00:00:00.000Z;0.14372093023255814;1.3652790697674417;0.07081627906976744;0.10192558139534885;0.11689302325581397;0.15677209302325582;0.20225116279069769;0.21957441860465116;0.22878139534883724;0.24116976744186047;0.28421162790697685;0.21144883720930238
2019-06-25T00:00:00.000Z;0.1327674418604651;1.6304418604651163;0.08363953488372093;0.12004883720930232;0.13776976744186048;0.1824093023255814;0.22723023255813957;0.24442093023255818;0.2498186046511628;0.2685209302325582;0.32339069767441864;0.23665116279069767
2019-06-28T00:00:00.000Z;0.17646511627906977;1.3437441860465118;0.07204418604651164;0.10519302325581396;0.12156511627906978;0.1614953488372093;0.20240697674418606;0.21935813953488373;0.22767906976744184;0.2417860465116279;0.28067209302325585;0.20050232558139533
2019-06-30T00:00:00.000Z;0.17646511627906977;1.0790465116279069;0.0875953488372093;0.12121860465116281;0.13986511627906978;0.18124883720930232;0.22753953488372092;0.24586976744186045;0.2585139534883721;0.26958139534883724;0.32507441860465114;0.2452
2019-07-03T00:00:00.000Z;0.16;1.3503953488372091;0.07046976744186047;0.1005720930232558;0.11724651162790697;0.1570046511627907;0.20081860465116283;0.21837441860465115;0.22820000000000001;0.2405023255813954;0.2869186046511628;0.21063953488372092
2019-07-05T00:00:00.000Z;0.28030232558139534;1.9629534883720932;0.07710232558139535;0.1188511627906977;0.1397139534883721;0.18586511627906976;0.2284023255813954;0.24613488372093026;0.24960000000000002;0.27236744186046513;0.32447906976744184;0.2334860465116279
2019-07-08T00:00:00.000Z;;;;;;;;;;;;
2019-07-10T00:00:00.000Z;0.127;1.3632790697674417;0.08667674418604653;0.12050697674418605;0.1392325581395349;0.1818139534883721;0.22850232558139538;0.24516744186046513;0.2544186046511628;0.26717441860465113;0.32615348837209307;0.24372790697674418
2019-07-13T00:00:00.000Z;0.525;1.618;0.046771428571428575;0.08208571428571429;0.09620000000000001;0.1405571428571429;0.1951142857142857;0.22870000000000001;0.21931428571428574;0.26258571428571426;0.25875714285714285;0.2089
2019-07-15T00:00:00.000Z;0.127;1.916139534883721;0.0797953488372093;0.11883953488372093;0.13953953488372092;0.1876488372093023;0.2276116279069768;0.2449046511627907;0.24853488372093027;0.2707418604651163;0.32893488372093027;0.23702558139534888
2019-07-18T00:00:00.000Z;0.11086046511627907;2.003;0.07325581395348837;0.10488604651162792;0.12078372093023257;0.16323023255813954;0.2003046511627907;0.21511627906976746;0.2187906976744186;0.23863023255813956;0.2808441860465117;0.1967046511627907
2019-07-20T00:00:00.000Z;0.4160697674418605;2.188023255813954;0.08495348837209303;0.12515348837209303;0.14741860465116283;0.19295348837209303;0.2368;0.25775116279069765;0.2603395348837209;0.28042558139534884;0.3297;0.24227674418604653
2019-07-23T00:00:00.000Z;0.3075581395348837;1.6645348837209304;0.06851860465116279;0.10234186046511629;0.12169069767441862;0.1635511627906977;0.20485116279069768;0.2222046511627907;0.22944186046511628;0.24345348837209305;0.28686744186046514;0.20808837209302325
2019-07-25T00:00:00.000Z;0.22011627906976744;1.6414651162790697;0.07962093023255813;0.11874883720930232;0.13993023255813952;0.18632790697674417;0.22765348837209304;0.24394883720930238;0.2489139534883721;0.26782093023255815;0.3220837209302326;0.23207674418604654
2019-07-28T00:00:00.000Z;;;;;;;;;;;;
2019-07-30T00:00:00.000Z;0.1873953488372093;1.3695116279069768;0.0852046511627907;0.11997674418604652;0.14052093023255813;0.18498372093023258;0.22584418604651166;0.24530000000000002;0.25310930232558143;0.26777906976744187;0.31869767441860464;0.23424651162790697
2019-08-02T00:00:00.000Z;0.09997674418604652;1.857906976744186;0.07364651162790697;0.10234883720930232;0.11982558139534884;0.1613209302325581;0.19864883720930232;0.2155325581395349;0.22136279069767445;0.23720000000000002;0.28145813953488374;0.20233023255813956
2019-08-04T00:00:00.000Z;0.22572093023255813;1.535441860465116;0.07617906976744186;0.11393953488372092;0.1363906976744186;0.18348604651162792;0.22335348837209304;0.24051627906976747;0.24666744186046513;0.26466279069767445;0.3174581395348837;0.22528372093023255
2019-08-07T00:00:00.000Z;;;;;;;;;;;;
2019-08-09T00:00:00.000Z;0.061;0.6397906976744187;0.08321860465116279;0.11736744186046513;0.1379325581395349;0.17926046511627908;0.21961860465116279;0.23699302325581398;0.25435581395348844;0.2621069767441861;0.31365348837209306;0.22886046511627905
2019-08-12T00:00:00.000Z;0.182;0.913;0.08823;0.08863;0.1075;0.14446;0.1713;0.18674000000000002;0.16942000000000002;0.19879000000000002;0.21048000000000003;0.15106
2019-08-14T00:00:00.000Z;0.21486046511627907;1.847186046511628;0.07505581395348837;0.11322093023255812;0.13489767441860465;0.18500232558139534;0.2232139534883721;0.23759767441860463;0.2421046511627907;0.26332093023255815;0.3129093023255814;0.22054651162790698
2019-08-17T00:00:00.000Z;0.23665116279069767;1.890441860465116;0.060079069767441866;0.09552093023255813;0.11337209302325582;0.16109767441860465;0.1974093023255814;0.21153488372093027;0.21708372093023254;0.2350488372093024;0.27433488372093023;0.1873860465116279
2019-08-19T00:00:00.000Z;0.23665116279069767;1.738511627906977;0.07622093023255813;0.11258837209302326;0.13278837209302327;0.18061627906976746;0.22007209302325584;0.23916279069767443;0.24403720930232564;0.26059767441860465;0.3133418604651163;0.2267186046511628
2019-08-22T00:00:00.000Z;0.23106976744186047;1.740046511627907;0.05864186046511628;0.09153720930232559;0.1071046511627907;0.15267441860465117;0.19083488372093024;0.2063232558139535;0.2145116279069768;0.2274558139534884;0.26308139534883723;0.18659534883720932
2019-08-24T00:00:00.000Z;0.22011627906976744;1.1844186046511627;0.06766279069767442;0.1056046511627907;0.12323023255813953;0.17291627906976745;0.21250232558139537;0.22761627906976747;0.2369232558139535;0.2531232558139535;0.2981488372093024;0.21072790697674418
2019-08-27T00:00:00.000Z;0.4381627906976744;1.965953488372093;0.05379534883720931;0.0922046511627907;0.10563488372093023;0.15714186046511627;0.19822558139534885;0.21365116279069768;0.2163395348837209;0.23689069767441862;0.2669139534883721;0.18188837209302328
2019-08-29T00:00:00.000Z;;;;;;;;;;;;
2019-09-01T00:00:00.000Z;0.21486046511627907;2.0772093023255818;0.060597674418604655;0.0909046511627907;0.1045046511627907;0.14885348837209303;0.1867883720930233;0.20269767441860465;0.20824186046511628;0.2243116279069768;0.2637069767441861;0.18926279069767446
2019-09-03T00:00:00.000Z;0.26395348837209304;2.275325581395349;0.06529767441860465;0.10299069767441861;0.11995348837209303;0.16884883720930233;0.2089395348837209;0.22420697674418608;0.2240953488372093;0.24657209302325583;0.2931488372093024;0.20729534883720932
2019-09-06T00:00:00.000Z;;;;;;;;;;;;
2019-09-08T00:00:00.000Z;;;;;;;;;;;;
2019-09-11T00:00:00.000Z;;;;;;;;;;;;
2019-09-13T00:00:00.000Z;;;;;;;;;;;;
2019-09-16T00:00:00.000Z;;;;;;;;;;;;
2019-09-18T00:00:00.000Z;0.2092093023255814;1.8267674418604647;0.05811627906976744;0.08708837209302327;0.09594651162790699;0.1385093023255814;0.18506511627906977;0.20129767441860463;0.20485813953488374;0.21922790697674419;0.25265348837209306;0.18151860465116282
2019-09-21T00:00:00.000Z;;;;;;;;;;;;
2019-09-26T00:00:00.000Z;0.116;1.9006744186046514;0.04939767441860465;0.07662558139534885;0.08453953488372094;0.12351860465116281;0.16985348837209305;0.18487209302325586;0.18711162790697677;0.20193023255813955;0.2274488372093024;0.15820697674418605
2019-09-28T00:00:00.000Z;;;;;;;;;;;;
2019-10-01T00:00:00.000Z;0.12186046511627907;1.329906976744186;0.053083720930232565;0.07677441860465116;0.08395116279069768;0.1185953488372093;0.16703255813953488;0.1829953488372093;0.19192093023255813;0.20032790697674416;0.22664651162790697;0.16177441860465117
2019-10-03T00:00:00.000Z;0.127;0.933;0.05412325581395348;0.0842093023255814;0.09387906976744188;0.13239302325581395;0.18255348837209304;0.1988139534883721;0.20646511627906972;0.21858372093023254;0.24817674418604652;0.17570232558139537
2019-10-06T00:00:00.000Z;0.116;1.262139534883721;0.047320930232558144;0.07438604651162792;0.08158604651162792;0.11724883720930232;0.16557674418604654;0.1822372093023256;0.18931162790697678;0.20013953488372088;0.21976744186046512;0.15053023255813955
2019-10-08T00:00:00.000Z;0.138;2.244186046511628;0.05801162790697675;0.08188372093023256;0.08984418604651163;0.12816279069767444;0.1792860465116279;0.19848372093023256;0.20033488372093025;0.21824418604651166;0.24460697674418608;0.17563953488372092
2019-10-11T00:00:00.000Z;0.105;1.6592105263157895;0.0604;0.08303157894736841;0.09007894736842105;0.12679473684210527;0.1825578947368421;0.1994263157894737;0.20230526315789477;0.21695789473684213;0.23450000000000001;0.1678105263157895
2019-10-13T00:00:00.000Z;0.15458139534883722;1.4953255813953488;0.05075813953488372;0.07888837209302327;0.08808837209302327;0.1263860465116279;0.1780023255813954;0.19450232558139532;0.19790232558139534;0.21462558139534887;0.2396906976744186;0.16644186046511628
2019-10-16T00:00:00.000Z;0.09997674418604652;1.014720930232558;0.04247906976744186;0.06775116279069768;0.0743953488372093;0.1098953488372093;0.16065348837209303;0.17621627906976745;0.18608837209302329;0.19473023255813957;0.2081186046511628;0.14020697674418606
2019-10-18T00:00:00.000Z;;;;;;;;;;;;
2019-10-21T00:00:00.000Z;0.14372093023255814;1.0816046511627908;0.04544418604651163;0.0684093023255814;0.07394418604651164;0.10872790697674418;0.1645279069767442;0.1820325581395349;0.19371162790697677;0.19983488372093025;0.20920232558139537;0.14351162790697675
2019-10-23T00:00:00.000Z;;;;;;;;;;;;
2019-10-26T00:00:00.000Z;0.09997674418604652;0.9709767441860464;0.03542558139534884;0.05973255813953489;0.06486744186046511;0.09976976744186046;0.15380000000000002;0.16823488372093023;0.17814418604651164;0.1868139534883721;0.18918372093023256;0.1254604651162791
2019-10-28T00:00:00.000Z;;;;;;;;;;;;
2019-10-31T00:00:00.000Z;;;;;;;;;;;;
2019-11-02T00:00:00.000Z;0.138;1.6262790697674419;0.06107441860465116;0.08587209302325581;0.08896511627906976;0.12714651162790697;0.1911325581395349;0.21063953488372092;0.2166279069767442;0.2310093023255814;0.24394883720930238;0.16464883720930232
2019-11-05T00:00:00.000Z;0.09997674418604652;0.8365116279069768;0.04372790697674419;0.06688372093023257;0.06988372093023257;0.10654186046511628;0.1664651162790698;0.1814;0.1939953488372093;0.20197674418604647;0.19896511627906976;0.13177441860465117
2019-11-07T00:00:00.000Z;0.11086046511627907;1.5230232558139538;0.05379069767441861;0.0746;0.07834883720930233;0.11419302325581396;0.1783790697674419;0.19858604651162792;0.2041906976744186;0.21903720930232562;0.2243325581395349;0.155946511627907
2019-11-10T00:00:00.000Z;0.11086046511627907;0.6557674418604652;0.0423953488372093;0.06231395348837209;0.06548139534883722;0.0984186046511628;0.15773255813953488;0.17423488372093024;0.18990697674418605;0.1934139534883721;0.1887790697674419;0.12880697674418606
2019-11-12T00:00:00.000Z;0.094;0.8892325581395348;0.038562790697674425;0.0647860465116279;0.06956976744186047;0.10449767441860464;0.1633;0.1786;0.18666976744186048;0.19628372093023258;0.20056279069767446;0.13762093023255811
2019-11-15T00:00:00.000Z;;;;;;;;;;;;
2019-11-17T00:00:00.000Z;0.09997674418604652;1.1889534883720931;0.05059302325581396;0.07185116279069768;0.07539767441860465;0.11248837209302326;0.17603023255813954;0.1949232558139535;0.20246511627906977;0.21493488372093025;0.21405116279069766;0.14941860465116283
2019-11-20T00:00:00.000Z;;;;;;;;;;;;
2019-11-22T00:00:00.000Z;;;;;;;;;;;;
2019-11-25T00:00:00.000Z;0.05589285714285715;1.215357142857143;0.06206785714285715;0.07753571428571429;0.07482142857142857;0.1092821428571429;0.16137142857142858;0.174425;0.1767642857142857;0.19054642857142856;0.1750357142857143;0.11867857142857142
2019-11-27T00:00:00.000Z;;;;;;;;;;;;
2019-11-30T00:00:00.000Z;0.07797674418604651;1.407790697674419;0.034041860465116286;0.0537046511627907;0.05455581395348837;0.08826976744186046;0.14763720930232554;0.16477441860465117;0.17153953488372092;0.18046279069767446;0.17139302325581396;0.11283953488372092
2019-12-02T00:00:00.000Z;;;;;;;;;;;;
2019-12-05T00:00:00.000Z;;;;;;;;;;;;
2019-12-07T00:00:00.000Z;0.138;1.3542790697674418;0.03704418604651163;0.05407209302325581;0.05627441860465116;0.08946279069767442;0.14952790697674417;0.16513720930232556;0.17105116279069768;0.1823093023255814;0.16834883720930233;0.1115511627906977
2019-12-10T00:00:00.000Z;0.06686046511627908;0.37890697674418605;0.033316279069767446;0.05121627906976744;0.05254651162790698;0.08245116279069768;0.14208372093023258;0.1583093023255814;0.17509767441860463;0.17438372093023258;0.1617767441860465;0.10698372093023256
2019-12-12T00:00:00.000Z;0.105;0.8963488372093024;0.03381860465116279;0.05659069767441861;0.05863953488372094;0.09340232558139537;0.14998372093023257;0.1656;0.17257441860465117;0.18275581395348842;0.17346511627906977;0.11515581395348838
2019-12-15T00:00:00.000Z;0.07200000000000001;0.8940465116279069;0.02952093023255814;0.050897674418604655;0.052553488372093025;0.08523488372093024;0.1438232558139535;0.15936744186046514;0.16891627906976744;0.17538372093023258;0.16239302325581395;0.1034232558139535
2019-12-17T00:00:00.000Z;;;;;;;;;;;;
2019-12-20T00:00:00.000Z;;;;;;;;;;;;
2019-12-22T00:00:00.000Z;0.083;1.2128837209302326;0.03294883720930233;0.05530930232558139;0.057644186046511635;0.0924186046511628;0.15065348837209305;0.16779767441860463;0.17199534883720932;0.18692093023255812;0.17809069767441862;0.11842790697674418
2019-12-25T00:00:00.000Z;0.061;0.5071162790697674;0.02713488372093023;0.047106976744186055;0.049793023255813966;0.08006976744186046;0.14085348837209305;0.15633720930232556;0.17040465116279072;0.17433255813953488;0.15773720930232557;0.10046511627906977
2019-12-27T00:00:00.000Z;0.09997674418604652;1.0753953488372092;0.0425046511627907;0.058339534883720935;0.06135813953488372;0.0913906976744186;0.14655581395348838;0.1626139534883721;0.17008604651162793;0.17964186046511627;0.16553720930232557;0.11348837209302326
2019-12-30T00:00:00.000Z;;;;;;;;;;;;
2020-01-01T00:00:00.000Z;0.07200000000000001;0.4080930232558139;0.03865348837209302;0.05785581395348837;0.060165116279069765;0.09374883720930231;0.15154651162790697;0.16857209302325582;0.1809093023255814;0.1860906976744186;0.17870697674418606;0.12797441860465117
2020-01-04T00:00:00.000Z;0.116;0.8154883720930233;0.0341046511627907;0.05029069767441861;0.052481395348837216;0.08392558139534885;0.14084186046511626;0.15680232558139537;0.16572093023255813;0.1730093023255814;0.15781860465116282;0.10066279069767442
2020-01-06T00:00:00.000Z;0.083;0.546;0.03872093023255814;0.05516279069767442;0.05784186046511628;0.08626046511627908;0.14575813953488373;0.1634279069767442;0.17644186046511628;0.18000697674418606;0.17191860465116282;0.11621627906976745
2020-01-09T00:00:00.000Z;0.09997674418604652;1.0198372093023256;0.04887209302325582;0.06589069767441862;0.06663720930232558;0.09840697674418605;0.15505348837209304;0.1726906976744186;0.18092558139534884;0.1884186046511628;0.17658372093023256;0.11799302325581396
2020-01-11T00:00:00.000Z;0.08897674418604652;0.7228837209302326;0.03473255813953488;0.05729069767441861;0.061204651162790696;0.09507441860465116;0.1514418604651163;0.16621627906976744;0.17737441860465117;0.1847418604651163;0.18282093023255813;0.12426976744186048
2020-01-14T00:00:00.000Z;0.07200000000000001;0.2862790697674419;0.02924883720930233;0.04908139534883721;0.053127906976744195;0.08349534883720931;0.1399651162790698;0.15422093023255812;0.1716139534883721;0.17243720930232556;0.1616279069767442;0.10580232558139538
2020-01-16T00:00:00.000Z;0.09997674418604652;0.8534186046511628;0.041632558139534884;0.05914186046511628;0.0634093023255814;0.09526744186046512;0.15374883720930232;0.17033255813953488;0.1799558139534884;0.18699302325581402;0.18481627906976744;0.12765348837209303
2020-01-19T00:00:00.000Z;;;;;;;;;;;;
2020-01-21T00:00:00.000Z;;;;;;;;;;;;
2020-01-24T00:00:00.000Z;;;;;;;;;;;;
2020-01-26T00:00:00.000Z;0.116;0.9766774193548388;0.052987096774193554;0.06903548387096775;0.06959032258064517;0.10863225806451612;0.17460645161290322;0.19525161290322582;0.20137741935483872;0.21273870967741937;0.19760967741935484;0.12870645161290323
2020-01-29T00:00:00.000Z;;;;;;;;;;;;
2020-01-31T00:00:00.000Z;0.094;1.576290322580645;0.009774193548387097;0.014893548387096774;0.013596774193548388;0.022219354838709682;0.035683870967741935;0.038703225806451615;0.039016129032258075;0.04203225806451613;0.04124193548387097;0.028764516129032257
2020-02-03T00:00:00.000Z;0.083;0.629;0.037769767441860475;0.05990697674418605;0.06339069767441861;0.09320697674418604;0.14553953488372093;0.16139767441860464;0.17455348837209303;0.17852558139534885;0.17616511627906978;0.11807209302325583
2020-02-05T00:00:00.000Z;;;;;;;;;;;;
2020-02-08T00:00:00.000Z;;;;;;;;;;;;
2020-02-10T00:00:00.000Z;0.09997674418604652;1.500813953488372;0.038620930232558144;0.06116279069767442;0.06746744186046512;0.10026744186046513;0.1545790697674419;0.1714906976744186;0.17503720930232555;0.1895790697674419;0.19906744186046513;0.13822093023255813
2020-02-13T00:00:00.000Z;0.12140000000000001;1.1781;0.0765;0.09192000000000002;0.09478;0.12299000000000002;0.17433;0.19218000000000002;0.20848000000000003;0.21064000000000002;0.21328000000000003;0.14992000000000003
2020-02-15T00:00:00.000Z;0.116;1.0965348837209303;0.04966511627906977;0.06742558139534885;0.0721093023255814;0.10256279069767446;0.15941627906976744;0.17737441860465117;0.1854093023255814;0.19315813953488373;0.20481162790697682;0.1452860465116279
2020-02-18T00:00:00.000Z;;;;;;;;;;;;
2020-02-20T00:00:00.000Z;0.11086046511627907;0.456;0.04258372093023256;0.0665953488372093;0.07296744186046511;0.10450232558139537;0.15977209302325582;0.1774813953488372;0.1898325581395349;0.19605348837209305;0.2059139534883721;0.1436511627906977
2020-02-23T00:00:00.000Z;0.08897674418604652;0.42351162790697683;0.03615116279069768;0.05823255813953489;0.0636046511627907;0.09273953488372093;0.14792790697674418;0.16169069767441863;0.1766139534883721;0.1811046511627907;0.18668604651162793;0.1268139534883721
2020-02-25T00:00:00.000Z;0.1327674418604651;0.6598604651162792;0.05228372093023256;0.07290697674418604;0.07819069767441861;0.11107209302325582;0.17054418604651161;0.1895744186046512;0.2014744186046512;0.2097116279069768;0.22055813953488373;0.15749767441860463
2020-02-28T00:00:00.000Z;0.11086046511627907;0.6026744186046511;0.06673720930232559;0.08529302325581396;0.09038837209302326;0.11735813953488373;0.16812558139534883;0.18426744186046512;0.1974139534883721;0.19882558139534884;0.2027790697674419;0.14716744186046513
2020-03-01T00:00:00.000Z;;;;;;;;;;;;
2020-03-04T00:00:00.000Z;;;;;;;;;;;;
2020-03-06T00:00:00.000Z;;;;;;;;;;;;
2020-03-09T00:00:00.000Z;;;;;;;;;;;;
2020-03-11T00:00:00.000Z;0.127;1.1874883720930232;0.04955348837209302;0.07490930232558139;0.0845953488372093;0.1178906976744186;0.1739697674418605;0.1901488372093023;0.19639767441860465;0.208893023255814;0.23406511627906973;0.1665186046511628
2020-03-14T00:00:00.000Z;0.094;1.2866976744186047;0.0629;0.08349302325581395;0.08937441860465116;0.12073488372093023;0.17090465116279072;0.18645348837209305;0.19293023255813957;0.20450232558139533;0.21247441860465116;0.14811627906976743
2020-03-16T00:00:00.000Z;;;;;;;;;;;;
2020-03-19T00:00:00.000Z;;;;;;;;;;;;
2020-03-21T00:00:00.000Z;;;;;;;;;;;;
2020-03-24T00:00:00.000Z;;;;;;;;;;;;
2020-03-26T00:00:00.000Z;0.19832558139534887;0.4192093023255814;0.049530232558139535;0.07445116279069768;0.08172093023255814;0.11492093023255812;0.17202558139534885;0.18862558139534885;0.20557674418604652;0.20897674418604653;0.22602558139534887;0.16013720930232556
2020-03-29T00:00:00.000Z;0.14372093023255814;0.9938604651162792;0.04728837209302326;0.06872558139534884;0.07383720930232558;0.10527209302325582;0.15927674418604654;0.17514418604651164;0.18570697674418604;0.19289767441860464;0.2081046511627907;0.14635116279069768
2020-03-31T00:00:00.000Z;;;;;;;;;;;;
2020-04-03T00:00:00.000Z;;;;;;;;;;;;
2020-04-05T00:00:00.000Z;0.193;1.2734418604651163;0.05839069767441861;0.08344883720930232;0.08988604651162792;0.12639534883720932;0.18356511627906977;0.20249534883720932;0.20971627906976748;0.2214139534883721;0.24787209302325583;0.17970697674418606
2020-04-08T00:00:00.000Z;0.17646511627906977;1.2989767441860463;0.05341627906976744;0.07608837209302326;0.0810046511627907;0.11776279069767445;0.1750558139534884;0.19181627906976745;0.2000744186046512;0.2100279069767442;0.22986744186046512;0.16596976744186048
2020-04-10T00:00:00.000Z;;;;;;;;;;;;
2020-04-13T00:00:00.000Z;0.23665116279069767;1.4103720930232555;0.04671162790697674;0.07156976744186046;0.0780093023255814;0.11824186046511627;0.17686976744186048;0.1955046511627907;0.1926139534883721;0.21626744186046512;0.2193488372093024;0.15115116279069768
2020-04-15T00:00:00.000Z;;;;;;;;;;;;
2020-04-18T00:00:00.000Z;;;;;;;;;;;;
2020-04-20T00:00:00.000Z;;;;;;;;;;;;
2020-04-23T00:00:00.000Z;;;;;;;;;;;;
2020-04-25T00:00:00.000Z;;;;;;;;;;;;
2020-04-28T00:00:00.000Z;;;;;;;;;;;;
2020-04-30T00:00:00.000Z;0.15458139534883722;1.2146046511627908;0.07092558139534885;0.10011395348837208;0.10670232558139538;0.1459232558139535;0.2051;0.22210697674418609;0.22893023255813957;0.2431279069767442;0.27664418604651164;0.20418604651162792
2020-05-03T00:00:00.000Z;0.127;0.7452962962962963;0.057044444444444446;0.08157407407407408;0.0881962962962963;0.11819629629629631;0.1705851851851852;0.1864037037037037;0.1973037037037037;0.20454444444444445;0.21788518518518524;0.15834074074074075
2020-05-05T00:00:00.000Z;;;;;;;;;;;;
2020-05-08T00:00:00.000Z;;;;;;;;;;;;
2020-05-10T00:00:00.000Z;;;;;;;;;;;;
2020-05-13T00:00:00.000Z;0.105;1.0822558139534884;0.06772093023255814;0.09211395348837208;0.09521395348837208;0.13695813953488373;0.19665813953488373;0.21471627906976748;0.22452093023255817;0.2363;0.2555;0.17772790697674418
2020-05-15T00:00:00.000Z;;;;;;;;;;;;
2020-05-18T00:00:00.000Z;0.16;1.0253488372093023;0.053009302325581396;0.07825581395348838;0.08294883720930232;0.11876744186046513;0.17556976744186048;0.1933;0.20467441860465121;0.21205348837209304;0.23991162790697682;0.17344883720930232
2020-05-20T00:00:00.000Z;0.1327674418604651;1.3492790697674417;0.06596511627906977;0.09684418604651164;0.10437441860465117;0.14635348837209305;0.20377209302325586;0.2225;0.22743488372093026;0.243693023255814;0.28610697674418606;0.21000000000000002
2020-05-23T00:00:00.000Z;0.23665116279069767;1.8005348837209303;0.06383488372093024;0.09006279069767442;0.09550465116279071;0.13615348837209304;0.19135348837209304;0.21011627906976746;0.21292093023255818;0.2290139534883721;0.2529860465116279;0.18023488372093024
2020-05-25T00:00:00.000Z;;;;;;;;;;;;
2020-05-28T00:00:00.000Z;0.2475581395348837;1.605046511627907;0.05811627906976744;0.08543488372093024;0.09171162790697675;0.12963023255813955;0.18844186046511627;0.2067651162790697;0.21376744186046515;0.22591627906976747;0.2546441860465117;0.18845813953488375
2020-05-30T00:00:00.000Z;0.15458139534883722;0.950046511627907;0.06928372093023256;0.10238139534883721;0.11125348837209303;0.15413023255813954;0.21286744186046513;0.2297186046511628;0.23907674418604652;0.25340697674418605;0.2930604651162791;0.21578372093023254
2020-06-02T00:00:00.000Z;;;;;;;;;;;;
2020-06-04T00:00:00.000Z;;;;;;;;;;;;
2020-06-07T00:00:00.000Z;;;;;;;;;;;;
2020-06-09T00:00:00.000Z;;;;;;;;;;;;
2020-06-12T00:00:00.000Z;0.116;1.089093023255814;0.05874883720930233;0.08781162790697675;0.09570000000000001;0.13634883720930233;0.1879604651162791;0.2044511627906977;0.21346976744186047;0.2241279069767442;0.2556186046511628;0.1833813953488372
2020-06-14T00:00:00.000Z;0.16;1.3326976744186048;0.07690232558139536;0.10752325581395349;0.11723488372093023;0.1593906976744186;0.21568372093023255;0.23474418604651165;0.24343023255813956;0.2565279069767442;0.3017395348837209;0.22830930232558141
2020-06-17T00:00:00.000Z;0.149;1.866558139534884;0.0769325581395349;0.1019720930232558;0.10720697674418606;0.14969767441860463;0.20534418604651164;0.22545813953488375;0.23110697674418607;0.24623488372093025;0.2831488372093024;0.20688604651162792
2020-06-19T00:00:00.000Z;0.149;1.6751860465116282;0.14187441860465116;0.17968372093023258;0.2027511627906977;0.25005813953488376;0.3011139534883721;0.3225860465116279;0.3043;0.3494488372093024;0.3835488372093024;0.267993023255814
2020-06-22T00:00:00.000Z;0.17646511627906977;1.6496744186046512;0.061572093023255815;0.09044186046511629;0.09971627906976745;0.1421953488372093;0.18946511627906976;0.20512558139534887;0.21037209302325582;0.22683255813953487;0.2642558139534884;0.1876139534883721
2020-06-24T00:00:00.000Z;;;;;;;;;;;;
2020-06-27T00:00:00.000Z;;;;;;;;;;;;
2020-06-29T00:00:00.000Z;0.19832558139534887;1.3516511627906977;0.0708372093023256;0.10650000000000001;0.12028837209302326;0.16655813953488374;0.21566279069767444;0.2336046511627907;0.24103720930232564;0.25757209302325584;0.3095860465116279;0.22463720930232564
2020-07-02T00:00:00.000Z;0.11086046511627907;0.9280232558139536;0.06350465116279069;0.09412093023255813;0.10622790697674418;0.14494186046511628;0.1890232558139535;0.20483488372093026;0.2166139534883721;0.22599069767441862;0.2629;0.1862395348837209
2020-07-04T00:00:00.000Z;0.12186046511627907;1.6227209302325583;0.0804186046511628;0.11014186046511627;0.1233558139534884;0.16679069767441862;0.21559767441860464;0.2362093023255814;0.24297209302325584;0.2591069767441861;0.31047209302325585;0.22786511627906972
2020-07-07T00:00:00.000Z;0.2039767441860465;1.4480232558139536;0.06391162790697674;0.09299302325581396;0.10355581395348838;0.14493023255813953;0.19003255813953487;0.2083953488372093;0.21638604651162793;0.22887674418604653;0.2702162790697675;0.1945953488372093
2020-07-09T00:00:00.000Z;0.32386046511627903;2.431232558139535;0.04867441860465116;0.08081860465116279;0.09547906976744189;0.13714883720930232;0.17297674418604653;0.18610697674418605;0.1883139534883721;0.2046372093023256;0.24464418604651164;0.16266744186046514
2020-07-12T00:00:00.000Z;0.3836511627906977;2.1014883720930237;0.05345348837209302;0.09090000000000001;0.10596279069767446;0.1524906976744186;0.19844651162790697;0.2150558139534884;0.21753023255813955;0.23910697674418607;0.2725186046511628;0.1865790697674419
2020-07-14T00:00:00.000Z;;;;;;;;;;;;
2020-07-17T00:00:00.000Z;0.2092093023255814;2.292488372093024;0.06543720930232559;0.09594651162790699;0.10564651162790697;0.1498488372093023;0.193746511627907;0.21210232558139538;0.21598604651162792;0.2323139534883721;0.27507674418604655;0.1982767441860465
2020-07-19T00:00:00.000Z;0.26395348837209304;1.9615813953488372;0.0686325581395349;0.10524883720930232;0.11933255813953489;0.16941162790697675;0.21310697674418608;0.2295418604651163;0.23348139534883722;0.2548372093023256;0.3067953488372093;0.21768604651162793
2020-07-22T00:00:00.000Z;0.16;1.3457249999999998;0.11607500000000001;0.15748;0.20566500000000001;0.2324025;0.2520425;0.25718;0.19470500000000002;0.2638375;0.28491;0.214815
2020-07-24T00:00:00.000Z;0.193;2.3186976744186047;0.08254651162790698;0.08634186046511629;0.09800697674418606;0.1101139534883721;0.11151860465116281;0.11943023255813953;0.11757674418604652;0.12775348837209305;0.22286046511627908;0.24123023255813955
2020-07-27T00:00:00.000Z;0.2745581395348837;1.8498372093023256;0.06247209302325581;0.0713093023255814;0.08759302325581396;0.09925813953488373;0.10368837209302326;0.1114511627906977;0.11444651162790698;0.12372093023255812;0.21853488372093025;0.22993488372093027
2020-07-29T00:00:00.000Z;0.182;1.916744186046512;0.06694651162790698;0.07830930232558139;0.0954511627906977;0.1078232558139535;0.11237209302325582;0.11873023255813954;0.11855116279069769;0.1316906976744186;0.23514651162790698;0.24444651162790698
2020-08-01T00:00:00.000Z;;;;;;;;;;;;
2020-08-03T00:00:00.000Z;0.19832558139534887;2.5124418604651164;0.06958139534883721;0.07647674418604652;0.09446279069767442;0.10548604651162792;0.10746046511627909;0.11660697674418605;0.11455116279069769;0.12765581395348838;0.24518139534883723;0.26439069767441864
2020-08-06T00:00:00.000Z;0.23106976744186047;1.943093023255814;0.05164651162790698;0.06025581395348838;0.07912558139534885;0.09127441860465116;0.09240930232558141;0.10007441860465116;0.10171162790697674;0.11388372093023257;0.22787906976744185;0.24359767441860464
2020-08-08T00:00:00.000Z;0.2965813953488372;1.5937441860465118;0.058800000000000005;0.07369302325581396;0.0968046511627907;0.11238139534883719;0.11427674418604652;0.12186046511627908;0.1244139534883721;0.13804651162790696;0.25296046511627907;0.257593023255814
2020-08-11T00:00:00.000Z;;;;;;;;;;;;
2020-08-13T00:00:00.000Z;0.23665116279069767;1.3737209302325581;0.05854651162790698;0.06811627906976744;0.09143255813953488;0.10574651162790698;0.10707209302325582;0.11764651162790697;0.12176976744186048;0.13256511627906978;0.2633511627906977;0.2784976744186046
2020-08-16T00:00:00.000Z;0.149;1.0863720930232554;0.05143023255813954;0.06275348837209302;0.08491162790697675;0.09686744186046513;0.09967441860465116;0.10779069767441861;0.11376744186046513;0.12075813953488373;0.2414906976744186;0.2539953488372093
2020-08-18T00:00:00.000Z;0.055581395348837215;1.4234651162790697;0.06624651162790698;0.08026511627906976;0.10200232558139537;0.11610000000000001;0.12145581395348838;0.12967441860465118;0.1308;0.1439860465116279;0.26478837209302325;0.2737279069767442
2020-08-21T00:00:00.000Z;0.15458139534883722;1.3483255813953487;0.053923255813953484;0.06922790697674419;0.09172790697674421;0.10544418604651162;0.11021627906976744;0.11777674418604653;0.12203255813953488;0.13247209302325583;0.2408046511627907;0.24048604651162792
2020-08-23T00:00:00.000Z;0.1327674418604651;2.1717441860465114;0.08747441860465116;0.09789302325581396;0.1199046511627907;0.13768372093023257;0.14418837209302326;0.15411627906976744;0.15176511627906977;0.1678744186046512;0.2893;0.29215348837209304
2020-08-26T00:00:00.000Z;0.171;1.4689302325581395;0.0531093023255814;0.06471860465116279;0.08825348837209303;0.10040232558139536;0.10432093023255812;0.11182093023255811;0.11663720930232556;0.12512558139534885;0.24631162790697683;0.25818837209302326
2020-08-28T00:00:00.000Z;0.2965813953488372;1.9036279069767446;0.055395348837209306;0.07333953488372094;0.0990906976744186;0.11485813953488373;0.11849069767441861;0.12468837209302326;0.12620697674418604;0.14025813953488372;0.2681790697674419;0.27223720930232564
2020-08-31T00:00:00.000Z;0.138;0.984186046511628;0.052137209302325585;0.06600697674418605;0.08917906976744187;0.10253720930232556;0.10590930232558139;0.11242325581395349;0.11792790697674418;0.12694651162790696;0.2447;0.24665348837209305
2020-09-02T00:00:00.000Z;0.1873953488372093;2.025906976744186;0.07526976744186047;0.08681162790697675;0.1122046511627907;0.12906744186046512;0.13212558139534883;0.14249302325581395;0.1435813953488372;0.15863023255813954;0.29326976744186045;0.3015418604651163
2020-09-05T00:00:00.000Z;0.15458139534883722;1.5710232558139536;0.051911627906976746;0.06407906976744186;0.08877441860465116;0.10121395348837209;0.10506279069767445;0.11275116279069769;0.11688604651162791;0.12626744186046512;0.24829534883720933;0.25866046511627905
2020-09-07T00:00:00.000Z;0.2092093023255814;2.1506046511627908;0.06504186046511629;0.08012093023255813;0.10443023255813953;0.1219790697674419;0.12704651162790698;0.13340697674418606;0.13156511627906978;0.1481186046511628;0.2761139534883721;0.2783441860465117
2020-09-10T00:00:00.000Z;0.193;1.6414186046511627;0.04927209302325582;0.06477441860465116;0.0898046511627907;0.10417674418604653;0.10528604651162791;0.11301162790697675;0.11572093023255811;0.12765581395348838;0.24618837209302324;0.24588837209302325
2020-09-12T00:00:00.000Z;0.21486046511627907;1.8565116279069769;0.06329069767441861;0.07567441860465116;0.10195581395348836;0.11733488372093023;0.12079767441860463;0.1293093023255814;0.1306139534883721;0.14389767441860463;0.2741093023255814;0.2827837209302326
2020-09-15T00:00:00.000Z;;;;;;;;;;;;
2020-09-17T00:00:00.000Z;;;;;;;;;;;;
2020-09-20T00:00:00.000Z;;;;;;;;;;;;
2020-09-22T00:00:00.000Z;0.2475581395348837;1.6235813953488374;0.06501860465116278;0.07908604651162791;0.10499069767441861;0.12361627906976744;0.12993953488372093;0.14138837209302327;0.14313255813953488;0.15754186046511628;0.28105581395348844;0.28126976744186044
2020-09-25T00:00:00.000Z;0.1655581395348837;1.152093023255814;0.05244651162790698;0.06672093023255814;0.09206279069767442;0.10683023255813953;0.1124;0.12067674418604653;0.12678604651162792;0.1352232558139535;0.258946511627907;0.26421627906976747
2020-09-27T00:00:00.000Z;0.149;0.8904883720930232;0.053762790697674416;0.07305813953488373;0.10132558139534885;0.11699302325581395;0.12219302325581397;0.13111860465116282;0.13623023255813954;0.14633720930232555;0.277746511627907;0.2756488372093024
2020-09-30T00:00:00.000Z;;;;;;;;;;;;
2020-10-02T00:00:00.000Z;;;;;;;;;;;;
2020-10-05T00:00:00.000Z;0.182;0.9327272727272727;0.08557727272727272;0.10697727272727273;0.1455909090909091;0.16327727272727274;0.16934545454545455;0.17941818181818184;0.1974909090909091;0.19696818181818185;0.2801681818181818;0.24845
2020-10-07T00:00:00.000Z;0.171;0.9993720930232559;0.07619767441860466;0.1052906976744186;0.1474906976744186;0.16314883720930232;0.17066046511627908;0.17946744186046512;0.19422790697674416;0.1967953488372093;0.30924186046511626;0.2833418604651163
2020-10-10T00:00:00.000Z;;;;;;;;;;;;
2020-10-12T00:00:00.000Z;0.127;0.8016976744186046;0.07959534883720931;0.10583953488372093;0.14657674418604652;0.16021162790697674;0.16604883720930233;0.17670697674418606;0.1930511627906977;0.19600232558139533;0.3073627906976744;0.28916976744186046
2020-10-15T00:00:00.000Z;0.105;0.8536744186046511;0.07551627906976745;0.09976976744186046;0.13983023255813953;0.1532232558139535;0.15980465116279072;0.16876279069767447;0.1856325581395349;0.1853558139534884;0.29066976744186046;0.2721953488372093
2020-10-17T00:00:00.000Z;;;;;;;;;;;;
2020-10-20T00:00:00.000Z;;;;;;;;;;;;
2020-10-25T00:00:00.000Z;0.193;1.0727441860465117;0.07043720930232558;0.09506279069767443;0.1339860465116279;0.14998837209302326;0.15645813953488374;0.1652813953488372;0.17908372093023256;0.18221860465116282;0.28850697674418607;0.2709302325581396
2020-10-27T00:00:00.000Z;0.116;1.2918837209302325;0.0691046511627907;0.09628837209302327;0.13616279069767445;0.15254186046511628;0.15773488372093022;0.16845813953488373;0.17530232558139539;0.18576046511627908;0.2989790697674419;0.2788069767441861
2020-10-30T00:00:00.000Z;0.116;0.9555581395348837;0.06518604651162792;0.09249767441860464;0.13039302325581395;0.14587441860465117;0.15114186046511627;0.15854651162790698;0.17233953488372092;0.17573720930232556;0.27840465116279073;0.2527348837209303
2020-11-01T00:00:00.000Z;0.127;1.2700697674418604;0.07773023255813954;0.1011720930232558;0.1382488372093023;0.15553720930232556;0.1608906976744186;0.17063023255813953;0.1812790697674419;0.1856953488372093;0.30059767441860463;0.2833023255813954
2020-11-04T00:00:00.000Z;;;;;;;;;;;;
2020-11-06T00:00:00.000Z;;;;;;;;;;;;
2020-11-09T00:00:00.000Z;0.105;1.4270232558139537;0.052044186046511634;0.07586046511627907;0.10861627906976744;0.12603255813953487;0.12921627906976743;0.1375093023255814;0.1463023255813954;0.15707209302325584;0.26248372093023253;0.22890697674418609
2020-11-11T00:00:00.000Z;0.105;1.0619354838709678;0.08978709677419355;0.11230645161290323;0.14886774193548388;0.1688193548387097;0.18011612903225807;0.19305806451612906;0.1992290322580645;0.21263870967741938;0.33770967741935487;0.30342580645161293
2020-11-14T00:00:00.000Z;;;;;;;;;;;;
2020-11-16T00:00:00.000Z;;;;;;;;;;;;
2020-11-19T00:00:00.000Z;0.127;1.5364418604651162;0.11083953488372093;0.11705813953488374;0.1289232558139535;0.1409697674418605;0.13943953488372093;0.14158604651162793;0.14363953488372092;0.14905813953488373;0.1971906976744186;0.17373023255813955
2020-11-21T00:00:00.000Z;0.09997674418604652;0.7211860465116279;0.08138837209302326;0.10245813953488374;0.13482093023255812;0.15209767441860464;0.16047209302325582;0.16940232558139537;0.18142790697674416;0.18871627906976746;0.31406976744186044;0.29704186046511627
2020-11-24T00:00:00.000Z;;;;;;;;;;;;
2020-11-26T00:00:00.000Z;;;;;;;;;;;;
2020-11-29T00:00:00.000Z;0.083;1.2606744186046512;0.04698139534883721;0.06817209302325582;0.09888604651162793;0.11651860465116282;0.12066046511627908;0.12878372093023258;0.13692558139534883;0.1463279069767442;0.2522767441860465;0.22154651162790698
2020-12-01T00:00:00.000Z;0.09997674418604652;1.087860465116279;0.06109302325581396;0.08129767441860465;0.11549302325581397;0.13253255813953488;0.13990697674418606;0.14930000000000002;0.15792558139534885;0.1672046511627907;0.2868186046511628;0.26357209302325585
2020-12-04T00:00:00.000Z;;;;;;;;;;;;
2020-12-06T00:00:00.000Z;0.083;0.47786046511627905;0.06489302325581396;0.09183720930232558;0.12760697674418606;0.14552558139534885;0.15278604651162792;0.1628790697674419;0.17309069767441862;0.17993023255813953;0.306193023255814;0.2804674418604651
2020-12-09T00:00:00.000Z;0.06686046511627908;0.5581627906976744;0.05138139534883722;0.07488139534883721;0.10611860465116281;0.12159302325581396;0.12732325581395348;0.1350441860465116;0.14884186046511627;0.1534813953488372;0.2612558139534884;0.2279139534883721
2020-12-11T00:00:00.000Z;;;;;;;;;;;;
2020-12-16T00:00:00.000Z;0.083;0.7509767441860465;0.07095813953488372;0.09766976744186047;0.1331906976744186;0.15181162790697675;0.15769069767441862;0.16787674418604653;0.1767;0.18523488372093025;0.310193023255814;0.2828906976744186
2020-12-19T00:00:00.000Z;0.09997674418604652;1.2300697674418606;0.06555813953488372;0.08930232558139535;0.12128604651162792;0.13992325581395348;0.14407441860465117;0.15181162790697675;0.15954883720930232;0.16813720930232556;0.28481162790697684;0.25656976744186044
2020-12-21T00:00:00.000Z;;;;;;;;;;;;
2020-12-24T00:00:00.000Z;0.08897674418604652;0.8519302325581396;0.07045348837209303;0.09004186046511628;0.11906976744186047;0.13444186046511628;0.1423186046511628;0.1513139534883721;0.15961860465116282;0.16706279069767446;0.2694674418604651;0.24932558139534886
2020-12-26T00:00:00.000Z;0.07200000000000001;0.24890697674418605;0.06857441860465116;0.09501162790697674;0.13153488372093022;0.1478953488372093;0.1547093023255814;0.16429302325581396;0.17981627906976744;0.1839046511627907;0.3069209302325582;0.2807906976744186
2020-12-29T00:00:00.000Z;0.07200000000000001;0.6813488372093024;0.07321162790697675;0.09553720930232559;0.1284046511627907;0.14572325581395348;0.15097906976744188;0.15954651162790698;0.1702651162790698;0.17563255813953488;0.2960604651162791;0.2689209302325582
2020-12-31T00:00:00.000Z;0.07797674418604651;0.5256976744186046;0.07535813953488373;0.09861162790697675;0.13434883720930232;0.15172790697674418;0.15862558139534885;0.16801162790697674;0.18179534883720933;0.186393023255814;0.31130232558139537;0.2931139534883721
2021-01-03T00:00:00.000Z;0.06686046511627908;0.4126744186046512;0.056109302325581395;0.07286279069767441;0.09952558139534885;0.11176744186046512;0.11785813953488374;0.1234790697674419;0.13459302325581396;0.13525348837209303;0.2246279069767442;0.21072790697674418
2021-01-05T00:00:00.000Z;0.083;0.3693720930232558;0.07148139534883721;0.09879302325581396;0.13695813953488373;0.15403720930232556;0.16160000000000002;0.1702604651162791;0.1840558139534884;0.1906093023255814;0.314293023255814;0.2878790697674419
2021-01-08T00:00:00.000Z;;;;;;;;;;;;
2021-01-10T00:00:00.000Z;;;;;;;;;;;;
2021-01-13T00:00:00.000Z;0.11086046511627907;0.5388139534883721;0.05661627906976744;0.07761627906976744;0.10968372093023257;0.12375348837209305;0.13027906976744189;0.13791860465116282;0.15224651162790698;0.1531;0.26478837209302325;0.2389186046511628
2021-01-15T00:00:00.000Z;0.105;0.30072093023255814;0.06729302325581396;0.09539302325581396;0.1331325581395349;0.14871627906976745;0.15565348837209303;0.1653953488372093;0.17933720930232555;0.1839604651162791;0.30614418604651167;0.27757906976744184
2021-01-18T00:00:00.000Z;0.11086046511627907;0.6078139534883722;0.05966279069767442;0.08683255813953489;0.12165813953488373;0.1385558139534884;0.14303023255813954;0.15128604651162791;0.16383255813953487;0.1685767441860465;0.2886372093023256;0.26147906976744184
2021-01-20T00:00:00.000Z;;;;;;;;;;;;
2021-01-23T00:00:00.000Z;;;;;;;;;;;;
2021-01-25T00:00:00.000Z;0.09797674418604652;1.458279069767442;0.057179069767441866;0.07536976744186047;0.09446976744186046;0.10737441860465118;0.10999069767441862;0.1145813953488372;0.12353488372093023;0.1258790697674419;0.19171627906976746;0.1759232558139535
2021-01-28T00:00:00.000Z;0.08897674418604652;1.019046511627907;0.06694651162790698;0.09235581395348837;0.12407674418604653;0.14176744186046514;0.14603488372093024;0.1549767441860465;0.16423255813953488;0.1710232558139535;0.2796139534883721;0.2530023255813954
2021-01-30T00:00:00.000Z;;;;;;;;;;;;
2021-02-02T00:00:00.000Z;0.07200000000000001;0.743;0.07817906976744186;0.1023372093023256;0.13772558139534885;0.1533209302325581;0.1606279069767442;0.1704511627906977;0.18295348837209305;0.18553023255813955;0.31409767441860464;0.2934232558139535
2021-02-04T00:00:00.000Z;0.12186046511627907;1.0313255813953488;0.07528837209302326;0.10598837209302327;0.14437209302325582;0.16345116279069768;0.17148837209302326;0.1805558139534884;0.18834883720930232;0.19993488372093027;0.32538139534883725;0.30059767441860463
2021-02-07T00:00:00.000Z;;;;;;;;;;;;
2021-02-09T00:00:00.000Z;;;;;;;;;;;;
2021-02-12T00:00:00.000Z;;;;;;;;;;;;
2021-02-14T00:00:00.000Z;0.105;0.7966511627906977;0.08364883720930233;0.11567441860465118;0.1565906976744186;0.1750186046511628;0.18245348837209305;0.1916813953488372;0.20091627906976744;0.20940930232558141;0.3410116279069768;0.3148302325581396
2021-02-17T00:00:00.000Z;;;;;;;;;;;;
2021-02-19T00:00:00.000Z;0.12186046511627907;0.6514186046511629;0.08907906976744187;0.1181139534883721;0.15746279069767447;0.1758558139534884;0.18363488372093026;0.19327674418604648;0.20724186046511628;0.2107395348837209;0.3412953488372093;0.3202604651162791
2021-02-22T00:00:00.000Z;;;;;;;;;;;;
2021-02-24T00:00:00.000Z;;;;;;;;;;;;
2021-02-27T00:00:00.000Z;;;;;;;;;;;;
2021-03-01T00:00:00.000Z;;;;;;;;;;;;
2021-03-04T00:00:00.000Z;;;;;;;;;;;;
2021-03-06T00:00:00.000Z;;;;;;;;;;;;
2021-03-09T00:00:00.000Z;0.247;1.086;0.10603333333333333;0.11277777777777778;0.12462222222222222;0.1338111111111111;0.13642222222222222;0.1436;0.15613333333333335;0.15436666666666668;0.2052555555555556;0.1658777777777778
2021-03-11T00:00:00.000Z;0.116;1.3303488372093022;0.08688604651162792;0.11541162790697675;0.15547441860465117;0.17595348837209304;0.18624883720930233;0.19777209302325585;0.20441627906976745;0.2154232558139535;0.3492906976744186;0.32112093023255817
2021-03-14T00:00:00.000Z;0.08897674418604652;0.6747441860465115;0.08455581395348838;0.11261162790697675;0.15255813953488373;0.17097441860465118;0.18165348837209305;0.1912372093023256;0.20416744186046512;0.2081;0.33819767441860465;0.31609767441860465
2021-03-16T00:00:00.000Z;0.138;0.7818372093023256;0.09317674418604652;0.12747209302325582;0.1707023255813954;0.19287209302325586;0.20162093023255812;0.21328372093023254;0.22198604651162793;0.2318418604651163;0.36677209302325586;0.33440697674418607
2021-03-19T00:00:00.000Z;;;;;;;;;;;;
2021-03-21T00:00:00.000Z;0.1327674418604651;0.45690697674418607;0.09756511627906977;0.12925348837209305;0.17262093023255812;0.19188372093023257;0.20418604651162792;0.2143139534883721;0.23095116279069766;0.23436511627906972;0.3718186046511628;0.34535813953488376
2021-03-24T00:00:00.000Z;0.116;0.8093488372093024;0.0906906976744186;0.11997209302325583;0.1608093023255814;0.1797;0.19058604651162792;0.2016139534883721;0.21383720930232564;0.21798139534883723;0.34881395348837213;0.3259209302325582
2021-03-26T00:00:00.000Z;0.17646511627906977;0.7297674418604652;0.1001186046511628;0.1342279069767442;0.17973023255813952;0.2028790697674419;0.21421162790697681;0.2249651162790697;0.23610232558139538;0.2435558139534884;0.3821860465116279;0.34743720930232563
2021-03-29T00:00:00.000Z;;;;;;;;;;;;
2021-03-31T00:00:00.000Z;0.3619302325581396;0.8548139534883722;0.12010232558139537;0.1544558139534884;0.18418604651162793;0.20816976744186047;0.23449069767441863;0.24798604651162792;0.25873720930232563;0.26265116279069767;0.3405488372093024;0.3076186046511628
2021-04-03T00:00:00.000Z;;;;;;;;;;;;
2021-04-05T00:00:00.000Z;0.171;1.143;0.10070232558139536;0.13494651162790697;0.1791046511627907;0.20507209302325582;0.21777441860465116;0.2289813953488372;0.23886046511627906;0.25198837209302327;0.39735348837209294;0.35897209302325583
2021-04-08T00:00:00.000Z;;;;;;;;;;;;
2021-04-10T00:00:00.000Z;;;;;;;;;;;;
2021-04-13T00:00:00.000Z;;;;;;;;;;;;
2021-04-15T00:00:00.000Z;;;;;;;;;;;;
2021-04-18T00:00:00.000Z;0.1327674418604651;0.4536976744186047;0.09314418604651165;0.12730232558139537;0.16897674418604652;0.19083720930232562;0.20616279069767443;0.21796046511627906;0.2339488372093024;0.23606046511627907;0.3600813953488372;0.3230906976744186
2021-04-20T00:00:00.000Z;0.19437209302325578;1.4216511627906978;0.13504186046511626;0.16766744186046514;0.21313255813953488;0.2425488372093024;0.2572139534883721;0.27125348837209307;0.2789279069767442;0.29172790697674417;0.4371441860465117;0.4048418604651162
2021-04-23T00:00:00.000Z;;;;;;;;;;;;
2021-04-25T00:00:00.000Z;;;;;;;;;;;;
2021-04-28T00:00:00.000Z;0.171;1.6043333333333334;0.06991666666666667;0.08802666666666667;0.11320999999999999;0.13103666666666666;0.13945666666666667;0.1480766666666667;0.1436266666666667;0.16135666666666668;0.2112733333333333;0.17558
2021-04-30T00:00:00.000Z;0.2092093023255814;1.2556976744186048;0.12334651162790697;0.16035581395348839;0.20607674418604652;0.23624186046511628;0.25218837209302325;0.26690232558139537;0.2757069767441861;0.28767674418604655;0.4260674418604651;0.39419302325581396
2021-05-03T00:00:00.000Z;;;;;;;;;;;;
2021-05-05T00:00:00.000Z;;;;;;;;;;;;
2021-05-08T00:00:00.000Z;0.138;0.7835116279069767;0.11809767441860464;0.1530139534883721;0.1948046511627907;0.22232325581395349;0.24357674418604652;0.25703720930232565;0.27157209302325586;0.2757953488372093;0.38390232558139537;0.3398139534883721
2021-05-10T00:00:00.000Z;;;;;;;;;;;;
2021-05-13T00:00:00.000Z;;;;;;;;;;;;
2021-05-15T00:00:00.000Z;0.116;1.1325813953488373;0.1244139534883721;0.16296744186046513;0.21043255813953488;0.2421093023255814;0.26395581395348844;0.2786255813953489;0.2856093023255814;0.3004558139534884;0.4261093023255814;0.38488837209302323
2021-05-18T00:00:00.000Z;0.12186046511627907;1.1224883720930232;0.10638372093023257;0.14388837209302327;0.18956744186046512;0.21777209302325584;0.2348953488372093;0.24824651162790698;0.25693488372093026;0.26767209302325584;0.38779069767441865;0.34486511627906974
2021-05-20T00:00:00.000Z;0.16;1.5702093023255812;0.1272604651162791;0.16579302325581396;0.2128139534883721;0.24499302325581399;0.26123023255813954;0.277493023255814;0.28378837209302327;0.29723488372093027;0.4308883720930233;0.3985139534883721
2021-05-23T00:00:00.000Z;;;;;;;;;;;;
2021-05-25T00:00:00.000Z;;;;;;;;;;;;
2021-05-28T00:00:00.000Z;;;;;;;;;;;;
2021-05-30T00:00:00.000Z;;;;;;;;;;;;
2021-06-02T00:00:00.000Z;0.127;1.31;0.11620000000000001;0.1544;0.2142;0.22440000000000002;0.2556;0.27690000000000003;0.2898;0.2916;0.41540000000000005;0.36810000000000004
2021-06-04T00:00:00.000Z;;;;;;;;;;;;
2021-06-07T00:00:00.000Z;0.138;1.5294418604651163;0.10403720930232556;0.14209767441860463;0.1896093023255814;0.21965116279069768;0.23798139534883722;0.25174186046511626;0.25751162790697685;0.27235116279069765;0.3930906976744186;0.3435255813953489
2021-06-09T00:00:00.000Z;0.1873953488372093;1.542;0.12903953488372094;0.16998372093023256;0.22020232558139538;0.25294418604651164;0.2712441860465116;0.2885093023255814;0.29536744186046515;0.3082279069767442;0.4446883720930233;0.4091627906976744
2021-06-12T00:00:00.000Z;0.22011627906976744;1.7299767441860463;0.14701860465116282;0.17590232558139537;0.21325581395348842;0.24265116279069768;0.26897441860465116;0.28785813953488376;0.29555813953488375;0.306593023255814;0.40440000000000004;0.3524139534883721
2021-06-14T00:00:00.000Z;0.31846511627906976;1.8436279069767445;0.1281325581395349;0.1739813953488372;0.22135813953488373;0.2542023255813954;0.2751;0.2896186046511628;0.28918604651162794;0.30956744186046514;0.41798372093023256;0.3654325581395349
2021-06-17T00:00:00.000Z;;;;;;;;;;;;
2021-06-19T00:00:00.000Z;;;;;;;;;;;;
2021-06-22T00:00:00.000Z;;;;;;;;;;;;
2021-06-24T00:00:00.000Z;0.171;1.6080697674418605;0.1312232558139535;0.17577441860465118;0.2308;0.2642744186046512;0.28376744186046515;0.29698372093023256;0.30076976744186046;0.3198046511627907;0.4510906976744186;0.398546511627907
2021-06-27T00:00:00.000Z;0.15458139534883722;1.6444651162790698;0.1150046511627907;0.1566279069767442;0.20662790697674419;0.23735348837209305;0.2558372093023256;0.2685186046511628;0.27332558139534885;0.2882116279069768;0.4066511627906977;0.35249767441860463
2021-06-29T00:00:00.000Z;0.105;1.1531860465116281;0.13663255813953487;0.17896279069767446;0.23242093023255816;0.2642906976744186;0.2851395348837209;0.3015860465116279;0.31056279069767445;0.3204093023255814;0.45107209302325585;0.41049069767441865
2021-07-02T00:00:00.000Z;0.1327674418604651;1.145139534883721;0.11792093023255812;0.15695348837209305;0.20824186046511628;0.23563023255813956;0.25638837209302323;0.27178837209302326;0.28151627906976745;0.2898279069767442;0.41425116279069774;0.3718906976744186
2021-07-04T00:00:00.000Z;0.061;1.4516976744186048;0.13399534883720932;0.18026046511627908;0.23549302325581398;0.26727906976744187;0.2848186046511628;0.30064651162790695;0.30518604651162795;0.32206046511627906;0.45579302325581394;0.4016697674418605
2021-07-07T00:00:00.000Z;;;;;;;;;;;;
2021-07-09T00:00:00.000Z;0.27493023255813953;2.138767441860465;0.1614558139534884;0.20816511627906972;0.2620395348837209;0.30189767441860466;0.32366511627906974;0.34425813953488377;0.3438813953488372;0.3645720930232558;0.4880744186046513;0.4322093023255814
2021-07-12T00:00:00.000Z;0.35874418604651165;1.0905813953488372;0.11681860465116281;0.16192093023255813;0.2156046511627907;0.24376976744186046;0.26506046511627906;0.28008139534883725;0.2902279069767442;0.29906279069767444;0.4092953488372093;0.3619906976744186
2021-07-14T00:00:00.000Z;0.11086046511627907;1.6438837209302326;0.13334883720930232;0.17963720930232555;0.2347558139534884;0.26779767441860464;0.2856488372093024;0.29859069767441865;0.30142093023255817;0.3196162790697675;0.45339069767441864;0.3970790697674418
2021-07-17T00:00:00.000Z;0.1327674418604651;1.6532558139534883;0.11769767441860464;0.15951162790697676;0.20814418604651166;0.2385488372093024;0.25643488372093026;0.2693093023255814;0.2742093023255814;0.2887581395348837;0.40007209302325586;0.3447209302325582
2021-07-19T00:00:00.000Z;0.29118604651162794;1.9897209302325585;0.13921162790697675;0.18414418604651162;0.2412186046511628;0.2764186046511628;0.2922418604651163;0.30869069767441865;0.31178139534883725;0.32871162790697683;0.46104418604651165;0.41053488372093033
2021-07-22T00:00:00.000Z;0.21486046511627907;1.0805116279069769;0.12015813953488373;0.1632046511627907;0.21768372093023255;0.24650465116279072;0.2640860465116279;0.27823023255813956;0.2906093023255814;0.29664186046511626;0.4195418604651163;0.3736279069767442
2021-07-24T00:00:00.000Z;0.4107906976744186;1.5277674418604652;0.1354511627906977;0.18854651162790698;0.24524418604651166;0.2777744186046512;0.29449767441860464;0.30846046511627906;0.3105069767441861;0.32747441860465115;0.4413186046511628;0.377239534883721
2021-07-27T00:00:00.000Z;0.23665116279069767;1.8091162790697677;0.11081860465116282;0.15567441860465117;0.2093023255813954;0.2415651162790697;0.2544162790697675;0.26857906976744184;0.2722697674418605;0.2879744186046512;0.4094767441860465;0.34874418604651164
2021-07-29T00:00:00.000Z;0.2475581395348837;1.8677674418604648;0.1331209302325581;0.17745813953488374;0.22910465116279072;0.2613279069767442;0.2778744186046512;0.2938558139534884;0.2968651162790697;0.31236976744186046;0.4385488372093023;0.3920023255813954
2021-08-01T00:00:00.000Z;0.2092093023255814;1.4229534883720931;0.1165558139534884;0.1576604651162791;0.21146046511627906;0.2406046511627907;0.2572279069767442;0.269793023255814;0.2781162790697675;0.2888860465116279;0.4135953488372093;0.37043720930232565
2021-08-03T00:00:00.000Z;;;;;;;;;;;;
2021-08-06T00:00:00.000Z;0.1873953488372093;1.8047674418604647;0.11586511627906979;0.16135813953488373;0.21469767441860463;0.24534418604651165;0.2577697674418605;0.2702093023255814;0.27339534883720934;0.28937674418604653;0.4103883720930233;0.35355348837209305
2021-08-08T00:00:00.000Z;0.116;2.2469302325581397;0.13621627906976744;0.17906976744186048;0.23274186046511627;0.26729767441860464;0.28177674418604653;0.2969813953488372;0.29618837209302323;0.31553720930232565;0.4484906976744186;0.4026139534883721
2021-08-11T00:00:00.000Z;;;;;;;;;;;;
2021-08-13T00:00:00.000Z;0.32932558139534884;1.499046511627907;0.12551860465116282;0.1744046511627907;0.22788139534883722;0.25915348837209307;0.27599534883720933;0.28917674418604655;0.29247209302325583;0.30856279069767445;0.4226953488372093;0.36497906976744177
2021-08-16T00:00:00.000Z;0.37853488372093025;1.4149069767441862;0.11226976744186047;0.15931162790697675;0.21068372093023255;0.2424906976744186;0.25780697674418607;0.27113488372093025;0.27728372093023257;0.29038372093023257;0.3923511627906977;0.3335116279069768
2021-08-18T00:00:00.000Z;0.2639761904761905;2.3910476190476198;0.12333095238095242;0.1463952380952381;0.1793357142857143;0.2102809523809524;0.23033571428571428;0.2500214285714286;0.20146666666666668;0.26716428571428574;0.3066761904761905;0.2729142857142857
2021-08-21T00:00:00.000Z;;;;;;;;;;;;
2021-08-23T00:00:00.000Z;;;;;;;;;;;;
2021-08-26T00:00:00.000Z;0.2475581395348837;2.2834651162790696;0.10823488372093024;0.15186976744186048;0.2044;0.2373186046511628;0.2503209302325582;0.26206976744186045;0.2609627906976744;0.2819325581395349;0.39807674418604655;0.33578837209302326
2021-08-28T00:00:00.000Z;0.2856511627906977;1.938860465116279;0.1267604651162791;0.17198372093023256;0.22703255813953488;0.2592488372093024;0.27185348837209306;0.2871604651162791;0.2897186046511628;0.3052651162790697;0.4306116279069767;0.3828674418604651
2021-08-31T00:00:00.000Z;0.33472093023255817;2.733558139534884;0.12553255813953487;0.16877674418604652;0.2234186046511628;0.25633255813953487;0.27063720930232565;0.2899558139534884;0.2842279069767442;0.3103046511627907;0.43079767441860467;0.3782139534883721
2021-09-02T00:00:00.000Z;0.12186046511627907;2.5552093023255815;0.10208372093023256;0.1385767441860465;0.18442790697674416;0.21833720930232564;0.23293023255813955;0.24706744186046514;0.24500000000000002;0.268946511627907;0.3757767441860465;0.3039232558139535
2021-09-05T00:00:00.000Z;0.14372093023255814;2.0138837209302327;0.11350232558139538;0.1560511627906977;0.20724186046511628;0.2432186046511628;0.2593116279069768;0.27244418604651166;0.27458139534883724;0.2935093023255814;0.41466511627906977;0.3557046511627907
2021-09-07T00:00:00.000Z;0.25846511627906976;1.874232558139535;0.11068372093023257;0.1517906976744186;0.19626511627906976;0.22658604651162792;0.24528604651162791;0.2606767441860465;0.2612279069767442;0.2787744186046512;0.38073488372093034;0.33844418604651166
2021-09-10T00:00:00.000Z;0.171;2.0470697674418603;0.1140139534883721;0.14993023255813953;0.19908372093023258;0.23026744186046513;0.2484232558139535;0.2631744186046512;0.266446511627907;0.2817860465116279;0.40307674418604655;0.3600069767441861
2021-09-12T00:00:00.000Z;0.22011627906976744;1.6099767441860464;0.11396046511627908;0.15904651162790698;0.21370232558139537;0.2468813953488372;0.26416046511627905;0.2773046511627907;0.2789558139534884;0.2959046511627907;0.42186279069767446;0.36723023255813964
2021-09-15T00:00:00.000Z;0.1985;1.7201428571428572;0.10041785714285716;0.13535;0.1768714285714286;0.20751428571428573;0.2253928571428572;0.23821071428571428;0.24111428571428575;0.2557142857142857;0.35435;0.2934107142857143
2021-09-17T00:00:00.000Z;0.21486046511627907;2.253046511627907;0.09921627906976745;0.13810232558139537;0.1858325581395349;0.21761627906976747;0.2346139534883721;0.2515488372093024;0.2496279069767442;0.2692093023255814;0.3828488372093024;0.3263651162790697
2021-09-20T00:00:00.000Z;0.1655581395348837;1.7055348837209303;0.10566511627906978;0.14384186046511627;0.1904139534883721;0.22130232558139537;0.24203023255813957;0.25796976744186045;0.2646093023255814;0.2757186046511628;0.3978186046511628;0.3522093023255814
2021-09-22T00:00:00.000Z;;;;;;;;;;;;
2021-09-25T00:00:00.000Z;;;;;;;;;;;;
2021-09-27T00:00:00.000Z;;;;;;;;;;;;
2021-09-30T00:00:00.000Z;0.28030232558139534;2.207651162790697;0.11678139534883719;0.1488558139534884;0.18999069767441862;0.2225418604651163;0.24837674418604652;0.2660581395348837;0.2673488372093024;0.28333953488372093;0.3961255813953489;0.34390465116279073
2021-10-02T00:00:00.000Z;;;;;;;;;;;;
2021-10-05T00:00:00.000Z;0.09997674418604652;1.7846511627906978;0.09360232558139536;0.1338232558139535;0.17596744186046515;0.20674418604651165;0.23044651162790697;0.24521627906976748;0.24819069767441862;0.2626232558139535;0.3603069767441861;0.3026069767441861
2021-10-07T00:00:00.000Z;0.127;1.410441860465116;0.1442651162790698;0.18413488372093026;0.22948372093023256;0.2653069767441861;0.2998069767441861;0.3191418604651163;0.3237604651162791;0.3361837209302326;0.4318186046511628;0.36803720930232564
2021-10-10T00:00:00.000Z;;;;;;;;;;;;
2021-10-12T00:00:00.000Z;0.20400000000000001;1.3824500000000002;0.26127;0.28928000000000004;0.31701;0.353845;0.38705500000000004;0.40000500000000005;0.40472;0.414215;0.47075500000000003;0.395635
2021-10-15T00:00:00.000Z;0.127;1.296906976744186;0.09644651162790699;0.1360604651162791;0.17808837209302328;0.20995348837209304;0.2370139534883721;0.2509488372093024;0.25712558139534886;0.2677744186046512;0.3571046511627907;0.29767441860465116
2021-10-17T00:00:00.000Z;0.08897674418604652;1.997232558139535;0.11850697674418605;0.15897209302325582;0.20496279069767442;0.2415511627906977;0.27267674418604654;0.2923209302325582;0.2908139534883721;0.30989767441860466;0.4217302325581395;0.36683953488372095
2021-10-20T00:00:00.000Z;0.094;0.9986744186046512;0.09668139534883721;0.1334488372093023;0.17393488372093024;0.19990697674418606;0.2305;0.24497209302325584;0.25706976744186044;0.26011162790697684;0.35176046511627906;0.3055046511627907
2021-10-22T00:00:00.000Z;;;;;;;;;;;;
2021-10-25T00:00:00.000Z;;;;;;;;;;;;
2021-10-27T00:00:00.000Z;;;;;;;;;;;;
2021-10-30T00:00:00.000Z;;;;;;;;;;;;
2021-11-01T00:00:00.000Z;0.06686046511627908;1.953558139534884;0.04024883720930233;0.054369767441860464;0.06255813953488372;0.07428837209302326;0.08740232558139535;0.09460930232558142;0.08566046511627907;0.10299302325581396;0.1052813953488372;0.09083023255813955
2021-11-04T00:00:00.000Z;0.094;0.8733023255813954;0.10588604651162792;0.14246046511627908;0.18028837209302329;0.2124139534883721;0.24756976744186046;0.26416511627906974;0.27786046511627904;0.28299069767441865;0.35076279069767446;0.29023488372093026
2021-11-06T00:00:00.000Z;0.055581395348837215;0.4714418604651163;0.1041;0.13806976744186047;0.17370232558139537;0.19693488372093026;0.23087906976744185;0.2458651162790697;0.26474883720930237;0.2639418604651163;0.3314255813953489;0.28483953488372094
2021-11-09T00:00:00.000Z;0.094;0.954046511627907;0.09093023255813955;0.1268325581395349;0.1633953488372093;0.19137209302325586;0.2227279069767442;0.23619302325581398;0.248693023255814;0.2515046511627907;0.33420930232558144;0.28758372093023254
2021-11-11T00:00:00.000Z;0.09997674418604652;1.0188837209302326;0.09226744186046512;0.13265581395348838;0.17489767441860463;0.20435348837209305;0.23440465116279072;0.24747209302325585;0.2560558139534884;0.2659093023255814;0.3529325581395349;0.29814418604651166
2021-11-14T00:00:00.000Z;0.094;1.187906976744186;0.08382325581395349;0.12203255813953488;0.1603860465116279;0.19008604651162792;0.21835348837209304;0.23157674418604654;0.2405023255813954;0.2476279069767442;0.32815348837209307;0.27045813953488373
2021-11-16T00:00:00.000Z;0.094;0.927906976744186;0.09858139534883721;0.13755116279069768;0.17866279069767446;0.20887906976744186;0.23776279069767445;0.25326279069767443;0.2630651162790697;0.26807674418604654;0.3543162790697675;0.30738139534883724
2021-11-19T00:00:00.000Z;;;;;;;;;;;;
2021-11-21T00:00:00.000Z;;;;;;;;;;;;
2021-11-24T00:00:00.000Z;0.1218;0.8776;0.09864;0.1242;0.14956333333333335;0.1699166666666667;0.19744000000000003;0.2039766666666667;0.23400666666666667;0.21546;0.26499333333333336;0.2023666666666667
2021-11-26T00:00:00.000Z;;;;;;;;;;;;
2021-11-29T00:00:00.000Z;0.07200000000000001;1.2796046511627908;0.08918139534883722;0.12183023255813953;0.1592093023255814;0.18817209302325585;0.21998139534883723;0.23328837209302325;0.24253488372093027;0.24907906976744185;0.33098372093023254;0.2860302325581396
2021-12-01T00:00:00.000Z;0.08897674418604652;0.9876279069767442;0.08711627906976745;0.1281093023255814;0.16830232558139538;0.19932558139534884;0.22887674418604653;0.24177674418604653;0.24885813953488375;0.2591860465116279;0.3389302325581396;0.2858325581395349
2021-12-04T00:00:00.000Z;0.07200000000000001;0.7179302325581396;0.0816139534883721;0.11727674418604653;0.15357209302325583;0.18256279069767445;0.21232558139534888;0.22382790697674418;0.23885581395348843;0.2401186046511628;0.3125325581395349;0.25852558139534887
2021-12-06T00:00:00.000Z;0.07797674418604651;0.989;0.09539302325581396;0.13264418604651163;0.17194651162790697;0.2014139534883721;0.23216976744186046;0.2451139534883721;0.2543046511627907;0.26148139534883724;0.3411162790697675;0.2975325581395349
2021-12-09T00:00:00.000Z;0.07797674418604651;1.1899767441860463;0.08843953488372093;0.12269302325581397;0.15953023255813953;0.1884441860465116;0.22126279069767443;0.23282093023255818;0.24307906976744184;0.2493651162790697;0.3255209302325582;0.28151627906976745
2021-12-11T00:00:00.000Z;0.07797674418604651;1.1962325581395348;0.09343488372093024;0.13323488372093023;0.17524651162790697;0.20867209302325582;0.23794186046511628;0.24970697674418607;0.2539046511627907;0.2668976744186046;0.3508325581395349;0.2974093023255814
2021-12-14T00:00:00.000Z;0.06686046511627908;0.7523023255813954;0.08083488372093024;0.11659302325581396;0.15305581395348838;0.1819790697674419;0.21198139534883723;0.22417906976744184;0.23827906976744184;0.23934418604651164;0.309953488372093;0.2537023255813954
2021-12-16T00:00:00.000Z;;;;;;;;;;;;
2021-12-19T00:00:00.000Z;;;;;;;;;;;;
2021-12-21T00:00:00.000Z;;;;;;;;;;;;
2021-12-24T00:00:00.000Z;;;;;;;;;;;;
2021-12-26T00:00:00.000Z;;;;;;;;;;;;
2021-12-29T00:00:00.000Z;;;;;;;;;;;;
2021-12-31T00:00:00.000Z;0.07200000000000001;0.6995813953488372;0.09325581395348836;0.13396976744186048;0.17588372093023258;0.20558604651162793;0.23428837209302325;0.24656046511627908;0.2571906976744186;0.26179534883720934;0.34634651162790697;0.294346511627907
2022-01-03T00:00:00.000Z;0.061;0.7487209302325581;0.08056744186046512;0.11673953488372092;0.15292093023255812;0.18057209302325586;0.2080232558139535;0.22022093023255818;0.23379069767441862;0.23585348837209305;0.309793023255814;0.2549116279069768
2022-01-05T00:00:00.000Z;0.07797674418604651;0.5848139534883722;0.10387209302325583;0.1418093023255814;0.1813883720930233;0.20937441860465117;0.24355116279069766;0.25602558139534887;0.27496976744186047;0.27676279069767445;0.362246511627907;0.31265116279069766
2022-01-08T00:00:00.000Z;;;;;;;;;;;;
2022-01-10T00:00:00.000Z;0.08897674418604652;1.357558139534884;0.07554883720930233;0.10477441860465117;0.13273023255813954;0.15576976744186047;0.17720697674418606;0.18582558139534883;0.18721860465116283;0.19851627906976746;0.24726744186046515;0.21087674418604652
2022-01-13T00:00:00.000Z;0.059000000000000004;0.519;0.16537142857142859;0.18451428571428571;0.22051428571428575;0.2506285714285714;0.2899714285714286;0.3138714285714286;0.2851714285714286;0.33280000000000004;0.3369142857142858;0.30225714285714284
2022-01-15T00:00:00.000Z;0.094;0.5771860465116279;0.1000186046511628;0.13423255813953489;0.17329534883720932;0.2004860465116279;0.23128604651162793;0.24342558139534887;0.26128837209302325;0.2601;0.3435674418604651;0.29652558139534885
2022-01-18T00:00:00.000Z;0.07200000000000001;0.31525581395348845;0.0871046511627907;0.1198093023255814;0.15736744186046514;0.1808325581395349;0.21036976744186045;0.2226279069767442;0.24573488372093025;0.2392395348837209;0.3193488372093024;0.2741325581395349
2022-01-20T00:00:00.000Z;0.09997674418604652;0.5699069767441861;0.09178139534883721;0.12974883720930233;0.17175581395348838;0.2003093023255814;0.22726511627906973;0.23985348837209305;0.2545;0.25735581395348844;0.33426511627906974;0.28326744186046515
2022-01-23T00:00:00.000Z;;;;;;;;;;;;
2022-01-25T00:00:00.000Z;;;;;;;;;;;;
2022-01-28T00:00:00.000Z;0.116;0.6247209302325581;0.08604418604651164;0.1214813953488372;0.16077209302325582;0.1867232558139535;0.21406279069767445;0.22656744186046512;0.24246976744186047;0.2408023255813954;0.3252279069767442;0.28035813953488375
2022-01-30T00:00:00.000Z;0.094;0.2253953488372093;0.09239302325581396;0.13177209302325582;0.17509302325581397;0.1996860465116279;0.2263325581395349;0.24056744186046514;0.26079534883720934;0.25707674418604654;0.3371139534883721;0.2865186046511628
2022-02-02T00:00:00.000Z;0.06686046511627908;0.4717674418604651;0.08506976744186047;0.12283255813953488;0.1619813953488372;0.1889511627906977;0.21387209302325583;0.22630465116279072;0.24256279069767445;0.2391279069767442;0.3195860465116279;0.26653023255813957
2022-02-04T00:00:00.000Z;;;;;;;;;;;;
2022-02-07T00:00:00.000Z;0.07200000000000001;0.6658372093023256;0.08857441860465116;0.12452093023255811;0.16335348837209304;0.18873488372093025;0.21544418604651164;0.22665116279069766;0.24452093023255816;0.24299767441860465;0.3285418604651163;0.2866302325581396
2022-02-09T00:00:00.000Z;;;;;;;;;;;;
2022-02-12T00:00:00.000Z;;;;;;;;;;;;
2022-02-14T00:00:00.000Z;;;;;;;;;;;;
2022-02-17T00:00:00.000Z;0.07200000000000001;0.648093023255814;0.09378604651162793;0.1300790697674419;0.17292558139534883;0.1991860465116279;0.2246325581395349;0.23608139534883724;0.2524;0.250953488372093;0.3441186046511628;0.3007046511627907
2022-02-19T00:00:00.000Z;;;;;;;;;;;;
2022-02-22T00:00:00.000Z;0.07797674418604651;0.354;0.09274883720930231;0.13313023255813952;0.17617209302325582;0.20178372093023259;0.22569767441860464;0.23841627906976748;0.25747906976744184;0.25434418604651166;0.33936279069767444;0.284753488372093
2022-02-24T00:00:00.000Z;0.171;0.9611627906976744;0.09586976744186046;0.12752093023255812;0.16066976744186048;0.18480000000000002;0.2061953488372093;0.21774883720930238;0.22623488372093026;0.229493023255814;0.28923488372093026;0.23884418604651164
2022-02-27T00:00:00.000Z;;;;;;;;;;;;
2022-03-01T00:00:00.000Z;0.11086046511627907;0.6532093023255814;0.10377441860465117;0.1463813953488372;0.19322093023255812;0.22204418604651166;0.24591162790697682;0.25806279069767446;0.27076511627906974;0.27578372093023257;0.37028604651162794;0.3184162790697675
2022-03-04T00:00:00.000Z;;;;;;;;;;;;
2022-03-06T00:00:00.000Z;;;;;;;;;;;;
2022-03-09T00:00:00.000Z;0.105;0.9285581395348836;0.08399069767441861;0.11982325581395349;0.16010697674418606;0.1878511627906977;0.21243488372093025;0.22432790697674418;0.23751627906976747;0.2402558139534884;0.3209651162790697;0.26682558139534884
2022-03-11T00:00:00.000Z;;;;;;;;;;;;
2022-03-14T00:00:00.000Z;;;;;;;;;;;;
2022-03-16T00:00:00.000Z;;;;;;;;;;;;
2022-03-19T00:00:00.000Z;;;;;;;;;;;;
2022-03-21T00:00:00.000Z;;;;;;;;;;;;
2022-03-24T00:00:00.000Z;;;;;;;;;;;;
2022-03-26T00:00:00.000Z;;;;;;;;;;;;
2022-03-29T00:00:00.000Z;;;;;;;;;;;;
2022-03-31T00:00:00.000Z;;;;;;;;;;;;
2022-04-03T00:00:00.000Z;0.09997674418604652;0.3086046511627907;0.09917674418604652;0.14251627906976744;0.18382325581395348;0.21449302325581399;0.24688372093023256;0.2574255813953489;0.28184651162790697;0.2725162790697675;0.3475372093023256;0.2922953488372093
2022-04-05T00:00:00.000Z;;;;;;;;;;;;
2022-04-08T00:00:00.000Z;;;;;;;;;;;;
2022-04-10T00:00:00.000Z;;;;;;;;;;;;
2022-04-13T00:00:00.000Z;;;;;;;;;;;;
2022-04-15T00:00:00.000Z;;;;;;;;;;;;
2022-04-18T00:00:00.000Z;;;;;;;;;;;;
2022-04-20T00:00:00.000Z;;;;;;;;;;;;
2022-04-23T00:00:00.000Z;0.116;0.7001860465116279;0.12465581395348839;0.1740325581395349;0.2190325581395349;0.2633976744186046;0.31180232558139537;0.3297441860465117;0.34981395348837213;0.351993023255814;0.42074418604651165;0.33566046511627906
2022-04-25T00:00:00.000Z;0.116;0.9769302325581396;0.12330232558139538;0.17271627906976744;0.21690232558139538;0.2564488372093024;0.3009279069767442;0.3158186046511628;0.3296860465116279;0.33373720930232564;0.4187348837209304;0.3644744186046512
2022-04-28T00:00:00.000Z;;;;;;;;;;;;
2022-04-30T00:00:00.000Z;;;;;;;;;;;;
2022-05-03T00:00:00.000Z;0.1327058823529412;1.5259705882352939;0.11044117647058825;0.15331764705882353;0.1880058823529412;0.2340823529411765;0.2877264705882353;0.3042058823529412;0.31365882352941177;0.3215852941176471;0.3606735294117647;0.2774323529411765
2022-05-05T00:00:00.000Z;;;;;;;;;;;;
2022-05-08T00:00:00.000Z;0.11086046511627907;1.0324651162790697;0.10566279069767445;0.15002325581395348;0.18708372093023257;0.2289279069767442;0.28132093023255816;0.2975186046511628;0.311693023255814;0.31415116279069766;0.3764953488372093;0.3207093023255814
2022-05-10T00:00:00.000Z;0.149;1.0491627906976744;0.11993255813953488;0.17153488372093023;0.21303720930232564;0.26094418604651165;0.3139837209302326;0.33067674418604653;0.33836744186046513;0.3477534883720931;0.4132883720930233;0.34522558139534887
2022-05-13T00:00:00.000Z;0.171;1.7794651162790698;0.10458604651162791;0.15116744186046513;0.18732558139534883;0.23540232558139537;0.28592558139534885;0.30265348837209305;0.30563720930232563;0.31959767441860465;0.36903488372093035;0.3023093023255814
2022-05-15T00:00:00.000Z;0.2092093023255814;1.5770697674418606;0.1312279069767442;0.1802744186046512;0.2185860465116279;0.26488837209302324;0.32174418604651167;0.34173023255813956;0.34748837209302325;0.35803720930232563;0.41851395348837217;0.3582
2022-05-18T00:00:00.000Z;0.1655581395348837;1.4916744186046513;0.11095581395348839;0.15643255813953488;0.1938883720930233;0.2371139534883721;0.28926046511627906;0.30757209302325583;0.3151069767441861;0.32271162790697683;0.3823790697674418;0.3243720930232558
2022-05-20T00:00:00.000Z;;;;;;;;;;;;
2022-05-23T00:00:00.000Z;0.16;1.5248837209302326;0.10851627906976745;0.15646976744186047;0.1974093023255814;0.24457674418604652;0.29315813953488373;0.3110558139534884;0.31660930232558143;0.3277418604651163;0.38440232558139537;0.31256279069767445
2022-05-25T00:00:00.000Z;0.127;1.1744;0.07005;0.10353;0.14629;0.17576;0.20844000000000001;0.2199;0.16895000000000002;0.24235;0.24985000000000002;0.20851999999999998
2022-05-28T00:00:00.000Z;0.11086046511627907;1.388232558139535;0.11471162790697674;0.1602186046511628;0.20393488372093024;0.2473046511627907;0.294493023255814;0.31207674418604653;0.321693023255814;0.3295837209302326;0.39509767441860466;0.33556744186046517
2022-05-30T00:00:00.000Z;0.138;1.054046511627907;0.1347023255813954;0.18921860465116283;0.24088139534883724;0.288493023255814;0.33188837209302324;0.35017906976744184;0.3600186046511628;0.3700418604651162;0.43994883720930233;0.3643302325581396
2022-06-02T00:00:00.000Z;;;;;;;;;;;;
2022-06-04T00:00:00.000Z;0.1873953488372093;1.5559302325581397;0.13847209302325583;0.18998372093023258;0.2431;0.2886418604651163;0.32923488372093024;0.35077209302325585;0.3573279069767442;0.3671441860465117;0.4453418604651163;0.3794023255813954
2022-06-07T00:00:00.000Z;0.11086046511627907;1.6345813953488373;0.11800697674418605;0.16438604651162791;0.21396744186046512;0.2581046511627907;0.2960488372093024;0.31537441860465115;0.3217023255813954;0.33339534883720934;0.4084232558139535;0.3459139534883721
2022-06-09T00:00:00.000Z;0.17646511627906977;2.15193023255814;0.13736279069767446;0.19230232558139534;0.24854418604651166;0.29826046511627907;0.3331906976744186;0.3501139534883721;0.3478813953488372;0.37044186046511624;0.45360930232558144;0.3745302325581396
2022-06-12T00:00:00.000Z;0.127;1.3706976744186048;0.11556046511627908;0.16202790697674418;0.2098093023255814;0.25325348837209305;0.2897255813953489;0.30734418604651165;0.31533488372093027;0.32753488372093026;0.3889162790697675;0.3146604651162791
2022-06-14T00:00:00.000Z;0.2475581395348837;1.303860465116279;0.13905116279069768;0.19205348837209305;0.24288139534883724;0.2856093023255814;0.32290697674418606;0.3421116279069768;0.35109069767441864;0.3595116279069768;0.43591162790697674;0.3694441860465117
2022-06-17T00:00:00.000Z;0.12186046511627907;1.5763023255813953;0.12097674418604652;0.16535348837209304;0.21307441860465115;0.25256046511627905;0.2875046511627907;0.3058488372093024;0.31428837209302324;0.32474186046511627;0.3975744186046512;0.3351558139534884
2022-06-19T00:00:00.000Z;0.2856511627906977;1.446;0.13701627906976743;0.19556279069767446;0.25064651162790696;0.2943511627906977;0.32856744186046516;0.3450325581395349;0.3506418604651163;0.3630813953488372;0.4360883720930233;0.35599767441860464
2022-06-22T00:00:00.000Z;0.11086046511627907;0.779093023255814;0.11216046511627908;0.16129302325581396;0.21671627906976748;0.25765813953488376;0.2895116279069768;0.30652558139534886;0.3232139534883721;0.32665116279069767;0.4017186046511628;0.3251093023255814
2022-06-24T00:00:00.000Z;0.171;1.5302325581395348;0.1387093023255814;0.1925883720930233;0.25248139534883723;0.2956348837209303;0.32638604651162795;0.3449697674418605;0.35481162790697685;0.3654558139534884;0.4616209302325581;0.3941488372093024
2022-06-27T00:00:00.000Z;0.127;1.2844418604651162;0.11833953488372093;0.1664046511627907;0.2212186046511628;0.2611046511627907;0.2924906976744186;0.3087372093023256;0.32179534883720934;0.32987906976744186;0.41750232558139533;0.35259534883720933
2022-06-29T00:00:00.000Z;0.22011627906976744;1.8683023255813955;0.13524186046511627;0.1916860465116279;0.2538186046511628;0.30092093023255817;0.32921627906976747;0.345646511627907;0.3476651162790697;0.3668325581395349;0.4577976744186047;0.37562093023255816
2022-07-02T00:00:00.000Z;0.3674651162790698;2.0137674418604647;0.11325581395348838;0.16829767441860463;0.21936744186046514;0.26399069767441863;0.2933860465116279;0.31105116279069767;0.31238604651162794;0.3319093023255814;0.39093023255813963;0.3088488372093024
2022-07-04T00:00:00.000Z;0.23511627906976745;2.17146511627907;0.14086511627906978;0.19378372093023258;0.24983488372093027;0.29610000000000003;0.32453023255813956;0.34494186046511627;0.3459302325581396;0.36452093023255816;0.4464860465116279;0.3743488372093024
2022-07-07T00:00:00.000Z;0.149;2.2;0.15191428571428572;0.17605714285714288;0.20211428571428572;0.232;0.25551428571428575;0.26445714285714284;0.232;0.2795428571428572;0.29034285714285724;0.2501714285714286
2022-07-09T00:00:00.000Z;0.2092093023255814;1.6403023255813953;0.13169534883720932;0.18747209302325585;0.24945581395348843;0.296693023255814;0.3222139534883721;0.3375279069767442;0.34292558139534884;0.3606139534883721;0.4589674418604651;0.37916976744186054
2022-07-12T00:00:00.000Z;0.19832558139534887;1.4705348837209304;0.11453488372093024;0.16580930232558141;0.22178139534883723;0.26537441860465116;0.2917418604651163;0.3074395348837209;0.3139953488372093;0.32763720930232565;0.4112093023255814;0.33478837209302326
2022-07-14T00:00:00.000Z;0.29118604651162794;1.4738604651162792;0.13299069767441862;0.1866790697674419;0.249;0.29139767441860465;0.3179139534883721;0.33727209302325584;0.34792093023255816;0.3587651162790697;0.45946046511627914;0.3914372093023256
2022-07-17T00:00:00.000Z;0.1655581395348837;1.091813953488372;0.11672558139534883;0.16595813953488373;0.22398139534883724;0.2643813953488372;0.29036744186046515;0.3069;0.321;0.32718372093023257;0.4192883720930233;0.3535116279069768
2022-07-19T00:00:00.000Z;0.15458139534883722;1.7004418604651161;0.12934418604651163;0.1808813953488372;0.2397279069767442;0.28255813953488373;0.30942558139534887;0.3240093023255814;0.3288767441860465;0.3464023255813954;0.44053255813953496;0.365139534883721
2022-07-22T00:00:00.000Z;0.182;2.0444651162790697;0.11486046511627908;0.16356279069767446;0.21948837209302324;0.26281627906976746;0.2865116279069768;0.30373255813953487;0.305093023255814;0.3238023255813954;0.40662558139534893;0.3301325581395349
2022-07-24T00:00:00.000Z;0.28030232558139534;1.1025348837209303;0.14023488372093024;0.1944558139534884;0.25813720930232564;0.3003139534883721;0.325146511627907;0.34366744186046516;0.35696511627906974;0.36423023255813963;0.4574348837209304;0.38629767441860463
2022-07-27T00:00:00.000Z;0.2529767441860465;2.4677441860465117;0.11635813953488373;0.16652093023255812;0.22540000000000002;0.2694674418604651;0.291893023255814;0.3101023255813954;0.31208837209302326;0.33123953488372093;0.4224581395348837;0.35118604651162794
2022-07-29T00:00:00.000Z;0.2039767441860465;2.2695116279069767;0.1315744186046512;0.18565116279069768;0.24731627906976747;0.29293953488372093;0.31447441860465114;0.33122558139534886;0.3303604651162791;0.3538232558139535;0.4516697674418605;0.3699046511627907
2022-08-01T00:00:00.000Z;0.182;2.5345348837209305;0.11434186046511627;0.1636790697674419;0.22003720930232562;0.2660883720930233;0.2851209302325582;0.30209767441860463;0.30178604651162794;0.3244186046511628;0.40896976744186053;0.32773953488372093
2022-08-03T00:00:00.000Z;0.26395348837209304;1.6996511627906978;0.13407441860465116;0.1871767441860465;0.2488558139534884;0.29204418604651167;0.3152720930232558;0.333446511627907;0.33944651162790695;0.35310697674418606;0.4478767441860465;0.3775232558139535
2022-08-06T00:00:00.000Z;0.193;1.4543023255813954;0.11683488372093023;0.16573488372093023;0.22416744186046514;0.26330697674418607;0.2870093023255814;0.304093023255814;0.31394418604651164;0.3238093023255814;0.4126325581395349;0.3458232558139535
2022-08-08T00:00:00.000Z;0.25846511627906976;1.2751627906976744;0.1323558139534884;0.1903209302325581;0.2570511627906977;0.3000279069767442;0.32363953488372094;0.3395093023255814;0.3467837209302326;0.3619;0.45464186046511634;0.3694697674418605
2022-08-11T00:00:00.000Z;0.116;1.7135581395348838;0.11063953488372093;0.15812558139534885;0.21187441860465114;0.25349302325581397;0.2753069767441861;0.2911511627906977;0.29626976744186045;0.3117116279069768;0.39298837209302323;0.3151813953488372
2022-08-13T00:00:00.000Z;;;;;;;;;;;;
2022-08-16T00:00:00.000Z;0.1873953488372093;1.5655348837209304;0.10918372093023257;0.15936744186046514;0.21764186046511627;0.2578279069767442;0.28085813953488376;0.2975232558139535;0.30611627906976746;0.31820465116279073;0.41283255813953496;0.34583488372093024
2022-08-18T00:00:00.000Z;0.22011627906976744;1.296813953488372;0.1260558139534884;0.1841558139534884;0.25046279069767446;0.2939953488372093;0.314346511627907;0.3302488372093024;0.3386;0.3511651162790697;0.44725348837209306;0.365139534883721
2022-08-21T00:00:00.000Z;0.2039767441860465;1.5713255813953488;0.11282790697674419;0.1705813953488372;0.2364139534883721;0.2822488372093024;0.30655813953488376;0.3240209302325582;0.33314418604651164;0.3475279069767442;0.42751627906976747;0.34414418604651165
2022-08-23T00:00:00.000Z;0.2529767441860465;2.6904651162790696;0.12898837209302327;0.18326744186046512;0.24637906976744187;0.29281860465116283;0.3122279069767442;0.33126744186046514;0.32787441860465116;0.3519744186046512;0.4507604651162791;0.37784186046511625
2022-08-26T00:00:00.000Z;0.20400000000000001;3.009;0.09570000000000001;0.1466;0.19133333333333333;0.25370000000000004;0.2801;0.2882;0.2916;0.3103;0.38380000000000003;0.3063
2022-08-28T00:00:00.000Z;0.27486046511627904;2.2853720930232564;0.11145813953488373;0.1675;0.2254558139534884;0.2742790697674419;0.29568837209302323;0.3122116279069768;0.31078837209302324;0.33322558139534886;0.42254651162790696;0.3406093023255814
2022-08-31T00:00:00.000Z;0.31846511627906976;2.6077906976744183;0.10892093023255811;0.16509767441860462;0.2194139534883721;0.2693093023255814;0.2968395348837209;0.31437209302325586;0.3131767441860465;0.3407325581395349;0.41671395348837215;0.3265511627906977
2022-09-02T00:00:00.000Z;0.2092093023255814;1.9665581395348841;0.1216046511627907;0.17307674418604652;0.2287046511627907;0.27078837209302326;0.29865813953488374;0.3158139534883721;0.31816511627906974;0.3343325581395349;0.4331976744186047;0.3666325581395349
2022-09-05T00:00:00.000Z;0.14372093023255814;1.3616511627906978;0.10425348837209304;0.15091627906976746;0.2030186046511628;0.23950000000000002;0.2683325581395349;0.28458372093023254;0.2942232558139535;0.3023209302325582;0.3936511627906977;0.33099069767441863
2022-09-07T00:00:00.000Z;0.1873953488372093;1.0333255813953488;0.11679302325581396;0.17115813953488374;0.22952093023255818;0.26867441860465113;0.29634418604651164;0.31251162790697684;0.32253023255813956;0.33408604651162793;0.4259209302325581;0.34868604651162793
2022-09-10T00:00:00.000Z;0.17646511627906977;1.5933488372093023;0.10165348837209302;0.14991162790697674;0.2032558139534884;0.24305348837209304;0.26748372093023254;0.28332093023255817;0.2895348837209303;0.302693023255814;0.38392558139534894;0.3086069767441861
2022-09-12T00:00:00.000Z;;;;;;;;;;;;
2022-09-15T00:00:00.000Z;0.15458139534883722;2.207046511627907;0.10230232558139536;0.14808372093023256;0.1992372093023256;0.23633255813953488;0.2625906976744186;0.27934651162790697;0.28148837209302324;0.29726976744186046;0.38867674418604653;0.3257023255813954
2022-09-17T00:00:00.000Z;0.22011627906976744;2.209046511627907;0.11433720930232556;0.16670000000000001;0.22302558139534887;0.26645348837209304;0.29206279069767443;0.3069837209302326;0.30418372093023255;0.32634186046511626;0.4211418604651163;0.34419767441860466
2022-09-20T00:00:00.000Z;0.1873953488372093;2.034139534883721;0.0987720930232558;0.1447860465116279;0.19551162790697676;0.2356046511627907;0.2613302325581396;0.27584651162790697;0.27884651162790697;0.2952116279069768;0.37419302325581394;0.2988860465116279
2022-09-22T00:00:00.000Z;0.21486046511627907;2.3748604651162792;0.11758372093023257;0.16798372093023256;0.22138139534883722;0.2635860465116279;0.2887581395348837;0.30818837209302324;0.3049209302325582;0.3250395348837209;0.42044651162790697;0.3521139534883721
2022-09-25T00:00:00.000Z;;;;;;;;;;;;
2022-09-27T00:00:00.000Z;0.14372093023255814;0.9857906976744187;0.10757674418604653;0.15833488372093024;0.21239767441860463;0.24931162790697683;0.27714418604651164;0.2923953488372093;0.3013906976744186;0.31065813953488375;0.4016023255813954;0.3291558139534884
2022-09-30T00:00:00.000Z;0.11086046511627907;0.8145813953488372;0.0927720930232558;0.1390139534883721;0.1875860465116279;0.22328604651162792;0.24995813953488374;0.2654651162790697;0.2795627906976744;0.28301627906976745;0.3588860465116279;0.28632558139534886
2022-10-02T00:00:00.000Z;0.17646511627906977;1.026906976744186;0.11111860465116281;0.16004651162790698;0.21176976744186046;0.24985116279069766;0.2778860465116279;0.2924953488372093;0.30486744186046516;0.31256511627906974;0.39947674418604656;0.33471162790697684
2022-10-05T00:00:00.000Z;0.17646511627906977;1.7286744186046512;0.17433953488372092;0.20752093023255816;0.24637209302325583;0.2865255813953489;0.3163511627906977;0.3320325581395349;0.33548837209302323;0.3484604651162791;0.3951906976744186;0.3170046511627907
2022-10-07T00:00:00.000Z;0.242;2.221627906976744;0.0937720930232558;0.1424813953488372;0.18916279069767447;0.23309069767441862;0.26043255813953486;0.2738813953488372;0.2713023255813954;0.29415348837209304;0.3592511627906977;0.2797023255813954
2022-10-10T00:00:00.000Z;;;;;;;;;;;;
2022-10-12T00:00:00.000Z;0.16548275862068965;2.255448275862069;0.07856551724137932;0.10354137931034484;0.12984827586206898;0.15038620689655172;0.171848275862069;0.18384827586206895;0.19335172413793106;0.19066206896551724;0.2332103448275862;0.18174482758620691
2022-10-15T00:00:00.000Z;0.171;1.5047209302325582;0.09144418604651164;0.13286046511627908;0.17352093023255813;0.2088232558139535;0.24430000000000002;0.259093023255814;0.2656232558139535;0.2742790697674419;0.3475093023255814;0.28873023255813957
2022-10-17T00:00:00.000Z;0.1873953488372093;1.8307674418604647;0.09349534883720931;0.1413953488372093;0.18450465116279072;0.22375116279069768;0.2570651162790697;0.26971162790697684;0.2694976744186046;0.288293023255814;0.3630139534883721;0.29559069767441865
2022-10-20T00:00:00.000Z;;;;;;;;;;;;
2022-10-22T00:00:00.000Z;;;;;;;;;;;;
2022-10-25T00:00:00.000Z;;;;;;;;;;;;
2022-10-27T00:00:00.000Z;;;;;;;;;;;;
2022-10-30T00:00:00.000Z;;;;;;;;;;;;
2022-11-01T00:00:00.000Z;0.138;1.684279069767442;0.09554418604651164;0.13586976744186047;0.17453023255813954;0.2068186046511628;0.23833023255813957;0.25786976744186046;0.26178372093023256;0.27189534883720934;0.35096511627906973;0.2945651162790697
2022-11-04T00:00:00.000Z;0.055581395348837215;0.991186046511628;0.10124186046511628;0.1370511627906977;0.17266046511627908;0.2016883720930233;0.2372558139534884;0.2540418604651163;0.26805581395348843;0.26809302325581397;0.33988837209302325;0.28086279069767445
2022-11-06T00:00:00.000Z;0.09997674418604652;0.4780697674418605;0.08708604651162792;0.13240697674418606;0.17254651162790696;0.19867209302325586;0.2335488372093024;0.24937441860465115;0.26454418604651164;0.2657023255813954;0.3350093023255814;0.2737860465116279
2022-11-09T00:00:00.000Z;;;;;;;;;;;;
2022-11-11T00:00:00.000Z;;;;;;;;;;;;
2022-11-14T00:00:00.000Z;0.127;1.7313023255813953;0.08139069767441862;0.11747674418604652;0.15137674418604652;0.18424186046511629;0.22366744186046514;0.24035116279069768;0.24513488372093026;0.2555790697674419;0.3171232558139535;0.25907209302325584
2022-11-16T00:00:00.000Z;;;;;;;;;;;;
2022-11-19T00:00:00.000Z;0.089;0.785;0.01805;0.026075;0.031200000000000002;0.037950000000000005;0.0485;0.053450000000000004;0.053575000000000005;0.056875;0.06375;0.046225
2022-11-21T00:00:00.000Z;;;;;;;;;;;;
2022-11-24T00:00:00.000Z;0.08897674418604652;1.493511627906977;0.07663023255813954;0.11002558139534883;0.14258604651162793;0.17383488372093023;0.2106232558139535;0.22459302325581398;0.23224651162790697;0.23809069767441862;0.3015069767441861;0.2465116279069768
2022-11-26T00:00:00.000Z;;;;;;;;;;;;
2022-11-29T00:00:00.000Z;0.07200000000000001;0.7270697674418605;0.07358139534883722;0.1111790697674419;0.14498604651162791;0.17424651162790697;0.21044651162790698;0.22361162790697683;0.23998604651162792;0.24072093023255817;0.29318837209302323;0.23087441860465116
2022-12-01T00:00:00.000Z;;;;;;;;;;;;
2022-12-04T00:00:00.000Z;;;;;;;;;;;;
2022-12-06T00:00:00.000Z;;;;;;;;;;;;
2022-12-09T00:00:00.000Z;;;;;;;;;;;;
2022-12-11T00:00:00.000Z;;;;;;;;;;;;
2022-12-14T00:00:00.000Z;;;;;;;;;;;;
2022-12-16T00:00:00.000Z;;;;;;;;;;;;
2022-12-19T00:00:00.000Z;;;;;;;;;;;;
2022-12-21T00:00:00.000Z;;;;;;;;;;;;
2022-12-24T00:00:00.000Z;0.06686046511627908;0.987;0.07173953488372094;0.10675581395348839;0.13552558139534884;0.16826744186046513;0.2104395348837209;0.22444651162790696;0.23687441860465117;0.2396;0.2930720930232558;0.23954186046511627
2022-12-26T00:00:00.000Z;;;;;;;;;;;;
2022-12-29T00:00:00.000Z;;;;;;;;;;;;
2022-12-31T00:00:00.000Z;0.083;0.6350232558139535;0.08403720930232558;0.12056511627906978;0.15240232558139538;0.18432790697674417;0.22673023255813957;0.2419046511627907;0.25706744186046515;0.25585348837209304;0.3143302325581396;0.258593023255814
2023-01-03T00:00:00.000Z;0.083;1.2431860465116282;0.07837674418604652;0.11043023255813954;0.13822325581395348;0.16895813953488373;0.2096232558139535;0.22380697674418606;0.23508837209302325;0.23851860465116279;0.2922883720930233;0.23763255813953488
2023-01-05T00:00:00.000Z;0.094;0.7758837209302326;0.08644651162790698;0.12489302325581396;0.15789302325581397;0.19321162790697677;0.2332279069767442;0.24591627906976748;0.25673023255813954;0.26328372093023256;0.31170697674418607;0.24757674418604653
2023-01-08T00:00:00.000Z;;;;;;;;;;;;
2023-01-10T00:00:00.000Z;0.07797674418604651;1.2411860465116282;0.08522558139534885;0.1213790697674419;0.1551232558139535;0.1888325581395349;0.2271860465116279;0.24076046511627908;0.24918139534883724;0.2572720930232558;0.32276279069767444;0.2674046511627907
2023-01-13T00:00:00.000Z;0.083;0.43486046511627907;0.0753;0.10963720930232555;0.14156744186046513;0.17014883720930232;0.2109139534883721;0.22595116279069768;0.24849767441860465;0.24026279069767445;0.2985348837209303;0.24539069767441862
2023-01-15T00:00:00.000Z;0.07200000000000001;0.8763488372093023;0.08376976744186046;0.12426046511627908;0.16106046511627908;0.19290000000000002;0.23166744186046515;0.24620697674418607;0.2557279069767442;0.26244418604651165;0.32338372093023254;0.26076744186046513
2023-01-18T00:00:00.000Z;;;;;;;;;;;;
2023-01-20T00:00:00.000Z;0.078;0.9178333333333334;0.07808333333333334;0.09398333333333334;0.11215;0.14428333333333332;0.1689;0.17393333333333333;0.1872;0.18433333333333332;0.2182;0.14736666666666667
2023-01-23T00:00:00.000Z;0.07797674418604651;0.42895348837209296;0.07766511627906977;0.11242325581395349;0.14842790697674418;0.17813488372093023;0.21744651162790699;0.23012093023255817;0.2508604651162791;0.2452186046511628;0.30862558139534885;0.2537976744186046
2023-01-25T00:00:00.000Z;;;;;;;;;;;;
2023-01-28T00:00:00.000Z;0.083;0.5078139534883721;0.07572325581395349;0.11370000000000001;0.15073488372093022;0.1820325581395349;0.21887674418604652;0.23213023255813955;0.2488046511627907;0.2475488372093024;0.3040767441860465;0.24065813953488374
2023-01-30T00:00:00.000Z;0.09997674418604652;0.6166046511627907;0.08938837209302326;0.12868372093023256;0.16713488372093024;0.19831627906976745;0.2353186046511628;0.24845348837209305;0.26553488372093026;0.26598372093023254;0.33358604651162793;0.2771232558139535
2023-02-02T00:00:00.000Z;0.083;0.6493023255813954;0.07956046511627907;0.11385813953488373;0.14894883720930233;0.1769;0.21473488372093025;0.22946976744186046;0.24713953488372092;0.24401627906976747;0.3085767441860465;0.25246279069767447
2023-02-04T00:00:00.000Z;0.08897674418604652;0.2519767441860465;0.08677209302325581;0.1298813953488372;0.1707046511627907;0.20101162790697677;0.2365186046511628;0.25208837209302326;0.2717813953488372;0.26847441860465115;0.33299069767441863;0.2698860465116279
2023-02-07T00:00:00.000Z;;;;;;;;;;;;
2023-02-09T00:00:00.000Z;;;;;;;;;;;;
2023-02-12T00:00:00.000Z;;;;;;;;;;;;
2023-02-14T00:00:00.000Z;;;;;;;;;;;;
2023-02-17T00:00:00.000Z;;;;;;;;;;;;
2023-02-19T00:00:00.000Z;0.31846511627906976;1.0846511627906978;0.09447674418604653;0.1396232558139535;0.17969302325581396;0.21341162790697682;0.2461139534883721;0.26193488372093027;0.26924651162790697;0.2756209302325582;0.3442325581395349;0.28957441860465116
2023-02-22T00:00:00.000Z;0.3455813953488372;1.013046511627907;0.09139767441860465;0.13472558139534885;0.1738279069767442;0.20747441860465116;0.23967209302325584;0.2532023255813954;0.263553488372093;0.2660418604651163;0.32928372093023256;0.2730279069767442
2023-02-24T00:00:00.000Z;;;;;;;;;;;;
2023-02-27T00:00:00.000Z;0.07797674418604651;0.24044186046511629;0.08668837209302327;0.1264139534883721;0.16784651162790698;0.19797209302325586;0.22999069767441863;0.2431953488372093;0.2652186046511628;0.2593720930232558;0.3252279069767442;0.2625046511627907
2023-03-01T00:00:00.000Z;0.12186046511627907;0.4485813953488372;0.10278372093023257;0.14476279069767445;0.1894372093023256;0.21989069767441863;0.25409767441860465;0.2668139534883721;0.28605348837209305;0.2835976744186046;0.3653186046511628;0.30936046511627907
2023-03-04T00:00:00.000Z;0.105;0.5537906976744187;0.09321627906976744;0.13183255813953487;0.17331627906976746;0.20328837209302328;0.23708372093023256;0.2485325581395349;0.26834418604651167;0.2648604651162791;0.342546511627907;0.2887116279069768
2023-03-06T00:00:00.000Z;;;;;;;;;;;;
2023-03-09T00:00:00.000Z;;;;;;;;;;;;
2023-03-11T00:00:00.000Z;;;;;;;;;;;;
2023-03-14T00:00:00.000Z;;;;;;;;;;;;
2023-03-16T00:00:00.000Z;0.09997674418604652;0.7205581395348837;0.1038813953488372;0.15037674418604652;0.19754651162790698;0.23226976744186045;0.2623348837209303;0.2762558139534884;0.28898372093023256;0.2942255813953489;0.3771418604651162;0.31241162790697685
2023-03-19T00:00:00.000Z;0.105;1.001906976744186;0.09786046511627908;0.14190232558139537;0.18648372093023258;0.22080232558139537;0.251;0.2643604651162791;0.2750604651162791;0.28008604651162794;0.3568418604651163;0.28873488372093026
2023-03-21T00:00:00.000Z;;;;;;;;;;;;
2023-03-24T00:00:00.000Z;0.09997674418604652;0.8161395348837209;0.1063093023255814;0.14831627906976744;0.19353023255813956;0.22537209302325584;0.25646744186046516;0.2706906976744186;0.2860604651162791;0.2860558139534884;0.37096511627906975;0.3124837209302326
2023-03-26T00:00:00.000Z;;;;;;;;;;;;
2023-03-29T00:00:00.000Z;0.105;0.6898139534883722;0.09980697674418605;0.1445813953488372;0.1912744186046512;0.2248093023255814;0.2540232558139535;0.26740697674418606;0.2836883720930232;0.2854093023255814;0.3631093023255814;0.29388837209302326
2023-03-31T00:00:00.000Z;;;;;;;;;;;;
2023-04-03T00:00:00.000Z;0.08897674418604652;0.3827906976744186;0.10657906976744189;0.1518651162790698;0.20193488372093027;0.2323046511627907;0.26065348837209307;0.2756953488372093;0.2971720930232558;0.2926232558139535;0.3815558139534884;0.3221953488372093
2023-04-05T00:00:00.000Z;0.149;0.43567441860465117;0.12046279069767446;0.17244651162790697;0.22746976744186045;0.26213488372093025;0.2907186046511628;0.30568837209302324;0.32278837209302325;0.32297674418604655;0.41470232558139536;0.342546511627907
2023-04-08T00:00:00.000Z;0.116;0.46311627906976743;0.10646279069767446;0.15221860465116283;0.20354883720930234;0.23656744186046513;0.2649953488372093;0.2785279069767442;0.29728372093023253;0.29386279069767446;0.37872093023255815;0.3069790697674419
2023-04-10T00:00:00.000Z;0.32932558139534884;1.415139534883721;0.0874046511627907;0.11276511627906978;0.13732558139534884;0.15876744186046512;0.17723720930232556;0.1868604651162791;0.1892232558139535;0.1929139534883721;0.21572093023255817;0.16873488372093023
2023-04-13T00:00:00.000Z;;;;;;;;;;;;
2023-04-15T00:00:00.000Z;0.16;0.9464418604651165;0.12869302325581397;0.1820209302325581;0.2404139534883721;0.2782023255813954;0.3036511627906977;0.3168488372093024;0.3268651162790697;0.3369232558139535;0.43051627906976747;0.35643488372093024
2023-04-18T00:00:00.000Z;0.08897674418604652;0.796046511627907;0.11176744186046512;0.15945116279069768;0.21166511627906973;0.24727209302325584;0.2716418604651163;0.2862279069767442;0.30019534883720933;0.3027488372093024;0.38861162790697684;0.3156767441860465
2023-04-20T00:00:00.000Z;0.1655581395348837;0.8231395348837209;0.13410697674418606;0.18680000000000002;0.24611162790697683;0.2824720930232558;0.30957209302325583;0.3246790697674419;0.33945813953488374;0.34248372093023255;0.44381162790697676;0.3781604651162791
2023-04-23T00:00:00.000Z;0.12186046511627907;0.8393255813953489;0.11536046511627908;0.16299069767441862;0.21637209302325583;0.24993720930232563;0.2771116279069768;0.2905767441860465;0.30653488372093024;0.3070953488372093;0.4057488372093024;0.34050697674418606
2023-04-25T00:00:00.000Z;0.094;1.2263255813953489;0.1321790697674419;0.18581162790697678;0.24585116279069769;0.2832906976744186;0.3085953488372093;0.32222093023255816;0.32863720930232565;0.33991627906976746;0.4452069767441861;0.3707046511627907
2023-04-28T00:00:00.000Z;;;;;;;;;;;;
2023-04-30T00:00:00.000Z;;;;;;;;;;;;
2023-05-03T00:00:00.000Z;;;;;;;;;;;;
2023-05-05T00:00:00.000Z;0.09997674418604652;1.035093023255814;0.13463953488372093;0.18825581395348842;0.249493023255814;0.28642558139534885;0.3110232558139535;0.32409767441860465;0.3350883720930233;0.3435186046511628;0.450446511627907;0.3741860465116279
2023-05-08T00:00:00.000Z;;;;;;;;;;;;
2023-05-10T00:00:00.000Z;0.09997674418604652;1.597511627906977;0.14128139534883719;0.19212790697674417;0.2522116279069768;0.29269767441860467;0.31540232558139536;0.33098604651162794;0.3371790697674419;0.3502488372093024;0.4616837209302326;0.39543953488372097
2023-05-13T00:00:00.000Z;;;;;;;;;;;;
2023-05-15T00:00:00.000Z;0.05559523809523809;0.6443333333333334;0.16168095238095243;0.2156809523809524;0.2774190476190476;0.32053809523809523;0.34941666666666665;0.3667690476190476;0.3841619047619048;0.38909285714285724;0.4828928571428572;0.4040857142857143
2023-05-18T00:00:00.000Z;;;;;;;;;;;;
2023-05-20T00:00:00.000Z;;;;;;;;;;;;
2023-05-23T00:00:00.000Z;;;;;;;;;;;;
2023-05-25T00:00:00.000Z;;;;;;;;;;;;
2023-05-28T00:00:00.000Z;;;;;;;;;;;;
2023-05-30T00:00:00.000Z;0.12186046511627907;1.6961162790697675;0.11848837209302326;0.14875348837209304;0.18036279069767447;0.2129232558139535;0.24166046511627906;0.2575953488372093;0.25680000000000003;0.2698558139534884;0.3100441860465117;0.23997906976744185
2023-06-02T00:00:00.000Z;0.4215813953488372;1.9096511627906976;0.10949534883720931;0.15782790697674418;0.2084139534883721;0.25255813953488376;0.2874767441860465;0.3042604651162791;0.3083953488372093;0.3214093023255814;0.3938116279069768;0.30691162790697685
2023-06-04T00:00:00.000Z;0.07797674418604651;1.8868604651162793;0.12191627906976744;0.17109767441860463;0.22167441860465115;0.26304418604651164;0.29705116279069765;0.31038604651162793;0.3123488372093024;0.3301860465116279;0.42450232558139533;0.3473860465116279
2023-06-07T00:00:00.000Z;;;;;;;;;;;;
2023-06-09T00:00:00.000Z;;;;;;;;;;;;
2023-06-12T00:00:00.000Z;;;;;;;;;;;;
2023-06-14T00:00:00.000Z;0.14372093023255814;1.7754883720930232;0.1291511627906977;0.18336511627906976;0.23474651162790697;0.27978837209302326;0.3159046511627907;0.3336;0.33313488372093025;0.3506604651162791;0.44464651162790697;0.3704883720930232
2023-06-17T00:00:00.000Z;0.14372093023255814;1.8457674418604648;0.11209534883720931;0.1588651162790698;0.20576279069767445;0.2469279069767442;0.28558604651162794;0.3015744186046512;0.3036186046511628;0.31883255813953487;0.39976744186046514;0.32889534883720933
2023-06-19T00:00:00.000Z;;;;;;;;;;;;
2023-06-22T00:00:00.000Z;0.21486046511627907;1.768;0.0998906976744186;0.14376279069767445;0.18573953488372089;0.22469534883720932;0.26607441860465114;0.2850604651162791;0.29033953488372094;0.30070697674418606;0.37598139534883723;0.30638604651162793
2023-06-24T00:00:00.000Z;0.16;1.582;0.12901627906976745;0.18079767441860464;0.2333953488372093;0.27682093023255816;0.3200395348837209;0.33748139534883725;0.34017674418604654;0.3537186046511628;0.444393023255814;0.37143953488372095
2023-06-27T00:00:00.000Z;0.3564651162790698;2.0382790697674418;0.10914651162790698;0.15157674418604652;0.19008372093023257;0.23167209302325584;0.27865348837209303;0.2996279069767442;0.2994232558139535;0.31888139534883725;0.39279302325581394;0.3175209302325582
2023-06-29T00:00:00.000Z;0.5736511627906976;2.108395348837209;0.12791162790697674;0.17611162790697674;0.22498604651162793;0.2700186046511628;0.3169953488372093;0.3435348837209303;0.34383720930232564;0.36136744186046516;0.4616604651162791;0.3904511627906977
2023-07-02T00:00:00.000Z;0.149;2.389232558139535;0.11573953488372092;0.16129302325581396;0.20666046511627906;0.24628372093023254;0.2863906976744186;0.30568604651162795;0.3047255813953489;0.32147441860465115;0.4061162790697675;0.34436744186046514
2023-07-04T00:00:00.000Z;0.1873953488372093;1.7196976744186048;0.13402558139534884;0.18803953488372088;0.2408232558139535;0.2846418604651163;0.3219186046511628;0.33918837209302327;0.34153488372093027;0.35934418604651164;0.4483395348837209;0.37235581395348843
2023-07-07T00:00:00.000Z;;;;;;;;;;;;
2023-07-09T00:00:00.000Z;0.23665116279069767;2.381558139534884;0.13254883720930233;0.18377674418604648;0.23029767441860463;0.272653488372093;0.3092372093023256;0.3315395348837209;0.3263372093023256;0.3455046511627907;0.43104186046511633;0.3672162790697675
2023-07-12T00:00:00.000Z;0.251;1.541;0.12206666666666668;0.16246666666666668;0.19733333333333333;0.24650000000000002;0.2816;0.29660000000000003;0.3055333333333333;0.31420000000000003;0.39740000000000003;0.3361
2023-07-14T00:00:00.000Z;0.21486046511627907;1.797232558139535;0.13274418604651161;0.18744186046511627;0.2415186046511628;0.2865093023255814;0.3202116279069768;0.33677209302325584;0.3365511627906977;0.3531116279069768;0.44621627906976746;0.3679139534883721
2023-07-17T00:00:00.000Z;0.242;1.4698837209302327;0.1112139534883721;0.1606604651162791;0.2090558139534884;0.2501441860465117;0.2818;0.2985325581395349;0.3027488372093024;0.31543023255813957;0.390453488372093;0.3155139534883721
2023-07-19T00:00:00.000Z;;;;;;;;;;;;
2023-07-22T00:00:00.000Z;;;;;;;;;;;;
2023-07-24T00:00:00.000Z;0.3292558139534884;1.7482325581395348;0.1405813953488372;0.18984186046511628;0.23652093023255816;0.2810023255813954;0.3174232558139535;0.33388837209302324;0.32980465116279073;0.3521395348837209;0.4222674418604651;0.3443232558139535
2023-07-27T00:00:00.000Z;0.11086046511627907;2.672023255813954;0.11407441860465117;0.15882325581395348;0.2053488372093024;0.24616279069767444;0.275153488372093;0.29102558139534884;0.28750697674418607;0.31093720930232566;0.3938116279069768;0.31834418604651166
2023-07-29T00:00:00.000Z;0.26395348837209304;1.5147674418604653;0.1370813953488372;0.19185813953488373;0.24658139534883722;0.2890186046511628;0.3194162790697675;0.3373069767441861;0.34282558139534886;0.35296279069767444;0.4496767441860465;0.3819883720930232
2023-08-01T00:00:00.000Z;0.1655581395348837;1.2942558139534883;0.11672093023255811;0.16406511627906978;0.2162186046511628;0.2560418604651163;0.2844860465116279;0.3010279069767442;0.31015348837209306;0.3167720930232558;0.4099186046511628;0.3470255813953489
2023-08-03T00:00:00.000Z;0.193;1.7212790697674418;0.1325558139534884;0.18848604651162792;0.24722558139534886;0.291193023255814;0.3173674418604651;0.33307906976744184;0.3336395348837209;0.34891162790697683;0.4498860465116279;0.3714325581395349
2023-08-06T00:00:00.000Z;0.15458139534883722;1.4316744186046513;0.11360232558139538;0.1642279069767442;0.2171488372093024;0.2589255813953489;0.2849116279069768;0.2997116279069768;0.3058;0.31683488372093027;0.4006581395348837;0.325146511627907
2023-08-08T00:00:00.000Z;0.22572093023255813;2.308069767441861;0.13499534883720932;0.1850744186046512;0.23108372093023255;0.2725488372093024;0.30178372093023254;0.3211488372093024;0.317446511627907;0.3364604651162791;0.4213534883720931;0.35336511627906975
2023-08-11T00:00:00.000Z;0.19832558139534887;1.6590930232558139;0.11676976744186048;0.1657953488372093;0.2178558139534884;0.258193023255814;0.2845023255813954;0.30165348837209305;0.30668372093023255;0.3170906976744186;0.40727209302325584;0.34142093023255815
2023-08-13T00:00:00.000Z;0.2475581395348837;2.175720930232558;0.13067441860465118;0.18698604651162792;0.24494418604651166;0.2908325581395349;0.3143627906976744;0.3302139534883721;0.3270162790697675;0.3480116279069768;0.4454697674418605;0.36304651162790696
2023-08-16T00:00:00.000Z;0.116;2.066511627906977;0.11169767441860463;0.15726046511627909;0.20444651162790697;0.24612558139534887;0.2699651162790697;0.2851488372093024;0.28555348837209305;0.30219069767441864;0.38497674418604655;0.3090162790697675
2023-08-18T00:00:00.000Z;0.193;1.182813953488372;0.13471627906976744;0.18915116279069769;0.24706744186046514;0.2876372093023256;0.3141139534883721;0.33157674418604655;0.34128372093023257;0.3487023255813954;0.4470581395348837;0.378893023255814
2023-08-21T00:00:00.000Z;0.16;1.988139534883721;0.11577209302325582;0.16415813953488373;0.21577209302325584;0.2559232558139535;0.28156976744186046;0.2971488372093024;0.3003488372093024;0.3133046511627907;0.4086093023255814;0.3423488372093024
2023-08-23T00:00:00.000Z;0.22572093023255813;1.5583255813953487;0.12680697674418606;0.18145348837209305;0.24230697674418608;0.2860511627906977;0.3113232558139535;0.32634651162790695;0.3278604651162791;0.34495813953488375;0.4405302325581395;0.358846511627907
2023-08-26T00:00:00.000Z;0.31846511627906976;1.7763953488372093;0.12548372093023258;0.17566511627906978;0.22219069767441862;0.2623813953488372;0.2890395348837209;0.30267906976744186;0.3034232558139535;0.3219627906976744;0.3853023255813954;0.30143488372093025
2023-08-28T00:00:00.000Z;0.1655581395348837;1.1603953488372092;0.12667674418604652;0.18028837209302329;0.23753720930232564;0.2775232558139535;0.30403488372093024;0.31906279069767446;0.3284232558139535;0.33666976744186045;0.4345;0.36796744186046515
2023-08-31T00:00:00.000Z;0.171;1.7423720930232556;0.11050232558139537;0.15913023255813954;0.21184651162790696;0.25184418604651165;0.27735813953488375;0.29278139534883724;0.29748372093023256;0.30916511627906973;0.40212558139534893;0.3344511627906977
2023-09-02T00:00:00.000Z;;;;;;;;;;;;
2023-09-05T00:00:00.000Z;0.33472093023255817;2.2657674418604654;0.12084186046511627;0.17464651162790698;0.2206279069767442;0.2681651162790697;0.2952906976744186;0.3088906976744186;0.30812558139534885;0.32707674418604654;0.3882023255813954;0.30396511627906975
2023-09-07T00:00:00.000Z;0.2039767441860465;2.643186046511628;0.12116976744186048;0.17287441860465116;0.22332558139534886;0.26812558139534887;0.2976348837209303;0.3167116279069768;0.3117372093023256;0.3338139534883721;0.4209441860465117;0.35065813953488373
2023-09-10T00:00:00.000Z;0.182;2.239139534883721;0.10948837209302327;0.15357674418604653;0.20141860465116282;0.23997906976744185;0.26876279069767445;0.28535348837209307;0.28993953488372093;0.3022627906976744;0.38355348837209297;0.3193627906976744
2023-09-12T00:00:00.000Z;;;;;;;;;;;;
2023-09-15T00:00:00.000Z;0.105;2.568046511627907;0.11766279069767445;0.1627953488372093;0.20718604651162792;0.2539162790697675;0.28691162790697683;0.3031488372093024;0.3020232558139535;0.3235558139534884;0.4013837209302325;0.31756511627906975
2023-09-17T00:00:00.000Z;0.2039767441860465;2.7864418604651164;0.1137953488372093;0.1634325581395349;0.20887906976744186;0.25353488372093025;0.2854558139534884;0.30615116279069765;0.30106279069767444;0.3248046511627907;0.40208372093023254;0.3273720930232558
2023-09-20T00:00:00.000Z;0.138;2.018441860465116;0.10414883720930232;0.14614418604651164;0.1883813953488372;0.22644186046511627;0.26018372093023256;0.2765418604651163;0.27855348837209304;0.29184418604651163;0.3741418604651162;0.3111186046511628
2023-09-22T00:00:00.000Z;0.055581395348837215;1.0348837209302326;0.0961906976744186;0.13770697674418605;0.18112093023255812;0.2178279069767442;0.25212558139534885;0.2690232558139535;0.26148372093023253;0.2894488372093024;0.35534418604651163;0.301393023255814
2023-09-25T00:00:00.000Z;0.094;1.1033488372093023;0.09656046511627908;0.14222325581395348;0.1863813953488372;0.22237674418604653;0.2524581395348837;0.2656558139534884;0.27535348837209306;0.2822906976744186;0.3584953488372093;0.2900651162790697
2023-09-27T00:00:00.000Z;0.12186046511627907;1.549279069767442;0.11390232558139537;0.16223023255813954;0.2083488372093024;0.2460116279069768;0.27785116279069766;0.2935697674418605;0.29704186046511627;0.3076325581395349;0.40144186046511626;0.33829767441860464
2023-09-30T00:00:00.000Z;0.08897674418604652;1.4243023255813954;0.0997813953488372;0.14149302325581395;0.1864046511627907;0.2225186046511628;0.25094418604651164;0.26585116279069765;0.27354418604651165;0.2807162790697675;0.3685418604651162;0.31077906976744185
2023-10-02T00:00:00.000Z;0.105;0.9811162790697674;0.10706046511627908;0.15596511627906978;0.20538837209302324;0.24324418604651166;0.27269767441860465;0.2864860465116279;0.2946395348837209;0.3042139534883721;0.3906093023255814;0.32006976744186044
2023-10-05T00:00:00.000Z;0.127;1.2230697674418605;0.09658604651162793;0.1408604651162791;0.18349767441860465;0.22009534883720933;0.24977906976744185;0.26121162790697683;0.2700372093023256;0.2780255813953489;0.3553534883720931;0.28278837209302327
2023-10-07T00:00:00.000Z;0.14372093023255814;1.3182093023255812;0.1121813953488372;0.1582813953488372;0.20517441860465116;0.24425116279069767;0.2725302325581396;0.2881046511627907;0.2941976744186046;0.3040744186046512;0.3943581395348837;0.33136744186046513
2023-10-10T00:00:00.000Z;0.1108;1.2555666666666667;0.10346;0.14100666666666667;0.18012;0.20979000000000003;0.2385366666666667;0.24940333333333334;0.26362;0.26392;0.33964333333333335;0.2841766666666667
2023-10-12T00:00:00.000Z;0.127;1.1128372093023255;0.10498837209302327;0.15279302325581395;0.2011139534883721;0.24057674418604652;0.26738372093023255;0.28092558139534884;0.2863418604651163;0.2978953488372093;0.3845209302325582;0.31447674418604654
2023-10-15T00:00:00.000Z;0.14372093023255814;1.7698372093023256;0.09430697674418605;0.13929767441860463;0.1809813953488372;0.22155813953488374;0.24738372093023256;0.26134418604651166;0.2633488372093024;0.2769767441860465;0.3547418604651163;0.28060697674418605
2023-10-17T00:00:00.000Z;;;;;;;;;;;;
2023-10-20T00:00:00.000Z;0.11086046511627907;1.4149302325581397;0.024090697674418605;0.033113953488372094;0.04406511627906977;0.05822093023255814;0.07071162790697674;0.08023953488372093;0.06069767441860466;0.08779534883720931;0.10207441860465116;0.08907441860465116
2023-10-22T00:00:00.000Z;;;;;;;;;;;;
2023-10-25T00:00:00.000Z;0.06686046511627908;1.5425813953488374;0.03748604651162791;0.06071162790697675;0.07955116279069768;0.0975046511627907;0.11120232558139538;0.11753023255813953;0.11902558139534884;0.12514651162790696;0.14235348837209305;0.10593720930232556
2023-10-27T00:00:00.000Z;;;;;;;;;;;;
2023-10-30T00:00:00.000Z;0.094;1.6384651162790698;0.11991627906976744;0.16469302325581398;0.21091627906976748;0.2584139534883721;0.29275348837209303;0.30908372093023256;0.31211627906976747;0.3254;0.4185976744186047;0.3371953488372093
2023-11-01T00:00:00.000Z;;;;;;;;;;;;
2023-11-04T00:00:00.000Z;;;;;;;;;;;;
2023-11-06T00:00:00.000Z;;;;;;;;;;;;
2023-11-09T00:00:00.000Z;;;;;;;;;;;;
2023-11-11T00:00:00.000Z;0.055581395348837215;1.4343953488372092;0.09282093023255812;0.1311906976744186;0.16791627906976744;0.20055348837209305;0.22541162790697683;0.23645813953488373;0.23695813953488373;0.2511046511627907;0.3113906976744186;0.2501069767441861
2023-11-14T00:00:00.000Z;0.07797674418604651;1.0524418604651162;0.0820953488372093;0.1230511627906977;0.16440000000000002;0.2023906976744186;0.23065813953488373;0.24226976744186046;0.2525023255813954;0.25913720930232564;0.3239604651162791;0.2548093023255814
2023-11-16T00:00:00.000Z;;;;;;;;;;;;
2023-11-19T00:00:00.000Z;0.07797674418604651;1.0088372093023257;0.08331395348837209;0.1228093023255814;0.1607813953488372;0.193893023255814;0.2237139534883721;0.2360046511627907;0.24986046511627907;0.2520023255813954;0.32149302325581397;0.2614186046511628
2023-11-21T00:00:00.000Z;0.08897674418604652;0.6779302325581396;0.09132558139534885;0.1381558139534884;0.18356279069767445;0.22006744186046515;0.24939767441860464;0.2611767441860465;0.27414418604651164;0.2801209302325582;0.34935348837209307;0.2807558139534884
2023-11-24T00:00:00.000Z;0.07200000000000001;0.6781860465116278;0.07947906976744187;0.12165813953488373;0.16182790697674418;0.1969139534883721;0.22644186046511627;0.23722558139534886;0.25312558139534885;0.25413720930232564;0.3165488372093024;0.24746511627906972
2023-11-26T00:00:00.000Z;0.1327674418604651;0.9886046511627908;0.11306279069767446;0.15115348837209305;0.19170232558139533;0.22467209302325583;0.2534162790697675;0.26622093023255816;0.27545813953488374;0.2799279069767442;0.33758372093023253;0.2781232558139535
2023-11-29T00:00:00.000Z;;;;;;;;;;;;
2023-12-01T00:00:00.000Z;;;;;;;;;;;;
2023-12-04T00:00:00.000Z;;;;;;;;;;;;
2023-12-06T00:00:00.000Z;;;;;;;;;;;;
2023-12-09T00:00:00.000Z;;;;;;;;;;;;
2023-12-11T00:00:00.000Z;0.083;1.0602558139534883;0.08397441860465116;0.12769767441860463;0.16900697674418605;0.2046697674418605;0.2322488372093024;0.24177441860465115;0.24844418604651164;0.25948139534883724;0.31720000000000004;0.2529046511627907
2023-12-14T00:00:00.000Z;0.06686046511627908;0.6549069767441861;0.07801395348837209;0.1185813953488372;0.1572744186046512;0.19202790697674416;0.22308837209302324;0.233493023255814;0.24986046511627907;0.25022093023255815;0.30780697674418606;0.23824418604651165
2023-12-16T00:00:00.000Z;0.07200000000000001;0.5838604651162791;0.09134883720930231;0.1322139534883721;0.17211860465116283;0.20641627906976748;0.23716976744186047;0.24873720930232562;0.2656232558139535;0.2657139534883721;0.3342906976744186;0.2742232558139535
2023-12-19T00:00:00.000Z;0.06686046511627908;0.4659302325581396;0.08155348837209303;0.12095348837209303;0.15914418604651162;0.19225581395348842;0.22480465116279072;0.23579069767441863;0.2574418604651163;0.25028604651162795;0.31708837209302326;0.2593232558139535
2023-12-21T00:00:00.000Z;0.07200000000000001;0.8003023255813954;0.08546976744186047;0.13083953488372094;0.17366744186046512;0.2127488372093024;0.24009767441860463;0.251593023255814;0.2616046511627907;0.2678186046511628;0.33403488372093026;0.2674372093023256
2023-12-24T00:00:00.000Z;0.06686046511627908;0.5718372093023256;0.07736046511627907;0.11882558139534884;0.15637674418604652;0.19266279069767445;0.21936279069767445;0.2324093023255814;0.24877674418604653;0.24804418604651166;0.3052209302325582;0.23579069767441863
2023-12-26T00:00:00.000Z;0.07200000000000001;0.3274186046511628;0.09184883720930231;0.13057209302325581;0.17042558139534883;0.20103255813953488;0.23337441860465116;0.2450279069767442;0.2658325581395349;0.26234186046511626;0.3281093023255814;0.2676534883720931
2023-12-29T00:00:00.000Z;;;;;;;;;;;;
2023-12-31T00:00:00.000Z;;;;;;;;;;;;
2024-01-03T00:00:00.000Z;;;;;;;;;;;;
2024-01-05T00:00:00.000Z;;;;;;;;;;;;
2024-01-08T00:00:00.000Z;0.06686046511627908;0.45781395348837206;0.08109069767441861;0.1200046511627907;0.16010232558139537;0.1928511627906977;0.22350930232558142;0.23466976744186047;0.25467906976744187;0.24902790697674418;0.31556279069767446;0.25823720930232563
2024-01-10T00:00:00.000Z;;;;;;;;;;;;
2024-01-13T00:00:00.000Z;;;;;;;;;;;;
2024-01-18T00:00:00.000Z;0.05558823529411765;0.8441470588235294;0.1057470588235294;0.1292;0.16204117647058824;0.1900294117647059;0.2196970588235294;0.2416323529411765;0.19637058823529407;0.2624382352941177;0.26801176470588234;0.2440029411764706
2024-01-20T00:00:00.000Z;;;;;;;;;;;;
2024-01-23T00:00:00.000Z;0.08897674418604652;1.3042790697674418;0.0769325581395349;0.11566046511627909;0.1519906976744186;0.18946279069767447;0.21517209302325582;0.2258488372093024;0.23527441860465115;0.24207209302325583;0.2981325581395349;0.23289767441860465
2024-01-25T00:00:00.000Z;;;;;;;;;;;;
2024-01-28T00:00:00.000Z;0.078;0.562;0.09176666666666666;0.11653333333333334;0.14486666666666667;0.1826;0.217;0.22690000000000002;0.23546666666666666;0.2412;0.2949;0.2401
2024-01-30T00:00:00.000Z;;;;;;;;;;;;
2024-02-02T00:00:00.000Z;0.083;1.0536744186046512;0.0841325581395349;0.1231;0.1612;0.1959488372093023;0.22119069767441862;0.23218139534883722;0.2430325581395349;0.24811627906976746;0.31248837209302327;0.24926976744186047
2024-02-04T00:00:00.000Z;0.083;0.510953488372093;0.0988279069767442;0.14420232558139537;0.18915813953488375;0.22302558139534887;0.25345581395348843;0.2669209302325582;0.28349069767441865;0.2827209302325582;0.36814651162790696;0.308193023255814
2024-02-07T00:00:00.000Z;0.09997674418604652;1.0043720930232558;0.08760232558139536;0.12633488372093024;0.1656697674418605;0.1988372093023256;0.22527441860465117;0.23756279069767444;0.2490093023255814;0.2504906976744186;0.3252069767441861;0.27376279069767445
2024-02-09T00:00:00.000Z;;;;;;;;;;;;
2024-02-12T00:00:00.000Z;0.083;1.168046511627907;0.0693906976744186;0.10901627906976745;0.14510697674418604;0.18053023255813955;0.2072488372093024;0.2186232558139535;0.22704651162790698;0.23337209302325584;0.2835139534883721;0.21470697674418607
2024-02-14T00:00:00.000Z;;;;;;;;;;;;
2024-02-17T00:00:00.000Z;0.07797674418604651;1.0896046511627908;0.0883093023255814;0.12988837209302326;0.1692046511627907;0.2046883720930233;0.23468837209302323;0.2465139534883721;0.25788372093023254;0.26024418604651167;0.33271162790697684;0.27896279069767443
2024-02-19T00:00:00.000Z;;;;;;;;;;;;
2024-02-22T00:00:00.000Z;;;;;;;;;;;;
2024-02-24T00:00:00.000Z;0.055581395348837215;0.698953488372093;0.13869767441860464;0.18224186046511628;0.23388372093023255;0.276653488372093;0.31503488372093025;0.33157674418604655;0.34594651162790696;0.3522069767441861;0.44832093023255815;0.3713046511627907
2024-02-27T00:00:00.000Z;;;;;;;;;;;;
2024-02-29T00:00:00.000Z;0.105;0.643093023255814;0.10426976744186048;0.15435813953488373;0.20422325581395348;0.2389;0.26632558139534884;0.28017674418604654;0.29211627906976745;0.2962093023255814;0.3801255813953489;0.31269069767441865
2024-03-03T00:00:00.000Z;0.083;0.5181627906976743;0.09074186046511629;0.13456744186046513;0.17912093023255812;0.21131860465116278;0.2398093023255814;0.2515023255813954;0.2692279069767442;0.26845348837209304;0.3376790697674419;0.2700906976744186
2024-03-05T00:00:00.000Z;0.11086046511627907;0.6879069767441861;0.11201162790697675;0.15708837209302326;0.2072395348837209;0.2432069767441861;0.2730255813953489;0.2865395348837209;0.30136744186046516;0.3032674418604651;0.3929441860465117;0.3319116279069768
2024-03-08T00:00:00.000Z;0.05557142857142857;0.9461666666666666;0.0470952380952381;0.05415238095238095;0.06402380952380952;0.0753904761904762;0.08744285714285716;0.09158571428571428;0.09876428571428572;0.0965952380952381;0.11325238095238097;0.08385714285714287
2024-03-10T00:00:00.000Z;0.056;0.975;0.09770000000000001;0.12445;0.1285;0.13540000000000002;0.1332;0.1262;0.1524;0.129;0.1247;0.09380000000000001
2024-03-13T00:00:00.000Z;0.083;0.6472093023255814;0.0950186046511628;0.13840465116279072;0.18319069767441862;0.21866744186046513;0.2478511627906977;0.25945348837209303;0.2752093023255814;0.2755162790697675;0.34416046511627907;0.27908837209302323
2024-03-15T00:00:00.000Z;0.116;0.9056046511627908;0.11463720930232556;0.1617558139534884;0.2122906976744186;0.25024186046511626;0.2796883720930233;0.29428372093023253;0.3051302325581396;0.3089860465116279;0.3997813953488372;0.33728837209302326
2024-03-18T00:00:00.000Z;;;;;;;;;;;;
2024-03-20T00:00:00.000Z;;;;;;;;;;;;
2024-03-23T00:00:00.000Z;;;;;;;;;;;;
2024-03-25T00:00:00.000Z;;;;;;;;;;;;
2024-03-28T00:00:00.000Z;;;;;;;;;;;;
2024-03-30T00:00:00.000Z;;;;;;;;;;;;
2024-04-02T00:00:00.000Z;;;;;;;;;;;;
2024-04-04T00:00:00.000Z;;;;;;;;;;;;
2024-04-07T00:00:00.000Z;;;;;;;;;;;;
2024-04-09T00:00:00.000Z;0.138;0.4014883720930233;0.1234093023255814;0.1774558139534884;0.23494418604651165;0.2700093023255814;0.2980813953488372;0.3116697674418605;0.3284255813953489;0.327553488372093;0.4221558139534884;0.3512860465116279
2024-04-12T00:00:00.000Z;0.094;0.8039302325581396;0.11103488372093023;0.15594883720930233;0.2044;0.23978837209302326;0.26673720930232564;0.279546511627907;0.29355348837209305;0.29543953488372093;0.37839767441860467;0.3113627906976744
2024-04-14T00:00:00.000Z;0.15458139534883722;0.7055116279069767;0.1321093023255814;0.18433023255813957;0.24148139534883722;0.27675116279069767;0.3044093023255814;0.31921627906976746;0.3344023255813954;0.3348720930232558;0.4372093023255814;0.3739744186046512
2024-04-17T00:00:00.000Z;0.138;1.309790697674419;0.11526511627906978;0.16268372093023256;0.21652558139534886;0.25238372093023254;0.27673023255813956;0.2898813953488372;0.2998558139534884;0.30633023255813957;0.4063186046511628;0.34626976744186044
2024-04-19T00:00:00.000Z;;;;;;;;;;;;
2024-04-22T00:00:00.000Z;0.094;1.24;0.1328;0.1452;0.167;0.1947;0.2167;0.21930000000000002;0.21760000000000002;0.22660000000000002;0.259;0.1938
2024-04-24T00:00:00.000Z;0.12186046511627907;0.3281162790697674;0.13713953488372094;0.1907883720930233;0.2506279069767442;0.28234651162790697;0.30944418604651164;0.3246;0.34773488372093025;0.3420116279069768;0.4456511627906977;0.3831604651162791
2024-04-27T00:00:00.000Z;;;;;;;;;;;;
2024-04-29T00:00:00.000Z;;;;;;;;;;;;
2024-05-02T00:00:00.000Z;0.08897674418604652;0.5466279069767441;0.11936511627906977;0.16989302325581396;0.22635813953488373;0.26079534883720934;0.2844093023255814;0.296493023255814;0.31471627906976746;0.31377906976744185;0.40656046511627913;0.3351209302325582
2024-05-04T00:00:00.000Z;0.1327674418604651;1.1196744186046512;0.14263720930232557;0.19683023255813956;0.2586046511627907;0.2976348837209303;0.3200232558139535;0.33448837209302323;0.3451883720930233;0.35059534883720933;0.46116279069767446;0.39837906976744175
2024-05-07T00:00:00.000Z;0.11086046511627907;1.0544186046511628;0.13756744186046513;0.1875906976744186;0.24787441860465115;0.286693023255814;0.31385813953488373;0.328446511627907;0.34140465116279073;0.3466581395348837;0.45481395348837217;0.38443953488372096
2024-05-09T00:00:00.000Z;;;;;;;;;;;;
2024-05-12T00:00:00.000Z;0.08897674418604652;1.1466744186046514;0.12276744186046513;0.17231162790697674;0.23012558139534886;0.2679372093023256;0.28886744186046515;0.3006232558139535;0.31168372093023256;0.31974186046511627;0.41676511627906976;0.34335348837209306
2024-05-14T00:00:00.000Z;0.055581395348837215;0.8698604651162791;0.14597209302325584;0.19763720930232562;0.2613255813953489;0.29996279069767445;0.3226069767441861;0.3375139534883721;0.35160232558139537;0.3544023255813954;0.4690674418604651;0.4056348837209304
2024-05-17T00:00:00.000Z;;;;;;;;;;;;
2024-05-19T00:00:00.000Z;0.12186046511627907;1.2066511627906977;0.14978372093023257;0.20782093023255815;0.2738069767441861;0.31679534883720933;0.3372744186046512;0.35127674418604654;0.356846511627907;0.36989767441860466;0.4807558139534884;0.4003069767441861
2024-05-22T00:00:00.000Z;0.08897674418604652;1.0222558139534885;0.12631162790697675;0.1777813953488372;0.23907441860465115;0.2761511627906977;0.2970116279069768;0.308993023255814;0.3213953488372093;0.3287744186046512;0.42685116279069774;0.35135813953488376
2024-05-24T00:00:00.000Z;0.13037209302325578;1.2541627906976744;0.1502697674418605;0.20576279069767445;0.2696418604651163;0.30985581395348843;0.3317;0.34760232558139537;0.3554558139534884;0.3624581395348837;0.47388372093023257;0.4048813953488372
2024-05-27T00:00:00.000Z;0.17646511627906977;1.9078604651162792;0.12973023255813954;0.17724186046511628;0.23244651162790697;0.2689511627906977;0.2894232558139535;0.3053186046511628;0.3069162790697675;0.3210837209302326;0.42403488372093034;0.36076744186046517
2024-05-29T00:00:00.000Z;0.12186046511627907;1.4509302325581397;0.14649767441860465;0.20188604651162792;0.2671488372093024;0.30775348837209304;0.32840697674418606;0.34127209302325584;0.34558604651162794;0.3606139534883721;0.47589302325581395;0.3982697674418605
2024-06-01T00:00:00.000Z;;;;;;;;;;;;
2024-06-03T00:00:00.000Z;;;;;;;;;;;;
2024-06-06T00:00:00.000Z;;;;;;;;;;;;
2024-06-08T00:00:00.000Z;0.4163720930232558;2.309674418604651;0.1496232558139535;0.20925116279069766;0.27137441860465117;0.3119279069767442;0.33062558139534887;0.3431418604651163;0.33757674418604655;0.3604;0.45800465116279077;0.37306744186046514
2024-06-11T00:00:00.000Z;;;;;;;;;;;;
2024-06-13T00:00:00.000Z;0.083;1.6235348837209305;0.12989767441860464;0.1730279069767442;0.21983720930232564;0.26424651162790697;0.29123023255813957;0.3074;0.3142139534883721;0.3266232558139535;0.41598372093023256;0.3319348837209303
2024-06-16T00:00:00.000Z;0.06686046511627908;1.4837906976744188;0.1237813953488372;0.17146046511627908;0.22551162790697682;0.26471627906976747;0.2929186046511628;0.3083372093023256;0.3162976744186046;0.3254627906976744;0.43025813953488373;0.37174186046511626
2024-06-18T00:00:00.000Z;0.12186046511627907;1.6645348837209304;0.1425232558139535;0.1994372093023256;0.2583139534883721;0.30457906976744187;0.3303279069767442;0.3458279069767442;0.3486325581395349;0.36509534883720934;0.4705023255813954;0.3936302325581396
2024-06-21T00:00:00.000Z;0.08897674418604652;1.2952558139534884;0.12390697674418605;0.17516744186046512;0.23172093023255816;0.2701488372093024;0.3008860465116279;0.314546511627907;0.3231162790697675;0.3308558139534884;0.4234162790697675;0.350693023255814
2024-06-23T00:00:00.000Z;0.127;2.7010232558139537;0.14987674418604652;0.2046511627906977;0.2623813953488372;0.30746279069767446;0.3354255813953489;0.3558418604651163;0.3508093023255814;0.37141162790697685;0.48398372093023256;0.42085581395348837
2024-06-26T00:00:00.000Z;0.3455813953488372;2.254232558139535;0.14238604651162792;0.18891627906976743;0.23633488372093026;0.2750488372093024;0.3079162790697675;0.3275;0.3246697674418605;0.3434697674418605;0.41802325581395355;0.34991627906976747
2024-06-28T00:00:00.000Z;;;;;;;;;;;;
2024-07-01T00:00:00.000Z;0.105;2.2257674418604654;0.12781860465116282;0.1758186046511628;0.22703255813953488;0.27115813953488377;0.30670697674418607;0.3224186046511628;0.323846511627907;0.34275116279069767;0.43450232558139534;0.3557906976744186
2024-07-03T00:00:00.000Z;0.061;1.8174651162790696;0.14535348837209305;0.1972953488372093;0.2530953488372093;0.29511627906976745;0.3283279069767442;0.3489697674418605;0.35283720930232565;0.3670232558139535;0.47293255813953494;0.4090116279069768
2024-07-06T00:00:00.000Z;0.08655813953488373;1.7915581395348839;0.12357674418604653;0.16906511627906978;0.22031627906976747;0.25711162790697684;0.2906093023255814;0.3081139534883721;0.31252093023255817;0.32526744186046513;0.42019767441860467;0.35929302325581397
2024-07-08T00:00:00.000Z;0.094;2.0946744186046513;0.13716279069767445;0.1902046511627907;0.24596744186046512;0.28954418604651166;0.3216767441860465;0.33736511627906973;0.33599534883720933;0.3573837209302326;0.46152790697674423;0.3842604651162791
2024-07-11T00:00:00.000Z;0.09946511627906976;1.6626976744186048;0.12123255813953489;0.16990232558139537;0.2219023255813954;0.2603232558139535;0.29049767441860463;0.30732790697674417;0.3110232558139535;0.3256;0.41315813953488373;0.3379651162790697
2024-07-23T00:00:00.000Z;0.061;1.78;0.14616279069767446;0.19859069767441861;0.25713953488372093;0.2977139534883721;0.3252139534883721;0.3436325581395349;0.3460511627906977;0.3605325581395349;0.47027906976744194;0.40536744186046514
2024-07-26T00:00:00.000Z;0.083;1.6806511627906977;0.12274418604651162;0.1700604651162791;0.2238093023255814;0.26076279069767444;0.28796279069767444;0.3042093023255814;0.30987906976744184;0.3215093023255814;0.42184186046511635;0.35650000000000004
2024-07-28T00:00:00.000Z;0.17325581395348838;1.9474186046511628;0.1378953488372093;0.19021162790697677;0.24726744186046515;0.2885093023255814;0.315093023255814;0.3300837209302326;0.3298976744186046;0.3491232558139535;0.44800465116279076;0.3699558139534884
2024-07-31T00:00:00.000Z;0.149;1.6773720930232556;0.11975813953488373;0.16891162790697675;0.22250232558139538;0.26208837209302327;0.2875023255813954;0.3017279069767442;0.30537674418604654;0.31924186046511627;0.4095116279069768;0.3321837209302326
2024-08-02T00:00:00.000Z;0.06686046511627908;1.5260232558139537;0.13981395348837208;0.18880465116279072;0.2479093023255814;0.2874441860465117;0.3149651162790697;0.3328232558139535;0.3395116279069768;0.3515767441860465;0.4650860465116279;0.3981627906976744
2024-08-05T00:00:00.000Z;0.105;2.157581395348837;0.12473953488372093;0.16953953488372092;0.22455813953488374;0.26457906976744183;0.2891604651162791;0.3069395348837209;0.3082651162790697;0.32407674418604654;0.42786511627906976;0.36336511627906976
2024-08-07T00:00:00.000Z;0.11086046511627907;1.6092558139534883;0.1375139534883721;0.1918139534883721;0.25363953488372093;0.2970720930232558;0.31953720930232565;0.3354976744186046;0.3371511627906977;0.35425581395348843;0.46210232558139536;0.38197209302325585
2024-08-10T00:00:00.000Z;0.07797674418604651;1.4376511627906978;0.1182093023255814;0.16536279069767446;0.21977674418604654;0.258046511627907;0.28208604651162794;0.295893023255814;0.3023581395348837;0.31537441860465115;0.40613720930232566;0.3299279069767442
2024-08-12T00:00:00.000Z;0.06686046511627908;1.936186046511628;0.14129534883720932;0.1928139534883721;0.251193023255814;0.29243023255813955;0.3147674418604651;0.3337488372093024;0.33613488372093026;0.3504441860465117;0.4594674418604651;0.3921302325581396
2024-08-15T00:00:00.000Z;0.08897674418604652;1.5437674418604652;0.11441860465116281;0.1594139534883721;0.2121488372093024;0.24978139534883723;0.2731395348837209;0.2869023255813954;0.29623255813953486;0.30668837209302324;0.4066232558139535;0.3417325581395349
2024-08-17T00:00:00.000Z;0.116;1.834558139534884;0.13028372093023258;0.18481627906976744;0.24507209302325583;0.28915813953488373;0.31099767441860465;0.3247069767441861;0.3248186046511628;0.34538372093023256;0.4532488372093023;0.37410465116279074
2024-08-20T00:00:00.000Z;0.11086046511627907;2.695232558139535;0.1136232558139535;0.16113953488372093;0.2140139534883721;0.2573302325581396;0.27638372093023256;0.29027674418604654;0.286846511627907;0.31069534883720934;0.4057744186046512;0.3274674418604651
2024-08-22T00:00:00.000Z;0.15458139534883722;3.1076046511627906;0.1255906976744186;0.16715348837209304;0.21472093023255817;0.2560162790697675;0.27698604651162795;0.2962209302325582;0.2884279069767442;0.31279069767441864;0.4074883720930232;0.3433558139534884
2024-08-25T00:00:00.000Z;0.400046511627907;2.6377441860465116;0.11711162790697675;0.1678511627906977;0.22037209302325583;0.2591325581395349;0.2823558139534884;0.29925348837209303;0.2958837209302326;0.3170325581395349;0.4015744186046512;0.33088837209302324
2024-08-27T00:00:00.000Z;;;;;;;;;;;;
2024-08-30T00:00:00.000Z;;;;;;;;;;;;
2024-09-01T00:00:00.000Z;0.1873953488372093;2.7201627906976746;0.1368232558139535;0.185593023255814;0.23775116279069766;0.27957674418604656;0.29877441860465115;0.3184139534883721;0.31128604651162795;0.3342906976744186;0.42679534883720927;0.3562372093023256
2024-09-04T00:00:00.000Z;0.105;1.9543488372093025;0.09196511627906977;0.13253953488372092;0.17730697674418605;0.21628139534883722;0.23961627906976748;0.25514651162790697;0.2587069767441861;0.27285116279069765;0.3538325581395349;0.2811162790697675
2024-09-06T00:00:00.000Z;;;;;;;;;;;;
2024-09-09T00:00:00.000Z;0.127;1.109488372093023;0.1020093023255814;0.15009767441860464;0.20016279069767445;0.23927209302325583;0.26984186046511627;0.2837139534883721;0.2942651162790697;0.30093488372093025;0.38103953488372094;0.30653953488372093
2024-09-11T00:00:00.000Z;0.06686046511627908;2.0504186046511625;0.12152325581395348;0.16653488372093023;0.21441162790697682;0.2562232558139535;0.2859558139534884;0.3036069767441861;0.30473255813953487;0.32311395348837213;0.41535348837209307;0.3520558139534884
2024-09-14T00:00:00.000Z;0.09997674418604652;1.9333255813953487;0.14909302325581397;0.1920511627906977;0.24488372093023256;0.2942325581395349;0.33642093023255815;0.35976744186046516;0.36360000000000003;0.3846651162790698;0.48961162790697677;0.40657674418604656
2024-09-16T00:00:00.000Z;0.1327674418604651;1.0787209302325582;0.11880697674418605;0.1700558139534884;0.22603488372093025;0.26403023255813957;0.2959325581395349;0.3127325581395349;0.3193046511627907;0.32973720930232564;0.41968372093023254;0.34526279069767446
2024-09-19T00:00:00.000Z;;;;;;;;;;;;
2024-09-21T00:00:00.000Z;0.1377674418604651;2.0774418604651164;0.09588837209302327;0.14103023255813954;0.1867372093023256;0.22870697674418608;0.26239534883720933;0.28245348837209305;0.2820953488372093;0.2983953488372093;0.3673697674418605;0.28804186046511626
2024-09-24T00:00:00.000Z;;;;;;;;;;;;
2024-09-26T00:00:00.000Z;0.11086046511627907;1.6469302325581396;0.10834418604651162;0.15724883720930233;0.20620000000000002;0.24644418604651167;0.2799395348837209;0.29560697674418607;0.29535813953488377;0.3129;0.39932093023255816;0.3266023255813954
2024-09-29T00:00:00.000Z;0.08897674418604652;1.3906046511627908;0.09810232558139537;0.1416511627906977;0.18604186046511628;0.222946511627907;0.25638837209302323;0.2703604651162791;0.2775674418604651;0.2873232558139535;0.3593023255813954;0.28800697674418607
2024-10-01T00:00:00.000Z;0.12186046511627907;1.6036744186046512;0.1143;0.16063953488372093;0.20840232558139538;0.2463511627906977;0.2785604651162791;0.29791162790697684;0.2997627906976744;0.31285813953488373;0.4022744186046512;0.33853255813953487
2024-10-04T00:00:00.000Z;0.105;1.5440232558139537;0.10089534883720931;0.1432139534883721;0.1893813953488372;0.2233558139534884;0.25438139534883725;0.27111162790697685;0.2772046511627907;0.28476046511627906;0.3727790697674418;0.3118139534883721
2024-10-06T00:00:00.000Z;0.16;1.9808604651162791;0.10741860465116282;0.15782790697674418;0.20695581395348842;0.24678139534883722;0.2758;0.29154651162790696;0.2875186046511628;0.30997209302325585;0.3963767441860465;0.32281627906976745
2024-10-09T00:00:00.000Z;;;;;;;;;;;;
2024-10-11T00:00:00.000Z;;;;;;;;;;;;
2024-10-14T00:00:00.000Z;;;;;;;;;;;;
2024-10-16T00:00:00.000Z;;;;;;;;;;;;
2024-10-19T00:00:00.000Z;0.116;1.9256400000000002;0.036196;0.046852;0.05508;0.06768;0.078788;0.08583600000000001;0.08146400000000001;0.091756;0.11493199999999999;0.09962000000000001
2024-10-21T00:00:00.000Z;0.11086046511627907;2.1888604651162793;0.10511395348837209;0.14943488372093022;0.19229767441860462;0.2320488372093024;0.2637906976744186;0.28247906976744186;0.2785488372093024;0.29592093023255817;0.3825441860465117;0.32193488372093026
2024-10-24T00:00:00.000Z;;;;;;;;;;;;
2024-10-26T00:00:00.000Z;0.105;0.663;0.14033333333333334;0.1857;0.22216666666666665;0.2564;0.299;0.3165;0.3277333333333333;0.338;0.3694;0.2873
2024-10-29T00:00:00.000Z;;;;;;;;;;;;
2024-10-31T00:00:00.000Z;;;;;;;;;;;;
2024-11-03T00:00:00.000Z;;;;;;;;;;;;
2024-11-05T00:00:00.000Z;0.149;1.3952325581395348;0.08066279069767442;0.12001860465116282;0.15361627906976744;0.18977674418604648;0.22781162790697682;0.2428232558139535;0.24606976744186046;0.25705813953488377;0.3072046511627907;0.23605348837209306
2024-11-08T00:00:00.000Z;;;;;;;;;;;;
2024-11-10T00:00:00.000Z;;;;;;;;;;;;
2024-11-13T00:00:00.000Z;;;;;;;;;;;;
2024-11-15T00:00:00.000Z;;;;;;;;;;;;
2024-11-18T00:00:00.000Z;0.083;1.3629069767441861;0.06690232558139535;0.10365116279069769;0.1315953488372093;0.16748837209302328;0.20849302325581398;0.22385348837209304;0.23093023255813958;0.23874418604651165;0.27453488372093027;0.20694186046511628
2024-11-20T00:00:00.000Z;0.07797674418604651;1.3189767441860463;0.08244418604651163;0.11991860465116282;0.14936279069767447;0.1854813953488372;0.23032093023255817;0.24766976744186045;0.2522302325581396;0.26217674418604653;0.31298837209302327;0.25313720930232564
2024-11-23T00:00:00.000Z;0.083;1.7933333333333332;0.11447500000000001;0.15448333333333333;0.1958166666666667;0.22163333333333332;0.2743833333333333;0.29644166666666666;0.3047166666666667;0.3064;0.33682500000000004;0.27495
2024-11-25T00:00:00.000Z;;;;;;;;;;;;
2024-11-28T00:00:00.000Z;;;;;;;;;;;;
2024-11-30T00:00:00.000Z;0.105;1.3874651162790697;0.08790697674418604;0.12407674418604653;0.1560511627906977;0.1935418604651163;0.23979534883720932;0.2587069767441861;0.26123488372093023;0.2719348837209303;0.32190232558139537;0.26179534883720934
2024-12-03T00:00:00.000Z;0.083;1.1790697674418604;0.08085813953488372;0.11380000000000001;0.14031162790697674;0.17306744186046513;0.2199488372093024;0.23810930232558142;0.2462;0.2507976744186046;0.2916372093023256;0.23116279069767443
2024-12-05T00:00:00.000Z;0.055581395348837215;1.140860465116279;0.08780232558139535;0.12671627906976746;0.15867441860465117;0.1974093023255814;0.2478046511627907;0.26423720930232564;0.2680837209302325;0.27869302325581397;0.3219093023255814;0.2513279069767442
2024-12-08T00:00:00.000Z;0.061;0.48606976744186053;0.07216744186046511;0.10964418604651162;0.14136744186046513;0.17353488372093023;0.22419069767441863;0.23842558139534886;0.25685581395348844;0.25474418604651167;0.2879860465116279;0.22353023255813956
2024-12-10T00:00:00.000Z;0.06686046511627908;0.7822093023255814;0.09236511627906976;0.1299604651162791;0.16234651162790698;0.19880232558139532;0.24765581395348843;0.2658186046511628;0.2769767441860465;0.27948837209302324;0.33053023255813957;0.2702488372093024
2024-12-13T00:00:00.000Z;0.06686046511627908;0.9799534883720931;0.07750697674418605;0.1105046511627907;0.13959069767441862;0.1729860465116279;0.22143488372093026;0.23918139534883723;0.2510046511627907;0.2523651162790697;0.29493953488372093;0.23664651162790698
2024-12-15T00:00:00.000Z;0.06686046511627908;0.5183488372093024;0.07877674418604652;0.11730465116279071;0.1501604651162791;0.18476046511627908;0.23413720930232562;0.24955116279069767;0.2624581395348837;0.26565348837209307;0.30417906976744186;0.23914883720930238
2024-12-18T00:00:00.000Z;0.242;1.487;0.054200000000000005;0.0897;0.1274;0.1184;0.1779;0.188;0.21660000000000001;0.2068;0.22820000000000001;0.1647
2024-12-20T00:00:00.000Z;0.06686046511627908;0.3747441860465116;0.08281162790697674;0.11824651162790698;0.15060232558139539;0.18246046511627909;0.23015348837209304;0.24765581395348843;0.2653604651162791;0.2636860465116279;0.30525813953488373;0.24559534883720932
2024-12-23T00:00:00.000Z;0.061;0.5975116279069768;0.07650697674418605;0.10894651162790697;0.13999534883720932;0.17305813953488375;0.22128139534883723;0.23795813953488373;0.2551953488372093;0.25053720930232565;0.2934906976744186;0.2354395348837209
2024-12-25T00:00:00.000Z;0.06686046511627908;0.9611395348837208;0.08045116279069768;0.12113953488372092;0.15756279069767445;0.19464651162790697;0.24097441860465116;0.25751162790697685;0.26317674418604653;0.27476976744186044;0.3173046511627907;0.25020697674418607
2024-12-28T00:00:00.000Z;;;;;;;;;;;;
2024-12-30T00:00:00.000Z;0.07797674418604651;1.003232558139535;0.08640232558139535;0.11764651162790697;0.1487139534883721;0.1823186046511628;0.2269325581395349;0.24355116279069766;0.2550813953488372;0.26088139534883725;0.3055139534883721;0.2486046511627907
2025-01-02T00:00:00.000Z;0.07200000000000001;0.7290930232558139;0.06520232558139535;0.09818837209302327;0.1271139534883721;0.15896279069767447;0.20455348837209306;0.2201232558139535;0.23496744186046514;0.2350325581395349;0.26575813953488375;0.2058488372093024
2025-01-04T00:00:00.000Z;0.07797674418604651;0.6494418604651163;0.05900697674418605;0.08838604651162792;0.11470697674418605;0.14101627906976744;0.17268604651162792;0.184593023255814;0.19054651162790698;0.1954186046511628;0.20710697674418607;0.15693488372093023
2025-01-09T00:00:00.000Z;0.05;1.3794651162790696;0.08403953488372094;0.11513720930232556;0.14668372093023258;0.1804395348837209;0.2211186046511628;0.23760697674418607;0.23888372093023255;0.25116279069767444;0.29668837209302323;0.24462558139534887
2025-01-12T00:00:00.000Z;;;;;;;;;;;;
2025-01-14T00:00:00.000Z;0.07200000000000001;0.2959069767441861;0.08061162790697675;0.12048604651162792;0.15625348837209305;0.18778604651162792;0.23126046511627907;0.2461139534883721;0.2664372093023256;0.2637744186046512;0.3056325581395349;0.2410232558139535
2025-01-17T00:00:00.000Z;;;;;;;;;;;;
2025-01-19T00:00:00.000Z;0.07797674418604651;0.5312093023255814;0.08912325581395349;0.12686279069767445;0.1645906976744186;0.19934883720930233;0.24312093023255818;0.2580860465116279;0.2744255813953489;0.27591627906976746;0.32945581395348844;0.2682744186046512
2025-01-22T00:00:00.000Z;;;;;;;;;;;;
2025-01-24T00:00:00.000Z;0.07797674418604651;1.0953720930232556;0.08386511627906977;0.12599767441860463;0.1642023255813954;0.20780697674418608;0.2473023255813954;0.26144418604651165;0.26397209302325586;0.27840000000000004;0.3296093023255814;0.25824651162790696
2025-01-27T00:00:00.000Z;;;;;;;;;;;;
2025-01-29T00:00:00.000Z;;;;;;;;;;;;
2025-02-01T00:00:00.000Z;0.06686046511627908;0.7515348837209302;0.07966976744186047;0.11544883720930232;0.1511813953488372;0.18450697674418606;0.22528604651162792;0.24026976744186046;0.2557069767441861;0.2549325581395349;0.3106093023255814;0.25397906976744183
2025-02-03T00:00:00.000Z;0.083;0.7680465116279069;0.10192558139534885;0.14165348837209304;0.18013255813953488;0.2213093023255814;0.25935813953488374;0.2715488372093024;0.2815511627906977;0.2904069767441861;0.34586046511627905;0.27525116279069767
2025-02-06T00:00:00.000Z;0.07797674418604651;0.6967906976744187;0.08491627906976744;0.1256651162790698;0.1617767441860465;0.1977953488372093;0.23783023255813956;0.249493023255814;0.2658093023255814;0.2669418604651163;0.3193651162790697;0.24802325581395349
2025-02-08T00:00:00.000Z;0.083;0.674953488372093;0.0987953488372093;0.14143953488372094;0.18134651162790696;0.2172418604651163;0.2574232558139535;0.2740674418604651;0.2892;0.2910348837209303;0.3542511627906977;0.2910186046511628
2025-02-11T00:00:00.000Z;0.07797674418604651;0.895093023255814;0.08826279069767443;0.12572093023255812;0.1630744186046512;0.19474186046511627;0.2360093023255814;0.2525395348837209;0.26657674418604654;0.2684604651162791;0.3254511627906977;0.26589069767441864
2025-02-13T00:00:00.000Z;0.083;0.7687441860465116;0.09628372093023256;0.1423279069767442;0.18398372093023257;0.2241395348837209;0.26175813953488375;0.2741651162790697;0.28355813953488374;0.2919232558139535;0.35343488372093024;0.2811046511627907
2025-02-16T00:00:00.000Z;0.083;0.8390232558139535;0.08913023255813954;0.1310232558139535;0.1698232558139535;0.2063279069767442;0.24568139534883723;0.2571069767441861;0.2725627906976744;0.274746511627907;0.33425813953488376;0.2614162790697675
2025-02-18T00:00:00.000Z;;;;;;;;;;;;
2025-02-21T00:00:00.000Z;;;;;;;;;;;;
2025-02-23T00:00:00.000Z;0.11086046511627907;0.9386744186046513;0.10026744186046513;0.1488139534883721;0.19302790697674416;0.23355813953488375;0.2684488372093024;0.28115581395348843;0.2893023255813954;0.2979162790697675;0.36669069767441864;0.2923488372093024
2025-02-26T00:00:00.000Z;0.07797674418604651;0.35609302325581393;0.09649302325581396;0.1389860465116279;0.17893953488372094;0.21227441860465115;0.24818837209302325;0.25989534883720933;0.28269767441860466;0.27699069767441864;0.33279767441860464;0.2632418604651163
2025-02-28T00:00:00.000Z;0.2529767441860465;1.2171395348837208;0.14432558139534885;0.18133488372093026;0.22205581395348842;0.2631953488372093;0.3021372093023256;0.32016279069767445;0.3305395348837209;0.33738837209302325;0.3972023255813954;0.32956976744186045
2025-03-03T00:00:00.000Z;;;;;;;;;;;;
2025-03-05T00:00:00.000Z;;;;;;;;;;;;
2025-03-08T00:00:00.000Z;;;;;;;;;;;;
2025-03-10T00:00:00.000Z;0.06686046511627908;1.3208372093023257;0.0866325581395349;0.1221813953488372;0.1577813953488372;0.1999209302325581;0.2429953488372093;0.25998372093023253;0.24843720930232563;0.2788186046511628;0.31237906976744184;0.24226976744186046
2025-03-13T00:00:00.000Z;;;;;;;;;;;;
2025-03-15T00:00:00.000Z;;;;;;;;;;;;
2025-03-17T00:00:00.000Z;;;;;;;;;;;;
2025-03-18T00:00:00.000Z;;;;;;;;;;;;
2025-03-20T00:00:00.000Z;;;;;;;;;;;;
2025-03-23T00:00:00.000Z;;;;;;;;;;;;
2025-03-25T00:00:00.000Z;0.07797674418604651;1.1303953488372092;0.16109767441860465;0.2006;0.23588837209302324;0.2801906976744186;0.31907674418604653;0.33218837209302327;0.34333023255813955;0.3492953488372093;0.39473720930232564;0.2954139534883721
2025-03-27T00:00:00.000Z;;;;;;;;;;;;
2025-03-28T00:00:00.000Z;;;;;;;;;;;;
2025-03-30T00:00:00.000Z;0.07797674418604651;0.44869767441860475;0.0947186046511628;0.13893953488372093;0.1780279069767442;0.21610000000000001;0.25820465116279073;0.274293023255814;0.29227441860465114;0.2896046511627907;0.34436744186046514;0.2752279069767442
2025-04-02T00:00:00.000Z;0.094;1.284953488372093;0.10215348837209302;0.14245581395348839;0.1780279069767442;0.21613488372093026;0.26056279069767446;0.27766744186046516;0.28604186046511626;0.2917418604651163;0.3537;0.2925720930232558
2025-04-04T00:00:00.000Z;0.149;1.453046511627907;0.11371627906976745;0.1644790697674419;0.20580232558139538;0.2563976744186046;0.29887209302325585;0.31343023255813957;0.31637906976744185;0.33189069767441864;0.3963302325581396;0.3160023255813954
2025-04-06T00:00:00.000Z;;;;;;;;;;;;
2025-04-07T00:00:00.000Z;0.08897674418604652;1.0016976744186046;0.09906976744186047;0.14555348837209303;0.18126046511627908;0.2254395348837209;0.27236744186046513;0.28545348837209306;0.29804186046511627;0.3027604651162791;0.35605813953488374;0.2830186046511628
2025-04-09T00:00:00.000Z;0.08897674418604652;0.8173488372093024;0.09921162790697674;0.14290232558139537;0.18016279069767446;0.22035348837209304;0.2665953488372093;0.2836186046511628;0.29588837209302327;0.2998139534883721;0.3459069767441861;0.2743186046511628
2025-04-12T00:00:00.000Z;;;;;;;;;;;;
2025-04-14T00:00:00.000Z;0.138;1.5763953488372093;0.1280093023255814;0.1803395348837209;0.2212;0.2770604651162791;0.32831627906976746;0.34458139534883725;0.3457953488372093;0.3661883720930232;0.42030232558139535;0.32987906976744186
2025-04-16T00:00:00.000Z;;;;;;;;;;;;
2025-04-17T00:00:00.000Z;;;;;;;;;;;;
2025-04-19T00:00:00.000Z;0.05521621621621622;0.862945945945946;0.11501351351351352;0.158472972972973;0.19231621621621622;0.2343972972972973;0.2856486486486487;0.301972972972973;0.3289135135135135;0.3150945945945946;0.35272162162162163;0.2724648648648649
2025-04-22T00:00:00.000Z;;;;;;;;;;;;
2025-04-24T00:00:00.000Z;0.127;1.0785581395348838;0.11778139534883719;0.17183488372093023;0.21523255813953487;0.26637906976744186;0.3146906976744186;0.3306744186046512;0.33723023255813955;0.34724418604651164;0.40759767441860467;0.32688139534883726
2025-04-26T00:00:00.000Z;;;;;;;;;;;;
2025-04-27T00:00:00.000Z;0.105;0.7766976744186046;0.10533953488372093;0.15595813953488374;0.19633023255813956;0.2412395348837209;0.2938139534883721;0.3082348837209303;0.3256186046511628;0.3260906976744186;0.37399302325581396;0.2946488372093024
2025-04-29T00:00:00.000Z;;;;;;;;;;;;
2025-05-02T00:00:00.000Z;0.4215813953488372;2.1797906976744184;0.12364651162790698;0.17421860465116282;0.21346046511627906;0.26397209302325586;0.31924651162790696;0.3423069767441861;0.34383720930232564;0.3569767441860465;0.38036511627906977;0.2998488372093024
2025-05-04T00:00:00.000Z;;;;;;;;;;;;
2025-05-06T00:00:00.000Z;;;;;;;;;;;;
2025-05-07T00:00:00.000Z;;;;;;;;;;;;
2025-05-09T00:00:00.000Z;;;;;;;;;;;;
2025-05-12T00:00:00.000Z;0.1;1.3754444444444445;0.08332222222222223;0.1172888888888889;0.14155555555555557;0.17386666666666667;0.21188888888888888;0.2224111111111112;0.2414;0.23320000000000002;0.2268333333333333;0.17742222222222223
2025-05-14T00:00:00.000Z;0.242;1.165813953488372;0.1787906976744186;0.21498139534883723;0.2442325581395349;0.2898558139534884;0.33315813953488377;0.34732558139534886;0.35333953488372094;0.36651162790697683;0.38123720930232563;0.27842558139534884
2025-05-16T00:00:00.000Z;0.16;1.3437209302325583;0.10524418604651162;0.15455348837209304;0.1974744186046512;0.2480325581395349;0.29459534883720934;0.31379069767441864;0.32297209302325586;0.3389279069767442;0.3899186046511628;0.29467906976744185
2025-05-17T00:00:00.000Z;0.116;1.1724883720930233;0.11235813953488373;0.1610558139534884;0.20106976744186048;0.25374651162790696;0.30164186046511626;0.31943488372093026;0.3326325581395349;0.34398372093023255;0.3904697674418605;0.30139767441860466
2025-05-19T00:00:00.000Z;0.116;1.0943488372093022;0.10738604651162792;0.15656744186046512;0.20091162790697678;0.24868604651162793;0.2939441860465117;0.31192558139534887;0.3251069767441861;0.3351046511627907;0.39136046511627914;0.3082232558139535
2025-05-22T00:00:00.000Z;;;;;;;;;;;;
2025-05-24T00:00:00.000Z;0.149;0.9029767441860465;0.1126;0.16523953488372092;0.21146046511627906;0.2642232558139535;0.30920697674418607;0.32703023255813957;0.3392790697674419;0.35068139534883724;0.40485348837209295;0.31092558139534887
2025-05-26T00:00:00.000Z;0.1327674418604651;1.4710697674418605;0.12576511627906978;0.17873953488372094;0.22713488372093027;0.27699534883720933;0.322946511627907;0.3426279069767442;0.3479069767441861;0.3664581395348837;0.43928372093023255;0.35308604651162795
2025-05-27T00:00:00.000Z;0.138;1.325;0.11236744186046513;0.16273488372093023;0.20711627906976748;0.25667209302325583;0.3023139534883721;0.3175;0.3299255813953489;0.34018139534883723;0.4031837209302325;0.31687906976744185
2025-05-29T00:00:00.000Z;0.15458139534883722;1.3974418604651162;0.10969767441860463;0.1590139534883721;0.20331627906976746;0.2507511627906977;0.2943232558139535;0.31408372093023257;0.3223023255813954;0.3357325581395349;0.3946279069767442;0.30914651162790696
2025-06-01T00:00:00.000Z;;;;;;;;;;;;
2025-06-03T00:00:00.000Z;;;;;;;;;;;;
2025-06-05T00:00:00.000Z;0.1873953488372093;1.5693720930232555;0.12744186046511627;0.17771162790697675;0.22410000000000002;0.2716023255813954;0.31947906976744184;0.3397186046511628;0.3448325581395349;0.36450930232558143;0.44347441860465125;0.35495348837209306
2025-06-06T00:00:00.000Z;0.17646511627906977;1.5483953488372093;0.11209302325581397;0.16335813953488373;0.2088279069767442;0.2566441860465117;0.30145813953488376;0.31775813953488374;0.32790697674418606;0.34236279069767445;0.4090232558139535;0.3199906976744186
2025-06-08T00:00:00.000Z;0.2475581395348837;1.573860465116279;0.11303255813953487;0.16267441860465118;0.20694418604651166;0.25204418604651163;0.2954093023255814;0.31375348837209305;0.32090697674418606;0.3370232558139535;0.3922255813953489;0.3051116279069768
2025-06-11T00:00:00.000Z;0.45446511627906977;2.3218837209302325;0.11882325581395349;0.17812093023255812;0.22847441860465115;0.2756139534883721;0.3203023255813954;0.3441953488372093;0.34791627906976746;0.3681441860465117;0.41838372093023257;0.33198372093023254
2025-06-13T00:00:00.000Z;;;;;;;;;;;;
2025-06-15T00:00:00.000Z;0.4435581395348837;2.2034186046511626;0.1329790697674419;0.19410232558139534;0.2496325581395349;0.3030767441860465;0.3422093023255814;0.3627744186046512;0.3604953488372093;0.3863697674418605;0.4527558139534884;0.35373488372093026
2025-06-16T00:00:00.000Z;0.35118604651162794;2.3298604651162793;0.12256744186046513;0.18151627906976744;0.23083255813953488;0.2839860465116279;0.32863488372093025;0.34786511627906974;0.3498697674418605;0.3732488372093024;0.436346511627907;0.3381488372093024
2025-06-18T00:00:00.000Z;0.193;2.4186279069767442;0.11802790697674419;0.16744651162790697;0.21447441860465116;0.2615186046511628;0.2986302325581396;0.31798604651162793;0.3194232558139535;0.34407441860465116;0.4088186046511628;0.31758372093023257
2025-06-21T00:00:00.000Z;0.193;2.0747441860465115;0.1189813953488372;0.16649767441860464;0.21617209302325582;0.25906744186046515;0.2962581395348837;0.3172604651162791;0.3215069767441861;0.3389232558139535;0.41493488372093035;0.3381418604651163
2025-06-23T00:00:00.000Z;0.2039767441860465;1.4293023255813952;0.13213953488372093;0.18733953488372088;0.23914883720930238;0.28635116279069767;0.3233674418604651;0.3411046511627907;0.3479069767441861;0.3661720930232558;0.4421139534883722;0.35182558139534886
2025-06-25T00:00:00.000Z;0.1655581395348837;1.754;0.13089767441860464;0.18322790697674415;0.23729767441860464;0.283293023255814;0.3205790697674419;0.3402906976744186;0.3427418604651163;0.3628953488372093;0.4447093023255814;0.3567
2025-06-26T00:00:00.000Z;0.127;1.0674883720930233;0.11818604651162791;0.17260930232558142;0.22550697674418607;0.27123720930232564;0.3085325581395349;0.32244418604651165;0.33792093023255815;0.34766976744186046;0.4236651162790698;0.33033720930232563
2025-06-28T00:00:00.000Z;0.23106976744186047;1.4591162790697674;0.11713953488372093;0.16954883720930233;0.22453953488372091;0.26923720930232564;0.3042604651162791;0.3218651162790697;0.330893023255814;0.3449325581395349;0.41697441860465123;0.3229883720930232
2025-07-01T00:00:00.000Z;0.242;1.9393953488372089;0.12169069767441862;0.17190697674418606;0.22648372093023256;0.2717093023255814;0.30547674418604653;0.32663720930232565;0.33047441860465115;0.3476209302325582;0.4281093023255814;0.3450232558139535
2025-07-03T00:00:00.000Z;0.1327674418604651;2.4604651162790696;0.13377674418604651;0.18644651162790699;0.24314418604651164;0.29494651162790697;0.327;0.34560232558139536;0.3415162790697675;0.3706232558139535;0.46236279069767444;0.3651488372093024
2025-07-05T00:00:00.000Z;0.127;1.9109534883720931;0.13486046511627908;0.1898813953488372;0.24910697674418608;0.29746511627906974;0.3304372093023256;0.34949069767441865;0.3500488372093024;0.3743372093023256;0.4625790697674419;0.36664651162790696
2025-07-06T00:00:00.000Z;0.27486046511627904;2.3842093023255817;0.11176046511627909;0.16596744186046514;0.21906046511627908;0.2699325581395349;0.30375813953488373;0.32028837209302324;0.3234279069767442;0.34631395348837213;0.4235279069767442;0.32737906976744185
2025-07-08T00:00:00.000Z;0.138;2.9471627906976745;0.12553953488372094;0.16576279069767447;0.21263720930232563;0.2600139534883721;0.29013255813953487;0.3108883720930232;0.3075860465116279;0.3367186046511628;0.41490465116279074;0.3221186046511628
2025-07-11T00:00:00.000Z;0.09997674418604652;1.623046511627907;0.11746279069767446;0.1650139534883721;0.21952558139534886;0.26295813953488373;0.2941255813953489;0.31517209302325583;0.32384186046511626;0.33723953488372094;0.41970465116279077;0.34083488372093024
2025-07-13T00:00:00.000Z;0.07797674418604651;1.5817209302325583;0.1342953488372093;0.19076279069767446;0.2496279069767442;0.3006558139534884;0.3301139534883721;0.34696511627906973;0.35307906976744186;0.3732093023255814;0.4598116279069767;0.3639860465116279
2025-07-15T00:00:00.000Z;0.10058139534883721;1.4873953488372091;0.1336325581395349;0.1885883720930233;0.24866744186046513;0.29752093023255816;0.3274604651162791;0.345546511627907;0.35214418604651165;0.3696813953488372;0.4588069767441861;0.36453488372093035
2025-07-16T00:00:00.000Z;0.23106976744186047;1.9159767441860462;0.11936046511627908;0.1766558139534884;0.23413023255813956;0.2820325581395349;0.3151232558139535;0.3291325581395349;0.3356232558139535;0.3538023255813954;0.4324209302325581;0.33323023255813955
2025-07-18T00:00:00.000Z;0.242;2.055418604651163;0.11475116279069769;0.16861860465116282;0.2252046511627907;0.2723395348837209;0.29993720930232565;0.31927441860465117;0.32060930232558144;0.34235813953488375;0.4190744186046513;0.3243023255813954
2025-07-21T00:00:00.000Z;0.171;1.7572790697674419;0.1196046511627907;0.17084651162790698;0.22813023255813955;0.2735232558139535;0.3022046511627907;0.3198325581395349;0.3283488372093024;0.343493023255814;0.4276744186046513;0.34517674418604655
2025-07-23T00:00:00.000Z;;;;;;;;;;;;
2025-07-25T00:00:00.000Z;;;;;;;;;;;;
2025-07-26T00:00:00.000Z;0.182;1.7149534883720932;0.11283023255813954;0.16866511627906977;0.22255348837209304;0.2752069767441861;0.30656046511627905;0.32099302325581397;0.33039069767441864;0.34579767441860465;0.4165558139534884;0.3220418604651163
2025-07-28T00:00:00.000Z;0.21486046511627907;1.8907906976744189;0.11242558139534883;0.16416744186046514;0.21705116279069767;0.2664116279069768;0.2984279069767442;0.31724418604651167;0.32076744186046513;0.33989534883720934;0.4147279069767442;0.3230790697674419
2025-07-31T00:00:00.000Z;0.2092093023255814;2.042488372093023;0.11631162790697674;0.16613953488372094;0.21923255813953488;0.2648604651162791;0.299093023255814;0.3192697674418605;0.32449767441860466;0.3421209302325582;0.42077209302325586;0.3394279069767442
2025-08-02T00:00:00.000Z;0.22572093023255813;1.7414186046511628;0.1175093023255814;0.17486511627906978;0.22841627906976747;0.28055348837209304;0.3144069767441861;0.3312023255813954;0.33367674418604654;0.3540395348837209;0.42813488372093034;0.328646511627907
2025-08-04T00:00:00.000Z;0.27486046511627904;2.318558139534884;0.1258790697674419;0.18127674418604647;0.23747209302325584;0.28828837209302327;0.32123023255813954;0.338693023255814;0.3365302325581396;0.36193953488372094;0.4467790697674419;0.35158604651162795
2025-08-05T00:00:00.000Z;0.3021162790697674;1.908790697674419;0.11175813953488374;0.1661906976744186;0.2161953488372093;0.2642813953488372;0.2994953488372093;0.3144093023255814;0.31996744186046516;0.33746976744186047;0.4080093023255814;0.31556046511627905
2025-08-07T00:00:00.000Z;0.2529767441860465;1.1637441860465116;0.11127209302325583;0.16310232558139537;0.21592558139534887;0.26031627906976745;0.2934813953488372;0.3100558139534884;0.3209116279069768;0.3311744186046512;0.39870930232558144;0.3094023255813954
2025-08-10T00:00:00.000Z;0.19832558139534887;1.936209302325581;0.11414418604651162;0.1630511627906977;0.2149906976744186;0.25912558139534886;0.2903093023255814;0.3105488372093024;0.31588372093023254;0.3311162790697675;0.41465116279069775;0.33488837209302325
2025-08-12T00:00:00.000Z;0.2529767441860465;2.2904186046511628;0.12737441860465118;0.18402325581395348;0.23925813953488373;0.29097209302325583;0.3189209302325582;0.33526279069767445;0.3336534883720931;0.3609;0.44719302325581395;0.35054186046511626
2025-08-14T00:00:00.000Z;0.15458139534883722;1.7603720930232556;0.1252093023255814;0.1767860465116279;0.23110232558139537;0.27705348837209304;0.3084232558139535;0.32573720930232564;0.32789534883720933;0.34928139534883723;0.4368255813953489;0.34768604651162793
2025-08-15T00:00:00.000Z;0.26939534883720934;1.5345348837209303;0.1121790697674419;0.16933488372093022;0.22454418604651166;0.27195813953488374;0.30426976744186046;0.31951162790697685;0.32736279069767443;0.34193720930232563;0.42315116279069775;0.3248279069767442
2025-08-17T00:00:00.000Z;0.3075581395348837;1.545790697674419;0.10893953488372092;0.1556279069767442;0.20486511627906973;0.24835348837209303;0.2783697674418605;0.2958395348837209;0.30423255813953487;0.3198255813953489;0.3963069767441861;0.304846511627907
2025-08-20T00:00:00.000Z;0.3455813953488372;1.6955581395348838;0.11269069767441861;0.15368837209302327;0.20534418604651164;0.2483186046511628;0.27984651162790697;0.29885813953488377;0.30827906976744185;0.32327441860465117;0.4126279069767442;0.33199767441860467
2025-08-22T00:00:00.000Z;0.384;1.8105384615384612;0.24285384615384611;0.2880769230769231;0.34442307692307694;0.3990307692307693;0.43449230769230773;0.45990000000000003;0.39024615384615385;0.47946923076923076;0.4987153846153846;0.40840000000000004
2025-08-24T00:00:00.000Z;0.2856511627906977;1.916093023255814;0.11906046511627909;0.17456279069767447;0.22973720930232563;0.2781232558139535;0.3062186046511628;0.3238232558139535;0.32556279069767446;0.34938837209302326;0.4293069767441861;0.3364302325581396
2025-08-25T00:00:00.000Z;;;;;;;;;;;;
2025-08-27T00:00:00.000Z;0.37832558139534883;2.4676976744186043;0.10966279069767446;0.16186511627906977;0.20977209302325583;0.25403023255813956;0.28041627906976746;0.2965604651162791;0.2955813953488372;0.31966744186046514;0.37620000000000003;0.2865511627906977
2025-08-30T00:00:00.000Z;0.1655581395348837;1.8050232558139534;0.10919534883720931;0.15829767441860465;0.21209767441860464;0.2548976744186046;0.2833232558139535;0.30194418604651163;0.3070186046511628;0.32070465116279073;0.4056162790697675;0.3260488372093024
2025-09-01T00:00:00.000Z;0.182;0.7787441860465116;0.12244883720930232;0.1814441860465116;0.23876279069767445;0.28583953488372094;0.3138511627906977;0.329493023255814;0.3428860465116279;0.3537232558139535;0.4352162790697675;0.3394558139534884
2025-09-03T00:00:00.000Z;0.17646511627906977;1.1687209302325583;0.12151162790697674;0.17835116279069768;0.2367558139534884;0.28242093023255815;0.3095069767441861;0.32689069767441864;0.33462558139534887;0.34949534883720934;0.43240465116279075;0.34048837209302324
2025-09-04T00:00:00.000Z;0.193;1.3134883720930233;0.11337441860465118;0.16855348837209305;0.22360000000000002;0.27198139534883725;0.30218372093023255;0.314293023255814;0.32777209302325583;0.3384488372093024;0.41321395348837214;0.31688372093023254
2025-09-06T00:00:00.000Z;;;;;;;;;;;;
2025-09-09T00:00:00.000Z;0.22011627906976744;2.3255348837209304;0.11564651162790697;0.16677209302325582;0.2212046511627907;0.2733232558139535;0.3038883720930233;0.3246069767441861;0.325046511627907;0.3479813953488372;0.41962325581395354;0.3243604651162791
2025-09-11T00:00:00.000Z;0.15458139534883722;2.0641627906976745;0.11814651162790697;0.1758;0.23049767441860464;0.2835511627906977;0.30628604651162794;0.32075813953488375;0.31924651162790696;0.3446255813953489;0.43599302325581396;0.33669767441860465
2025-09-13T00:00:00.000Z;;;;;;;;;;;;
2025-09-14T00:00:00.000Z;0.15458139534883722;1.6668837209302325;0.10706744186046513;0.16071627906976746;0.2120558139534884;0.25828837209302324;0.286393023255814;0.2987604651162791;0.30603720930232564;0.3215186046511628;0.4024232558139535;0.3092720930232558
2025-09-16T00:00:00.000Z;0.1655581395348837;1.8267674418604647;0.10426046511627908;0.15459534883720932;0.20546046511627908;0.2515069767441861;0.2753813953488372;0.29183488372093025;0.2956279069767442;0.3131186046511628;0.38674418604651173;0.2962139534883721
2025-09-19T00:00:00.000Z;0.171;2.0406279069767446;0.10671860465116281;0.1539953488372093;0.20392558139534883;0.24776046511627905;0.2740674418604651;0.29182558139534887;0.2958790697674419;0.3106767441860465;0.38986046511627914;0.30847441860465113
2025-09-21T00:00:00.000Z;0.22572093023255813;2.2643255813953487;0.1266279069767442;0.17708837209302328;0.2245906976744186;0.2729046511627907;0.3001232558139535;0.31388372093023253;0.30797674418604654;0.3391511627906977;0.3940581395348837;0.3007
2025-09-23T00:00:00.000Z;0.067;1.1303870967741936;0.09065806451612904;0.12511612903225808;0.16156774193548387;0.2028129032258065;0.22591935483870967;0.23901290322580646;0.233941935483871;0.25517096774193543;0.31224193548387097;0.22790000000000002
2025-09-24T00:00:00.000Z;;;;;;;;;;;;
2025-09-26T00:00:00.000Z;0.1873953488372093;1.3672093023255811;0.10232325581395349;0.15457209302325584;0.20533023255813956;0.2503372093023256;0.276146511627907;0.28985348837209307;0.2994418604651163;0.31179534883720933;0.3790744186046512;0.28773023255813956
2025-09-29T00:00:00.000Z;;;;;;;;;;;;
